league,season,game,round,week,day,date,time,home_team,score,away_team,attendance,venue,referee,match_report,notes,game_id
ENG-Championship,1718,2017-08-04 Nottingham Forest-Millwall,Championship,1,Fri,2017-08-04,19:45,Nottingham Forest,1–0,Millwall,28065,The City Ground,Peter Bankes,/en/matches/ecfcfabf/Nottingham-Forest-Millwall-August-4-2017-Championship,,ecfcfabf
ENG-Championship,1718,2017-08-04 Sunderland-Derby County,Championship,1,Fri,2017-08-04,19:45,Sunderland,1–1,Derby County,29578,Stadium of Light,Oliver Langford,/en/matches/5e429e0c/Sunderland-Derby-County-August-4-2017-Championship,,5e429e0c
ENG-Championship,1718,2017-08-05 Aston Villa-Hull City,Championship,1,Sat,2017-08-05,17:30,Aston Villa,1–1,Hull City,31241,Villa Park,Andy Madley,/en/matches/f34dd009/Aston-Villa-Hull-City-August-5-2017-Championship,,f34dd009
ENG-Championship,1718,2017-08-05 Bristol City-Barnsley,Championship,1,Sat,2017-08-05,15:00,Bristol City,3–1,Barnsley,18742,Ashton Gate Stadium,Andrew Davies,/en/matches/2d812ecf/Bristol-City-Barnsley-August-5-2017-Championship,,2d812ecf
ENG-Championship,1718,2017-08-05 Burton Albion-Cardiff City,Championship,1,Sat,2017-08-05,15:00,Burton Albion,0–1,Cardiff City,5050,Pirelli Stadium,Geoff Eltringham,/en/matches/afcd296a/Burton-Albion-Cardiff-City-August-5-2017-Championship,,afcd296a
ENG-Championship,1718,2017-08-05 Fulham-Norwich City,Championship,1,Sat,2017-08-05,15:00,Fulham,1–1,Norwich City,20134,Craven Cottage,James Linington,/en/matches/55363fcb/Fulham-Norwich-City-August-5-2017-Championship,,55363fcb
ENG-Championship,1718,2017-08-05 Ipswich Town-Birmingham City,Championship,1,Sat,2017-08-05,15:00,Ipswich Town,1–0,Birmingham City,18153,Portman Road Stadium,Tim Robinson,/en/matches/be99842b/Ipswich-Town-Birmingham-City-August-5-2017-Championship,,be99842b
ENG-Championship,1718,2017-08-05 Preston North End-Sheffield Weds,Championship,1,Sat,2017-08-05,15:00,Preston North End,1–0,Sheffield Weds,18267,Deepdale Stadium,Tony Harrington,/en/matches/874da779/Preston-North-End-Sheffield-Wednesday-August-5-2017-Championship,,874da779
ENG-Championship,1718,2017-08-05 QPR-Reading,Championship,1,Sat,2017-08-05,15:00,QPR,2–0,Reading,14460,Loftus Road Stadium,Axel Motiño,/en/matches/3e29f670/Queens-Park-Rangers-Reading-August-5-2017-Championship,,3e29f670
ENG-Championship,1718,2017-08-05 Sheffield United-Brentford,Championship,1,Sat,2017-08-05,15:00,Sheffield United,1–0,Brentford,26746,Bramall Lane,Steve Martin,/en/matches/a54d05f3/Sheffield-United-Brentford-August-5-2017-Championship,,a54d05f3
ENG-Championship,1718,2017-08-05 Wolves-Middlesbrough,Championship,1,Sat,2017-08-05,15:00,Wolves,1–0,Middlesbrough,29692,Molineux Stadium,Darren Bond,/en/matches/0216deac/Wolverhampton-Wanderers-Middlesbrough-August-5-2017-Championship,,0216deac
ENG-Championship,1718,2017-08-06 Bolton Wanderers-Leeds United,Championship,1,Sun,2017-08-06,16:30,Bolton Wanderers,2–3,Leeds United,19857,Macron Stadium,Simon Hooper,/en/matches/c7c3e78c/Bolton-Wanderers-Leeds-United-August-6-2017-Championship,,c7c3e78c
ENG-Championship,1718,2017-08-12 Barnsley-Ipswich Town,Championship,2,Sat,2017-08-12,15:00,Barnsley,1–2,Ipswich Town,12009,Oakwell Stadium,Geoff Eltringham,/en/matches/1f99e650/Barnsley-Ipswich-Town-August-12-2017-Championship,,1f99e650
ENG-Championship,1718,2017-08-12 Birmingham City-Bristol City,Championship,2,Sat,2017-08-12,15:00,Birmingham City,2–1,Bristol City,21269,St Andrew's Trillion Trophy Stadium,Darren Bond,/en/matches/31385df0/Birmingham-City-Bristol-City-August-12-2017-Championship,,31385df0
ENG-Championship,1718,2017-08-12 Brentford-Nottingham Forest,Championship,2,Sat,2017-08-12,15:00,Brentford,3–4,Nottingham Forest,10169,Griffin Park,James Linington,/en/matches/38a912a8/Brentford-Nottingham-Forest-August-12-2017-Championship,,38a912a8
ENG-Championship,1718,2017-08-12 Cardiff City-Aston Villa,Championship,2,Sat,2017-08-12,15:00,Cardiff City,3–0,Aston Villa,23899,Cardiff City Stadium,Tim Robinson,/en/matches/7ebe00fb/Cardiff-City-Aston-Villa-August-12-2017-Championship,,7ebe00fb
ENG-Championship,1718,2017-08-12 Derby County-Wolves,Championship,2,Sat,2017-08-12,15:00,Derby County,0–2,Wolves,27757,iPro Stadium,Lee Probert,/en/matches/d30c51d8/Derby-County-Wolverhampton-Wanderers-August-12-2017-Championship,,d30c51d8
ENG-Championship,1718,2017-08-12 Hull City-Burton Albion,Championship,2,Sat,2017-08-12,15:00,Hull City,4–1,Burton Albion,14882,Kingston Communications Stadium,Darren England,/en/matches/46c4fd86/Hull-City-Burton-Albion-August-12-2017-Championship,,46c4fd86
ENG-Championship,1718,2017-08-12 Leeds United-Preston North End,Championship,2,Sat,2017-08-12,15:00,Leeds United,0–0,Preston North End,32880,Elland Road,Axel Motiño,/en/matches/d1834ecb/Leeds-United-Preston-North-End-August-12-2017-Championship,,d1834ecb
ENG-Championship,1718,2017-08-12 Middlesbrough-Sheffield United,Championship,2,Sat,2017-08-12,17:30,Middlesbrough,1–0,Sheffield United,26876,Riverside Stadium,Peter Bankes,/en/matches/f7d82722/Middlesbrough-Sheffield-United-August-12-2017-Championship,,f7d82722
ENG-Championship,1718,2017-08-12 Millwall-Bolton Wanderers,Championship,2,Sat,2017-08-12,15:00,Millwall,1–1,Bolton Wanderers,12238,The Den,Andrew Davies,/en/matches/c0ed944a/Millwall-Bolton-Wanderers-August-12-2017-Championship,,c0ed944a
ENG-Championship,1718,2017-08-12 Reading-Fulham,Championship,2,Sat,2017-08-12,15:00,Reading,1–1,Fulham,17398,Madejski Stadium,Simon Hooper,/en/matches/77bd0f6f/Reading-Fulham-August-12-2017-Championship,,77bd0f6f
ENG-Championship,1718,2017-08-12 Sheffield Weds-QPR,Championship,2,Sat,2017-08-12,15:00,Sheffield Weds,1–1,QPR,25537,Hillsborough Stadium,Chris Kavanagh,/en/matches/722c179a/Sheffield-Wednesday-Queens-Park-Rangers-August-12-2017-Championship,,722c179a
ENG-Championship,1718,2017-08-13 Norwich City-Sunderland,Championship,2,Sun,2017-08-13,13:30,Norwich City,1–3,Sunderland,26343,Carrow Road,Andy Madley,/en/matches/4368c634/Norwich-City-Sunderland-August-13-2017-Championship,,4368c634
ENG-Championship,1718,2017-08-15 Barnsley-Nottingham Forest,Championship,3,Tue,2017-08-15,19:45,Barnsley,2–1,Nottingham Forest,13883,Oakwell Stadium,Tony Harrington,/en/matches/80a2a8cc/Barnsley-Nottingham-Forest-August-15-2017-Championship,,80a2a8cc
ENG-Championship,1718,2017-08-15 Birmingham City-Bolton Wanderers,Championship,3,Tue,2017-08-15,19:45,Birmingham City,0–0,Bolton Wanderers,20215,St Andrew's Trillion Trophy Stadium,Darren England,/en/matches/a74b6a8e/Birmingham-City-Bolton-Wanderers-August-15-2017-Championship,,a74b6a8e
ENG-Championship,1718,2017-08-15 Brentford-Bristol City,Championship,3,Tue,2017-08-15,19:45,Brentford,2–2,Bristol City,9811,Griffin Park,Peter Bankes,/en/matches/42002e40/Brentford-Bristol-City-August-15-2017-Championship,,42002e40
ENG-Championship,1718,2017-08-15 Cardiff City-Sheffield United,Championship,3,Tue,2017-08-15,19:45,Cardiff City,2–0,Sheffield United,17844,Cardiff City Stadium,Lee Mason,/en/matches/61045989/Cardiff-City-Sheffield-United-August-15-2017-Championship,,61045989
ENG-Championship,1718,2017-08-15 Derby County-Preston North End,Championship,3,Tue,2017-08-15,19:45,Derby County,1–0,Preston North End,24371,iPro Stadium,Geoff Eltringham,/en/matches/c0c21351/Derby-County-Preston-North-End-August-15-2017-Championship,,c0c21351
ENG-Championship,1718,2017-08-15 Hull City-Wolves,Championship,3,Tue,2017-08-15,19:45,Hull City,2–3,Wolves,17145,Kingston Communications Stadium,Jeremy Simpson,/en/matches/849d10cf/Hull-City-Wolverhampton-Wanderers-August-15-2017-Championship,,849d10cf
ENG-Championship,1718,2017-08-15 Leeds United-Fulham,Championship,3,Tue,2017-08-15,19:45,Leeds United,0–0,Fulham,28918,Elland Road,Darren Bond,/en/matches/0aa1e37f/Leeds-United-Fulham-August-15-2017-Championship,,0aa1e37f
ENG-Championship,1718,2017-08-15 Middlesbrough-Burton Albion,Championship,3,Tue,2017-08-15,19:45,Middlesbrough,2–0,Burton Albion,24522,Riverside Stadium,Tim Robinson,/en/matches/6fc1e036/Middlesbrough-Burton-Albion-August-15-2017-Championship,,6fc1e036
ENG-Championship,1718,2017-08-15 Millwall-Ipswich Town,Championship,3,Tue,2017-08-15,19:45,Millwall,3–4,Ipswich Town,11919,The Den,James Linington,/en/matches/9fd0f084/Millwall-Ipswich-Town-August-15-2017-Championship,,9fd0f084
ENG-Championship,1718,2017-08-15 Reading-Aston Villa,Championship,3,Tue,2017-08-15,20:00,Reading,2–1,Aston Villa,20144,Madejski Stadium,Kevin Friend,/en/matches/86bf6fef/Reading-Aston-Villa-August-15-2017-Championship,,86bf6fef
ENG-Championship,1718,2017-08-16 Norwich City-QPR,Championship,3,Wed,2017-08-16,19:45,Norwich City,2–0,QPR,26082,Carrow Road,Oliver Langford,/en/matches/f04c82e2/Norwich-City-Queens-Park-Rangers-August-16-2017-Championship,,f04c82e2
ENG-Championship,1718,2017-08-16 Sheffield Weds-Sunderland,Championship,3,Wed,2017-08-16,19:45,Sheffield Weds,1–1,Sunderland,27631,Hillsborough Stadium,Steve Martin,/en/matches/a554d0a6/Sheffield-Wednesday-Sunderland-August-16-2017-Championship,,a554d0a6
ENG-Championship,1718,2017-08-18 Burton Albion-Birmingham City,Championship,4,Fri,2017-08-18,19:45,Burton Albion,2–1,Birmingham City,4948,Pirelli Stadium,Tony Harrington,/en/matches/4b9eb78e/Burton-Albion-Birmingham-City-August-18-2017-Championship,,4b9eb78e
ENG-Championship,1718,2017-08-19 Aston Villa-Norwich City,Championship,4,Sat,2017-08-19,15:00,Aston Villa,4–2,Norwich City,29157,Villa Park,Jeremy Simpson,/en/matches/26f7ec7f/Aston-Villa-Norwich-City-August-19-2017-Championship,,26f7ec7f
ENG-Championship,1718,2017-08-19 Bolton Wanderers-Derby County,Championship,4,Sat,2017-08-19,15:00,Bolton Wanderers,1–2,Derby County,15175,Macron Stadium,Steve Martin,/en/matches/8c4bafe4/Bolton-Wanderers-Derby-County-August-19-2017-Championship,,8c4bafe4
ENG-Championship,1718,2017-08-19 Bristol City-Millwall,Championship,4,Sat,2017-08-19,15:00,Bristol City,0–0,Millwall,18230,Ashton Gate Stadium,Darren England,/en/matches/349c8168/Bristol-City-Millwall-August-19-2017-Championship,,349c8168
ENG-Championship,1718,2017-08-19 Fulham-Sheffield Weds,Championship,4,Sat,2017-08-19,15:00,Fulham,0–1,Sheffield Weds,20165,Craven Cottage,Stuart Attwell,/en/matches/b6fa23b3/Fulham-Sheffield-Wednesday-August-19-2017-Championship,,b6fa23b3
ENG-Championship,1718,2017-08-19 Ipswich Town-Brentford,Championship,4,Sat,2017-08-19,15:00,Ipswich Town,2–0,Brentford,15348,Portman Road Stadium,Oliver Langford,/en/matches/d2c7c222/Ipswich-Town-Brentford-August-19-2017-Championship,,d2c7c222
ENG-Championship,1718,2017-08-19 Nottingham Forest-Middlesbrough,Championship,4,Sat,2017-08-19,15:00,Nottingham Forest,2–1,Middlesbrough,26265,The City Ground,Graham Scott,/en/matches/817f945e/Nottingham-Forest-Middlesbrough-August-19-2017-Championship,,817f945e
ENG-Championship,1718,2017-08-19 Preston North End-Reading,Championship,4,Sat,2017-08-19,15:00,Preston North End,1–0,Reading,11174,Deepdale Stadium,Andy Madley,/en/matches/a7ac718b/Preston-North-End-Reading-August-19-2017-Championship,,a7ac718b
ENG-Championship,1718,2017-08-19 QPR-Hull City,Championship,4,Sat,2017-08-19,15:00,QPR,2–1,Hull City,12609,Loftus Road Stadium,James Linington,/en/matches/b96a9d31/Queens-Park-Rangers-Hull-City-August-19-2017-Championship,,b96a9d31
ENG-Championship,1718,2017-08-19 Sheffield United-Barnsley,Championship,4,Sat,2017-08-19,12:15,Sheffield United,1–0,Barnsley,25482,Bramall Lane,Tim Robinson,/en/matches/4c98a126/Sheffield-United-Barnsley-August-19-2017-Championship,,4c98a126
ENG-Championship,1718,2017-08-19 Sunderland-Leeds United,Championship,4,Sat,2017-08-19,17:30,Sunderland,0–2,Leeds United,31237,Stadium of Light,Andrew Davies,/en/matches/2dfe89b0/Sunderland-Leeds-United-August-19-2017-Championship,,2dfe89b0
ENG-Championship,1718,2017-08-19 Wolves-Cardiff City,Championship,4,Sat,2017-08-19,15:00,Wolves,1–2,Cardiff City,27068,Molineux Stadium,Axel Motiño,/en/matches/14a6000e/Wolverhampton-Wanderers-Cardiff-City-August-19-2017-Championship,,14a6000e
ENG-Championship,1718,2017-08-25 Bristol City-Aston Villa,Championship,5,Fri,2017-08-25,19:45,Bristol City,1–1,Aston Villa,21542,Ashton Gate Stadium,Geoff Eltringham,/en/matches/ac677ff7/Bristol-City-Aston-Villa-August-25-2017-Championship,,ac677ff7
ENG-Championship,1718,2017-08-25 Hull City-Bolton Wanderers,Championship,5,Fri,2017-08-25,19:45,Hull City,4–0,Bolton Wanderers,16207,Kingston Communications Stadium,Oliver Langford,/en/matches/f57547e9/Hull-City-Bolton-Wanderers-August-25-2017-Championship,,f57547e9
ENG-Championship,1718,2017-08-26 Barnsley-Sunderland,Championship,5,Sat,2017-08-26,15:00,Barnsley,3–0,Sunderland,15697,Oakwell Stadium,Chris Kavanagh,/en/matches/b619be9d/Barnsley-Sunderland-August-26-2017-Championship,,b619be9d
ENG-Championship,1718,2017-08-26 Birmingham City-Reading,Championship,5,Sat,2017-08-26,15:00,Birmingham City,0–2,Reading,19993,St Andrew's Trillion Trophy Stadium,Steve Martin,/en/matches/1ea77c8e/Birmingham-City-Reading-August-26-2017-Championship,,1ea77c8e
ENG-Championship,1718,2017-08-26 Brentford-Wolves,Championship,5,Sat,2017-08-26,15:00,Brentford,0–0,Wolves,10351,Griffin Park,Tim Robinson,/en/matches/56bb3760/Brentford-Wolverhampton-Wanderers-August-26-2017-Championship,,56bb3760
ENG-Championship,1718,2017-08-26 Burton Albion-Sheffield Weds,Championship,5,Sat,2017-08-26,15:00,Burton Albion,1–1,Sheffield Weds,5084,Pirelli Stadium,Darren Bond,/en/matches/95b2381e/Burton-Albion-Sheffield-Wednesday-August-26-2017-Championship,,95b2381e
ENG-Championship,1718,2017-08-26 Cardiff City-QPR,Championship,5,Sat,2017-08-26,15:00,Cardiff City,2–1,QPR,18520,Cardiff City Stadium,Simon Hooper,/en/matches/b0731f2c/Cardiff-City-Queens-Park-Rangers-August-26-2017-Championship,,b0731f2c
ENG-Championship,1718,2017-08-26 Ipswich Town-Fulham,Championship,5,Sat,2017-08-26,15:00,Ipswich Town,0–2,Fulham,16844,Portman Road Stadium,Paul Tierney,/en/matches/b4e23eeb/Ipswich-Town-Fulham-August-26-2017-Championship,,b4e23eeb
ENG-Championship,1718,2017-08-26 Middlesbrough-Preston North End,Championship,5,Sat,2017-08-26,15:00,Middlesbrough,0–0,Preston North End,25295,Riverside Stadium,Darren England,/en/matches/11d28536/Middlesbrough-Preston-North-End-August-26-2017-Championship,,11d28536
ENG-Championship,1718,2017-08-26 Millwall-Norwich City,Championship,5,Sat,2017-08-26,15:00,Millwall,4–0,Norwich City,12671,The Den,Tony Harrington,/en/matches/1186d1e4/Millwall-Norwich-City-August-26-2017-Championship,,1186d1e4
ENG-Championship,1718,2017-08-26 Nottingham Forest-Leeds United,Championship,5,Sat,2017-08-26,17:30,Nottingham Forest,0–2,Leeds United,25682,The City Ground,Jeremy Simpson,/en/matches/955e3b91/Nottingham-Forest-Leeds-United-August-26-2017-Championship,,955e3b91
ENG-Championship,1718,2017-08-26 Sheffield United-Derby County,Championship,5,Sat,2017-08-26,15:00,Sheffield United,3–1,Derby County,26202,Bramall Lane,Andy Madley,/en/matches/11e23f5a/Sheffield-United-Derby-County-August-26-2017-Championship,,11e23f5a
ENG-Championship,1718,2017-09-08 Derby County-Hull City,Championship,6,Fri,2017-09-08,19:45,Derby County,5–0,Hull City,25107,iPro Stadium,Darren Bond,/en/matches/9ccf3f72/Derby-County-Hull-City-September-8-2017-Championship,,9ccf3f72
ENG-Championship,1718,2017-09-09 Aston Villa-Brentford,Championship,6,Sat,2017-09-09,15:00,Aston Villa,0–0,Brentford,29799,Villa Park,Axel Motiño,/en/matches/94ce4021/Aston-Villa-Brentford-September-9-2017-Championship,,94ce4021
ENG-Championship,1718,2017-09-09 Bolton Wanderers-Middlesbrough,Championship,6,Sat,2017-09-09,15:00,Bolton Wanderers,0–3,Middlesbrough,17385,Macron Stadium,Geoff Eltringham,/en/matches/5fb34a22/Bolton-Wanderers-Middlesbrough-September-9-2017-Championship,,5fb34a22
ENG-Championship,1718,2017-09-09 Fulham-Cardiff City,Championship,6,Sat,2017-09-09,15:00,Fulham,1–1,Cardiff City,20984,Craven Cottage,Tony Harrington,/en/matches/d3961b25/Fulham-Cardiff-City-September-9-2017-Championship,,d3961b25
ENG-Championship,1718,2017-09-09 Leeds United-Burton Albion,Championship,6,Sat,2017-09-09,15:00,Leeds United,5–0,Burton Albion,33404,Elland Road,Oliver Langford,/en/matches/7d4ff95c/Leeds-United-Burton-Albion-September-9-2017-Championship,,7d4ff95c
ENG-Championship,1718,2017-09-09 Norwich City-Birmingham City,Championship,6,Sat,2017-09-09,15:00,Norwich City,1–0,Birmingham City,26335,Carrow Road,Simon Hooper,/en/matches/d86fd92d/Norwich-City-Birmingham-City-September-9-2017-Championship,,d86fd92d
ENG-Championship,1718,2017-09-09 Preston North End-Barnsley,Championship,6,Sat,2017-09-09,15:00,Preston North End,1–1,Barnsley,12813,Deepdale Stadium,Peter Bankes,/en/matches/d4e3039f/Preston-North-End-Barnsley-September-9-2017-Championship,,d4e3039f
ENG-Championship,1718,2017-09-09 QPR-Ipswich Town,Championship,6,Sat,2017-09-09,15:00,QPR,2–1,Ipswich Town,14060,Loftus Road Stadium,Andrew Davies,/en/matches/29f86e4d/Queens-Park-Rangers-Ipswich-Town-September-9-2017-Championship,,29f86e4d
ENG-Championship,1718,2017-09-09 Reading-Bristol City,Championship,6,Sat,2017-09-09,15:00,Reading,0–1,Bristol City,18650,Madejski Stadium,James Linington,/en/matches/4b6258f7/Reading-Bristol-City-September-9-2017-Championship,,4b6258f7
ENG-Championship,1718,2017-09-09 Sheffield Weds-Nottingham Forest,Championship,6,Sat,2017-09-09,17:30,Sheffield Weds,3–1,Nottingham Forest,25710,Hillsborough Stadium,Andy Madley,/en/matches/086a262b/Sheffield-Wednesday-Nottingham-Forest-September-9-2017-Championship,,086a262b
ENG-Championship,1718,2017-09-09 Sunderland-Sheffield United,Championship,6,Sat,2017-09-09,15:00,Sunderland,1–2,Sheffield United,29579,Stadium of Light,Jeremy Simpson,/en/matches/02cdc106/Sunderland-Sheffield-United-September-9-2017-Championship,,02cdc106
ENG-Championship,1718,2017-09-09 Wolves-Millwall,Championship,6,Sat,2017-09-09,15:00,Wolves,1–0,Millwall,24426,Molineux Stadium,Robert Madley,/en/matches/0d66831a/Wolverhampton-Wanderers-Millwall-September-9-2017-Championship,,0d66831a
ENG-Championship,1718,2017-09-12 Aston Villa-Middlesbrough,Championship,7,Tue,2017-09-12,19:45,Aston Villa,0–0,Middlesbrough,26631,Villa Park,James Linington,/en/matches/38bf29f6/Aston-Villa-Middlesbrough-September-12-2017-Championship,,38bf29f6
ENG-Championship,1718,2017-09-12 Bolton Wanderers-Sheffield United,Championship,7,Tue,2017-09-12,20:00,Bolton Wanderers,0–1,Sheffield United,14346,Macron Stadium,Stuart Attwell,/en/matches/5371036c/Bolton-Wanderers-Sheffield-United-September-12-2017-Championship,,5371036c
ENG-Championship,1718,2017-09-12 Leeds United-Birmingham City,Championship,7,Tue,2017-09-12,19:45,Leeds United,2–0,Birmingham City,31507,Elland Road,Peter Bankes,/en/matches/4687e1db/Leeds-United-Birmingham-City-September-12-2017-Championship,,4687e1db
ENG-Championship,1718,2017-09-12 Norwich City-Burton Albion,Championship,7,Tue,2017-09-12,19:45,Norwich City,0–0,Burton Albion,24841,Carrow Road,Andrew Davies,/en/matches/7dd97da4/Norwich-City-Burton-Albion-September-12-2017-Championship,,7dd97da4
ENG-Championship,1718,2017-09-12 Preston North End-Cardiff City,Championship,7,Tue,2017-09-12,19:45,Preston North End,3–0,Cardiff City,10796,Deepdale Stadium,Oliver Langford,/en/matches/d8b3fd7c/Preston-North-End-Cardiff-City-September-12-2017-Championship,,d8b3fd7c
ENG-Championship,1718,2017-09-12 QPR-Millwall,Championship,7,Tue,2017-09-12,19:45,QPR,2–2,Millwall,12600,Loftus Road Stadium,Roger East,/en/matches/0ef0693f/Queens-Park-Rangers-Millwall-September-12-2017-Championship,,0ef0693f
ENG-Championship,1718,2017-09-12 Sheffield Weds-Brentford,Championship,7,Tue,2017-09-12,19:45,Sheffield Weds,2–1,Brentford,23536,Hillsborough Stadium,Jeremy Simpson,/en/matches/a0ff45f8/Sheffield-Wednesday-Brentford-September-12-2017-Championship,,a0ff45f8
ENG-Championship,1718,2017-09-12 Sunderland-Nottingham Forest,Championship,7,Tue,2017-09-12,19:45,Sunderland,0–1,Nottingham Forest,26061,Stadium of Light,Simon Hooper,/en/matches/6dbf5fde/Sunderland-Nottingham-Forest-September-12-2017-Championship,,6dbf5fde
ENG-Championship,1718,2017-09-12 Wolves-Bristol City,Championship,7,Tue,2017-09-12,19:45,Wolves,3–3,Bristol City,23045,Molineux Stadium,Steve Martin,/en/matches/fe85bbf3/Wolverhampton-Wanderers-Bristol-City-September-12-2017-Championship,,fe85bbf3
ENG-Championship,1718,2017-09-13 Fulham-Hull City,Championship,7,Wed,2017-09-13,19:45,Fulham,2–1,Hull City,15792,Craven Cottage,Tim Robinson,/en/matches/aa75da3a/Fulham-Hull-City-September-13-2017-Championship,,aa75da3a
ENG-Championship,1718,2017-09-16 Barnsley-Aston Villa,Championship,8,Sat,2017-09-16,17:30,Barnsley,0–3,Aston Villa,14633,Oakwell Stadium,Simon Hooper,/en/matches/de672e3f/Barnsley-Aston-Villa-September-16-2017-Championship,,de672e3f
ENG-Championship,1718,2017-09-16 Birmingham City-Preston North End,Championship,8,Sat,2017-09-16,15:00,Birmingham City,1–3,Preston North End,21168,St Andrew's Trillion Trophy Stadium,Keith Stroud,/en/matches/dcc6726f/Birmingham-City-Preston-North-End-September-16-2017-Championship,,dcc6726f
ENG-Championship,1718,2017-09-16 Brentford-Reading,Championship,8,Sat,2017-09-16,15:00,Brentford,1–1,Reading,9739,Griffin Park,Tony Harrington,/en/matches/95cc5a8a/Brentford-Reading-September-16-2017-Championship,,95cc5a8a
ENG-Championship,1718,2017-09-16 Bristol City-Derby County,Championship,8,Sat,2017-09-16,15:00,Bristol City,4–1,Derby County,19473,Ashton Gate Stadium,Martin Atkinson,/en/matches/20e9229d/Bristol-City-Derby-County-September-16-2017-Championship,,20e9229d
ENG-Championship,1718,2017-09-16 Burton Albion-Fulham,Championship,8,Sat,2017-09-16,15:00,Burton Albion,2–1,Fulham,4049,Pirelli Stadium,Steve Martin,/en/matches/f1df7b91/Burton-Albion-Fulham-September-16-2017-Championship,,f1df7b91
ENG-Championship,1718,2017-09-16 Cardiff City-Sheffield Weds,Championship,8,Sat,2017-09-16,15:00,Cardiff City,1–1,Sheffield Weds,19137,Cardiff City Stadium,Lee Probert,/en/matches/7f9461f8/Cardiff-City-Sheffield-Wednesday-September-16-2017-Championship,,7f9461f8
ENG-Championship,1718,2017-09-16 Hull City-Sunderland,Championship,8,Sat,2017-09-16,15:00,Hull City,1–1,Sunderland,16597,Kingston Communications Stadium,Darren England,/en/matches/d0c9d97b/Hull-City-Sunderland-September-16-2017-Championship,,d0c9d97b
ENG-Championship,1718,2017-09-16 Ipswich Town-Bolton Wanderers,Championship,8,Sat,2017-09-16,15:00,Ipswich Town,2–0,Bolton Wanderers,14164,Portman Road Stadium,Andy Madley,/en/matches/2d35798d/Ipswich-Town-Bolton-Wanderers-September-16-2017-Championship,,2d35798d
ENG-Championship,1718,2017-09-16 Middlesbrough-QPR,Championship,8,Sat,2017-09-16,15:00,Middlesbrough,3–2,QPR,24790,Riverside Stadium,Darren Bond,/en/matches/a07ff29b/Middlesbrough-Queens-Park-Rangers-September-16-2017-Championship,,a07ff29b
ENG-Championship,1718,2017-09-16 Millwall-Leeds United,Championship,8,Sat,2017-09-16,15:00,Millwall,1–0,Leeds United,16447,The Den,Tim Robinson,/en/matches/8fef8b8f/Millwall-Leeds-United-September-16-2017-Championship,,8fef8b8f
ENG-Championship,1718,2017-09-16 Nottingham Forest-Wolves,Championship,8,Sat,2017-09-16,15:00,Nottingham Forest,1–2,Wolves,25756,The City Ground,Geoff Eltringham,/en/matches/3042efc8/Nottingham-Forest-Wolverhampton-Wanderers-September-16-2017-Championship,,3042efc8
ENG-Championship,1718,2017-09-16 Sheffield United-Norwich City,Championship,8,Sat,2017-09-16,15:00,Sheffield United,0–1,Norwich City,26218,Bramall Lane,Axel Motiño,/en/matches/ab11a4e7/Sheffield-United-Norwich-City-September-16-2017-Championship,,ab11a4e7
ENG-Championship,1718,2017-09-23 Aston Villa-Nottingham Forest,Championship,9,Sat,2017-09-23,17:30,Aston Villa,2–1,Nottingham Forest,28554,Villa Park,Tim Robinson,/en/matches/14943a50/Aston-Villa-Nottingham-Forest-September-23-2017-Championship,,14943a50
ENG-Championship,1718,2017-09-23 Bolton Wanderers-Brentford,Championship,9,Sat,2017-09-23,15:00,Bolton Wanderers,0–3,Brentford,13897,Macron Stadium,Darren England,/en/matches/d5ec2028/Bolton-Wanderers-Brentford-September-23-2017-Championship,,d5ec2028
ENG-Championship,1718,2017-09-23 Derby County-Birmingham City,Championship,9,Sat,2017-09-23,15:00,Derby County,1–1,Birmingham City,27392,iPro Stadium,Roger East,/en/matches/e2b2b87f/Derby-County-Birmingham-City-September-23-2017-Championship,,e2b2b87f
ENG-Championship,1718,2017-09-23 Fulham-Middlesbrough,Championship,9,Sat,2017-09-23,15:00,Fulham,1–1,Middlesbrough,20718,Craven Cottage,Oliver Langford,/en/matches/489dfd19/Fulham-Middlesbrough-September-23-2017-Championship,,489dfd19
ENG-Championship,1718,2017-09-23 Leeds United-Ipswich Town,Championship,9,Sat,2017-09-23,15:00,Leeds United,3–2,Ipswich Town,34002,Elland Road,Geoff Eltringham,/en/matches/c7e72435/Leeds-United-Ipswich-Town-September-23-2017-Championship,,c7e72435
ENG-Championship,1718,2017-09-23 Norwich City-Bristol City,Championship,9,Sat,2017-09-23,15:00,Norwich City,0–0,Bristol City,25715,Carrow Road,Keith Stroud,/en/matches/45c2b5b3/Norwich-City-Bristol-City-September-23-2017-Championship,,45c2b5b3
ENG-Championship,1718,2017-09-23 Preston North End-Millwall,Championship,9,Sat,2017-09-23,15:00,Preston North End,0–0,Millwall,12363,Deepdale Stadium,Darren Bond,/en/matches/d557a52c/Preston-North-End-Millwall-September-23-2017-Championship,,d557a52c
ENG-Championship,1718,2017-09-23 QPR-Burton Albion,Championship,9,Sat,2017-09-23,15:00,QPR,0–0,Burton Albion,12500,Loftus Road Stadium,Andy Madley,/en/matches/29e6a981/Queens-Park-Rangers-Burton-Albion-September-23-2017-Championship,,29e6a981
ENG-Championship,1718,2017-09-23 Reading-Hull City,Championship,9,Sat,2017-09-23,15:00,Reading,1–1,Hull City,15749,Madejski Stadium,Steve Martin,/en/matches/2b641971/Reading-Hull-City-September-23-2017-Championship,,2b641971
ENG-Championship,1718,2017-09-23 Sunderland-Cardiff City,Championship,9,Sat,2017-09-23,15:00,Sunderland,1–2,Cardiff City,25733,Stadium of Light,Peter Bankes,/en/matches/6d5a5213/Sunderland-Cardiff-City-September-23-2017-Championship,,6d5a5213
ENG-Championship,1718,2017-09-23 Wolves-Barnsley,Championship,9,Sat,2017-09-23,15:00,Wolves,2–1,Barnsley,28154,Molineux Stadium,Jeremy Simpson,/en/matches/a0d96836/Wolverhampton-Wanderers-Barnsley-September-23-2017-Championship,,a0d96836
ENG-Championship,1718,2017-09-24 Sheffield Weds-Sheffield United,Championship,9,Sun,2017-09-24,13:15,Sheffield Weds,2–4,Sheffield United,32839,Hillsborough Stadium,Simon Hooper,/en/matches/95e8ae6a/Sheffield-Wednesday-Sheffield-United-September-24-2017-Championship,,95e8ae6a
ENG-Championship,1718,2017-09-26 Barnsley-QPR,Championship,10,Tue,2017-09-26,19:45,Barnsley,1–1,QPR,10920,Oakwell Stadium,Geoff Eltringham,/en/matches/63a0b8e1/Barnsley-Queens-Park-Rangers-September-26-2017-Championship,,63a0b8e1
ENG-Championship,1718,2017-09-26 Brentford-Derby County,Championship,10,Tue,2017-09-26,19:45,Brentford,1–1,Derby County,8679,Griffin Park,Andrew Davies,/en/matches/348f2d34/Brentford-Derby-County-September-26-2017-Championship,,348f2d34
ENG-Championship,1718,2017-09-26 Bristol City-Bolton Wanderers,Championship,10,Tue,2017-09-26,19:45,Bristol City,2–0,Bolton Wanderers,17203,Ashton Gate Stadium,Tony Harrington,/en/matches/37d1b7a1/Bristol-City-Bolton-Wanderers-September-26-2017-Championship,,37d1b7a1
ENG-Championship,1718,2017-09-26 Burton Albion-Aston Villa,Championship,10,Tue,2017-09-26,19:45,Burton Albion,0–4,Aston Villa,5786,Pirelli Stadium,Jonathan Moss,/en/matches/b0f60df3/Burton-Albion-Aston-Villa-September-26-2017-Championship,,b0f60df3
ENG-Championship,1718,2017-09-26 Cardiff City-Leeds United,Championship,10,Tue,2017-09-26,19:45,Cardiff City,3–1,Leeds United,27160,Cardiff City Stadium,Kevin Friend,/en/matches/e2d1d73e/Cardiff-City-Leeds-United-September-26-2017-Championship,,e2d1d73e
ENG-Championship,1718,2017-09-26 Hull City-Preston North End,Championship,10,Tue,2017-09-26,19:45,Hull City,1–2,Preston North End,15443,Kingston Communications Stadium,James Linington,/en/matches/c31addb7/Hull-City-Preston-North-End-September-26-2017-Championship,,c31addb7
ENG-Championship,1718,2017-09-26 Ipswich Town-Sunderland,Championship,10,Tue,2017-09-26,19:45,Ipswich Town,5–2,Sunderland,14907,Portman Road Stadium,Tim Robinson,/en/matches/2f7da982/Ipswich-Town-Sunderland-September-26-2017-Championship,,2f7da982
ENG-Championship,1718,2017-09-26 Middlesbrough-Norwich City,Championship,10,Tue,2017-09-26,19:45,Middlesbrough,0–1,Norwich City,24084,Riverside Stadium,Jeremy Simpson,/en/matches/eb3de4ef/Middlesbrough-Norwich-City-September-26-2017-Championship,,eb3de4ef
ENG-Championship,1718,2017-09-26 Millwall-Reading,Championship,10,Tue,2017-09-26,19:45,Millwall,2–1,Reading,10399,The Den,Andy Madley,/en/matches/f0d16b48/Millwall-Reading-September-26-2017-Championship,,f0d16b48
ENG-Championship,1718,2017-09-26 Nottingham Forest-Fulham,Championship,10,Tue,2017-09-26,19:45,Nottingham Forest,1–3,Fulham,21208,The City Ground,Axel Motiño,/en/matches/0e92f3d3/Nottingham-Forest-Fulham-September-26-2017-Championship,,0e92f3d3
ENG-Championship,1718,2017-09-27 Birmingham City-Sheffield Weds,Championship,10,Wed,2017-09-27,19:45,Birmingham City,1–0,Sheffield Weds,20365,St Andrew's Trillion Trophy Stadium,Steve Martin,/en/matches/e017c873/Birmingham-City-Sheffield-Wednesday-September-27-2017-Championship,,e017c873
ENG-Championship,1718,2017-09-27 Sheffield United-Wolves,Championship,10,Wed,2017-09-27,19:45,Sheffield United,2–0,Wolves,25893,Bramall Lane,Peter Bankes,/en/matches/f4dedb02/Sheffield-United-Wolverhampton-Wanderers-September-27-2017-Championship,,f4dedb02
ENG-Championship,1718,2017-09-29 QPR-Fulham,Championship,11,Fri,2017-09-29,19:45,QPR,1–2,Fulham,16415,Loftus Road Stadium,Peter Bankes,/en/matches/5cf8ec27/Queens-Park-Rangers-Fulham-September-29-2017-Championship,,5cf8ec27
ENG-Championship,1718,2017-09-30 Aston Villa-Bolton Wanderers,Championship,11,Sat,2017-09-30,15:00,Aston Villa,1–0,Bolton Wanderers,31451,Villa Park,Jeremy Simpson,/en/matches/43739b12/Aston-Villa-Bolton-Wanderers-September-30-2017-Championship,,43739b12
ENG-Championship,1718,2017-09-30 Burton Albion-Wolves,Championship,11,Sat,2017-09-30,15:00,Burton Albion,0–4,Wolves,5080,Pirelli Stadium,Tony Harrington,/en/matches/9d62c480/Burton-Albion-Wolverhampton-Wanderers-September-30-2017-Championship,,9d62c480
ENG-Championship,1718,2017-09-30 Cardiff City-Derby County,Championship,11,Sat,2017-09-30,15:00,Cardiff City,0–0,Derby County,18480,Cardiff City Stadium,James Linington,/en/matches/86aab1b4/Cardiff-City-Derby-County-September-30-2017-Championship,,86aab1b4
ENG-Championship,1718,2017-09-30 Hull City-Birmingham City,Championship,11,Sat,2017-09-30,15:00,Hull City,6–1,Birmingham City,15608,Kingston Communications Stadium,Axel Motiño,/en/matches/dbc73eed/Hull-City-Birmingham-City-September-30-2017-Championship,,dbc73eed
ENG-Championship,1718,2017-09-30 Ipswich Town-Bristol City,Championship,11,Sat,2017-09-30,15:00,Ipswich Town,1–3,Bristol City,15256,Portman Road Stadium,Simon Hooper,/en/matches/04815b0b/Ipswich-Town-Bristol-City-September-30-2017-Championship,,04815b0b
ENG-Championship,1718,2017-09-30 Middlesbrough-Brentford,Championship,11,Sat,2017-09-30,15:00,Middlesbrough,2–2,Brentford,24545,Riverside Stadium,Paul Tierney,/en/matches/296d3c19/Middlesbrough-Brentford-September-30-2017-Championship,,296d3c19
ENG-Championship,1718,2017-09-30 Millwall-Barnsley,Championship,11,Sat,2017-09-30,15:00,Millwall,1–3,Barnsley,12147,The Den,Oliver Langford,/en/matches/45af67d7/Millwall-Barnsley-September-30-2017-Championship,,45af67d7
ENG-Championship,1718,2017-09-30 Nottingham Forest-Sheffield United,Championship,11,Sat,2017-09-30,15:00,Nottingham Forest,2–1,Sheffield United,25700,The City Ground,Andrew Davies,/en/matches/3d2d4ac0/Nottingham-Forest-Sheffield-United-September-30-2017-Championship,,3d2d4ac0
ENG-Championship,1718,2017-09-30 Preston North End-Sunderland,Championship,11,Sat,2017-09-30,15:00,Preston North End,2–2,Sunderland,17621,Deepdale Stadium,Chris Kavanagh,/en/matches/dbc77608/Preston-North-End-Sunderland-September-30-2017-Championship,,dbc77608
ENG-Championship,1718,2017-09-30 Reading-Norwich City,Championship,11,Sat,2017-09-30,17:30,Reading,1–2,Norwich City,14226,Madejski Stadium,Tim Robinson,/en/matches/bef1706f/Reading-Norwich-City-September-30-2017-Championship,,bef1706f
ENG-Championship,1718,2017-10-01 Sheffield Weds-Leeds United,Championship,11,Sun,2017-10-01,12:15,Sheffield Weds,3–0,Leeds United,27972,Hillsborough Stadium,Andy Madley,/en/matches/92291590/Sheffield-Wednesday-Leeds-United-October-1-2017-Championship,,92291590
ENG-Championship,1718,2017-10-13 Birmingham City-Cardiff City,Championship,12,Fri,2017-10-13,19:45,Birmingham City,1–0,Cardiff City,19059,St Andrew's Trillion Trophy Stadium,Geoff Eltringham,/en/matches/3896b909/Birmingham-City-Cardiff-City-October-13-2017-Championship,,3896b909
ENG-Championship,1718,2017-10-13 Bristol City-Burton Albion,Championship,12,Fri,2017-10-13,19:45,Bristol City,0–0,Burton Albion,18212,Ashton Gate Stadium,James Linington,/en/matches/40b648d2/Bristol-City-Burton-Albion-October-13-2017-Championship,,40b648d2
ENG-Championship,1718,2017-10-14 Barnsley-Middlesbrough,Championship,12,Sat,2017-10-14,15:00,Barnsley,2–2,Middlesbrough,17163,Oakwell Stadium,Lee Mason,/en/matches/3def4e81/Barnsley-Middlesbrough-October-14-2017-Championship,,3def4e81
ENG-Championship,1718,2017-10-14 Bolton Wanderers-Sheffield Weds,Championship,12,Sat,2017-10-14,15:00,Bolton Wanderers,2–1,Sheffield Weds,17967,Macron Stadium,David Coote,/en/matches/c4fd3591/Bolton-Wanderers-Sheffield-Wednesday-October-14-2017-Championship,,c4fd3591
ENG-Championship,1718,2017-10-14 Brentford-Millwall,Championship,12,Sat,2017-10-14,15:00,Brentford,1–0,Millwall,9622,Griffin Park,Lee Probert,/en/matches/32dcdfb9/Brentford-Millwall-October-14-2017-Championship,,32dcdfb9
ENG-Championship,1718,2017-10-14 Fulham-Preston North End,Championship,12,Sat,2017-10-14,15:00,Fulham,2–2,Preston North End,18435,Craven Cottage,Darren England,/en/matches/7d1ee0e2/Fulham-Preston-North-End-October-14-2017-Championship,,7d1ee0e2
ENG-Championship,1718,2017-10-14 Leeds United-Reading,Championship,12,Sat,2017-10-14,15:00,Leeds United,0–1,Reading,33900,Elland Road,Jeremy Simpson,/en/matches/e757cb13/Leeds-United-Reading-October-14-2017-Championship,,e757cb13
ENG-Championship,1718,2017-10-14 Norwich City-Hull City,Championship,12,Sat,2017-10-14,15:00,Norwich City,1–1,Hull City,25666,Carrow Road,Keith Stroud,/en/matches/6d77875a/Norwich-City-Hull-City-October-14-2017-Championship,,6d77875a
ENG-Championship,1718,2017-10-14 Sheffield United-Ipswich Town,Championship,12,Sat,2017-10-14,15:00,Sheffield United,1–0,Ipswich Town,25799,Bramall Lane,Tony Harrington,/en/matches/11c796f4/Sheffield-United-Ipswich-Town-October-14-2017-Championship,,11c796f4
ENG-Championship,1718,2017-10-14 Sunderland-QPR,Championship,12,Sat,2017-10-14,15:00,Sunderland,1–1,QPR,26066,Stadium of Light,Steve Martin,/en/matches/facba8a1/Sunderland-Queens-Park-Rangers-October-14-2017-Championship,,facba8a1
ENG-Championship,1718,2017-10-14 Wolves-Aston Villa,Championship,12,Sat,2017-10-14,17:30,Wolves,2–0,Aston Villa,30239,Molineux Stadium,Andrew Davies,/en/matches/121a65e8/Wolverhampton-Wanderers-Aston-Villa-October-14-2017-Championship,,121a65e8
ENG-Championship,1718,2017-10-15 Derby County-Nottingham Forest,Championship,12,Sun,2017-10-15,13:15,Derby County,2–0,Nottingham Forest,31196,iPro Stadium,Andy Madley,/en/matches/dbbc123b/Derby-County-Nottingham-Forest-October-15-2017-Championship,,dbbc123b
ENG-Championship,1718,2017-10-21 Aston Villa-Fulham,Championship,13,Sat,2017-10-21,15:00,Aston Villa,2–1,Fulham,30724,Villa Park,Mike Jones,/en/matches/23adf002/Aston-Villa-Fulham-October-21-2017-Championship,,23adf002
ENG-Championship,1718,2017-10-21 Barnsley-Hull City,Championship,13,Sat,2017-10-21,15:00,Barnsley,0–1,Hull City,13624,Oakwell Stadium,Peter Bankes,/en/matches/cefb5599/Barnsley-Hull-City-October-21-2017-Championship,,cefb5599
ENG-Championship,1718,2017-10-21 Bolton Wanderers-QPR,Championship,13,Sat,2017-10-21,15:00,Bolton Wanderers,1–1,QPR,14243,Macron Stadium,James Linington,/en/matches/0c3bba1b/Bolton-Wanderers-Queens-Park-Rangers-October-21-2017-Championship,,0c3bba1b
ENG-Championship,1718,2017-10-21 Brentford-Sunderland,Championship,13,Sat,2017-10-21,15:00,Brentford,3–3,Sunderland,10726,Griffin Park,Darren England,/en/matches/4fdfb73a/Brentford-Sunderland-October-21-2017-Championship,,4fdfb73a
ENG-Championship,1718,2017-10-21 Bristol City-Leeds United,Championship,13,Sat,2017-10-21,15:00,Bristol City,0–3,Leeds United,24435,Ashton Gate Stadium,Oliver Langford,/en/matches/656929f9/Bristol-City-Leeds-United-October-21-2017-Championship,,656929f9
ENG-Championship,1718,2017-10-21 Derby County-Sheffield Weds,Championship,13,Sat,2017-10-21,15:00,Derby County,2–0,Sheffield Weds,27426,iPro Stadium,Axel Motiño,/en/matches/884c7362/Derby-County-Sheffield-Wednesday-October-21-2017-Championship,,884c7362
ENG-Championship,1718,2017-10-21 Middlesbrough-Cardiff City,Championship,13,Sat,2017-10-21,15:00,Middlesbrough,0–1,Cardiff City,24806,Riverside Stadium,Andy Madley,/en/matches/d721b297/Middlesbrough-Cardiff-City-October-21-2017-Championship,,d721b297
ENG-Championship,1718,2017-10-21 Millwall-Birmingham City,Championship,13,Sat,2017-10-21,17:30,Millwall,2–0,Birmingham City,14500,The Den,Simon Hooper,/en/matches/0b6d7407/Millwall-Birmingham-City-October-21-2017-Championship,,0b6d7407
ENG-Championship,1718,2017-10-21 Nottingham Forest-Burton Albion,Championship,13,Sat,2017-10-21,15:00,Nottingham Forest,2–0,Burton Albion,24686,The City Ground,Keith Stroud,/en/matches/af41205d/Nottingham-Forest-Burton-Albion-October-21-2017-Championship,,af41205d
ENG-Championship,1718,2017-10-21 Sheffield United-Reading,Championship,13,Sat,2017-10-21,15:00,Sheffield United,2–1,Reading,26265,Bramall Lane,David Coote,/en/matches/70f422bd/Sheffield-United-Reading-October-21-2017-Championship,,70f422bd
ENG-Championship,1718,2017-10-21 Wolves-Preston North End,Championship,13,Sat,2017-10-21,15:00,Wolves,3–2,Preston North End,27352,Molineux Stadium,Steve Martin,/en/matches/69a9b1ec/Wolverhampton-Wanderers-Preston-North-End-October-21-2017-Championship,,69a9b1ec
ENG-Championship,1718,2017-10-22 Ipswich Town-Norwich City,Championship,13,Sun,2017-10-22,12:00,Ipswich Town,0–1,Norwich City,24928,Portman Road Stadium,Tim Robinson,/en/matches/1baabc76/Ipswich-Town-Norwich-City-October-22-2017-Championship,,1baabc76
ENG-Championship,1718,2017-10-27 Leeds United-Sheffield United,Championship,14,Fri,2017-10-27,19:45,Leeds United,1–2,Sheffield United,34504,Elland Road,Axel Motiño,/en/matches/a6449e38/Leeds-United-Sheffield-United-October-27-2017-Championship,,a6449e38
ENG-Championship,1718,2017-10-28 Burton Albion-Ipswich Town,Championship,14,Sat,2017-10-28,15:00,Burton Albion,1–2,Ipswich Town,4110,Pirelli Stadium,Simon Hooper,/en/matches/f065f69b/Burton-Albion-Ipswich-Town-October-28-2017-Championship,,f065f69b
ENG-Championship,1718,2017-10-28 Cardiff City-Millwall,Championship,14,Sat,2017-10-28,15:00,Cardiff City,0–0,Millwall,18496,Cardiff City Stadium,Steve Martin,/en/matches/638a2426/Cardiff-City-Millwall-October-28-2017-Championship,,638a2426
ENG-Championship,1718,2017-10-28 Fulham-Bolton Wanderers,Championship,14,Sat,2017-10-28,15:00,Fulham,1–1,Bolton Wanderers,18792,Craven Cottage,Geoff Eltringham,/en/matches/480a4dd9/Fulham-Bolton-Wanderers-October-28-2017-Championship,,480a4dd9
ENG-Championship,1718,2017-10-28 Hull City-Nottingham Forest,Championship,14,Sat,2017-10-28,17:30,Hull City,2–3,Nottingham Forest,15780,Kingston Communications Stadium,Jeremy Simpson,/en/matches/e3e3e1d0/Hull-City-Nottingham-Forest-October-28-2017-Championship,,e3e3e1d0
ENG-Championship,1718,2017-10-28 Norwich City-Derby County,Championship,14,Sat,2017-10-28,15:00,Norwich City,1–2,Derby County,26048,Carrow Road,Peter Bankes,/en/matches/a4522c0b/Norwich-City-Derby-County-October-28-2017-Championship,,a4522c0b
ENG-Championship,1718,2017-10-28 Preston North End-Brentford,Championship,14,Sat,2017-10-28,15:00,Preston North End,2–3,Brentford,12005,Deepdale Stadium,David Coote,/en/matches/84ce1e9e/Preston-North-End-Brentford-October-28-2017-Championship,,84ce1e9e
ENG-Championship,1718,2017-10-28 QPR-Wolves,Championship,14,Sat,2017-10-28,15:00,QPR,2–1,Wolves,16004,Loftus Road Stadium,Tony Harrington,/en/matches/088e57ae/Queens-Park-Rangers-Wolverhampton-Wanderers-October-28-2017-Championship,,088e57ae
ENG-Championship,1718,2017-10-28 Reading-Middlesbrough,Championship,14,Sat,2017-10-28,15:00,Reading,0–2,Middlesbrough,17928,Madejski Stadium,Oliver Langford,/en/matches/f3fbd50b/Reading-Middlesbrough-October-28-2017-Championship,,f3fbd50b
ENG-Championship,1718,2017-10-28 Sheffield Weds-Barnsley,Championship,14,Sat,2017-10-28,12:30,Sheffield Weds,1–1,Barnsley,27097,Hillsborough Stadium,Anthony Taylor,/en/matches/24948f39/Sheffield-Wednesday-Barnsley-October-28-2017-Championship,,24948f39
ENG-Championship,1718,2017-10-28 Sunderland-Bristol City,Championship,14,Sat,2017-10-28,15:00,Sunderland,1–2,Bristol City,27317,Stadium of Light,Darren Bond,/en/matches/235f7230/Sunderland-Bristol-City-October-28-2017-Championship,,235f7230
ENG-Championship,1718,2017-10-29 Birmingham City-Aston Villa,Championship,14,Sun,2017-10-29,12:00,Birmingham City,0–0,Aston Villa,24408,St Andrew's Trillion Trophy Stadium,Andy Madley,/en/matches/ff8322cd/Birmingham-City-Aston-Villa-October-29-2017-Championship,,ff8322cd
ENG-Championship,1718,2017-10-31 Burton Albion-Barnsley,Championship,15,Tue,2017-10-31,19:45,Burton Albion,2–4,Barnsley,3761,Pirelli Stadium,Jeremy Simpson,/en/matches/a8ede07d/Burton-Albion-Barnsley-October-31-2017-Championship,,a8ede07d
ENG-Championship,1718,2017-10-31 Cardiff City-Ipswich Town,Championship,15,Tue,2017-10-31,19:45,Cardiff City,3–1,Ipswich Town,15951,Cardiff City Stadium,Oliver Langford,/en/matches/d6a7a5e8/Cardiff-City-Ipswich-Town-October-31-2017-Championship,,d6a7a5e8
ENG-Championship,1718,2017-10-31 Fulham-Bristol City,Championship,15,Tue,2017-10-31,19:45,Fulham,0–2,Bristol City,17634,Craven Cottage,Axel Motiño,/en/matches/8168284f/Fulham-Bristol-City-October-31-2017-Championship,,8168284f
ENG-Championship,1718,2017-10-31 Hull City-Middlesbrough,Championship,15,Tue,2017-10-31,19:45,Hull City,1–3,Middlesbrough,15454,Kingston Communications Stadium,Tim Robinson,/en/matches/785daa06/Hull-City-Middlesbrough-October-31-2017-Championship,,785daa06
ENG-Championship,1718,2017-10-31 Leeds United-Derby County,Championship,15,Tue,2017-10-31,19:45,Leeds United,1–2,Derby County,28565,Elland Road,Simon Hooper,/en/matches/6876b193/Leeds-United-Derby-County-October-31-2017-Championship,,6876b193
ENG-Championship,1718,2017-10-31 Norwich City-Wolves,Championship,15,Tue,2017-10-31,19:45,Norwich City,0–2,Wolves,26554,Carrow Road,Darren England,/en/matches/fbedeadf/Norwich-City-Wolverhampton-Wanderers-October-31-2017-Championship,,fbedeadf
ENG-Championship,1718,2017-10-31 QPR-Sheffield United,Championship,15,Tue,2017-10-31,19:45,QPR,1–0,Sheffield United,13604,Loftus Road Stadium,Keith Stroud,/en/matches/6422b981/Queens-Park-Rangers-Sheffield-United-October-31-2017-Championship,,6422b981
ENG-Championship,1718,2017-10-31 Reading-Nottingham Forest,Championship,15,Tue,2017-10-31,20:00,Reading,3–1,Nottingham Forest,14868,Madejski Stadium,Paul Tierney,/en/matches/c16ecd20/Reading-Nottingham-Forest-October-31-2017-Championship,,c16ecd20
ENG-Championship,1718,2017-10-31 Sheffield Weds-Millwall,Championship,15,Tue,2017-10-31,19:45,Sheffield Weds,2–1,Millwall,23403,Hillsborough Stadium,James Linington,/en/matches/e8cdbd70/Sheffield-Wednesday-Millwall-October-31-2017-Championship,,e8cdbd70
ENG-Championship,1718,2017-10-31 Sunderland-Bolton Wanderers,Championship,15,Tue,2017-10-31,19:45,Sunderland,3–3,Bolton Wanderers,26395,Stadium of Light,Tony Harrington,/en/matches/56f65f7e/Sunderland-Bolton-Wanderers-October-31-2017-Championship,,56f65f7e
ENG-Championship,1718,2017-11-01 Birmingham City-Brentford,Championship,15,Wed,2017-11-01,19:45,Birmingham City,0–2,Brentford,19045,St Andrew's Trillion Trophy Stadium,Jonathan Moss,/en/matches/73d2f053/Birmingham-City-Brentford-November-1-2017-Championship,,73d2f053
ENG-Championship,1718,2017-11-01 Preston North End-Aston Villa,Championship,15,Wed,2017-11-01,19:45,Preston North End,0–2,Aston Villa,14212,Deepdale Stadium,Peter Bankes,/en/matches/9e7a5d7a/Preston-North-End-Aston-Villa-November-1-2017-Championship,,9e7a5d7a
ENG-Championship,1718,2017-11-03 Wolves-Fulham,Championship,16,Fri,2017-11-03,19:45,Wolves,2–0,Fulham,24388,Molineux Stadium,David Coote,/en/matches/59dcd5de/Wolverhampton-Wanderers-Fulham-November-3-2017-Championship,,59dcd5de
ENG-Championship,1718,2017-11-04 Aston Villa-Sheffield Weds,Championship,16,Sat,2017-11-04,15:00,Aston Villa,1–2,Sheffield Weds,33154,Villa Park,Geoff Eltringham,/en/matches/ba4ed7b1/Aston-Villa-Sheffield-Wednesday-November-4-2017-Championship,,ba4ed7b1
ENG-Championship,1718,2017-11-04 Barnsley-Birmingham City,Championship,16,Sat,2017-11-04,15:00,Barnsley,2–0,Birmingham City,12946,Oakwell Stadium,James Linington,/en/matches/ba4d782d/Barnsley-Birmingham-City-November-4-2017-Championship,,ba4d782d
ENG-Championship,1718,2017-11-04 Bolton Wanderers-Norwich City,Championship,16,Sat,2017-11-04,15:00,Bolton Wanderers,2–1,Norwich City,14786,Macron Stadium,Steve Martin,/en/matches/a9eb13e1/Bolton-Wanderers-Norwich-City-November-4-2017-Championship,,a9eb13e1
ENG-Championship,1718,2017-11-04 Brentford-Leeds United,Championship,16,Sat,2017-11-04,17:30,Brentford,3–1,Leeds United,11068,Griffin Park,Stuart Attwell,/en/matches/32adc47c/Brentford-Leeds-United-November-4-2017-Championship,,32adc47c
ENG-Championship,1718,2017-11-04 Bristol City-Cardiff City,Championship,16,Sat,2017-11-04,12:00,Bristol City,2–1,Cardiff City,21692,Ashton Gate Stadium,Mike Jones,/en/matches/da7a5809/Bristol-City-Cardiff-City-November-4-2017-Championship,,da7a5809
ENG-Championship,1718,2017-11-04 Derby County-Reading,Championship,16,Sat,2017-11-04,15:00,Derby County,2–4,Reading,25928,iPro Stadium,Keith Stroud,/en/matches/ca86f04d/Derby-County-Reading-November-4-2017-Championship,,ca86f04d
ENG-Championship,1718,2017-11-04 Ipswich Town-Preston North End,Championship,16,Sat,2017-11-04,15:00,Ipswich Town,3–0,Preston North End,14390,Portman Road Stadium,Andy Madley,/en/matches/d94a1933/Ipswich-Town-Preston-North-End-November-4-2017-Championship,,d94a1933
ENG-Championship,1718,2017-11-04 Millwall-Burton Albion,Championship,16,Sat,2017-11-04,15:00,Millwall,0–1,Burton Albion,11507,The Den,Tony Harrington,/en/matches/4cd3bdba/Millwall-Burton-Albion-November-4-2017-Championship,,4cd3bdba
ENG-Championship,1718,2017-11-04 Nottingham Forest-QPR,Championship,16,Sat,2017-11-04,15:00,Nottingham Forest,4–0,QPR,24021,The City Ground,Tim Robinson,/en/matches/a76e4933/Nottingham-Forest-Queens-Park-Rangers-November-4-2017-Championship,,a76e4933
ENG-Championship,1718,2017-11-04 Sheffield United-Hull City,Championship,16,Sat,2017-11-04,15:00,Sheffield United,4–1,Hull City,27466,Bramall Lane,Darren Bond,/en/matches/3d8d4044/Sheffield-United-Hull-City-November-4-2017-Championship,,3d8d4044
ENG-Championship,1718,2017-11-05 Middlesbrough-Sunderland,Championship,16,Sun,2017-11-05,12:15,Middlesbrough,1–0,Sunderland,29277,Riverside Stadium,Jeremy Simpson,/en/matches/dce35f51/Middlesbrough-Sunderland-November-5-2017-Championship,,dce35f51
ENG-Championship,1718,2017-11-17 Burton Albion-Sheffield United,Championship,17,Fri,2017-11-17,19:45,Burton Albion,1–3,Sheffield United,5167,Pirelli Stadium,Oliver Langford,/en/matches/7d882597/Burton-Albion-Sheffield-United-November-17-2017-Championship,,7d882597
ENG-Championship,1718,2017-11-17 Preston North End-Bolton Wanderers,Championship,17,Fri,2017-11-17,19:45,Preston North End,0–0,Bolton Wanderers,15213,Deepdale Stadium,Simon Hooper,/en/matches/9264ee5b/Preston-North-End-Bolton-Wanderers-November-17-2017-Championship,,9264ee5b
ENG-Championship,1718,2017-11-18 Birmingham City-Nottingham Forest,Championship,17,Sat,2017-11-18,15:00,Birmingham City,1–0,Nottingham Forest,21071,St Andrew's Trillion Trophy Stadium,Chris Kavanagh,/en/matches/de2cad8e/Birmingham-City-Nottingham-Forest-November-18-2017-Championship,,de2cad8e
ENG-Championship,1718,2017-11-18 Cardiff City-Brentford,Championship,17,Sat,2017-11-18,15:00,Cardiff City,2–0,Brentford,16335,Cardiff City Stadium,Andy Madley,/en/matches/eb6f9296/Cardiff-City-Brentford-November-18-2017-Championship,,eb6f9296
ENG-Championship,1718,2017-11-18 Fulham-Derby County,Championship,17,Sat,2017-11-18,17:30,Fulham,1–1,Derby County,18192,Craven Cottage,Darren Bond,/en/matches/41849210/Fulham-Derby-County-November-18-2017-Championship,,41849210
ENG-Championship,1718,2017-11-18 Hull City-Ipswich Town,Championship,17,Sat,2017-11-18,15:00,Hull City,2–2,Ipswich Town,15516,Kingston Communications Stadium,David Coote,/en/matches/efa24f13/Hull-City-Ipswich-Town-November-18-2017-Championship,,efa24f13
ENG-Championship,1718,2017-11-18 Norwich City-Barnsley,Championship,17,Sat,2017-11-18,15:00,Norwich City,1–1,Barnsley,25545,Carrow Road,Axel Motiño,/en/matches/c21e7a81/Norwich-City-Barnsley-November-18-2017-Championship,,c21e7a81
ENG-Championship,1718,2017-11-18 QPR-Aston Villa,Championship,17,Sat,2017-11-18,15:00,QPR,1–2,Aston Villa,16934,Loftus Road Stadium,Darren England,/en/matches/6960cb24/Queens-Park-Rangers-Aston-Villa-November-18-2017-Championship,,6960cb24
ENG-Championship,1718,2017-11-18 Reading-Wolves,Championship,17,Sat,2017-11-18,15:00,Reading,0–2,Wolves,20708,Madejski Stadium,Roger East,/en/matches/4d516324/Reading-Wolverhampton-Wanderers-November-18-2017-Championship,,4d516324
ENG-Championship,1718,2017-11-18 Sheffield Weds-Bristol City,Championship,17,Sat,2017-11-18,15:00,Sheffield Weds,0–0,Bristol City,25916,Hillsborough Stadium,Tony Harrington,/en/matches/e92d8b68/Sheffield-Wednesday-Bristol-City-November-18-2017-Championship,,e92d8b68
ENG-Championship,1718,2017-11-18 Sunderland-Millwall,Championship,17,Sat,2017-11-18,15:00,Sunderland,2–2,Millwall,27399,Stadium of Light,Tim Robinson,/en/matches/a8dc7be6/Sunderland-Millwall-November-18-2017-Championship,,a8dc7be6
ENG-Championship,1718,2017-11-19 Leeds United-Middlesbrough,Championship,17,Sun,2017-11-19,13:15,Leeds United,2–1,Middlesbrough,33771,Elland Road,Keith Stroud,/en/matches/806487c0/Leeds-United-Middlesbrough-November-19-2017-Championship,,806487c0
ENG-Championship,1718,2017-11-21 Aston Villa-Sunderland,Championship,18,Tue,2017-11-21,19:45,Aston Villa,2–1,Sunderland,27662,Villa Park,Steve Martin,/en/matches/fac74b42/Aston-Villa-Sunderland-November-21-2017-Championship,,fac74b42
ENG-Championship,1718,2017-11-21 Barnsley-Cardiff City,Championship,18,Tue,2017-11-21,19:45,Barnsley,0–1,Cardiff City,11051,Oakwell Stadium,David Coote,/en/matches/840b78ec/Barnsley-Cardiff-City-November-21-2017-Championship,,840b78ec
ENG-Championship,1718,2017-11-21 Bolton Wanderers-Reading,Championship,18,Tue,2017-11-21,20:00,Bolton Wanderers,2–2,Reading,13113,Macron Stadium,Andy Madley,/en/matches/01ac1eaf/Bolton-Wanderers-Reading-November-21-2017-Championship,,01ac1eaf
ENG-Championship,1718,2017-11-21 Brentford-Burton Albion,Championship,18,Tue,2017-11-21,19:45,Brentford,1–1,Burton Albion,7957,Griffin Park,Chris Kavanagh,/en/matches/e22a1a33/Brentford-Burton-Albion-November-21-2017-Championship,,e22a1a33
ENG-Championship,1718,2017-11-21 Bristol City-Preston North End,Championship,18,Tue,2017-11-21,19:45,Bristol City,1–2,Preston North End,17355,Ashton Gate Stadium,Darren Bond,/en/matches/c28e6f8c/Bristol-City-Preston-North-End-November-21-2017-Championship,,c28e6f8c
ENG-Championship,1718,2017-11-21 Derby County-QPR,Championship,18,Tue,2017-11-21,19:45,Derby County,2–0,QPR,23296,iPro Stadium,Paul Tierney,/en/matches/102585c8/Derby-County-Queens-Park-Rangers-November-21-2017-Championship,,102585c8
ENG-Championship,1718,2017-11-21 Millwall-Hull City,Championship,18,Tue,2017-11-21,19:45,Millwall,0–0,Hull City,9817,The Den,Jeremy Simpson,/en/matches/ec1b054f/Millwall-Hull-City-November-21-2017-Championship,,ec1b054f
ENG-Championship,1718,2017-11-21 Nottingham Forest-Norwich City,Championship,18,Tue,2017-11-21,19:45,Nottingham Forest,1–0,Norwich City,23831,The City Ground,Tony Harrington,/en/matches/85909d34/Nottingham-Forest-Norwich-City-November-21-2017-Championship,,85909d34
ENG-Championship,1718,2017-11-21 Sheffield United-Fulham,Championship,18,Tue,2017-11-21,19:45,Sheffield United,4–5,Fulham,25445,Bramall Lane,James Linington,/en/matches/51263621/Sheffield-United-Fulham-November-21-2017-Championship,,51263621
ENG-Championship,1718,2017-11-22 Ipswich Town-Sheffield Weds,Championship,18,Wed,2017-11-22,19:45,Ipswich Town,2–2,Sheffield Weds,15702,Portman Road Stadium,Keith Stroud,/en/matches/de6f81f6/Ipswich-Town-Sheffield-Wednesday-November-22-2017-Championship,,de6f81f6
ENG-Championship,1718,2017-11-22 Middlesbrough-Birmingham City,Championship,18,Wed,2017-11-22,19:45,Middlesbrough,2–0,Birmingham City,22848,Riverside Stadium,Darren England,/en/matches/0b3443a4/Middlesbrough-Birmingham-City-November-22-2017-Championship,,0b3443a4
ENG-Championship,1718,2017-11-22 Wolves-Leeds United,Championship,18,Wed,2017-11-22,19:45,Wolves,4–1,Leeds United,28914,Molineux Stadium,Geoff Eltringham,/en/matches/98ae7fd0/Wolverhampton-Wanderers-Leeds-United-November-22-2017-Championship,,98ae7fd0
ENG-Championship,1718,2017-11-25 Aston Villa-Ipswich Town,Championship,19,Sat,2017-11-25,15:00,Aston Villa,2–0,Ipswich Town,30427,Villa Park,Tony Harrington,/en/matches/6f993f5a/Aston-Villa-Ipswich-Town-November-25-2017-Championship,,6f993f5a
ENG-Championship,1718,2017-11-25 Barnsley-Leeds United,Championship,19,Sat,2017-11-25,12:30,Barnsley,0–2,Leeds United,16399,Oakwell Stadium,Andy Madley,/en/matches/17748f12/Barnsley-Leeds-United-November-25-2017-Championship,,17748f12
ENG-Championship,1718,2017-11-25 Burton Albion-Sunderland,Championship,19,Sat,2017-11-25,15:00,Burton Albion,0–2,Sunderland,4808,Pirelli Stadium,Darren England,/en/matches/563bb0cd/Burton-Albion-Sunderland-November-25-2017-Championship,,563bb0cd
ENG-Championship,1718,2017-11-25 Fulham-Millwall,Championship,19,Sat,2017-11-25,15:00,Fulham,1–0,Millwall,17984,Craven Cottage,Paul Tierney,/en/matches/b45cf882/Fulham-Millwall-November-25-2017-Championship,,b45cf882
ENG-Championship,1718,2017-11-25 Hull City-Bristol City,Championship,19,Sat,2017-11-25,15:00,Hull City,2–3,Bristol City,14762,Kingston Communications Stadium,Robert Jones,/en/matches/de8edf46/Hull-City-Bristol-City-November-25-2017-Championship,,de8edf46
ENG-Championship,1718,2017-11-25 Middlesbrough-Derby County,Championship,19,Sat,2017-11-25,15:00,Middlesbrough,0–3,Derby County,24607,Riverside Stadium,Simon Hooper,/en/matches/67c78ef1/Middlesbrough-Derby-County-November-25-2017-Championship,,67c78ef1
ENG-Championship,1718,2017-11-25 Norwich City-Preston North End,Championship,19,Sat,2017-11-25,15:00,Norwich City,1–1,Preston North End,21167,Carrow Road,Tim Robinson,/en/matches/6b6a75b9/Norwich-City-Preston-North-End-November-25-2017-Championship,,6b6a75b9
ENG-Championship,1718,2017-11-25 Reading-Sheffield Weds,Championship,19,Sat,2017-11-25,15:00,Reading,0–0,Sheffield Weds,18382,Madejski Stadium,David Coote,/en/matches/c267acaf/Reading-Sheffield-Wednesday-November-25-2017-Championship,,c267acaf
ENG-Championship,1718,2017-11-25 Sheffield United-Birmingham City,Championship,19,Sat,2017-11-25,17:30,Sheffield United,1–1,Birmingham City,27427,Bramall Lane,Jeremy Simpson,/en/matches/b591034c/Sheffield-United-Birmingham-City-November-25-2017-Championship,,b591034c
ENG-Championship,1718,2017-11-25 Wolves-Bolton Wanderers,Championship,19,Sat,2017-11-25,15:00,Wolves,5–1,Bolton Wanderers,27894,Molineux Stadium,Keith Stroud,/en/matches/dfd98211/Wolverhampton-Wanderers-Bolton-Wanderers-November-25-2017-Championship,,dfd98211
ENG-Championship,1718,2017-11-26 Nottingham Forest-Cardiff City,Championship,19,Sun,2017-11-26,13:00,Nottingham Forest,0–2,Cardiff City,25210,The City Ground,Peter Bankes,/en/matches/f8595479/Nottingham-Forest-Cardiff-City-November-26-2017-Championship,,f8595479
ENG-Championship,1718,2017-11-27 QPR-Brentford,Championship,19,Mon,2017-11-27,19:45,QPR,2–2,Brentford,13410,Loftus Road Stadium,Steve Martin,/en/matches/c388a07b/Queens-Park-Rangers-Brentford-November-27-2017-Championship,,c388a07b
ENG-Championship,1718,2017-11-28 Derby County-Ipswich Town,Championship,7,Tue,2017-11-28,19:45,Derby County,0–1,Ipswich Town,24475,iPro Stadium,Axel Motiño,/en/matches/cce3a795/Derby-County-Ipswich-Town-November-28-2017-Championship,,cce3a795
ENG-Championship,1718,2017-11-28 Reading-Barnsley,Championship,7,Tue,2017-11-28,20:00,Reading,3–0,Barnsley,13317,Madejski Stadium,Darren Bond,/en/matches/bba6dbcb/Reading-Barnsley-November-28-2017-Championship,,bba6dbcb
ENG-Championship,1718,2017-12-01 Cardiff City-Norwich City,Championship,20,Fri,2017-12-01,19:45,Cardiff City,3–1,Norwich City,17033,Cardiff City Stadium,Andrew Davies,/en/matches/d59cf2fc/Cardiff-City-Norwich-City-December-1-2017-Championship,,d59cf2fc
ENG-Championship,1718,2017-12-01 Leeds United-Aston Villa,Championship,20,Fri,2017-12-01,19:45,Leeds United,1–1,Aston Villa,30547,Elland Road,Peter Bankes,/en/matches/a9cdb4fc/Leeds-United-Aston-Villa-December-1-2017-Championship,,a9cdb4fc
ENG-Championship,1718,2017-12-02 Bolton Wanderers-Barnsley,Championship,20,Sat,2017-12-02,15:00,Bolton Wanderers,3–1,Barnsley,14371,Macron Stadium,Oliver Langford,/en/matches/95c6e116/Bolton-Wanderers-Barnsley-December-2-2017-Championship,,95c6e116
ENG-Championship,1718,2017-12-02 Brentford-Fulham,Championship,20,Sat,2017-12-02,15:00,Brentford,3–1,Fulham,11090,Griffin Park,Robert Madley,/en/matches/5d1c205e/Brentford-Fulham-December-2-2017-Championship,,5d1c205e
ENG-Championship,1718,2017-12-02 Bristol City-Middlesbrough,Championship,20,Sat,2017-12-02,17:30,Bristol City,2–1,Middlesbrough,18752,Ashton Gate Stadium,Steve Martin,/en/matches/c1149ba5/Bristol-City-Middlesbrough-December-2-2017-Championship,,c1149ba5
ENG-Championship,1718,2017-12-02 Derby County-Burton Albion,Championship,20,Sat,2017-12-02,15:00,Derby County,1–0,Burton Albion,26761,iPro Stadium,David Coote,/en/matches/6997a520/Derby-County-Burton-Albion-December-2-2017-Championship,,6997a520
ENG-Championship,1718,2017-12-02 Ipswich Town-Nottingham Forest,Championship,20,Sat,2017-12-02,15:00,Ipswich Town,4–2,Nottingham Forest,16808,Portman Road Stadium,Darren Bond,/en/matches/59785d19/Ipswich-Town-Nottingham-Forest-December-2-2017-Championship,,59785d19
ENG-Championship,1718,2017-12-02 Millwall-Sheffield United,Championship,20,Sat,2017-12-02,15:00,Millwall,3–1,Sheffield United,12669,The Den,Andy Madley,/en/matches/4c5df451/Millwall-Sheffield-United-December-2-2017-Championship,,4c5df451
ENG-Championship,1718,2017-12-02 Preston North End-QPR,Championship,20,Sat,2017-12-02,15:00,Preston North End,1–0,QPR,11290,Deepdale Stadium,Jeremy Simpson,/en/matches/b769ef56/Preston-North-End-Queens-Park-Rangers-December-2-2017-Championship,,b769ef56
ENG-Championship,1718,2017-12-02 Sheffield Weds-Hull City,Championship,20,Sat,2017-12-02,15:00,Sheffield Weds,2–2,Hull City,25412,Hillsborough Stadium,Mike Jones,/en/matches/c759e730/Sheffield-Wednesday-Hull-City-December-2-2017-Championship,,c759e730
ENG-Championship,1718,2017-12-02 Sunderland-Reading,Championship,20,Sat,2017-12-02,15:00,Sunderland,1–3,Reading,27386,Stadium of Light,Keith Stroud,/en/matches/b00f378a/Sunderland-Reading-December-2-2017-Championship,,b00f378a
ENG-Championship,1718,2017-12-04 Birmingham City-Wolves,Championship,20,Mon,2017-12-04,19:45,Birmingham City,0–1,Wolves,19641,St Andrew's Trillion Trophy Stadium,Simon Hooper,/en/matches/c66878d2/Birmingham-City-Wolverhampton-Wanderers-December-4-2017-Championship,,c66878d2
ENG-Championship,1718,2017-12-08 Sheffield United-Bristol City,Championship,21,Fri,2017-12-08,19:45,Sheffield United,1–2,Bristol City,24409,Bramall Lane,David Coote,/en/matches/91f81e5e/Sheffield-United-Bristol-City-December-8-2017-Championship,,91f81e5e
ENG-Championship,1718,2017-12-09 Aston Villa-Millwall,Championship,21,Sat,2017-12-09,15:00,Aston Villa,0–0,Millwall,29628,Villa Park,Andrew Davies,/en/matches/8e74d048/Aston-Villa-Millwall-December-9-2017-Championship,,8e74d048
ENG-Championship,1718,2017-12-09 Barnsley-Derby County,Championship,21,Sat,2017-12-09,15:00,Barnsley,0–3,Derby County,13973,Oakwell Stadium,Tim Robinson,/en/matches/b8002ad4/Barnsley-Derby-County-December-9-2017-Championship,,b8002ad4
ENG-Championship,1718,2017-12-09 Burton Albion-Preston North End,Championship,21,Sat,2017-12-09,15:00,Burton Albion,1–2,Preston North End,3659,Pirelli Stadium,Keith Stroud,/en/matches/898e7b4c/Burton-Albion-Preston-North-End-December-9-2017-Championship,,898e7b4c
ENG-Championship,1718,2017-12-09 Fulham-Birmingham City,Championship,21,Sat,2017-12-09,15:00,Fulham,1–0,Birmingham City,19644,Craven Cottage,Tony Harrington,/en/matches/b2cb2c8e/Fulham-Birmingham-City-December-9-2017-Championship,,b2cb2c8e
ENG-Championship,1718,2017-12-09 Hull City-Brentford,Championship,21,Sat,2017-12-09,15:00,Hull City,3–2,Brentford,14620,Kingston Communications Stadium,Simon Hooper,/en/matches/cb36a13a/Hull-City-Brentford-December-9-2017-Championship,,cb36a13a
ENG-Championship,1718,2017-12-09 Middlesbrough-Ipswich Town,Championship,21,Sat,2017-12-09,15:00,Middlesbrough,2–0,Ipswich Town,22989,Riverside Stadium,Robert Jones,/en/matches/143f246e/Middlesbrough-Ipswich-Town-December-9-2017-Championship,,143f246e
ENG-Championship,1718,2017-12-09 Norwich City-Sheffield Weds,Championship,21,Sat,2017-12-09,17:30,Norwich City,3–1,Sheffield Weds,25561,Carrow Road,James Linington,/en/matches/d4df7d12/Norwich-City-Sheffield-Wednesday-December-9-2017-Championship,,d4df7d12
ENG-Championship,1718,2017-12-09 Nottingham Forest-Bolton Wanderers,Championship,21,Sat,2017-12-09,15:00,Nottingham Forest,3–2,Bolton Wanderers,22882,The City Ground,Darren England,/en/matches/9ebea72d/Nottingham-Forest-Bolton-Wanderers-December-9-2017-Championship,,9ebea72d
ENG-Championship,1718,2017-12-09 QPR-Leeds United,Championship,21,Sat,2017-12-09,15:00,QPR,1–3,Leeds United,15506,Loftus Road Stadium,Chris Kavanagh,/en/matches/31f43eb3/Queens-Park-Rangers-Leeds-United-December-9-2017-Championship,,31f43eb3
ENG-Championship,1718,2017-12-09 Wolves-Sunderland,Championship,21,Sat,2017-12-09,15:00,Wolves,0–0,Sunderland,28488,Molineux Stadium,Jeremy Simpson,/en/matches/85583361/Wolverhampton-Wanderers-Sunderland-December-9-2017-Championship,,85583361
ENG-Championship,1718,2017-12-11 Reading-Cardiff City,Championship,21,Mon,2017-12-11,20:00,Reading,2–2,Cardiff City,16670,Madejski Stadium,Steve Martin,/en/matches/e603b688/Reading-Cardiff-City-December-11-2017-Championship,,e603b688
ENG-Championship,1718,2017-12-15 Sheffield Weds-Wolves,Championship,22,Fri,2017-12-15,19:45,Sheffield Weds,0–1,Wolves,23809,Hillsborough Stadium,Darren Bond,/en/matches/b0fe2f4d/Sheffield-Wednesday-Wolverhampton-Wanderers-December-15-2017-Championship,,b0fe2f4d
ENG-Championship,1718,2017-12-16 Birmingham City-QPR,Championship,22,Sat,2017-12-16,15:00,Birmingham City,1–2,QPR,20107,St Andrew's Trillion Trophy Stadium,Mike Jones,/en/matches/47fe344f/Birmingham-City-Queens-Park-Rangers-December-16-2017-Championship,,47fe344f
ENG-Championship,1718,2017-12-16 Bolton Wanderers-Burton Albion,Championship,22,Sat,2017-12-16,15:00,Bolton Wanderers,0–1,Burton Albion,13632,Macron Stadium,Andy Madley,/en/matches/eeed9744/Bolton-Wanderers-Burton-Albion-December-16-2017-Championship,,eeed9744
ENG-Championship,1718,2017-12-16 Brentford-Barnsley,Championship,22,Sat,2017-12-16,15:00,Brentford,0–0,Barnsley,9868,Griffin Park,David Coote,/en/matches/5cf6243b/Brentford-Barnsley-December-16-2017-Championship,,5cf6243b
ENG-Championship,1718,2017-12-16 Bristol City-Nottingham Forest,Championship,22,Sat,2017-12-16,15:00,Bristol City,2–1,Nottingham Forest,20128,Ashton Gate Stadium,James Linington,/en/matches/4d1e974d/Bristol-City-Nottingham-Forest-December-16-2017-Championship,,4d1e974d
ENG-Championship,1718,2017-12-16 Cardiff City-Hull City,Championship,22,Sat,2017-12-16,17:30,Cardiff City,1–0,Hull City,18049,Cardiff City Stadium,Axel Motiño,/en/matches/8f150be7/Cardiff-City-Hull-City-December-16-2017-Championship,,8f150be7
ENG-Championship,1718,2017-12-16 Derby County-Aston Villa,Championship,22,Sat,2017-12-16,15:00,Derby County,2–0,Aston Villa,28118,iPro Stadium,Lee Probert,/en/matches/8c890267/Derby-County-Aston-Villa-December-16-2017-Championship,,8c890267
ENG-Championship,1718,2017-12-16 Ipswich Town-Reading,Championship,22,Sat,2017-12-16,15:00,Ipswich Town,2–0,Reading,13832,Portman Road Stadium,Peter Bankes,/en/matches/e68d7a96/Ipswich-Town-Reading-December-16-2017-Championship,,e68d7a96
ENG-Championship,1718,2017-12-16 Leeds United-Norwich City,Championship,22,Sat,2017-12-16,15:00,Leeds United,1–0,Norwich City,30590,Elland Road,Darren England,/en/matches/88ae277f/Leeds-United-Norwich-City-December-16-2017-Championship,,88ae277f
ENG-Championship,1718,2017-12-16 Millwall-Middlesbrough,Championship,22,Sat,2017-12-16,15:00,Millwall,2–1,Middlesbrough,12026,The Den,Oliver Langford,/en/matches/18ca34fd/Millwall-Middlesbrough-December-16-2017-Championship,,18ca34fd
ENG-Championship,1718,2017-12-16 Preston North End-Sheffield United,Championship,22,Sat,2017-12-16,15:00,Preston North End,1–0,Sheffield United,15202,Deepdale Stadium,Tim Robinson,/en/matches/31609970/Preston-North-End-Sheffield-United-December-16-2017-Championship,,31609970
ENG-Championship,1718,2017-12-16 Sunderland-Fulham,Championship,22,Sat,2017-12-16,15:00,Sunderland,1–0,Fulham,25904,Stadium of Light,Steve Martin,/en/matches/00e537c2/Sunderland-Fulham-December-16-2017-Championship,,00e537c2
ENG-Championship,1718,2017-12-22 Norwich City-Brentford,Championship,23,Fri,2017-12-22,19:45,Norwich City,1–2,Brentford,26725,Carrow Road,Jeremy Simpson,/en/matches/8229b18a/Norwich-City-Brentford-December-22-2017-Championship,,8229b18a
ENG-Championship,1718,2017-12-23 Aston Villa-Sheffield United,Championship,23,Sat,2017-12-23,17:30,Aston Villa,2–2,Sheffield United,35210,Villa Park,Simon Hooper,/en/matches/ede0ec0c/Aston-Villa-Sheffield-United-December-23-2017-Championship,,ede0ec0c
ENG-Championship,1718,2017-12-23 Bolton Wanderers-Cardiff City,Championship,23,Sat,2017-12-23,15:00,Bolton Wanderers,2–0,Cardiff City,15344,Macron Stadium,Darren Bond,/en/matches/233f611a/Bolton-Wanderers-Cardiff-City-December-23-2017-Championship,,233f611a
ENG-Championship,1718,2017-12-23 Derby County-Millwall,Championship,23,Sat,2017-12-23,15:00,Derby County,3–0,Millwall,25813,iPro Stadium,Darren England,/en/matches/2ba59445/Derby-County-Millwall-December-23-2017-Championship,,2ba59445
ENG-Championship,1718,2017-12-23 Fulham-Barnsley,Championship,23,Sat,2017-12-23,15:00,Fulham,2–1,Barnsley,17308,Craven Cottage,James Linington,/en/matches/c9d1eb95/Fulham-Barnsley-December-23-2017-Championship,,c9d1eb95
ENG-Championship,1718,2017-12-23 Leeds United-Hull City,Championship,23,Sat,2017-12-23,15:00,Leeds United,1–0,Hull City,35156,Elland Road,Steve Martin,/en/matches/46634f19/Leeds-United-Hull-City-December-23-2017-Championship,,46634f19
ENG-Championship,1718,2017-12-23 Preston North End-Nottingham Forest,Championship,23,Sat,2017-12-23,15:00,Preston North End,1–1,Nottingham Forest,13481,Deepdale Stadium,Axel Motiño,/en/matches/c633ce05/Preston-North-End-Nottingham-Forest-December-23-2017-Championship,,c633ce05
ENG-Championship,1718,2017-12-23 QPR-Bristol City,Championship,23,Sat,2017-12-23,15:00,QPR,1–1,Bristol City,13683,Loftus Road Stadium,Andy Madley,/en/matches/17c56a84/Queens-Park-Rangers-Bristol-City-December-23-2017-Championship,,17c56a84
ENG-Championship,1718,2017-12-23 Reading-Burton Albion,Championship,23,Sat,2017-12-23,15:00,Reading,1–2,Burton Albion,21771,Madejski Stadium,John Brooks,/en/matches/6268fcf5/Reading-Burton-Albion-December-23-2017-Championship,,6268fcf5
ENG-Championship,1718,2017-12-23 Sheffield Weds-Middlesbrough,Championship,23,Sat,2017-12-23,15:00,Sheffield Weds,1–2,Middlesbrough,27471,Hillsborough Stadium,Peter Bankes,/en/matches/f78c4586/Sheffield-Wednesday-Middlesbrough-December-23-2017-Championship,,f78c4586
ENG-Championship,1718,2017-12-23 Sunderland-Birmingham City,Championship,23,Sat,2017-12-23,15:00,Sunderland,1–1,Birmingham City,29312,Stadium of Light,Oliver Langford,/en/matches/46f4c038/Sunderland-Birmingham-City-December-23-2017-Championship,,46f4c038
ENG-Championship,1718,2017-12-23 Wolves-Ipswich Town,Championship,23,Sat,2017-12-23,15:00,Wolves,1–0,Ipswich Town,30218,Molineux Stadium,David Coote,/en/matches/a919208b/Wolverhampton-Wanderers-Ipswich-Town-December-23-2017-Championship,,a919208b
ENG-Championship,1718,2017-12-26 Barnsley-Preston North End,Championship,24,Tue,2017-12-26,15:00,Barnsley,0–0,Preston North End,14014,Oakwell Stadium,Geoff Eltringham,/en/matches/d9c56629/Barnsley-Preston-North-End-December-26-2017-Championship,,d9c56629
ENG-Championship,1718,2017-12-26 Birmingham City-Norwich City,Championship,24,Tue,2017-12-26,15:00,Birmingham City,0–2,Norwich City,19967,St Andrew's Trillion Trophy Stadium,David Coote,/en/matches/4113a720/Birmingham-City-Norwich-City-December-26-2017-Championship,,4113a720
ENG-Championship,1718,2017-12-26 Brentford-Aston Villa,Championship,24,Tue,2017-12-26,19:30,Brentford,2–1,Aston Villa,11341,Griffin Park,Keith Stroud,/en/matches/c3d1f58c/Brentford-Aston-Villa-December-26-2017-Championship,,c3d1f58c
ENG-Championship,1718,2017-12-26 Bristol City-Reading,Championship,24,Tue,2017-12-26,15:00,Bristol City,2–0,Reading,23116,Ashton Gate Stadium,Oliver Langford,/en/matches/9b2ef2af/Bristol-City-Reading-December-26-2017-Championship,,9b2ef2af
ENG-Championship,1718,2017-12-26 Burton Albion-Leeds United,Championship,24,Tue,2017-12-26,15:00,Burton Albion,1–2,Leeds United,5612,Pirelli Stadium,Darren Bond,/en/matches/6febf798/Burton-Albion-Leeds-United-December-26-2017-Championship,,6febf798
ENG-Championship,1718,2017-12-26 Cardiff City-Fulham,Championship,24,Tue,2017-12-26,15:00,Cardiff City,2–4,Fulham,21662,Cardiff City Stadium,Simon Hooper,/en/matches/d0de5718/Cardiff-City-Fulham-December-26-2017-Championship,,d0de5718
ENG-Championship,1718,2017-12-26 Hull City-Derby County,Championship,24,Tue,2017-12-26,15:00,Hull City,0–0,Derby County,18026,Kingston Communications Stadium,Tony Harrington,/en/matches/ba119f60/Hull-City-Derby-County-December-26-2017-Championship,,ba119f60
ENG-Championship,1718,2017-12-26 Ipswich Town-QPR,Championship,24,Tue,2017-12-26,15:00,Ipswich Town,0–0,QPR,18696,Portman Road Stadium,Andrew Davies,/en/matches/61ad68d3/Ipswich-Town-Queens-Park-Rangers-December-26-2017-Championship,,61ad68d3
ENG-Championship,1718,2017-12-26 Middlesbrough-Bolton Wanderers,Championship,24,Tue,2017-12-26,15:00,Middlesbrough,2–0,Bolton Wanderers,29443,Riverside Stadium,Jeremy Simpson,/en/matches/096cd638/Middlesbrough-Bolton-Wanderers-December-26-2017-Championship,,096cd638
ENG-Championship,1718,2017-12-26 Millwall-Wolves,Championship,24,Tue,2017-12-26,13:00,Millwall,2–2,Wolves,13121,The Den,Tim Robinson,/en/matches/e90367b2/Millwall-Wolverhampton-Wanderers-December-26-2017-Championship,,e90367b2
ENG-Championship,1718,2017-12-26 Nottingham Forest-Sheffield Weds,Championship,24,Tue,2017-12-26,15:00,Nottingham Forest,0–3,Sheffield Weds,28635,The City Ground,Andy Madley,/en/matches/b7f81f1d/Nottingham-Forest-Sheffield-Wednesday-December-26-2017-Championship,,b7f81f1d
ENG-Championship,1718,2017-12-26 Sheffield United-Sunderland,Championship,24,Tue,2017-12-26,15:00,Sheffield United,3–0,Sunderland,30668,Bramall Lane,Peter Bankes,/en/matches/9153a2a2/Sheffield-United-Sunderland-December-26-2017-Championship,,9153a2a2
ENG-Championship,1718,2017-12-29 Cardiff City-Preston North End,Championship,25,Fri,2017-12-29,19:45,Cardiff City,0–1,Preston North End,17751,Cardiff City Stadium,James Linington,/en/matches/930aa14b/Cardiff-City-Preston-North-End-December-29-2017-Championship,,930aa14b
ENG-Championship,1718,2017-12-29 Millwall-QPR,Championship,25,Fri,2017-12-29,19:45,Millwall,1–0,QPR,16601,The Den,Keith Stroud,/en/matches/c891e784/Millwall-Queens-Park-Rangers-December-29-2017-Championship,,c891e784
ENG-Championship,1718,2017-12-30 Barnsley-Reading,Championship,25,Sat,2017-12-30,15:00,Barnsley,1–1,Reading,11945,Oakwell Stadium,Simon Hooper,/en/matches/a68c06cc/Barnsley-Reading-December-30-2017-Championship,,a68c06cc
ENG-Championship,1718,2017-12-30 Birmingham City-Leeds United,Championship,25,Sat,2017-12-30,15:00,Birmingham City,1–0,Leeds United,21673,St Andrew's Trillion Trophy Stadium,Tim Robinson,/en/matches/d724839a/Birmingham-City-Leeds-United-December-30-2017-Championship,,d724839a
ENG-Championship,1718,2017-12-30 Brentford-Sheffield Weds,Championship,25,Sat,2017-12-30,15:00,Brentford,2–0,Sheffield Weds,10853,Griffin Park,David Coote,/en/matches/de9d3f81/Brentford-Sheffield-Wednesday-December-30-2017-Championship,,de9d3f81
ENG-Championship,1718,2017-12-30 Bristol City-Wolves,Championship,25,Sat,2017-12-30,17:30,Bristol City,1–2,Wolves,25540,Ashton Gate Stadium,Peter Bankes,/en/matches/3c3e0fd4/Bristol-City-Wolverhampton-Wanderers-December-30-2017-Championship,,3c3e0fd4
ENG-Championship,1718,2017-12-30 Burton Albion-Norwich City,Championship,25,Sat,2017-12-30,15:00,Burton Albion,0–0,Norwich City,4565,Pirelli Stadium,Robert Jones,/en/matches/987cef36/Burton-Albion-Norwich-City-December-30-2017-Championship,,987cef36
ENG-Championship,1718,2017-12-30 Hull City-Fulham,Championship,25,Sat,2017-12-30,15:00,Hull City,2–2,Fulham,15701,Kingston Communications Stadium,David Webb,/en/matches/32c92136/Hull-City-Fulham-December-30-2017-Championship,,32c92136
ENG-Championship,1718,2017-12-30 Ipswich Town-Derby County,Championship,25,Sat,2017-12-30,15:00,Ipswich Town,1–2,Derby County,17267,Portman Road Stadium,Oliver Langford,/en/matches/3e2b7992/Ipswich-Town-Derby-County-December-30-2017-Championship,,3e2b7992
ENG-Championship,1718,2017-12-30 Middlesbrough-Aston Villa,Championship,25,Sat,2017-12-30,15:00,Middlesbrough,0–1,Aston Villa,29422,Riverside Stadium,Andy Madley,/en/matches/77dfcf2b/Middlesbrough-Aston-Villa-December-30-2017-Championship,,77dfcf2b
ENG-Championship,1718,2017-12-30 Nottingham Forest-Sunderland,Championship,25,Sat,2017-12-30,15:00,Nottingham Forest,0–1,Sunderland,26830,The City Ground,Darren Bond,/en/matches/933270a7/Nottingham-Forest-Sunderland-December-30-2017-Championship,,933270a7
ENG-Championship,1718,2017-12-30 Sheffield United-Bolton Wanderers,Championship,25,Sat,2017-12-30,15:00,Sheffield United,0–1,Bolton Wanderers,28387,Bramall Lane,Steve Martin,/en/matches/39982089/Sheffield-United-Bolton-Wanderers-December-30-2017-Championship,,39982089
ENG-Championship,1718,2018-01-01 Aston Villa-Bristol City,Championship,26,Mon,2018-01-01,17:30,Aston Villa,5–0,Bristol City,32604,Villa Park,Andrew Davies,/en/matches/1a85ee26/Aston-Villa-Bristol-City-January-1-2018-Championship,,1a85ee26
ENG-Championship,1718,2018-01-01 Bolton Wanderers-Hull City,Championship,26,Mon,2018-01-01,15:00,Bolton Wanderers,1–0,Hull City,14216,Macron Stadium,Geoff Eltringham,/en/matches/776172d3/Bolton-Wanderers-Hull-City-January-1-2018-Championship,,776172d3
ENG-Championship,1718,2018-01-01 Derby County-Sheffield United,Championship,26,Mon,2018-01-01,15:00,Derby County,1–1,Sheffield United,30003,iPro Stadium,Darren Bond,/en/matches/7602f0fb/Derby-County-Sheffield-United-January-1-2018-Championship,,7602f0fb
ENG-Championship,1718,2018-01-01 Leeds United-Nottingham Forest,Championship,26,Mon,2018-01-01,15:00,Leeds United,0–0,Nottingham Forest,32426,Elland Road,Jeremy Simpson,/en/matches/af45f326/Leeds-United-Nottingham-Forest-January-1-2018-Championship,,af45f326
ENG-Championship,1718,2018-01-01 Norwich City-Millwall,Championship,26,Mon,2018-01-01,15:00,Norwich City,2–1,Millwall,25774,Carrow Road,Steve Martin,/en/matches/9b0bb073/Norwich-City-Millwall-January-1-2018-Championship,,9b0bb073
ENG-Championship,1718,2018-01-01 Preston North End-Middlesbrough,Championship,26,Mon,2018-01-01,15:00,Preston North End,2–3,Middlesbrough,15101,Deepdale Stadium,David Coote,/en/matches/380bf876/Preston-North-End-Middlesbrough-January-1-2018-Championship,,380bf876
ENG-Championship,1718,2018-01-01 QPR-Cardiff City,Championship,26,Mon,2018-01-01,15:00,QPR,2–1,Cardiff City,13801,Loftus Road Stadium,Tim Robinson,/en/matches/a60d7f26/Queens-Park-Rangers-Cardiff-City-January-1-2018-Championship,,a60d7f26
ENG-Championship,1718,2018-01-01 Sheffield Weds-Burton Albion,Championship,26,Mon,2018-01-01,15:00,Sheffield Weds,0–3,Burton Albion,25506,Hillsborough Stadium,Darren England,/en/matches/b2d8330f/Sheffield-Wednesday-Burton-Albion-January-1-2018-Championship,,b2d8330f
ENG-Championship,1718,2018-01-01 Sunderland-Barnsley,Championship,26,Mon,2018-01-01,15:00,Sunderland,0–1,Barnsley,28311,Stadium of Light,Robert Jones,/en/matches/c81e0294/Sunderland-Barnsley-January-1-2018-Championship,,c81e0294
ENG-Championship,1718,2018-01-02 Fulham-Ipswich Town,Championship,26,Tue,2018-01-02,19:45,Fulham,4–1,Ipswich Town,17415,Craven Cottage,Keith Stroud,/en/matches/39452e34/Fulham-Ipswich-Town-January-2-2018-Championship,,39452e34
ENG-Championship,1718,2018-01-02 Reading-Birmingham City,Championship,26,Tue,2018-01-02,20:00,Reading,0–2,Birmingham City,14491,Madejski Stadium,James Linington,/en/matches/36191cb9/Reading-Birmingham-City-January-2-2018-Championship,,36191cb9
ENG-Championship,1718,2018-01-02 Wolves-Brentford,Championship,26,Tue,2018-01-02,19:45,Wolves,3–0,Brentford,28475,Molineux Stadium,Andy Madley,/en/matches/7d0efb5c/Wolverhampton-Wanderers-Brentford-January-2-2018-Championship,,7d0efb5c
ENG-Championship,1718,2018-01-12 Sheffield United-Sheffield Weds,Championship,27,Fri,2018-01-12,19:45,Sheffield United,0–0,Sheffield Weds,31120,Bramall Lane,David Coote,/en/matches/adf73d37/Sheffield-United-Sheffield-Wednesday-January-12-2018-Championship,,adf73d37
ENG-Championship,1718,2018-01-13 Barnsley-Wolves,Championship,27,Sat,2018-01-13,15:00,Barnsley,0–0,Wolves,16050,Oakwell Stadium,Keith Stroud,/en/matches/eb32129e/Barnsley-Wolverhampton-Wanderers-January-13-2018-Championship,,eb32129e
ENG-Championship,1718,2018-01-13 Birmingham City-Derby County,Championship,27,Sat,2018-01-13,15:00,Birmingham City,0–3,Derby County,22121,St Andrew's Trillion Trophy Stadium,Lee Probert,/en/matches/b92f2d25/Birmingham-City-Derby-County-January-13-2018-Championship,,b92f2d25
ENG-Championship,1718,2018-01-13 Brentford-Bolton Wanderers,Championship,27,Sat,2018-01-13,15:00,Brentford,2–0,Bolton Wanderers,9507,Griffin Park,Andrew Davies,/en/matches/eeb83f1b/Brentford-Bolton-Wanderers-January-13-2018-Championship,,eeb83f1b
ENG-Championship,1718,2018-01-13 Bristol City-Norwich City,Championship,27,Sat,2018-01-13,15:00,Bristol City,0–1,Norwich City,21282,Ashton Gate Stadium,Simon Hooper,/en/matches/5aedcb62/Bristol-City-Norwich-City-January-13-2018-Championship,,5aedcb62
ENG-Championship,1718,2018-01-13 Burton Albion-QPR,Championship,27,Sat,2018-01-13,15:00,Burton Albion,1–3,QPR,4264,Pirelli Stadium,Steve Martin,/en/matches/d73fcabb/Burton-Albion-Queens-Park-Rangers-January-13-2018-Championship,,d73fcabb
ENG-Championship,1718,2018-01-13 Cardiff City-Sunderland,Championship,27,Sat,2018-01-13,12:30,Cardiff City,4–0,Sunderland,17703,Cardiff City Stadium,Andy Madley,/en/matches/c4d656e7/Cardiff-City-Sunderland-January-13-2018-Championship,,c4d656e7
ENG-Championship,1718,2018-01-13 Hull City-Reading,Championship,27,Sat,2018-01-13,15:00,Hull City,0–0,Reading,14300,Kingston Communications Stadium,Darren England,/en/matches/248f9480/Hull-City-Reading-January-13-2018-Championship,,248f9480
ENG-Championship,1718,2018-01-13 Ipswich Town-Leeds United,Championship,27,Sat,2018-01-13,15:00,Ipswich Town,1–0,Leeds United,18638,Portman Road Stadium,Robert Jones,/en/matches/0e88255f/Ipswich-Town-Leeds-United-January-13-2018-Championship,,0e88255f
ENG-Championship,1718,2018-01-13 Middlesbrough-Fulham,Championship,27,Sat,2018-01-13,15:00,Middlesbrough,0–1,Fulham,23850,Riverside Stadium,Geoff Eltringham,/en/matches/0881f232/Middlesbrough-Fulham-January-13-2018-Championship,,0881f232
ENG-Championship,1718,2018-01-13 Millwall-Preston North End,Championship,27,Sat,2018-01-13,15:00,Millwall,1–1,Preston North End,11751,The Den,Jeremy Simpson,/en/matches/42d75280/Millwall-Preston-North-End-January-13-2018-Championship,,42d75280
ENG-Championship,1718,2018-01-13 Nottingham Forest-Aston Villa,Championship,27,Sat,2018-01-13,17:30,Nottingham Forest,0–1,Aston Villa,25433,The City Ground,James Linington,/en/matches/2e024fa9/Nottingham-Forest-Aston-Villa-January-13-2018-Championship,,2e024fa9
ENG-Championship,1718,2018-01-19 Derby County-Bristol City,Championship,28,Fri,2018-01-19,19:45,Derby County,0–0,Bristol City,26525,iPro Stadium,Darren England,/en/matches/174664e4/Derby-County-Bristol-City-January-19-2018-Championship,,174664e4
ENG-Championship,1718,2018-01-20 Aston Villa-Barnsley,Championship,28,Sat,2018-01-20,15:00,Aston Villa,3–1,Barnsley,31869,Villa Park,Axel Motiño,/en/matches/e27979a7/Aston-Villa-Barnsley-January-20-2018-Championship,,e27979a7
ENG-Championship,1718,2018-01-20 Bolton Wanderers-Ipswich Town,Championship,28,Sat,2018-01-20,15:00,Bolton Wanderers,1–1,Ipswich Town,13870,Macron Stadium,Peter Bankes,/en/matches/272d8626/Bolton-Wanderers-Ipswich-Town-January-20-2018-Championship,,272d8626
ENG-Championship,1718,2018-01-20 Fulham-Burton Albion,Championship,28,Sat,2018-01-20,15:00,Fulham,6–0,Burton Albion,19003,Craven Cottage,Tim Robinson,/en/matches/d552fd3a/Fulham-Burton-Albion-January-20-2018-Championship,,d552fd3a
ENG-Championship,1718,2018-01-20 Leeds United-Millwall,Championship,28,Sat,2018-01-20,15:00,Leeds United,3–4,Millwall,33564,Elland Road,David Coote,/en/matches/b7558701/Leeds-United-Millwall-January-20-2018-Championship,,b7558701
ENG-Championship,1718,2018-01-20 Norwich City-Sheffield United,Championship,28,Sat,2018-01-20,15:00,Norwich City,1–2,Sheffield United,26486,Carrow Road,Tony Harrington,/en/matches/c14ca9ce/Norwich-City-Sheffield-United-January-20-2018-Championship,,c14ca9ce
ENG-Championship,1718,2018-01-20 Preston North End-Birmingham City,Championship,28,Sat,2018-01-20,15:00,Preston North End,1–1,Birmingham City,13529,Deepdale Stadium,Andrew Davies,/en/matches/481ec53c/Preston-North-End-Birmingham-City-January-20-2018-Championship,,481ec53c
ENG-Championship,1718,2018-01-20 QPR-Middlesbrough,Championship,28,Sat,2018-01-20,15:00,QPR,0–3,Middlesbrough,14182,Loftus Road Stadium,Oliver Langford,/en/matches/d5d1de49/Queens-Park-Rangers-Middlesbrough-January-20-2018-Championship,,d5d1de49
ENG-Championship,1718,2018-01-20 Reading-Brentford,Championship,28,Sat,2018-01-20,15:00,Reading,0–1,Brentford,17893,Madejski Stadium,Darren Bond,/en/matches/836de461/Reading-Brentford-January-20-2018-Championship,,836de461
ENG-Championship,1718,2018-01-20 Sheffield Weds-Cardiff City,Championship,28,Sat,2018-01-20,17:30,Sheffield Weds,0–0,Cardiff City,23277,Hillsborough Stadium,Roger East,/en/matches/4c044e16/Sheffield-Wednesday-Cardiff-City-January-20-2018-Championship,,4c044e16
ENG-Championship,1718,2018-01-20 Sunderland-Hull City,Championship,28,Sat,2018-01-20,15:00,Sunderland,1–0,Hull City,27437,Stadium of Light,Keith Stroud,/en/matches/32f3f4ab/Sunderland-Hull-City-January-20-2018-Championship,,32f3f4ab
ENG-Championship,1718,2018-01-20 Wolves-Nottingham Forest,Championship,28,Sat,2018-01-20,15:00,Wolves,0–2,Nottingham Forest,29050,Molineux Stadium,Robert Madley,/en/matches/b39c1052/Wolverhampton-Wanderers-Nottingham-Forest-January-20-2018-Championship,,b39c1052
ENG-Championship,1718,2018-01-27 Barnsley-Fulham,Championship,29,Sat,2018-01-27,15:00,Barnsley,1–3,Fulham,12147,Oakwell Stadium,Andrew Davies,/en/matches/2486d724/Barnsley-Fulham-January-27-2018-Championship,,2486d724
ENG-Championship,1718,2018-01-27 Brentford-Norwich City,Championship,29,Sat,2018-01-27,15:00,Brentford,0–1,Norwich City,10252,Griffin Park,Axel Motiño,/en/matches/cc70add4/Brentford-Norwich-City-January-27-2018-Championship,,cc70add4
ENG-Championship,1718,2018-01-27 Bristol City-QPR,Championship,29,Sat,2018-01-27,15:00,Bristol City,2–0,QPR,21492,Ashton Gate Stadium,Keith Stroud,/en/matches/6f396da0/Bristol-City-Queens-Park-Rangers-January-27-2018-Championship,,6f396da0
ENG-Championship,1718,2018-01-27 Ipswich Town-Wolves,Championship,29,Sat,2018-01-27,15:00,Ipswich Town,0–1,Wolves,15971,Portman Road Stadium,Simon Hooper,/en/matches/366b62e2/Ipswich-Town-Wolverhampton-Wanderers-January-27-2018-Championship,,366b62e2
ENG-Championship,1718,2018-01-30 Birmingham City-Sunderland,Championship,29,Tue,2018-01-30,19:45,Birmingham City,3–1,Sunderland,19601,St Andrew's Trillion Trophy Stadium,Darren Bond,/en/matches/a4a9b71a/Birmingham-City-Sunderland-January-30-2018-Championship,,a4a9b71a
ENG-Championship,1718,2018-01-30 Burton Albion-Reading,Championship,29,Tue,2018-01-30,19:45,Burton Albion,1–3,Reading,2750,Pirelli Stadium,Robert Jones,/en/matches/b0b1c5f9/Burton-Albion-Reading-January-30-2018-Championship,,b0b1c5f9
ENG-Championship,1718,2018-01-30 Hull City-Leeds United,Championship,29,Tue,2018-01-30,19:45,Hull City,0–0,Leeds United,17237,Kingston Communications Stadium,Tony Harrington,/en/matches/94e88ac9/Hull-City-Leeds-United-January-30-2018-Championship,,94e88ac9
ENG-Championship,1718,2018-01-30 Middlesbrough-Sheffield Weds,Championship,29,Tue,2018-01-30,19:45,Middlesbrough,0–0,Sheffield Weds,24120,Riverside Stadium,James Linington,/en/matches/fe2db0f9/Middlesbrough-Sheffield-Wednesday-January-30-2018-Championship,,fe2db0f9
ENG-Championship,1718,2018-01-30 Millwall-Derby County,Championship,29,Tue,2018-01-30,19:45,Millwall,0–0,Derby County,10931,The Den,Oliver Langford,/en/matches/0ea188d6/Millwall-Derby-County-January-30-2018-Championship,,0ea188d6
ENG-Championship,1718,2018-01-30 Nottingham Forest-Preston North End,Championship,29,Tue,2018-01-30,19:45,Nottingham Forest,0–3,Preston North End,22044,The City Ground,Geoff Eltringham,/en/matches/560d1149/Nottingham-Forest-Preston-North-End-January-30-2018-Championship,,560d1149
ENG-Championship,1718,2018-01-30 Sheffield United-Aston Villa,Championship,29,Tue,2018-01-30,19:45,Sheffield United,0–1,Aston Villa,26477,Bramall Lane,Jeremy Simpson,/en/matches/ed1419c2/Sheffield-United-Aston-Villa-January-30-2018-Championship,,ed1419c2
ENG-Championship,1718,2018-02-02 Bolton Wanderers-Bristol City,Championship,30,Fri,2018-02-02,20:00,Bolton Wanderers,1–0,Bristol City,14172,Macron Stadium,Andy Madley,/en/matches/9aaa43ba/Bolton-Wanderers-Bristol-City-February-2-2018-Championship,,9aaa43ba
ENG-Championship,1718,2018-02-03 Aston Villa-Burton Albion,Championship,30,Sat,2018-02-03,15:00,Aston Villa,3–2,Burton Albion,33022,Villa Park,David Coote,/en/matches/16ac8292/Aston-Villa-Burton-Albion-February-3-2018-Championship,,16ac8292
ENG-Championship,1718,2018-02-03 Derby County-Brentford,Championship,30,Sat,2018-02-03,15:00,Derby County,3–0,Brentford,25938,iPro Stadium,Peter Bankes,/en/matches/7d7da4a0/Derby-County-Brentford-February-3-2018-Championship,,7d7da4a0
ENG-Championship,1718,2018-02-03 Fulham-Nottingham Forest,Championship,30,Sat,2018-02-03,15:00,Fulham,2–0,Nottingham Forest,22076,Craven Cottage,Tim Robinson,/en/matches/fe99ad1d/Fulham-Nottingham-Forest-February-3-2018-Championship,,fe99ad1d
ENG-Championship,1718,2018-02-03 Leeds United-Cardiff City,Championship,30,Sat,2018-02-03,15:00,Leeds United,1–4,Cardiff City,30534,Elland Road,Graham Scott,/en/matches/93d442bb/Leeds-United-Cardiff-City-February-3-2018-Championship,,93d442bb
ENG-Championship,1718,2018-02-03 Norwich City-Middlesbrough,Championship,30,Sat,2018-02-03,15:00,Norwich City,1–0,Middlesbrough,25960,Carrow Road,Mike Jones,/en/matches/a6dde098/Norwich-City-Middlesbrough-February-3-2018-Championship,,a6dde098
ENG-Championship,1718,2018-02-03 Preston North End-Hull City,Championship,30,Sat,2018-02-03,15:00,Preston North End,2–1,Hull City,11605,Deepdale Stadium,Steve Martin,/en/matches/40aaf94e/Preston-North-End-Hull-City-February-3-2018-Championship,,40aaf94e
ENG-Championship,1718,2018-02-03 QPR-Barnsley,Championship,30,Sat,2018-02-03,15:00,QPR,1–0,Barnsley,12413,Loftus Road Stadium,Tony Harrington,/en/matches/3c3928fe/Queens-Park-Rangers-Barnsley-February-3-2018-Championship,,3c3928fe
ENG-Championship,1718,2018-02-03 Reading-Millwall,Championship,30,Sat,2018-02-03,15:00,Reading,0–2,Millwall,17282,Madejski Stadium,Geoff Eltringham,/en/matches/d86a9772/Reading-Millwall-February-3-2018-Championship,,d86a9772
ENG-Championship,1718,2018-02-03 Sheffield Weds-Birmingham City,Championship,30,Sat,2018-02-03,15:00,Sheffield Weds,1–3,Birmingham City,25648,Hillsborough Stadium,Axel Motiño,/en/matches/7101d318/Sheffield-Wednesday-Birmingham-City-February-3-2018-Championship,,7101d318
ENG-Championship,1718,2018-02-03 Sunderland-Ipswich Town,Championship,30,Sat,2018-02-03,15:00,Sunderland,0–2,Ipswich Town,27909,Stadium of Light,Darren England,/en/matches/fb3a4db1/Sunderland-Ipswich-Town-February-3-2018-Championship,,fb3a4db1
ENG-Championship,1718,2018-02-03 Wolves-Sheffield United,Championship,30,Sat,2018-02-03,17:30,Wolves,3–0,Sheffield United,29311,Molineux Stadium,Darren Bond,/en/matches/a4ec8c2d/Wolverhampton-Wanderers-Sheffield-United-February-3-2018-Championship,,a4ec8c2d
ENG-Championship,1718,2018-02-09 Millwall-Cardiff City,Championship,31,Fri,2018-02-09,19:45,Millwall,1–1,Cardiff City,13204,The Den,Keith Stroud,/en/matches/d5a84a69/Millwall-Cardiff-City-February-9-2018-Championship,,d5a84a69
ENG-Championship,1718,2018-02-10 Barnsley-Sheffield Weds,Championship,31,Sat,2018-02-10,12:15,Barnsley,1–1,Sheffield Weds,16858,Oakwell Stadium,Lee Probert,/en/matches/c9455d4c/Barnsley-Sheffield-Wednesday-February-10-2018-Championship,,c9455d4c
ENG-Championship,1718,2018-02-10 Bolton Wanderers-Fulham,Championship,31,Sat,2018-02-10,15:00,Bolton Wanderers,1–1,Fulham,14386,Macron Stadium,Robert Jones,/en/matches/dacb0f3c/Bolton-Wanderers-Fulham-February-10-2018-Championship,,dacb0f3c
ENG-Championship,1718,2018-02-10 Brentford-Preston North End,Championship,31,Sat,2018-02-10,15:00,Brentford,1–1,Preston North End,9194,Griffin Park,Simon Hooper,/en/matches/490bd854/Brentford-Preston-North-End-February-10-2018-Championship,,490bd854
ENG-Championship,1718,2018-02-10 Bristol City-Sunderland,Championship,31,Sat,2018-02-10,15:00,Bristol City,3–3,Sunderland,22580,Ashton Gate Stadium,James Linington,/en/matches/665b8b86/Bristol-City-Sunderland-February-10-2018-Championship,,665b8b86
ENG-Championship,1718,2018-02-10 Derby County-Norwich City,Championship,31,Sat,2018-02-10,15:00,Derby County,1–1,Norwich City,27171,iPro Stadium,Jeremy Simpson,/en/matches/5c7c8488/Derby-County-Norwich-City-February-10-2018-Championship,,5c7c8488
ENG-Championship,1718,2018-02-10 Ipswich Town-Burton Albion,Championship,31,Sat,2018-02-10,15:00,Ipswich Town,0–0,Burton Albion,13815,Portman Road Stadium,David Webb,/en/matches/9479e737/Ipswich-Town-Burton-Albion-February-10-2018-Championship,,9479e737
ENG-Championship,1718,2018-02-10 Middlesbrough-Reading,Championship,31,Sat,2018-02-10,15:00,Middlesbrough,2–1,Reading,23491,Riverside Stadium,David Coote,/en/matches/43ec4ca7/Middlesbrough-Reading-February-10-2018-Championship,,43ec4ca7
ENG-Championship,1718,2018-02-10 Nottingham Forest-Hull City,Championship,31,Sat,2018-02-10,15:00,Nottingham Forest,0–2,Hull City,23098,The City Ground,Oliver Langford,/en/matches/1c401bd6/Nottingham-Forest-Hull-City-February-10-2018-Championship,,1c401bd6
ENG-Championship,1718,2018-02-10 Sheffield United-Leeds United,Championship,31,Sat,2018-02-10,12:30,Sheffield United,2–1,Leeds United,27553,Bramall Lane,Andy Madley,/en/matches/7f5598d4/Sheffield-United-Leeds-United-February-10-2018-Championship,,7f5598d4
ENG-Championship,1718,2018-02-10 Wolves-QPR,Championship,31,Sat,2018-02-10,15:00,Wolves,2–1,QPR,30168,Molineux Stadium,Geoff Eltringham,/en/matches/fa4be920/Wolverhampton-Wanderers-Queens-Park-Rangers-February-10-2018-Championship,,fa4be920
ENG-Championship,1718,2018-02-11 Aston Villa-Birmingham City,Championship,31,Sun,2018-02-11,12:00,Aston Villa,2–0,Birmingham City,41233,Villa Park,Peter Bankes,/en/matches/832be872/Aston-Villa-Birmingham-City-February-11-2018-Championship,,832be872
ENG-Championship,1718,2018-02-13 Cardiff City-Bolton Wanderers,Championship,29,Tue,2018-02-13,19:45,Cardiff City,2–0,Bolton Wanderers,16013,Cardiff City Stadium,Tim Robinson,/en/matches/9719eee3/Cardiff-City-Bolton-Wanderers-February-13-2018-Championship,,9719eee3
ENG-Championship,1718,2018-02-13 Sheffield Weds-Derby County,Championship,32,Tue,2018-02-13,19:45,Sheffield Weds,2–0,Derby County,24180,Hillsborough Stadium,David Coote,/en/matches/d922d8aa/Sheffield-Wednesday-Derby-County-February-13-2018-Championship,,d922d8aa
ENG-Championship,1718,2018-02-17 Birmingham City-Millwall,Championship,32,Sat,2018-02-17,15:00,Birmingham City,0–1,Millwall,19111,St Andrew's Trillion Trophy Stadium,Darren England,/en/matches/27bfd94a/Birmingham-City-Millwall-February-17-2018-Championship,,27bfd94a
ENG-Championship,1718,2018-02-17 Burton Albion-Nottingham Forest,Championship,32,Sat,2018-02-17,15:00,Burton Albion,0–0,Nottingham Forest,5775,Pirelli Stadium,Andrew Davies,/en/matches/900751cd/Burton-Albion-Nottingham-Forest-February-17-2018-Championship,,900751cd
ENG-Championship,1718,2018-02-17 Cardiff City-Middlesbrough,Championship,32,Sat,2018-02-17,15:00,Cardiff City,1–0,Middlesbrough,18720,Cardiff City Stadium,Darren Bond,/en/matches/b5b091a0/Cardiff-City-Middlesbrough-February-17-2018-Championship,,b5b091a0
ENG-Championship,1718,2018-02-17 Fulham-Aston Villa,Championship,32,Sat,2018-02-17,15:00,Fulham,2–0,Aston Villa,24547,Craven Cottage,Tony Harrington,/en/matches/30f0a0ec/Fulham-Aston-Villa-February-17-2018-Championship,,30f0a0ec
ENG-Championship,1718,2018-02-17 Preston North End-Wolves,Championship,32,Sat,2018-02-17,15:00,Preston North End,1–1,Wolves,18570,Deepdale Stadium,Robert Jones,/en/matches/96966074/Preston-North-End-Wolverhampton-Wanderers-February-17-2018-Championship,,96966074
ENG-Championship,1718,2018-02-17 QPR-Bolton Wanderers,Championship,32,Sat,2018-02-17,15:00,QPR,2–0,Bolton Wanderers,12638,Loftus Road Stadium,Axel Motiño,/en/matches/8e6387cc/Queens-Park-Rangers-Bolton-Wanderers-February-17-2018-Championship,,8e6387cc
ENG-Championship,1718,2018-02-17 Sunderland-Brentford,Championship,32,Sat,2018-02-17,15:00,Sunderland,0–2,Brentford,27702,Stadium of Light,John Brooks,/en/matches/0b1b4e7b/Sunderland-Brentford-February-17-2018-Championship,,0b1b4e7b
ENG-Championship,1718,2018-02-18 Leeds United-Bristol City,Championship,32,Sun,2018-02-18,16:30,Leeds United,2–2,Bristol City,28004,Elland Road,Simon Hooper,/en/matches/c5167290/Leeds-United-Bristol-City-February-18-2018-Championship,,c5167290
ENG-Championship,1718,2018-02-18 Norwich City-Ipswich Town,Championship,32,Sun,2018-02-18,12:00,Norwich City,1–1,Ipswich Town,27100,Carrow Road,David Coote,/en/matches/82b426a7/Norwich-City-Ipswich-Town-February-18-2018-Championship,,82b426a7
ENG-Championship,1718,2018-02-20 Aston Villa-Preston North End,Championship,33,Tue,2018-02-20,19:45,Aston Villa,1–1,Preston North End,30894,Villa Park,Darren England,/en/matches/7bdb385e/Aston-Villa-Preston-North-End-February-20-2018-Championship,,7bdb385e
ENG-Championship,1718,2018-02-20 Barnsley-Burton Albion,Championship,33,Tue,2018-02-20,19:45,Barnsley,1–2,Burton Albion,11774,Oakwell Stadium,Tim Robinson,/en/matches/e5c600a2/Barnsley-Burton-Albion-February-20-2018-Championship,,e5c600a2
ENG-Championship,1718,2018-02-20 Bolton Wanderers-Sunderland,Championship,33,Tue,2018-02-20,20:00,Bolton Wanderers,1–0,Sunderland,14915,Macron Stadium,David Coote,/en/matches/1994f7f8/Bolton-Wanderers-Sunderland-February-20-2018-Championship,,1994f7f8
ENG-Championship,1718,2018-02-20 Brentford-Birmingham City,Championship,33,Tue,2018-02-20,19:45,Brentford,5–0,Birmingham City,9511,Griffin Park,Geoff Eltringham,/en/matches/29d3c756/Brentford-Birmingham-City-February-20-2018-Championship,,29d3c756
ENG-Championship,1718,2018-02-20 Middlesbrough-Hull City,Championship,33,Tue,2018-02-20,19:45,Middlesbrough,3–1,Hull City,23111,Riverside Stadium,Andy Madley,/en/matches/dd34cccf/Middlesbrough-Hull-City-February-20-2018-Championship,,dd34cccf
ENG-Championship,1718,2018-02-20 Millwall-Sheffield Weds,Championship,33,Tue,2018-02-20,19:45,Millwall,2–1,Sheffield Weds,11007,The Den,Peter Bankes,/en/matches/acabf9fe/Millwall-Sheffield-Wednesday-February-20-2018-Championship,,acabf9fe
ENG-Championship,1718,2018-02-20 Nottingham Forest-Reading,Championship,33,Tue,2018-02-20,19:45,Nottingham Forest,1–1,Reading,21846,The City Ground,Steve Martin,/en/matches/4c31d374/Nottingham-Forest-Reading-February-20-2018-Championship,,4c31d374
ENG-Championship,1718,2018-02-20 Sheffield United-QPR,Championship,33,Tue,2018-02-20,19:45,Sheffield United,2–1,QPR,25339,Bramall Lane,Oliver Langford,/en/matches/ad83168e/Sheffield-United-Queens-Park-Rangers-February-20-2018-Championship,,ad83168e
ENG-Championship,1718,2018-02-21 Bristol City-Fulham,Championship,33,Wed,2018-02-21,19:45,Bristol City,1–1,Fulham,21236,Ashton Gate Stadium,Jeremy Simpson,/en/matches/2ea06269/Bristol-City-Fulham-February-21-2018-Championship,,2ea06269
ENG-Championship,1718,2018-02-21 Derby County-Leeds United,Championship,33,Wed,2018-02-21,19:45,Derby County,2–2,Leeds United,27934,iPro Stadium,Keith Stroud,/en/matches/98aaef2e/Derby-County-Leeds-United-February-21-2018-Championship,,98aaef2e
ENG-Championship,1718,2018-02-21 Ipswich Town-Cardiff City,Championship,33,Wed,2018-02-21,19:45,Ipswich Town,0–1,Cardiff City,13205,Portman Road Stadium,Andrew Davies,/en/matches/c3b6b64b/Ipswich-Town-Cardiff-City-February-21-2018-Championship,,c3b6b64b
ENG-Championship,1718,2018-02-21 Wolves-Norwich City,Championship,33,Wed,2018-02-21,19:45,Wolves,2–2,Norwich City,29100,Molineux Stadium,James Linington,/en/matches/83f6fcb3/Wolverhampton-Wanderers-Norwich-City-February-21-2018-Championship,,83f6fcb3
ENG-Championship,1718,2018-02-23 Hull City-Sheffield United,Championship,34,Fri,2018-02-23,19:45,Hull City,1–0,Sheffield United,15213,Kingston Communications Stadium,Simon Hooper,/en/matches/70f1c1ce/Hull-City-Sheffield-United-February-23-2018-Championship,,70f1c1ce
ENG-Championship,1718,2018-02-24 Birmingham City-Barnsley,Championship,34,Sat,2018-02-24,15:00,Birmingham City,0–2,Barnsley,19822,St Andrew's Trillion Trophy Stadium,Jeremy Simpson,/en/matches/c3c40fa5/Birmingham-City-Barnsley-February-24-2018-Championship,,c3c40fa5
ENG-Championship,1718,2018-02-24 Burton Albion-Millwall,Championship,34,Sat,2018-02-24,15:00,Burton Albion,0–1,Millwall,4105,Pirelli Stadium,Robert Jones,/en/matches/74f00753/Burton-Albion-Millwall-February-24-2018-Championship,,74f00753
ENG-Championship,1718,2018-02-24 Fulham-Wolves,Championship,34,Sat,2018-02-24,17:30,Fulham,2–0,Wolves,23510,Craven Cottage,Peter Bankes,/en/matches/708842a2/Fulham-Wolverhampton-Wanderers-February-24-2018-Championship,,708842a2
ENG-Championship,1718,2018-02-24 Leeds United-Brentford,Championship,34,Sat,2018-02-24,15:00,Leeds United,1–0,Brentford,28428,Elland Road,Oliver Langford,/en/matches/824e8d74/Leeds-United-Brentford-February-24-2018-Championship,,824e8d74
ENG-Championship,1718,2018-02-24 Norwich City-Bolton Wanderers,Championship,34,Sat,2018-02-24,15:00,Norwich City,0–0,Bolton Wanderers,25475,Carrow Road,Keith Stroud,/en/matches/f51de09c/Norwich-City-Bolton-Wanderers-February-24-2018-Championship,,f51de09c
ENG-Championship,1718,2018-02-24 Preston North End-Ipswich Town,Championship,34,Sat,2018-02-24,15:00,Preston North End,0–1,Ipswich Town,11511,Deepdale Stadium,Axel Motiño,/en/matches/7f7776de/Preston-North-End-Ipswich-Town-February-24-2018-Championship,,7f7776de
ENG-Championship,1718,2018-02-24 QPR-Nottingham Forest,Championship,34,Sat,2018-02-24,15:00,QPR,2–5,Nottingham Forest,13675,Loftus Road Stadium,Darren Bond,/en/matches/cafb5836/Queens-Park-Rangers-Nottingham-Forest-February-24-2018-Championship,,cafb5836
ENG-Championship,1718,2018-02-24 Reading-Derby County,Championship,34,Sat,2018-02-24,15:00,Reading,3–3,Derby County,17647,Madejski Stadium,Tony Harrington,/en/matches/4efd7660/Reading-Derby-County-February-24-2018-Championship,,4efd7660
ENG-Championship,1718,2018-02-24 Sheffield Weds-Aston Villa,Championship,34,Sat,2018-02-24,15:00,Sheffield Weds,2–4,Aston Villa,28604,Hillsborough Stadium,Niel Swarbrick,/en/matches/6cd9b973/Sheffield-Wednesday-Aston-Villa-February-24-2018-Championship,,6cd9b973
ENG-Championship,1718,2018-02-24 Sunderland-Middlesbrough,Championship,34,Sat,2018-02-24,15:00,Sunderland,3–3,Middlesbrough,29048,Stadium of Light,Tim Robinson,/en/matches/30ee39dc/Sunderland-Middlesbrough-February-24-2018-Championship,,30ee39dc
ENG-Championship,1718,2018-02-25 Cardiff City-Bristol City,Championship,34,Sun,2018-02-25,12:00,Cardiff City,1–0,Bristol City,21018,Cardiff City Stadium,Paul Tierney,/en/matches/edfd36e7/Cardiff-City-Bristol-City-February-25-2018-Championship,,edfd36e7
ENG-Championship,1718,2018-02-27 Hull City-Barnsley,Championship,32,Tue,2018-02-27,19:45,Hull City,1–1,Barnsley,14005,Kingston Communications Stadium,Mike Jones,/en/matches/f9a4becf/Hull-City-Barnsley-February-27-2018-Championship,,f9a4becf
ENG-Championship,1718,2018-02-27 Reading-Sheffield United,Championship,32,Tue,2018-02-27,20:00,Reading,1–3,Sheffield United,6769,Madejski Stadium,Andrew Davies,/en/matches/033fb4b6/Reading-Sheffield-United-February-27-2018-Championship,,033fb4b6
ENG-Championship,1718,2018-03-02 Middlesbrough-Leeds United,Championship,35,Fri,2018-03-02,19:45,Middlesbrough,3–0,Leeds United,27621,Riverside Stadium,Darren England,/en/matches/8e3d42a9/Middlesbrough-Leeds-United-March-2-2018-Championship,,8e3d42a9
ENG-Championship,1718,2018-03-03 Bolton Wanderers-Preston North End,Championship,35,Sat,2018-03-03,15:00,Bolton Wanderers,1–3,Preston North End,18141,Macron Stadium,Peter Bankes,/en/matches/6033ec42/Bolton-Wanderers-Preston-North-End-March-3-2018-Championship,,6033ec42
ENG-Championship,1718,2018-03-03 Bristol City-Sheffield Weds,Championship,35,Sat,2018-03-03,15:00,Bristol City,4–0,Sheffield Weds,22022,Ashton Gate Stadium,Tony Harrington,/en/matches/12cdf1d8/Bristol-City-Sheffield-Wednesday-March-3-2018-Championship,,12cdf1d8
ENG-Championship,1718,2018-03-03 Derby County-Fulham,Championship,35,Sat,2018-03-03,15:00,Derby County,1–2,Fulham,27138,iPro Stadium,Lee Mason,/en/matches/fe02830b/Derby-County-Fulham-March-3-2018-Championship,,fe02830b
ENG-Championship,1718,2018-03-03 Millwall-Sunderland,Championship,35,Sat,2018-03-03,15:00,Millwall,1–1,Sunderland,14358,The Den,Andrew Davies,/en/matches/3ff11253/Millwall-Sunderland-March-3-2018-Championship,,3ff11253
ENG-Championship,1718,2018-03-03 Nottingham Forest-Birmingham City,Championship,35,Sat,2018-03-03,15:00,Nottingham Forest,2–1,Birmingham City,23296,The City Ground,Keith Stroud,/en/matches/c65ec6a1/Nottingham-Forest-Birmingham-City-March-3-2018-Championship,,c65ec6a1
ENG-Championship,1718,2018-03-06 Birmingham City-Middlesbrough,Championship,36,Tue,2018-03-06,19:45,Birmingham City,0–1,Middlesbrough,18301,St Andrew's Trillion Trophy Stadium,Steve Martin,/en/matches/91631ae1/Birmingham-City-Middlesbrough-March-6-2018-Championship,,91631ae1
ENG-Championship,1718,2018-03-06 Burton Albion-Brentford,Championship,36,Tue,2018-03-06,19:45,Burton Albion,0–2,Brentford,3464,Pirelli Stadium,Tony Harrington,/en/matches/062a47ca/Burton-Albion-Brentford-March-6-2018-Championship,,062a47ca
ENG-Championship,1718,2018-03-06 Cardiff City-Barnsley,Championship,36,Tue,2018-03-06,19:45,Cardiff City,2–1,Barnsley,16176,Cardiff City Stadium,Robert Jones,/en/matches/18d93923/Cardiff-City-Barnsley-March-6-2018-Championship,,18d93923
ENG-Championship,1718,2018-03-06 Fulham-Sheffield United,Championship,36,Tue,2018-03-06,19:45,Fulham,3–0,Sheffield United,18400,Craven Cottage,Keith Stroud,/en/matches/5174afe3/Fulham-Sheffield-United-March-6-2018-Championship,,5174afe3
ENG-Championship,1718,2018-03-06 Hull City-Millwall,Championship,36,Tue,2018-03-06,19:45,Hull City,1–2,Millwall,13524,Kingston Communications Stadium,David Coote,/en/matches/743b12d6/Hull-City-Millwall-March-6-2018-Championship,,743b12d6
ENG-Championship,1718,2018-03-06 Norwich City-Nottingham Forest,Championship,36,Tue,2018-03-06,19:45,Norwich City,0–0,Nottingham Forest,25184,Carrow Road,Darren England,/en/matches/8f5208fa/Norwich-City-Nottingham-Forest-March-6-2018-Championship,,8f5208fa
ENG-Championship,1718,2018-03-06 Preston North End-Bristol City,Championship,36,Tue,2018-03-06,19:45,Preston North End,2–1,Bristol City,11264,Deepdale Stadium,Geoff Eltringham,/en/matches/aac6387e/Preston-North-End-Bristol-City-March-6-2018-Championship,,aac6387e
ENG-Championship,1718,2018-03-06 QPR-Derby County,Championship,36,Tue,2018-03-06,19:45,QPR,1–1,Derby County,11488,Loftus Road Stadium,Simon Hooper,/en/matches/0c1d5fb1/Queens-Park-Rangers-Derby-County-March-6-2018-Championship,,0c1d5fb1
ENG-Championship,1718,2018-03-06 Reading-Bolton Wanderers,Championship,36,Tue,2018-03-06,20:00,Reading,1–1,Bolton Wanderers,8631,Madejski Stadium,James Linington,/en/matches/63e855f7/Reading-Bolton-Wanderers-March-6-2018-Championship,,63e855f7
ENG-Championship,1718,2018-03-06 Sheffield Weds-Ipswich Town,Championship,36,Tue,2018-03-06,19:45,Sheffield Weds,1–2,Ipswich Town,22733,Hillsborough Stadium,Oliver Langford,/en/matches/b5959643/Sheffield-Wednesday-Ipswich-Town-March-6-2018-Championship,,b5959643
ENG-Championship,1718,2018-03-06 Sunderland-Aston Villa,Championship,36,Tue,2018-03-06,19:45,Sunderland,0–3,Aston Villa,26081,Stadium of Light,Andy Madley,/en/matches/bb1a1cde/Sunderland-Aston-Villa-March-6-2018-Championship,,bb1a1cde
ENG-Championship,1718,2018-03-07 Leeds United-Wolves,Championship,36,Wed,2018-03-07,19:45,Leeds United,0–3,Wolves,26434,Elland Road,Tim Robinson,/en/matches/d9679ed8/Leeds-United-Wolverhampton-Wanderers-March-7-2018-Championship,,d9679ed8
ENG-Championship,1718,2018-03-10 Aston Villa-Wolves,Championship,37,Sat,2018-03-10,17:30,Aston Villa,4–1,Wolves,37836,Villa Park,David Coote,/en/matches/81b98523/Aston-Villa-Wolverhampton-Wanderers-March-10-2018-Championship,,81b98523
ENG-Championship,1718,2018-03-10 Burton Albion-Bristol City,Championship,37,Sat,2018-03-10,15:00,Burton Albion,0–0,Bristol City,4575,Pirelli Stadium,Oliver Langford,/en/matches/4e3a7287/Burton-Albion-Bristol-City-March-10-2018-Championship,,4e3a7287
ENG-Championship,1718,2018-03-10 Cardiff City-Birmingham City,Championship,37,Sat,2018-03-10,15:00,Cardiff City,3–2,Birmingham City,19634,Cardiff City Stadium,Peter Bankes,/en/matches/8d886ee0/Cardiff-City-Birmingham-City-March-10-2018-Championship,,8d886ee0
ENG-Championship,1718,2018-03-10 Hull City-Norwich City,Championship,37,Sat,2018-03-10,15:00,Hull City,4–3,Norwich City,15120,Kingston Communications Stadium,Tim Robinson,/en/matches/20164ebf/Hull-City-Norwich-City-March-10-2018-Championship,,20164ebf
ENG-Championship,1718,2018-03-10 Ipswich Town-Sheffield United,Championship,37,Sat,2018-03-10,15:00,Ipswich Town,0–0,Sheffield United,15152,Portman Road Stadium,John Brooks,/en/matches/3e7c8ab3/Ipswich-Town-Sheffield-United-March-10-2018-Championship,,3e7c8ab3
ENG-Championship,1718,2018-03-10 Middlesbrough-Barnsley,Championship,37,Sat,2018-03-10,15:00,Middlesbrough,3–1,Barnsley,24917,Riverside Stadium,Andrew Davies,/en/matches/cf6cfc4f/Middlesbrough-Barnsley-March-10-2018-Championship,,cf6cfc4f
ENG-Championship,1718,2018-03-10 Millwall-Brentford,Championship,37,Sat,2018-03-10,15:00,Millwall,1–0,Brentford,13251,The Den,Stuart Attwell,/en/matches/fed6e49e/Millwall-Brentford-March-10-2018-Championship,,fed6e49e
ENG-Championship,1718,2018-03-10 Preston North End-Fulham,Championship,37,Sat,2018-03-10,15:00,Preston North End,1–2,Fulham,12970,Deepdale Stadium,Simon Hooper,/en/matches/b5b93491/Preston-North-End-Fulham-March-10-2018-Championship,,b5b93491
ENG-Championship,1718,2018-03-10 QPR-Sunderland,Championship,37,Sat,2018-03-10,15:00,QPR,1–0,Sunderland,14216,Loftus Road Stadium,Robert Jones,/en/matches/9c209c79/Queens-Park-Rangers-Sunderland-March-10-2018-Championship,,9c209c79
ENG-Championship,1718,2018-03-10 Reading-Leeds United,Championship,37,Sat,2018-03-10,15:00,Reading,2–2,Leeds United,19770,Madejski Stadium,Axel Motiño,/en/matches/229631c3/Reading-Leeds-United-March-10-2018-Championship,,229631c3
ENG-Championship,1718,2018-03-10 Sheffield Weds-Bolton Wanderers,Championship,37,Sat,2018-03-10,15:00,Sheffield Weds,1–1,Bolton Wanderers,26809,Hillsborough Stadium,Darren Bond,/en/matches/889d1158/Sheffield-Wednesday-Bolton-Wanderers-March-10-2018-Championship,,889d1158
ENG-Championship,1718,2018-03-11 Nottingham Forest-Derby County,Championship,37,Sun,2018-03-11,14:30,Nottingham Forest,0–0,Derby County,29106,The City Ground,Jeremy Simpson,/en/matches/c0fff257/Nottingham-Forest-Derby-County-March-11-2018-Championship,,c0fff257
ENG-Championship,1718,2018-03-13 Aston Villa-QPR,Championship,35,Tue,2018-03-13,19:45,Aston Villa,1–3,QPR,30228,Villa Park,Tim Robinson,/en/matches/ce6cbda2/Aston-Villa-Queens-Park-Rangers-March-13-2018-Championship,,ce6cbda2
ENG-Championship,1718,2018-03-13 Barnsley-Norwich City,Championship,35,Tue,2018-03-13,19:45,Barnsley,1–1,Norwich City,11508,Oakwell Stadium,Steve Martin,/en/matches/fbad81a9/Barnsley-Norwich-City-March-13-2018-Championship,,fbad81a9
ENG-Championship,1718,2018-03-13 Brentford-Cardiff City,Championship,35,Tue,2018-03-13,19:45,Brentford,1–3,Cardiff City,8549,Griffin Park,James Linington,/en/matches/60d1ca76/Brentford-Cardiff-City-March-13-2018-Championship,,60d1ca76
ENG-Championship,1718,2018-03-13 Ipswich Town-Hull City,Championship,35,Tue,2018-03-13,19:45,Ipswich Town,0–3,Hull City,13031,Portman Road Stadium,Jeremy Simpson,/en/matches/2339a0a4/Ipswich-Town-Hull-City-March-13-2018-Championship,,2339a0a4
ENG-Championship,1718,2018-03-13 Sheffield United-Burton Albion,Championship,35,Tue,2018-03-13,19:45,Sheffield United,2–0,Burton Albion,24832,Bramall Lane,Axel Motiño,/en/matches/ef91b9ce/Sheffield-United-Burton-Albion-March-13-2018-Championship,,ef91b9ce
ENG-Championship,1718,2018-03-13 Wolves-Reading,Championship,35,Tue,2018-03-13,19:45,Wolves,3–0,Reading,27341,Molineux Stadium,Robert Jones,/en/matches/6093a242/Wolverhampton-Wanderers-Reading-March-13-2018-Championship,,6093a242
ENG-Championship,1718,2018-03-17 Barnsley-Millwall,Championship,38,Sat,2018-03-17,13:00,Barnsley,0–2,Millwall,13041,Oakwell Stadium,Peter Bankes,/en/matches/b1aa118a/Barnsley-Millwall-March-17-2018-Championship,,b1aa118a
ENG-Championship,1718,2018-03-17 Birmingham City-Hull City,Championship,38,Sat,2018-03-17,15:00,Birmingham City,3–0,Hull City,22970,St Andrew's Trillion Trophy Stadium,Tony Harrington,/en/matches/ca553d57/Birmingham-City-Hull-City-March-17-2018-Championship,,ca553d57
ENG-Championship,1718,2018-03-17 Bolton Wanderers-Aston Villa,Championship,38,Sat,2018-03-17,17:30,Bolton Wanderers,1–0,Aston Villa,19304,Macron Stadium,Robert Jones,/en/matches/4ffc9d62/Bolton-Wanderers-Aston-Villa-March-17-2018-Championship,,4ffc9d62
ENG-Championship,1718,2018-03-17 Brentford-Middlesbrough,Championship,38,Sat,2018-03-17,15:00,Brentford,1–1,Middlesbrough,11134,Griffin Park,Simon Hooper,/en/matches/73cf4a6b/Brentford-Middlesbrough-March-17-2018-Championship,,73cf4a6b
ENG-Championship,1718,2018-03-17 Bristol City-Ipswich Town,Championship,38,Sat,2018-03-17,15:00,Bristol City,1–0,Ipswich Town,21509,Ashton Gate Stadium,Darren England,/en/matches/8ab22631/Bristol-City-Ipswich-Town-March-17-2018-Championship,,8ab22631
ENG-Championship,1718,2018-03-17 Fulham-QPR,Championship,38,Sat,2018-03-17,12:30,Fulham,2–2,QPR,23347,Craven Cottage,Chris Kavanagh,/en/matches/2d05577e/Fulham-Queens-Park-Rangers-March-17-2018-Championship,,2d05577e
ENG-Championship,1718,2018-03-17 Leeds United-Sheffield Weds,Championship,38,Sat,2018-03-17,15:00,Leeds United,1–2,Sheffield Weds,31638,Elland Road,Keith Stroud,/en/matches/180413cb/Leeds-United-Sheffield-Wednesday-March-17-2018-Championship,,180413cb
ENG-Championship,1718,2018-03-17 Norwich City-Reading,Championship,38,Sat,2018-03-17,15:00,Norwich City,3–2,Reading,25098,Carrow Road,Oliver Langford,/en/matches/66e25a13/Norwich-City-Reading-March-17-2018-Championship,,66e25a13
ENG-Championship,1718,2018-03-17 Sheffield United-Nottingham Forest,Championship,38,Sat,2018-03-17,15:00,Sheffield United,0–0,Nottingham Forest,28095,Bramall Lane,Paul Tierney,/en/matches/2b6ba9b9/Sheffield-United-Nottingham-Forest-March-17-2018-Championship,,2b6ba9b9
ENG-Championship,1718,2018-03-17 Sunderland-Preston North End,Championship,38,Sat,2018-03-17,15:00,Sunderland,0–2,Preston North End,28543,Stadium of Light,Darren Bond,/en/matches/8aa21ea4/Sunderland-Preston-North-End-March-17-2018-Championship,,8aa21ea4
ENG-Championship,1718,2018-03-17 Wolves-Burton Albion,Championship,38,Sat,2018-03-17,15:00,Wolves,3–1,Burton Albion,29977,Molineux Stadium,Geoff Eltringham,/en/matches/1baa9e11/Wolverhampton-Wanderers-Burton-Albion-March-17-2018-Championship,,1baa9e11
ENG-Championship,1718,2018-03-30 Barnsley-Bristol City,Championship,39,Fri,2018-03-30,15:00,Barnsley,2–2,Bristol City,12236,Oakwell Stadium,David Webb,/en/matches/a1c67d79/Barnsley-Bristol-City-March-30-2018-Championship,,a1c67d79
ENG-Championship,1718,2018-03-30 Brentford-Sheffield United,Championship,39,Fri,2018-03-30,15:00,Brentford,1–1,Sheffield United,11174,Griffin Park,Jeremy Simpson,/en/matches/4e82ac8e/Brentford-Sheffield-United-March-30-2018-Championship,,4e82ac8e
ENG-Championship,1718,2018-03-30 Cardiff City-Burton Albion,Championship,39,Fri,2018-03-30,15:00,Cardiff City,3–1,Burton Albion,21086,Cardiff City Stadium,Simon Hooper,/en/matches/7def4b8e/Cardiff-City-Burton-Albion-March-30-2018-Championship,,7def4b8e
ENG-Championship,1718,2018-03-30 Derby County-Sunderland,Championship,39,Fri,2018-03-30,19:45,Derby County,1–4,Sunderland,27890,iPro Stadium,James Linington,/en/matches/f748c37f/Derby-County-Sunderland-March-30-2018-Championship,,f748c37f
ENG-Championship,1718,2018-03-30 Leeds United-Bolton Wanderers,Championship,39,Fri,2018-03-30,15:00,Leeds United,2–1,Bolton Wanderers,35377,Elland Road,Geoff Eltringham,/en/matches/759ffef6/Leeds-United-Bolton-Wanderers-March-30-2018-Championship,,759ffef6
ENG-Championship,1718,2018-03-30 Middlesbrough-Wolves,Championship,39,Fri,2018-03-30,17:30,Middlesbrough,1–2,Wolves,27658,Riverside Stadium,Stuart Attwell,/en/matches/5c1da12a/Middlesbrough-Wolverhampton-Wanderers-March-30-2018-Championship,,5c1da12a
ENG-Championship,1718,2018-03-30 Millwall-Nottingham Forest,Championship,39,Fri,2018-03-30,13:00,Millwall,2–0,Nottingham Forest,16004,The Den,Axel Motiño,/en/matches/66bcf53d/Millwall-Nottingham-Forest-March-30-2018-Championship,,66bcf53d
ENG-Championship,1718,2018-03-30 Norwich City-Fulham,Championship,39,Fri,2018-03-30,15:00,Norwich City,0–2,Fulham,26750,Carrow Road,Keith Stroud,/en/matches/0c51fe39/Norwich-City-Fulham-March-30-2018-Championship,,0c51fe39
ENG-Championship,1718,2018-03-30 Reading-QPR,Championship,39,Fri,2018-03-30,17:30,Reading,1–0,QPR,20273,Madejski Stadium,David Coote,/en/matches/f681e219/Reading-Queens-Park-Rangers-March-30-2018-Championship,,f681e219
ENG-Championship,1718,2018-03-30 Sheffield Weds-Preston North End,Championship,39,Fri,2018-03-30,15:00,Sheffield Weds,4–1,Preston North End,26588,Hillsborough Stadium,Tim Robinson,/en/matches/ef655551/Sheffield-Wednesday-Preston-North-End-March-30-2018-Championship,,ef655551
ENG-Championship,1718,2018-03-31 Birmingham City-Ipswich Town,Championship,39,Sat,2018-03-31,15:00,Birmingham City,1–0,Ipswich Town,20555,St Andrew's Trillion Trophy Stadium,Roger East,/en/matches/f0ebbd46/Birmingham-City-Ipswich-Town-March-31-2018-Championship,,f0ebbd46
ENG-Championship,1718,2018-03-31 Hull City-Aston Villa,Championship,39,Sat,2018-03-31,17:30,Hull City,0–0,Aston Villa,16133,Kingston Communications Stadium,Andrew Davies,/en/matches/bbd5b6f0/Hull-City-Aston-Villa-March-31-2018-Championship,,bbd5b6f0
ENG-Championship,1718,2018-04-02 Bristol City-Brentford,Championship,40,Mon,2018-04-02,15:00,Bristol City,0–1,Brentford,22049,Ashton Gate Stadium,Keith Stroud,/en/matches/5a046c46/Bristol-City-Brentford-April-2-2018-Championship,,5a046c46
ENG-Championship,1718,2018-04-02 Burton Albion-Middlesbrough,Championship,40,Mon,2018-04-02,15:00,Burton Albion,1–1,Middlesbrough,4468,Pirelli Stadium,David Coote,/en/matches/5e89d5b8/Burton-Albion-Middlesbrough-April-2-2018-Championship,,5e89d5b8
ENG-Championship,1718,2018-04-02 Ipswich Town-Millwall,Championship,40,Mon,2018-04-02,15:00,Ipswich Town,2–2,Millwall,16010,Portman Road Stadium,Steve Martin,/en/matches/bd5c7b69/Ipswich-Town-Millwall-April-2-2018-Championship,,bd5c7b69
ENG-Championship,1718,2018-04-02 Preston North End-Derby County,Championship,40,Mon,2018-04-02,12:45,Preston North End,0–1,Derby County,13520,Deepdale Stadium,Tony Harrington,/en/matches/3c0a6740/Preston-North-End-Derby-County-April-2-2018-Championship,,3c0a6740
ENG-Championship,1718,2018-04-02 QPR-Norwich City,Championship,40,Mon,2018-04-02,15:00,QPR,4–1,Norwich City,14053,Loftus Road Stadium,James Linington,/en/matches/e32cb79d/Queens-Park-Rangers-Norwich-City-April-2-2018-Championship,,e32cb79d
ENG-Championship,1718,2018-04-02 Sheffield United-Cardiff City,Championship,40,Mon,2018-04-02,19:45,Sheffield United,1–1,Cardiff City,25231,Bramall Lane,Michael Oliver,/en/matches/7e268ad2/Sheffield-United-Cardiff-City-April-2-2018-Championship,,7e268ad2
ENG-Championship,1718,2018-04-02 Sunderland-Sheffield Weds,Championship,40,Mon,2018-04-02,15:00,Sunderland,1–3,Sheffield Weds,29786,Stadium of Light,Simon Hooper,/en/matches/236741e1/Sunderland-Sheffield-Wednesday-April-2-2018-Championship,,236741e1
ENG-Championship,1718,2018-04-03 Aston Villa-Reading,Championship,40,Tue,2018-04-03,19:45,Aston Villa,3–0,Reading,29223,Villa Park,Darren Bond,/en/matches/c4a76bd0/Aston-Villa-Reading-April-3-2018-Championship,,c4a76bd0
ENG-Championship,1718,2018-04-03 Bolton Wanderers-Birmingham City,Championship,40,Tue,2018-04-03,20:00,Bolton Wanderers,0–1,Birmingham City,21097,Macron Stadium,Oliver Langford,/en/matches/4b1b1d72/Bolton-Wanderers-Birmingham-City-April-3-2018-Championship,,4b1b1d72
ENG-Championship,1718,2018-04-03 Fulham-Leeds United,Championship,40,Tue,2018-04-03,19:45,Fulham,2–0,Leeds United,21538,Craven Cottage,Peter Bankes,/en/matches/56b16b1c/Fulham-Leeds-United-April-3-2018-Championship,,56b16b1c
ENG-Championship,1718,2018-04-03 Wolves-Hull City,Championship,40,Tue,2018-04-03,19:45,Wolves,2–2,Hull City,29718,Molineux Stadium,Darren England,/en/matches/a64bb3fd/Wolverhampton-Wanderers-Hull-City-April-3-2018-Championship,,a64bb3fd
ENG-Championship,1718,2018-04-06 Cardiff City-Wolves,Championship,41,Fri,2018-04-06,19:45,Cardiff City,0–1,Wolves,29317,Cardiff City Stadium,Mike Dean,/en/matches/f44667a1/Cardiff-City-Wolverhampton-Wanderers-April-6-2018-Championship,,f44667a1
ENG-Championship,1718,2018-04-07 Barnsley-Sheffield United,Championship,41,Sat,2018-04-07,12:15,Barnsley,3–2,Sheffield United,16041,Oakwell Stadium,Axel Motiño,/en/matches/7b5c73fa/Barnsley-Sheffield-United-April-7-2018-Championship,,7b5c73fa
ENG-Championship,1718,2018-04-07 Birmingham City-Burton Albion,Championship,41,Sat,2018-04-07,15:00,Birmingham City,1–1,Burton Albion,22311,St Andrew's Trillion Trophy Stadium,Darren Bond,/en/matches/48e850ea/Birmingham-City-Burton-Albion-April-7-2018-Championship,,48e850ea
ENG-Championship,1718,2018-04-07 Brentford-Ipswich Town,Championship,41,Sat,2018-04-07,15:00,Brentford,1–0,Ipswich Town,10939,Griffin Park,Robert Jones,/en/matches/148b24e5/Brentford-Ipswich-Town-April-7-2018-Championship,,148b24e5
ENG-Championship,1718,2018-04-07 Derby County-Bolton Wanderers,Championship,41,Sat,2018-04-07,15:00,Derby County,3–0,Bolton Wanderers,25723,iPro Stadium,Darren England,/en/matches/f183a3ff/Derby-County-Bolton-Wanderers-April-7-2018-Championship,,f183a3ff
ENG-Championship,1718,2018-04-07 Hull City-QPR,Championship,41,Sat,2018-04-07,15:00,Hull City,4–0,QPR,14181,Kingston Communications Stadium,Geoff Eltringham,/en/matches/9b584d73/Hull-City-Queens-Park-Rangers-April-7-2018-Championship,,9b584d73
ENG-Championship,1718,2018-04-07 Leeds United-Sunderland,Championship,41,Sat,2018-04-07,15:00,Leeds United,1–1,Sunderland,30461,Elland Road,Jeremy Simpson,/en/matches/843450cc/Leeds-United-Sunderland-April-7-2018-Championship,,843450cc
ENG-Championship,1718,2018-04-07 Middlesbrough-Nottingham Forest,Championship,41,Sat,2018-04-07,15:00,Middlesbrough,2–0,Nottingham Forest,25812,Riverside Stadium,David Webb,/en/matches/f049c392/Middlesbrough-Nottingham-Forest-April-7-2018-Championship,,f049c392
ENG-Championship,1718,2018-04-07 Millwall-Bristol City,Championship,41,Sat,2018-04-07,15:00,Millwall,2–0,Bristol City,16081,The Den,Simon Hooper,/en/matches/ad3fe782/Millwall-Bristol-City-April-7-2018-Championship,,ad3fe782
ENG-Championship,1718,2018-04-07 Norwich City-Aston Villa,Championship,41,Sat,2018-04-07,12:30,Norwich City,3–1,Aston Villa,26278,Carrow Road,Peter Bankes,/en/matches/054805c3/Norwich-City-Aston-Villa-April-7-2018-Championship,,054805c3
ENG-Championship,1718,2018-04-07 Reading-Preston North End,Championship,41,Sat,2018-04-07,15:00,Reading,1–0,Preston North End,15501,Madejski Stadium,Andy Madley,/en/matches/5e21be69/Reading-Preston-North-End-April-7-2018-Championship,,5e21be69
ENG-Championship,1718,2018-04-07 Sheffield Weds-Fulham,Championship,41,Sat,2018-04-07,15:00,Sheffield Weds,0–1,Fulham,25653,Hillsborough Stadium,Steve Martin,/en/matches/7645f1f4/Sheffield-Wednesday-Fulham-April-7-2018-Championship,,7645f1f4
ENG-Championship,1718,2018-04-10 Aston Villa-Cardiff City,Championship,42,Tue,2018-04-10,19:45,Aston Villa,1–0,Cardiff City,32560,Villa Park,Jeremy Simpson,/en/matches/d6fe53e5/Aston-Villa-Cardiff-City-April-10-2018-Championship,,d6fe53e5
ENG-Championship,1718,2018-04-10 Bolton Wanderers-Millwall,Championship,42,Tue,2018-04-10,20:00,Bolton Wanderers,0–2,Millwall,13810,Macron Stadium,Robert Jones,/en/matches/b9e9a2d5/Bolton-Wanderers-Millwall-April-10-2018-Championship,,b9e9a2d5
ENG-Championship,1718,2018-04-10 Bristol City-Birmingham City,Championship,42,Tue,2018-04-10,19:45,Bristol City,3–1,Birmingham City,20288,Ashton Gate Stadium,Geoff Eltringham,/en/matches/3281af35/Bristol-City-Birmingham-City-April-10-2018-Championship,,3281af35
ENG-Championship,1718,2018-04-10 Burton Albion-Hull City,Championship,42,Tue,2018-04-10,19:45,Burton Albion,0–5,Hull City,3659,Pirelli Stadium,Peter Bankes,/en/matches/cbe770a8/Burton-Albion-Hull-City-April-10-2018-Championship,,cbe770a8
ENG-Championship,1718,2018-04-10 Fulham-Reading,Championship,42,Tue,2018-04-10,19:45,Fulham,1–0,Reading,19272,Craven Cottage,Lee Mason,/en/matches/41e93a99/Fulham-Reading-April-10-2018-Championship,,41e93a99
ENG-Championship,1718,2018-04-10 Ipswich Town-Barnsley,Championship,42,Tue,2018-04-10,19:45,Ipswich Town,1–0,Barnsley,13271,Portman Road Stadium,James Linington,/en/matches/077bd013/Ipswich-Town-Barnsley-April-10-2018-Championship,,077bd013
ENG-Championship,1718,2018-04-10 Nottingham Forest-Brentford,Championship,42,Tue,2018-04-10,19:45,Nottingham Forest,0–1,Brentford,20596,The City Ground,Andrew Davies,/en/matches/915c0def/Nottingham-Forest-Brentford-April-10-2018-Championship,,915c0def
ENG-Championship,1718,2018-04-10 Preston North End-Leeds United,Championship,42,Tue,2018-04-10,19:45,Preston North End,3–1,Leeds United,14188,Deepdale Stadium,Lee Probert,/en/matches/fe20306b/Preston-North-End-Leeds-United-April-10-2018-Championship,,fe20306b
ENG-Championship,1718,2018-04-10 QPR-Sheffield Weds,Championship,42,Tue,2018-04-10,19:45,QPR,4–2,Sheffield Weds,12521,Loftus Road Stadium,Oliver Langford,/en/matches/6fa7124b/Queens-Park-Rangers-Sheffield-Wednesday-April-10-2018-Championship,,6fa7124b
ENG-Championship,1718,2018-04-10 Sheffield United-Middlesbrough,Championship,42,Tue,2018-04-10,19:45,Sheffield United,2–1,Middlesbrough,26557,Bramall Lane,Darren Bond,/en/matches/f3b3170f/Sheffield-United-Middlesbrough-April-10-2018-Championship,,f3b3170f
ENG-Championship,1718,2018-04-10 Sunderland-Norwich City,Championship,42,Tue,2018-04-10,19:45,Sunderland,1–1,Norwich City,24894,Stadium of Light,David Coote,/en/matches/8117c4ea/Sunderland-Norwich-City-April-10-2018-Championship,,8117c4ea
ENG-Championship,1718,2018-04-11 Wolves-Derby County,Championship,42,Wed,2018-04-11,19:45,Wolves,2–0,Derby County,28503,Molineux Stadium,Tim Robinson,/en/matches/88aff7b1/Wolverhampton-Wanderers-Derby-County-April-11-2018-Championship,,88aff7b1
ENG-Championship,1718,2018-04-13 Aston Villa-Leeds United,Championship,43,Fri,2018-04-13,19:45,Aston Villa,1–0,Leeds United,33374,Villa Park,Tony Harrington,/en/matches/a72ee62f/Aston-Villa-Leeds-United-April-13-2018-Championship,,a72ee62f
ENG-Championship,1718,2018-04-14 Barnsley-Bolton Wanderers,Championship,43,Sat,2018-04-14,15:00,Barnsley,2–2,Bolton Wanderers,14138,Oakwell Stadium,Mike Jones,/en/matches/e320dd90/Barnsley-Bolton-Wanderers-April-14-2018-Championship,,e320dd90
ENG-Championship,1718,2018-04-14 Burton Albion-Derby County,Championship,43,Sat,2018-04-14,15:00,Burton Albion,3–1,Derby County,5563,Pirelli Stadium,James Linington,/en/matches/9043cc00/Burton-Albion-Derby-County-April-14-2018-Championship,,9043cc00
ENG-Championship,1718,2018-04-14 Fulham-Brentford,Championship,43,Sat,2018-04-14,17:30,Fulham,1–1,Brentford,20877,Craven Cottage,Niel Swarbrick,/en/matches/83350d23/Fulham-Brentford-April-14-2018-Championship,,83350d23
ENG-Championship,1718,2018-04-14 Hull City-Sheffield Weds,Championship,43,Sat,2018-04-14,15:00,Hull City,0–1,Sheffield Weds,16417,Kingston Communications Stadium,Axel Motiño,/en/matches/f33c3460/Hull-City-Sheffield-Wednesday-April-14-2018-Championship,,f33c3460
ENG-Championship,1718,2018-04-14 Middlesbrough-Bristol City,Championship,43,Sat,2018-04-14,15:00,Middlesbrough,2–1,Bristol City,24812,Riverside Stadium,Andy Madley,/en/matches/a2b84bcf/Middlesbrough-Bristol-City-April-14-2018-Championship,,a2b84bcf
ENG-Championship,1718,2018-04-14 Norwich City-Cardiff City,Championship,43,Sat,2018-04-14,15:00,Norwich City,0–2,Cardiff City,25503,Carrow Road,Tim Robinson,/en/matches/42d34ef9/Norwich-City-Cardiff-City-April-14-2018-Championship,,42d34ef9
ENG-Championship,1718,2018-04-14 Nottingham Forest-Ipswich Town,Championship,43,Sat,2018-04-14,15:00,Nottingham Forest,2–1,Ipswich Town,25093,The City Ground,Darren England,/en/matches/539d197e/Nottingham-Forest-Ipswich-Town-April-14-2018-Championship,,539d197e
ENG-Championship,1718,2018-04-14 QPR-Preston North End,Championship,43,Sat,2018-04-14,15:00,QPR,1–2,Preston North End,13760,Loftus Road Stadium,Robert Jones,/en/matches/ddf1032f/Queens-Park-Rangers-Preston-North-End-April-14-2018-Championship,,ddf1032f
ENG-Championship,1718,2018-04-14 Reading-Sunderland,Championship,43,Sat,2018-04-14,15:00,Reading,2–2,Sunderland,17348,Madejski Stadium,Steve Martin,/en/matches/cc137c35/Reading-Sunderland-April-14-2018-Championship,,cc137c35
ENG-Championship,1718,2018-04-14 Sheffield United-Millwall,Championship,43,Sat,2018-04-14,13:00,Sheffield United,1–1,Millwall,27454,Bramall Lane,David Coote,/en/matches/90573a22/Sheffield-United-Millwall-April-14-2018-Championship,,90573a22
ENG-Championship,1718,2018-04-15 Wolves-Birmingham City,Championship,43,Sun,2018-04-15,12:00,Wolves,2–0,Birmingham City,29536,Molineux Stadium,Andrew Davies,/en/matches/5daadf33/Wolverhampton-Wanderers-Birmingham-City-April-15-2018-Championship,,5daadf33
ENG-Championship,1718,2018-04-20 Millwall-Fulham,Championship,44,Fri,2018-04-20,19:45,Millwall,0–3,Fulham,17614,The Den,Andre Marriner,/en/matches/a45518c3/Millwall-Fulham-April-20-2018-Championship,,a45518c3
ENG-Championship,1718,2018-04-21 Birmingham City-Sheffield United,Championship,44,Sat,2018-04-21,15:00,Birmingham City,2–1,Sheffield United,23579,St Andrew's Trillion Trophy Stadium,Tim Robinson,/en/matches/b8f2e843/Birmingham-City-Sheffield-United-April-21-2018-Championship,,b8f2e843
ENG-Championship,1718,2018-04-21 Bolton Wanderers-Wolves,Championship,44,Sat,2018-04-21,15:00,Bolton Wanderers,0–4,Wolves,19092,Macron Stadium,Keith Stroud,/en/matches/58c8a9c8/Bolton-Wanderers-Wolverhampton-Wanderers-April-21-2018-Championship,,58c8a9c8
ENG-Championship,1718,2018-04-21 Brentford-QPR,Championship,44,Sat,2018-04-21,15:00,Brentford,2–1,QPR,12367,Griffin Park,Andy Madley,/en/matches/e7c40f1c/Brentford-Queens-Park-Rangers-April-21-2018-Championship,,e7c40f1c
ENG-Championship,1718,2018-04-21 Bristol City-Hull City,Championship,44,Sat,2018-04-21,15:00,Bristol City,5–5,Hull City,21136,Ashton Gate Stadium,Oliver Langford,/en/matches/fc170101/Bristol-City-Hull-City-April-21-2018-Championship,,fc170101
ENG-Championship,1718,2018-04-21 Cardiff City-Nottingham Forest,Championship,44,Sat,2018-04-21,19:45,Cardiff City,2–1,Nottingham Forest,21310,Cardiff City Stadium,Peter Bankes,/en/matches/8d510a4e/Cardiff-City-Nottingham-Forest-April-21-2018-Championship,,8d510a4e
ENG-Championship,1718,2018-04-21 Derby County-Middlesbrough,Championship,44,Sat,2018-04-21,15:00,Derby County,1–2,Middlesbrough,28096,iPro Stadium,Lee Probert,/en/matches/e5f9a7d9/Derby-County-Middlesbrough-April-21-2018-Championship,,e5f9a7d9
ENG-Championship,1718,2018-04-21 Ipswich Town-Aston Villa,Championship,44,Sat,2018-04-21,15:00,Ipswich Town,0–4,Aston Villa,20034,Portman Road Stadium,Simon Hooper,/en/matches/92ce0d9d/Ipswich-Town-Aston-Villa-April-21-2018-Championship,,92ce0d9d
ENG-Championship,1718,2018-04-21 Leeds United-Barnsley,Championship,44,Sat,2018-04-21,15:00,Leeds United,2–1,Barnsley,30451,Elland Road,Steve Martin,/en/matches/ad28b597/Leeds-United-Barnsley-April-21-2018-Championship,,ad28b597
ENG-Championship,1718,2018-04-21 Preston North End-Norwich City,Championship,44,Sat,2018-04-21,15:00,Preston North End,0–0,Norwich City,13038,Deepdale Stadium,Geoff Eltringham,/en/matches/e8c04652/Preston-North-End-Norwich-City-April-21-2018-Championship,,e8c04652
ENG-Championship,1718,2018-04-21 Sheffield Weds-Reading,Championship,44,Sat,2018-04-21,15:00,Sheffield Weds,3–0,Reading,24373,Hillsborough Stadium,Jeremy Simpson,/en/matches/db4ff25c/Sheffield-Wednesday-Reading-April-21-2018-Championship,,db4ff25c
ENG-Championship,1718,2018-04-21 Sunderland-Burton Albion,Championship,44,Sat,2018-04-21,15:00,Sunderland,1–2,Burton Albion,25475,Stadium of Light,Darren England,/en/matches/b3e8cdd4/Sunderland-Burton-Albion-April-21-2018-Championship,,b3e8cdd4
ENG-Championship,1718,2018-04-24 Derby County-Cardiff City,Championship,38,Tue,2018-04-24,19:45,Derby County,3–1,Cardiff City,30294,iPro Stadium,Andy Madley,/en/matches/1f58b19c/Derby-County-Cardiff-City-April-24-2018-Championship,,1f58b19c
ENG-Championship,1718,2018-04-24 Nottingham Forest-Barnsley,Championship,40,Tue,2018-04-24,19:45,Nottingham Forest,3–0,Barnsley,23633,The City Ground,Robert Jones,/en/matches/08e98c97/Nottingham-Forest-Barnsley-April-24-2018-Championship,,08e98c97
ENG-Championship,1718,2018-04-27 Fulham-Sunderland,Championship,45,Fri,2018-04-27,19:45,Fulham,2–1,Sunderland,21849,Craven Cottage,Peter Bankes,/en/matches/59d8afd3/Fulham-Sunderland-April-27-2018-Championship,,59d8afd3
ENG-Championship,1718,2018-04-28 Aston Villa-Derby County,Championship,45,Sat,2018-04-28,15:00,Aston Villa,1–1,Derby County,41745,Villa Park,Axel Motiño,/en/matches/a3552c47/Aston-Villa-Derby-County-April-28-2018-Championship,,a3552c47
ENG-Championship,1718,2018-04-28 Barnsley-Brentford,Championship,45,Sat,2018-04-28,15:00,Barnsley,2–0,Brentford,13137,Oakwell Stadium,Darren Bond,/en/matches/2d6cdb24/Barnsley-Brentford-April-28-2018-Championship,,2d6cdb24
ENG-Championship,1718,2018-04-28 Burton Albion-Bolton Wanderers,Championship,45,Sat,2018-04-28,15:00,Burton Albion,2–0,Bolton Wanderers,6535,Pirelli Stadium,Graham Scott,/en/matches/e2324b4b/Burton-Albion-Bolton-Wanderers-April-28-2018-Championship,,e2324b4b
ENG-Championship,1718,2018-04-28 Hull City-Cardiff City,Championship,45,Sat,2018-04-28,15:00,Hull City,0–2,Cardiff City,17441,Kingston Communications Stadium,Andrew Davies,/en/matches/06e28a37/Hull-City-Cardiff-City-April-28-2018-Championship,,06e28a37
ENG-Championship,1718,2018-04-28 Middlesbrough-Millwall,Championship,45,Sat,2018-04-28,17:30,Middlesbrough,2–0,Millwall,28606,Riverside Stadium,Paul Tierney,/en/matches/5ceb64e6/Middlesbrough-Millwall-April-28-2018-Championship,,5ceb64e6
ENG-Championship,1718,2018-04-28 Norwich City-Leeds United,Championship,45,Sat,2018-04-28,15:00,Norwich City,2–1,Leeds United,26869,Carrow Road,John Brooks,/en/matches/38c7821c/Norwich-City-Leeds-United-April-28-2018-Championship,,38c7821c
ENG-Championship,1718,2018-04-28 Nottingham Forest-Bristol City,Championship,45,Sat,2018-04-28,15:00,Nottingham Forest,0–0,Bristol City,24722,The City Ground,Jeremy Simpson,/en/matches/f0346ccd/Nottingham-Forest-Bristol-City-April-28-2018-Championship,,f0346ccd
ENG-Championship,1718,2018-04-28 QPR-Birmingham City,Championship,45,Sat,2018-04-28,15:00,QPR,3–1,Birmingham City,15805,Loftus Road Stadium,Steve Martin,/en/matches/8ec742e3/Queens-Park-Rangers-Birmingham-City-April-28-2018-Championship,,8ec742e3
ENG-Championship,1718,2018-04-28 Reading-Ipswich Town,Championship,45,Sat,2018-04-28,15:00,Reading,0–4,Ipswich Town,17683,Madejski Stadium,Keith Stroud,/en/matches/7f140089/Reading-Ipswich-Town-April-28-2018-Championship,,7f140089
ENG-Championship,1718,2018-04-28 Sheffield United-Preston North End,Championship,45,Sat,2018-04-28,15:00,Sheffield United,0–1,Preston North End,28568,Bramall Lane,James Linington,/en/matches/3249ae9a/Sheffield-United-Preston-North-End-April-28-2018-Championship,,3249ae9a
ENG-Championship,1718,2018-04-28 Wolves-Sheffield Weds,Championship,45,Sat,2018-04-28,15:00,Wolves,0–0,Sheffield Weds,29794,Molineux Stadium,Simon Hooper,/en/matches/633149fc/Wolverhampton-Wanderers-Sheffield-Wednesday-April-28-2018-Championship,,633149fc
ENG-Championship,1718,2018-05-06 Birmingham City-Fulham,Championship,46,Sun,2018-05-06,12:30,Birmingham City,3–1,Fulham,27608,St Andrew's Trillion Trophy Stadium,Stuart Attwell,/en/matches/35ca1623/Birmingham-City-Fulham-May-6-2018-Championship,,35ca1623
ENG-Championship,1718,2018-05-06 Bolton Wanderers-Nottingham Forest,Championship,46,Sun,2018-05-06,12:30,Bolton Wanderers,3–2,Nottingham Forest,18289,Macron Stadium,Axel Motiño,/en/matches/c953e3b5/Bolton-Wanderers-Nottingham-Forest-May-6-2018-Championship,,c953e3b5
ENG-Championship,1718,2018-05-06 Brentford-Hull City,Championship,46,Sun,2018-05-06,12:30,Brentford,1–1,Hull City,11475,Griffin Park,James Linington,/en/matches/369917dc/Brentford-Hull-City-May-6-2018-Championship,,369917dc
ENG-Championship,1718,2018-05-06 Bristol City-Sheffield United,Championship,46,Sun,2018-05-06,12:30,Bristol City,2–3,Sheffield United,23902,Ashton Gate Stadium,Peter Bankes,/en/matches/c98c27d1/Bristol-City-Sheffield-United-May-6-2018-Championship,,c98c27d1
ENG-Championship,1718,2018-05-06 Cardiff City-Reading,Championship,46,Sun,2018-05-06,12:30,Cardiff City,0–0,Reading,32478,Cardiff City Stadium,Robert Madley,/en/matches/e3077e81/Cardiff-City-Reading-May-6-2018-Championship,,e3077e81
ENG-Championship,1718,2018-05-06 Derby County-Barnsley,Championship,46,Sun,2018-05-06,12:30,Derby County,4–1,Barnsley,30682,iPro Stadium,Simon Hooper,/en/matches/7b1b8639/Derby-County-Barnsley-May-6-2018-Championship,,7b1b8639
ENG-Championship,1718,2018-05-06 Ipswich Town-Middlesbrough,Championship,46,Sun,2018-05-06,12:30,Ipswich Town,2–2,Middlesbrough,18829,Portman Road Stadium,David Coote,/en/matches/e7ca4c69/Ipswich-Town-Middlesbrough-May-6-2018-Championship,,e7ca4c69
ENG-Championship,1718,2018-05-06 Leeds United-QPR,Championship,46,Sun,2018-05-06,12:30,Leeds United,2–0,QPR,30004,Elland Road,Darren England,/en/matches/dc82730d/Leeds-United-Queens-Park-Rangers-May-6-2018-Championship,,dc82730d
ENG-Championship,1718,2018-05-06 Millwall-Aston Villa,Championship,46,Sun,2018-05-06,12:30,Millwall,1–0,Aston Villa,17195,The Den,Tim Robinson,/en/matches/fc17fde5/Millwall-Aston-Villa-May-6-2018-Championship,,fc17fde5
ENG-Championship,1718,2018-05-06 Preston North End-Burton Albion,Championship,46,Sun,2018-05-06,12:30,Preston North End,2–1,Burton Albion,17058,Deepdale Stadium,Andy Madley,/en/matches/bbf1685d/Preston-North-End-Burton-Albion-May-6-2018-Championship,,bbf1685d
ENG-Championship,1718,2018-05-06 Sheffield Weds-Norwich City,Championship,46,Sun,2018-05-06,12:30,Sheffield Weds,5–1,Norwich City,28189,Hillsborough Stadium,Robert Jones,/en/matches/2fcb726a/Sheffield-Wednesday-Norwich-City-May-6-2018-Championship,,2fcb726a
ENG-Championship,1718,2018-05-06 Sunderland-Wolves,Championship,46,Sun,2018-05-06,12:30,Sunderland,3–0,Wolves,28452,Stadium of Light,Jeremy Simpson,/en/matches/5f8ec440/Sunderland-Wolverhampton-Wanderers-May-6-2018-Championship,,5f8ec440
ENG-Championship,1718,2018-05-11 Derby County-Fulham,Promotion play-offs — Semi-finals,,Fri,2018-05-11,19:45,Derby County,1–0,Fulham,27163,iPro Stadium,Roger East,/en/matches/f5e8ed6c/Derby-County-Fulham-May-11-2018-Championship,Leg 1 of 2,f5e8ed6c
ENG-Championship,1718,2018-05-12 Middlesbrough-Aston Villa,Promotion play-offs — Semi-finals,,Sat,2018-05-12,17:15,Middlesbrough,0–1,Aston Villa,29233,Riverside Stadium,Robert Madley,/en/matches/eeac98b3/Middlesbrough-Aston-Villa-May-12-2018-Championship,Leg 1 of 2,eeac98b3
ENG-Championship,1718,2018-05-14 Fulham-Derby County,Promotion play-offs — Semi-finals,,Mon,2018-05-14,19:45,Fulham,2–0,Derby County,23529,Craven Cottage,Chris Kavanagh,/en/matches/56729ca7/Fulham-Derby-County-May-14-2018-Championship,Leg 2 of 2; Fulham won,56729ca7
ENG-Championship,1718,2018-05-15 Aston Villa-Middlesbrough,Promotion play-offs — Semi-finals,,Tue,2018-05-15,19:45,Aston Villa,0–0,Middlesbrough,40505,Villa Park,Mike Dean,/en/matches/4a2e9256/Aston-Villa-Middlesbrough-May-15-2018-Championship,Leg 2 of 2; Aston Villa won,4a2e9256
ENG-Championship,1718,2018-05-26 Aston Villa-Fulham,Promotion play-offs — Final,,Sat,2018-05-26,17:00,Aston Villa,0–1,Fulham,85243,Wembley Stadium (Neutral Site),Anthony Taylor,/en/matches/28e15f7e/Aston-Villa-Fulham-May-26-2018-Championship,,28e15f7e
