league,season,game,round,week,day,date,time,home_team,score,away_team,attendance,venue,referee,match_report,notes,game_id
ENG-Championship,1617,2016-08-05 Fulham-Newcastle United,Championship,1,Fri,2016-08-05,19:45,Fulham,1–0,Newcastle United,23922,Craven Cottage,Simon Hooper,/en/matches/7934e634/Fulham-Newcastle-United-August-5-2016-Championship,,7934e634
ENG-Championship,1617,2016-08-06 Birmingham City-Cardiff City,Championship,1,Sat,2016-08-06,15:00,Birmingham City,0–0,Cardiff City,19833,St Andrew's Trillion Trophy Stadium,Tim Robinson,/en/matches/4beed1ca/Birmingham-City-Cardiff-City-August-6-2016-Championship,,4beed1ca
ENG-Championship,1617,2016-08-06 Blackburn Rovers-Norwich City,Championship,1,Sat,2016-08-06,15:00,Blackburn Rovers,1–4,Norwich City,12641,Ewood Park,Tony Harrington,/en/matches/19925a6c/Blackburn-Rovers-Norwich-City-August-6-2016-Championship,,19925a6c
ENG-Championship,1617,2016-08-06 Bristol City-Wigan Athletic,Championship,1,Sat,2016-08-06,15:00,Bristol City,2–1,Wigan Athletic,17635,Ashton Gate Stadium,James Adcock,/en/matches/bd5aa172/Bristol-City-Wigan-Athletic-August-6-2016-Championship,,bd5aa172
ENG-Championship,1617,2016-08-06 Derby County-Brighton,Championship,1,Sat,2016-08-06,15:00,Derby County,0–0,Brighton,28749,iPro Stadium,Jeremy Simpson,/en/matches/5f5a5699/Derby-County-Brighton-and-Hove-Albion-August-6-2016-Championship,,5f5a5699
ENG-Championship,1617,2016-08-06 Huddersfield Town-Brentford,Championship,1,Sat,2016-08-06,15:00,Huddersfield Town,2–1,Brentford,18479,The John Smith's Stadium,Geoff Eltringham,/en/matches/4e003e67/Huddersfield-Town-Brentford-August-6-2016-Championship,,4e003e67
ENG-Championship,1617,2016-08-06 Ipswich Town-Barnsley,Championship,1,Sat,2016-08-06,15:00,Ipswich Town,4–2,Barnsley,17370,Portman Road Stadium,Keith Stroud,/en/matches/2327a486/Ipswich-Town-Barnsley-August-6-2016-Championship,,2327a486
ENG-Championship,1617,2016-08-06 Nottingham Forest-Burton Albion,Championship,1,Sat,2016-08-06,15:00,Nottingham Forest,4–3,Burton Albion,23012,The City Ground,Andy Woolmer,/en/matches/9565dce3/Nottingham-Forest-Burton-Albion-August-6-2016-Championship,,9565dce3
ENG-Championship,1617,2016-08-06 Reading-Preston North End,Championship,1,Sat,2016-08-06,15:00,Reading,1–0,Preston North End,15764,Madejski Stadium,Andrew Davies,/en/matches/f205d83b/Reading-Preston-North-End-August-6-2016-Championship,,f205d83b
ENG-Championship,1617,2016-08-06 Rotherham United-Wolves,Championship,1,Sat,2016-08-06,15:00,Rotherham United,2–2,Wolves,11291,New York Stadium,Scott Duncan,/en/matches/ed21c073/Rotherham-United-Wolverhampton-Wanderers-August-6-2016-Championship,,ed21c073
ENG-Championship,1617,2016-08-07 QPR-Leeds United,Championship,1,Sun,2016-08-07,12:00,QPR,3–0,Leeds United,16764,Loftus Road Stadium,Oliver Langford,/en/matches/581de04a/Queens-Park-Rangers-Leeds-United-August-7-2016-Championship,,581de04a
ENG-Championship,1617,2016-08-07 Sheffield Weds-Aston Villa,Championship,1,Sun,2016-08-07,16:30,Sheffield Weds,1–0,Aston Villa,30060,Hillsborough Stadium,Steve Martin,/en/matches/1fbcacae/Sheffield-Wednesday-Aston-Villa-August-7-2016-Championship,,1fbcacae
ENG-Championship,1617,2016-08-12 Brighton-Nottingham Forest,Championship,2,Fri,2016-08-12,19:45,Brighton,3–0,Nottingham Forest,25748,The American Express Community Stadium,Andy Madley,/en/matches/07fc25c9/Brighton-and-Hove-Albion-Nottingham-Forest-August-12-2016-Championship,,07fc25c9
ENG-Championship,1617,2016-08-13 Aston Villa-Rotherham United,Championship,2,Sat,2016-08-13,15:00,Aston Villa,3–0,Rotherham United,33286,Villa Park,Keith Stroud,/en/matches/098f230f/Aston-Villa-Rotherham-United-August-13-2016-Championship,,098f230f
ENG-Championship,1617,2016-08-13 Barnsley-Derby County,Championship,2,Sat,2016-08-13,15:00,Barnsley,2–0,Derby County,15049,Oakwell Stadium,Tony Harrington,/en/matches/da782291/Barnsley-Derby-County-August-13-2016-Championship,,da782291
ENG-Championship,1617,2016-08-13 Brentford-Ipswich Town,Championship,2,Sat,2016-08-13,15:00,Brentford,2–0,Ipswich Town,10089,Griffin Park,Steve Martin,/en/matches/243ddd6e/Brentford-Ipswich-Town-August-13-2016-Championship,,243ddd6e
ENG-Championship,1617,2016-08-13 Burton Albion-Bristol City,Championship,2,Sat,2016-08-13,15:00,Burton Albion,1–2,Bristol City,4579,Pirelli Stadium,David Coote,/en/matches/6f4758d5/Burton-Albion-Bristol-City-August-13-2016-Championship,,6f4758d5
ENG-Championship,1617,2016-08-13 Leeds United-Birmingham City,Championship,2,Sat,2016-08-13,15:00,Leeds United,1–2,Birmingham City,27392,Elland Road,Paul Tierney,/en/matches/b58f0edf/Leeds-United-Birmingham-City-August-13-2016-Championship,,b58f0edf
ENG-Championship,1617,2016-08-13 Newcastle United-Huddersfield Town,Championship,2,Sat,2016-08-13,15:00,Newcastle United,1–2,Huddersfield Town,52079,St. James' Park,Oliver Langford,/en/matches/bb0a65a3/Newcastle-United-Huddersfield-Town-August-13-2016-Championship,,bb0a65a3
ENG-Championship,1617,2016-08-13 Norwich City-Sheffield Weds,Championship,2,Sat,2016-08-13,17:30,Norwich City,0–0,Sheffield Weds,26236,Carrow Road,Andy Woolmer,/en/matches/4f3415f7/Norwich-City-Sheffield-Wednesday-August-13-2016-Championship,,4f3415f7
ENG-Championship,1617,2016-08-13 Preston North End-Fulham,Championship,2,Sat,2016-08-13,15:00,Preston North End,1–2,Fulham,10809,Deepdale Stadium,James Adcock,/en/matches/2003bbee/Preston-North-End-Fulham-August-13-2016-Championship,,2003bbee
ENG-Championship,1617,2016-08-13 Wigan Athletic-Blackburn Rovers,Championship,2,Sat,2016-08-13,15:00,Wigan Athletic,3–0,Blackburn Rovers,12216,The DW Stadium,Graham Scott,/en/matches/635455f7/Wigan-Athletic-Blackburn-Rovers-August-13-2016-Championship,,635455f7
ENG-Championship,1617,2016-08-13 Wolves-Reading,Championship,2,Sat,2016-08-13,15:00,Wolves,2–0,Reading,20425,Molineux Stadium,Darren Bond,/en/matches/e173bd73/Wolverhampton-Wanderers-Reading-August-13-2016-Championship,,e173bd73
ENG-Championship,1617,2016-08-14 Cardiff City-QPR,Championship,2,Sun,2016-08-14,15:00,Cardiff City,0–2,QPR,15869,Cardiff City Stadium,James Linington,/en/matches/12cca848/Cardiff-City-Queens-Park-Rangers-August-14-2016-Championship,,12cca848
ENG-Championship,1617,2016-08-16 Aston Villa-Huddersfield Town,Championship,3,Tue,2016-08-16,19:45,Aston Villa,1–1,Huddersfield Town,34924,Villa Park,Scott Duncan,/en/matches/42860b7f/Aston-Villa-Huddersfield-Town-August-16-2016-Championship,,42860b7f
ENG-Championship,1617,2016-08-16 Brentford-Nottingham Forest,Championship,3,Tue,2016-08-16,19:45,Brentford,1–0,Nottingham Forest,10004,Griffin Park,Tim Robinson,/en/matches/5b3d69ac/Brentford-Nottingham-Forest-August-16-2016-Championship,,5b3d69ac
ENG-Championship,1617,2016-08-16 Brighton-Rotherham United,Championship,3,Tue,2016-08-16,19:45,Brighton,3–0,Rotherham United,25128,The American Express Community Stadium,Simon Hooper,/en/matches/01d2ba00/Brighton-and-Hove-Albion-Rotherham-United-August-16-2016-Championship,,01d2ba00
ENG-Championship,1617,2016-08-16 Burton Albion-Sheffield Weds,Championship,3,Tue,2016-08-16,19:45,Burton Albion,3–1,Sheffield Weds,4997,Pirelli Stadium,Niel Swarbrick,/en/matches/f40626a8/Burton-Albion-Sheffield-Wednesday-August-16-2016-Championship,,f40626a8
ENG-Championship,1617,2016-08-16 Leeds United-Fulham,Championship,3,Tue,2016-08-16,19:45,Leeds United,1–1,Fulham,21204,Elland Road,Chris Kavanagh,/en/matches/dbafe623/Leeds-United-Fulham-August-16-2016-Championship,,dbafe623
ENG-Championship,1617,2016-08-16 Norwich City-Bristol City,Championship,3,Tue,2016-08-16,19:45,Norwich City,1–0,Bristol City,26297,Carrow Road,Stuart Attwell,/en/matches/5f2e647b/Norwich-City-Bristol-City-August-16-2016-Championship,,5f2e647b
ENG-Championship,1617,2016-08-16 Preston North End-Derby County,Championship,3,Tue,2016-08-16,19:45,Preston North End,0–1,Derby County,10628,Deepdale Stadium,David Coote,/en/matches/c7fcad58/Preston-North-End-Derby-County-August-16-2016-Championship,,c7fcad58
ENG-Championship,1617,2016-08-16 Wigan Athletic-Birmingham City,Championship,3,Tue,2016-08-16,19:45,Wigan Athletic,1–1,Birmingham City,11182,The DW Stadium,Jeremy Simpson,/en/matches/18e4768a/Wigan-Athletic-Birmingham-City-August-16-2016-Championship,,18e4768a
ENG-Championship,1617,2016-08-16 Wolves-Ipswich Town,Championship,3,Tue,2016-08-16,19:45,Wolves,0–0,Ipswich Town,19991,Molineux Stadium,Peter Bankes,/en/matches/8458d745/Wolverhampton-Wanderers-Ipswich-Town-August-16-2016-Championship,,8458d745
ENG-Championship,1617,2016-08-17 Barnsley-QPR,Championship,3,Wed,2016-08-17,19:45,Barnsley,3–2,QPR,11613,Oakwell Stadium,Darren Bond,/en/matches/693a32c3/Barnsley-Queens-Park-Rangers-August-17-2016-Championship,,693a32c3
ENG-Championship,1617,2016-08-17 Cardiff City-Blackburn Rovers,Championship,3,Wed,2016-08-17,19:45,Cardiff City,2–1,Blackburn Rovers,14041,Cardiff City Stadium,Andrew Davies,/en/matches/a4226db4/Cardiff-City-Blackburn-Rovers-August-17-2016-Championship,,a4226db4
ENG-Championship,1617,2016-08-17 Newcastle United-Reading,Championship,3,Wed,2016-08-17,19:45,Newcastle United,4–1,Reading,48209,St. James' Park,Andy Madley,/en/matches/c47c6d3e/Newcastle-United-Reading-August-17-2016-Championship,,c47c6d3e
ENG-Championship,1617,2016-08-20 Birmingham City-Wolves,Championship,4,Sat,2016-08-20,15:00,Birmingham City,1–3,Wolves,18569,St Andrew's Trillion Trophy Stadium,Keith Stroud,/en/matches/33fe927d/Birmingham-City-Wolverhampton-Wanderers-August-20-2016-Championship,,33fe927d
ENG-Championship,1617,2016-08-20 Blackburn Rovers-Burton Albion,Championship,4,Sat,2016-08-20,15:00,Blackburn Rovers,2–2,Burton Albion,10356,Ewood Park,Peter Bankes,/en/matches/450387b5/Blackburn-Rovers-Burton-Albion-August-20-2016-Championship,,450387b5
ENG-Championship,1617,2016-08-20 Bristol City-Newcastle United,Championship,4,Sat,2016-08-20,15:00,Bristol City,0–1,Newcastle United,22512,Ashton Gate Stadium,Tony Harrington,/en/matches/651c6d88/Bristol-City-Newcastle-United-August-20-2016-Championship,,651c6d88
ENG-Championship,1617,2016-08-20 Derby County-Aston Villa,Championship,4,Sat,2016-08-20,17:30,Derby County,0–0,Aston Villa,31205,iPro Stadium,Paul Tierney,/en/matches/106b444e/Derby-County-Aston-Villa-August-20-2016-Championship,,106b444e
ENG-Championship,1617,2016-08-20 Fulham-Cardiff City,Championship,4,Sat,2016-08-20,15:00,Fulham,2–2,Cardiff City,15401,Craven Cottage,Jeremy Simpson,/en/matches/5718e59b/Fulham-Cardiff-City-August-20-2016-Championship,,5718e59b
ENG-Championship,1617,2016-08-20 Huddersfield Town-Barnsley,Championship,4,Sat,2016-08-20,15:00,Huddersfield Town,2–1,Barnsley,20001,The John Smith's Stadium,Chris Kavanagh,/en/matches/d724861b/Huddersfield-Town-Barnsley-August-20-2016-Championship,,d724861b
ENG-Championship,1617,2016-08-20 Nottingham Forest-Wigan Athletic,Championship,4,Sat,2016-08-20,15:00,Nottingham Forest,4–3,Wigan Athletic,17750,The City Ground,James Linington,/en/matches/f0593da5/Nottingham-Forest-Wigan-Athletic-August-20-2016-Championship,,f0593da5
ENG-Championship,1617,2016-08-20 QPR-Preston North End,Championship,4,Sat,2016-08-20,15:00,QPR,0–2,Preston North End,13307,Loftus Road Stadium,Andy Madley,/en/matches/547c234f/Queens-Park-Rangers-Preston-North-End-August-20-2016-Championship,,547c234f
ENG-Championship,1617,2016-08-20 Reading-Brighton,Championship,4,Sat,2016-08-20,15:00,Reading,2–2,Brighton,16781,Madejski Stadium,Mike Jones,/en/matches/f211f248/Reading-Brighton-and-Hove-Albion-August-20-2016-Championship,,f211f248
ENG-Championship,1617,2016-08-20 Rotherham United-Brentford,Championship,4,Sat,2016-08-20,15:00,Rotherham United,1–0,Brentford,8367,New York Stadium,James Adcock,/en/matches/4a7e932f/Rotherham-United-Brentford-August-20-2016-Championship,,4a7e932f
ENG-Championship,1617,2016-08-20 Sheffield Weds-Leeds United,Championship,4,Sat,2016-08-20,12:30,Sheffield Weds,0–2,Leeds United,29075,Hillsborough Stadium,Simon Hooper,/en/matches/258197a4/Sheffield-Wednesday-Leeds-United-August-20-2016-Championship,,258197a4
ENG-Championship,1617,2016-08-21 Ipswich Town-Norwich City,Championship,4,Sun,2016-08-21,12:00,Ipswich Town,1–1,Norwich City,23350,Portman Road Stadium,David Coote,/en/matches/fb25d559/Ipswich-Town-Norwich-City-August-21-2016-Championship,,fb25d559
ENG-Championship,1617,2016-08-26 Burton Albion-Derby County,Championship,5,Fri,2016-08-26,19:45,Burton Albion,1–0,Derby County,6746,Pirelli Stadium,Andrew Davies,/en/matches/114daa59/Burton-Albion-Derby-County-August-26-2016-Championship,,114daa59
ENG-Championship,1617,2016-08-27 Barnsley-Rotherham United,Championship,5,Sat,2016-08-27,15:00,Barnsley,4–0,Rotherham United,15283,Oakwell Stadium,Graham Scott,/en/matches/4e76b146/Barnsley-Rotherham-United-August-27-2016-Championship,,4e76b146
ENG-Championship,1617,2016-08-27 Birmingham City-Norwich City,Championship,5,Sat,2016-08-27,15:00,Birmingham City,3–0,Norwich City,16295,St Andrew's Trillion Trophy Stadium,Darren Bond,/en/matches/415fcc20/Birmingham-City-Norwich-City-August-27-2016-Championship,,415fcc20
ENG-Championship,1617,2016-08-27 Blackburn Rovers-Fulham,Championship,5,Sat,2016-08-27,15:00,Blackburn Rovers,0–1,Fulham,10464,Ewood Park,Scott Duncan,/en/matches/d5d41ad7/Blackburn-Rovers-Fulham-August-27-2016-Championship,,d5d41ad7
ENG-Championship,1617,2016-08-27 Brentford-Sheffield Weds,Championship,5,Sat,2016-08-27,15:00,Brentford,1–1,Sheffield Weds,9677,Griffin Park,Peter Bankes,/en/matches/168533de/Brentford-Sheffield-Wednesday-August-27-2016-Championship,,168533de
ENG-Championship,1617,2016-08-27 Bristol City-Aston Villa,Championship,5,Sat,2016-08-27,15:00,Bristol City,3–1,Aston Villa,21099,Ashton Gate Stadium,James Linington,/en/matches/ba6033ec/Bristol-City-Aston-Villa-August-27-2016-Championship,,ba6033ec
ENG-Championship,1617,2016-08-27 Cardiff City-Reading,Championship,5,Sat,2016-08-27,15:00,Cardiff City,0–1,Reading,15013,Cardiff City Stadium,Andy Woolmer,/en/matches/ce631a87/Cardiff-City-Reading-August-27-2016-Championship,,ce631a87
ENG-Championship,1617,2016-08-27 Huddersfield Town-Wolves,Championship,5,Sat,2016-08-27,15:00,Huddersfield Town,1–0,Wolves,19972,The John Smith's Stadium,Steve Martin,/en/matches/9a63d5b7/Huddersfield-Town-Wolverhampton-Wanderers-August-27-2016-Championship,,9a63d5b7
ENG-Championship,1617,2016-08-27 Ipswich Town-Preston North End,Championship,5,Sat,2016-08-27,15:00,Ipswich Town,1–0,Preston North End,15296,Portman Road Stadium,Tim Robinson,/en/matches/25594f54/Ipswich-Town-Preston-North-End-August-27-2016-Championship,,25594f54
ENG-Championship,1617,2016-08-27 Newcastle United-Brighton,Championship,5,Sat,2016-08-27,17:30,Newcastle United,2–0,Brighton,49196,St. James' Park,Keith Stroud,/en/matches/8882c9fe/Newcastle-United-Brighton-and-Hove-Albion-August-27-2016-Championship,,8882c9fe
ENG-Championship,1617,2016-08-27 Nottingham Forest-Leeds United,Championship,5,Sat,2016-08-27,15:00,Nottingham Forest,3–1,Leeds United,20995,The City Ground,Geoff Eltringham,/en/matches/1cc067ad/Nottingham-Forest-Leeds-United-August-27-2016-Championship,,1cc067ad
ENG-Championship,1617,2016-08-27 Wigan Athletic-QPR,Championship,5,Sat,2016-08-27,15:00,Wigan Athletic,0–1,QPR,10606,The DW Stadium,Chris Kavanagh,/en/matches/e7033713/Wigan-Athletic-Queens-Park-Rangers-August-27-2016-Championship,,e7033713
ENG-Championship,1617,2016-09-09 Reading-Ipswich Town,Championship,6,Fri,2016-09-09,20:00,Reading,2–1,Ipswich Town,15146,Madejski Stadium,Jeremy Simpson,/en/matches/cd0f6d3e/Reading-Ipswich-Town-September-9-2016-Championship,,cd0f6d3e
ENG-Championship,1617,2016-09-10 Brighton-Brentford,Championship,6,Sat,2016-09-10,15:00,Brighton,0–2,Brentford,26388,The American Express Community Stadium,Scott Duncan,/en/matches/620fcdc1/Brighton-and-Hove-Albion-Brentford-September-10-2016-Championship,,620fcdc1
ENG-Championship,1617,2016-09-10 Derby County-Newcastle United,Championship,6,Sat,2016-09-10,17:30,Derby County,0–2,Newcastle United,30405,iPro Stadium,James Linington,/en/matches/263ba8e9/Derby-County-Newcastle-United-September-10-2016-Championship,,263ba8e9
ENG-Championship,1617,2016-09-10 Fulham-Birmingham City,Championship,6,Sat,2016-09-10,15:00,Fulham,0–1,Birmingham City,17603,Craven Cottage,Tony Harrington,/en/matches/bc7db8b3/Fulham-Birmingham-City-September-10-2016-Championship,,bc7db8b3
ENG-Championship,1617,2016-09-10 Leeds United-Huddersfield Town,Championship,6,Sat,2016-09-10,15:00,Leeds United,0–1,Huddersfield Town,28514,Elland Road,Roger East,/en/matches/5d1b117e/Leeds-United-Huddersfield-Town-September-10-2016-Championship,,5d1b117e
ENG-Championship,1617,2016-09-10 Norwich City-Cardiff City,Championship,6,Sat,2016-09-10,15:00,Norwich City,3–2,Cardiff City,25519,Carrow Road,Oliver Langford,/en/matches/0dc57bfd/Norwich-City-Cardiff-City-September-10-2016-Championship,,0dc57bfd
ENG-Championship,1617,2016-09-10 Preston North End-Barnsley,Championship,6,Sat,2016-09-10,15:00,Preston North End,1–2,Barnsley,11852,Deepdale Stadium,Geoff Eltringham,/en/matches/a62464ad/Preston-North-End-Barnsley-September-10-2016-Championship,,a62464ad
ENG-Championship,1617,2016-09-10 QPR-Blackburn Rovers,Championship,6,Sat,2016-09-10,15:00,QPR,1–1,Blackburn Rovers,13210,Loftus Road Stadium,Keith Stroud,/en/matches/53685cc5/Queens-Park-Rangers-Blackburn-Rovers-September-10-2016-Championship,,53685cc5
ENG-Championship,1617,2016-09-10 Rotherham United-Bristol City,Championship,6,Sat,2016-09-10,15:00,Rotherham United,2–2,Bristol City,8559,New York Stadium,Andy Madley,/en/matches/86b5ab60/Rotherham-United-Bristol-City-September-10-2016-Championship,,86b5ab60
ENG-Championship,1617,2016-09-10 Sheffield Weds-Wigan Athletic,Championship,6,Sat,2016-09-10,15:00,Sheffield Weds,2–1,Wigan Athletic,24860,Hillsborough Stadium,David Coote,/en/matches/127c4b40/Sheffield-Wednesday-Wigan-Athletic-September-10-2016-Championship,,127c4b40
ENG-Championship,1617,2016-09-10 Wolves-Burton Albion,Championship,6,Sat,2016-09-10,15:00,Wolves,1–1,Burton Albion,22049,Molineux Stadium,James Adcock,/en/matches/d9d0f657/Wolverhampton-Wanderers-Burton-Albion-September-10-2016-Championship,,d9d0f657
ENG-Championship,1617,2016-09-11 Aston Villa-Nottingham Forest,Championship,6,Sun,2016-09-11,13:15,Aston Villa,2–2,Nottingham Forest,30619,Villa Park,Simon Hooper,/en/matches/6c91f35d/Aston-Villa-Nottingham-Forest-September-11-2016-Championship,,6c91f35d
ENG-Championship,1617,2016-09-13 Brighton-Huddersfield Town,Championship,7,Tue,2016-09-13,19:45,Brighton,1–0,Huddersfield Town,24166,The American Express Community Stadium,Andy Woolmer,/en/matches/21c59d1c/Brighton-and-Hove-Albion-Huddersfield-Town-September-13-2016-Championship,,21c59d1c
ENG-Championship,1617,2016-09-13 Derby County-Ipswich Town,Championship,7,Tue,2016-09-13,19:45,Derby County,0–1,Ipswich Town,26425,iPro Stadium,Stuart Attwell,/en/matches/d3f93544/Derby-County-Ipswich-Town-September-13-2016-Championship,,d3f93544
ENG-Championship,1617,2016-09-13 Fulham-Burton Albion,Championship,7,Tue,2016-09-13,19:45,Fulham,1–1,Burton Albion,15288,Craven Cottage,Tim Robinson,/en/matches/f37bf6db/Fulham-Burton-Albion-September-13-2016-Championship,,f37bf6db
ENG-Championship,1617,2016-09-13 Leeds United-Blackburn Rovers,Championship,7,Tue,2016-09-13,19:45,Leeds United,2–1,Blackburn Rovers,19009,Elland Road,Daniel Adcock,/en/matches/5b298194/Leeds-United-Blackburn-Rovers-September-13-2016-Championship,,5b298194
ENG-Championship,1617,2016-09-13 Norwich City-Wigan Athletic,Championship,7,Tue,2016-09-13,19:45,Norwich City,2–1,Wigan Athletic,25992,Carrow Road,Keith Stroud,/en/matches/c9621b3f/Norwich-City-Wigan-Athletic-September-13-2016-Championship,,c9621b3f
ENG-Championship,1617,2016-09-13 Preston North End-Cardiff City,Championship,7,Tue,2016-09-13,19:45,Preston North End,3–0,Cardiff City,9216,Deepdale Stadium,Steve Martin,/en/matches/311344ca/Preston-North-End-Cardiff-City-September-13-2016-Championship,,311344ca
ENG-Championship,1617,2016-09-13 QPR-Newcastle United,Championship,7,Tue,2016-09-13,19:45,QPR,0–6,Newcastle United,17404,Loftus Road Stadium,Andrew Davies,/en/matches/78355bb8/Queens-Park-Rangers-Newcastle-United-September-13-2016-Championship,,78355bb8
ENG-Championship,1617,2016-09-13 Reading-Birmingham City,Championship,7,Tue,2016-09-13,20:00,Reading,0–0,Birmingham City,14602,Madejski Stadium,Chris Kavanagh,/en/matches/0a660b36/Reading-Birmingham-City-September-13-2016-Championship,,0a660b36
ENG-Championship,1617,2016-09-13 Sheffield Weds-Bristol City,Championship,7,Tue,2016-09-13,19:45,Sheffield Weds,3–2,Bristol City,24151,Hillsborough Stadium,Darren Bond,/en/matches/bb1371c0/Sheffield-Wednesday-Bristol-City-September-13-2016-Championship,,bb1371c0
ENG-Championship,1617,2016-09-13 Wolves-Barnsley,Championship,7,Tue,2016-09-13,19:45,Wolves,0–4,Barnsley,18668,Molineux Stadium,Andy Madley,/en/matches/773a7017/Wolverhampton-Wanderers-Barnsley-September-13-2016-Championship,,773a7017
ENG-Championship,1617,2016-09-14 Aston Villa-Brentford,Championship,7,Wed,2016-09-14,19:45,Aston Villa,1–1,Brentford,29752,Villa Park,Jeremy Simpson,/en/matches/63d4ca34/Aston-Villa-Brentford-September-14-2016-Championship,,63d4ca34
ENG-Championship,1617,2016-09-14 Rotherham United-Nottingham Forest,Championship,7,Wed,2016-09-14,19:45,Rotherham United,2–2,Nottingham Forest,10243,New York Stadium,Peter Bankes,/en/matches/14a7e80e/Rotherham-United-Nottingham-Forest-September-14-2016-Championship,,14a7e80e
ENG-Championship,1617,2016-09-17 Barnsley-Reading,Championship,8,Sat,2016-09-17,15:00,Barnsley,1–2,Reading,12675,Oakwell Stadium,David Coote,/en/matches/bb9990cf/Barnsley-Reading-September-17-2016-Championship,,bb9990cf
ENG-Championship,1617,2016-09-17 Birmingham City-Sheffield Weds,Championship,8,Sat,2016-09-17,17:30,Birmingham City,2–1,Sheffield Weds,16786,St Andrew's Trillion Trophy Stadium,Scott Duncan,/en/matches/22aaaded/Birmingham-City-Sheffield-Wednesday-September-17-2016-Championship,,22aaaded
ENG-Championship,1617,2016-09-17 Blackburn Rovers-Rotherham United,Championship,8,Sat,2016-09-17,15:00,Blackburn Rovers,4–2,Rotherham United,10699,Ewood Park,Darren Bond,/en/matches/fc949aa7/Blackburn-Rovers-Rotherham-United-September-17-2016-Championship,,fc949aa7
ENG-Championship,1617,2016-09-17 Brentford-Preston North End,Championship,8,Sat,2016-09-17,15:00,Brentford,5–0,Preston North End,9920,Griffin Park,Keith Stroud,/en/matches/977b6567/Brentford-Preston-North-End-September-17-2016-Championship,,977b6567
ENG-Championship,1617,2016-09-17 Bristol City-Derby County,Championship,8,Sat,2016-09-17,15:00,Bristol City,1–1,Derby County,19451,Ashton Gate Stadium,Andy Woolmer,/en/matches/2e3c7e29/Bristol-City-Derby-County-September-17-2016-Championship,,2e3c7e29
ENG-Championship,1617,2016-09-17 Burton Albion-Brighton,Championship,8,Sat,2016-09-17,15:00,Burton Albion,0–1,Brighton,4756,Pirelli Stadium,Geoff Eltringham,/en/matches/0e434f6c/Burton-Albion-Brighton-and-Hove-Albion-September-17-2016-Championship,,0e434f6c
ENG-Championship,1617,2016-09-17 Cardiff City-Leeds United,Championship,8,Sat,2016-09-17,12:30,Cardiff City,0–2,Leeds United,16608,Cardiff City Stadium,Graham Scott,/en/matches/a72207d0/Cardiff-City-Leeds-United-September-17-2016-Championship,,a72207d0
ENG-Championship,1617,2016-09-17 Huddersfield Town-QPR,Championship,8,Sat,2016-09-17,15:00,Huddersfield Town,2–1,QPR,20595,The John Smith's Stadium,Simon Hooper,/en/matches/43c8dc7f/Huddersfield-Town-Queens-Park-Rangers-September-17-2016-Championship,,43c8dc7f
ENG-Championship,1617,2016-09-17 Ipswich Town-Aston Villa,Championship,8,Sat,2016-09-17,15:00,Ipswich Town,0–0,Aston Villa,19249,Portman Road Stadium,Tony Harrington,/en/matches/c7fd667e/Ipswich-Town-Aston-Villa-September-17-2016-Championship,,c7fd667e
ENG-Championship,1617,2016-09-17 Newcastle United-Wolves,Championship,8,Sat,2016-09-17,15:00,Newcastle United,0–2,Wolves,52117,St. James' Park,Tim Robinson,/en/matches/167c98fd/Newcastle-United-Wolverhampton-Wanderers-September-17-2016-Championship,,167c98fd
ENG-Championship,1617,2016-09-17 Nottingham Forest-Norwich City,Championship,8,Sat,2016-09-17,15:00,Nottingham Forest,1–2,Norwich City,20323,The City Ground,Chris Kavanagh,/en/matches/911d157d/Nottingham-Forest-Norwich-City-September-17-2016-Championship,,911d157d
ENG-Championship,1617,2016-09-17 Wigan Athletic-Fulham,Championship,8,Sat,2016-09-17,15:00,Wigan Athletic,0–0,Fulham,10582,The DW Stadium,Steve Martin,/en/matches/dce6acf8/Wigan-Athletic-Fulham-September-17-2016-Championship,,dce6acf8
ENG-Championship,1617,2016-09-23 Preston North End-Wigan Athletic,Championship,9,Fri,2016-09-23,19:45,Preston North End,1–0,Wigan Athletic,13077,Deepdale Stadium,Oliver Langford,/en/matches/d633b869/Preston-North-End-Wigan-Athletic-September-23-2016-Championship,,d633b869
ENG-Championship,1617,2016-09-24 Aston Villa-Newcastle United,Championship,9,Sat,2016-09-24,17:30,Aston Villa,1–1,Newcastle United,32062,Villa Park,Chris Kavanagh,/en/matches/71d59b2f/Aston-Villa-Newcastle-United-September-24-2016-Championship,,71d59b2f
ENG-Championship,1617,2016-09-24 Brighton-Barnsley,Championship,9,Sat,2016-09-24,15:00,Brighton,2–0,Barnsley,26018,The American Express Community Stadium,Tim Robinson,/en/matches/a8cef070/Brighton-and-Hove-Albion-Barnsley-September-24-2016-Championship,,a8cef070
ENG-Championship,1617,2016-09-24 Derby County-Blackburn Rovers,Championship,9,Sat,2016-09-24,15:00,Derby County,1–2,Blackburn Rovers,26602,iPro Stadium,Andy Madley,/en/matches/77f8bb66/Derby-County-Blackburn-Rovers-September-24-2016-Championship,,77f8bb66
ENG-Championship,1617,2016-09-24 Fulham-Bristol City,Championship,9,Sat,2016-09-24,15:00,Fulham,0–4,Bristol City,20585,Craven Cottage,Peter Bankes,/en/matches/150039d1/Fulham-Bristol-City-September-24-2016-Championship,,150039d1
ENG-Championship,1617,2016-09-24 Leeds United-Ipswich Town,Championship,9,Sat,2016-09-24,15:00,Leeds United,1–0,Ipswich Town,22554,Elland Road,Steve Martin,/en/matches/22fab682/Leeds-United-Ipswich-Town-September-24-2016-Championship,,22fab682
ENG-Championship,1617,2016-09-24 Norwich City-Burton Albion,Championship,9,Sat,2016-09-24,15:00,Norwich City,3–1,Burton Albion,26104,Carrow Road,Jeremy Simpson,/en/matches/02a9b8fd/Norwich-City-Burton-Albion-September-24-2016-Championship,,02a9b8fd
ENG-Championship,1617,2016-09-24 QPR-Birmingham City,Championship,9,Sat,2016-09-24,15:00,QPR,1–1,Birmingham City,13693,Loftus Road Stadium,Paul Tierney,/en/matches/8005d883/Queens-Park-Rangers-Birmingham-City-September-24-2016-Championship,,8005d883
ENG-Championship,1617,2016-09-24 Reading-Huddersfield Town,Championship,9,Sat,2016-09-24,15:00,Reading,1–0,Huddersfield Town,17030,Madejski Stadium,James Linington,/en/matches/6c930661/Reading-Huddersfield-Town-September-24-2016-Championship,,6c930661
ENG-Championship,1617,2016-09-24 Rotherham United-Cardiff City,Championship,9,Sat,2016-09-24,15:00,Rotherham United,1–2,Cardiff City,8348,New York Stadium,David Coote,/en/matches/ad1d5b62/Rotherham-United-Cardiff-City-September-24-2016-Championship,,ad1d5b62
ENG-Championship,1617,2016-09-24 Sheffield Weds-Nottingham Forest,Championship,9,Sat,2016-09-24,15:00,Sheffield Weds,2–1,Nottingham Forest,27350,Hillsborough Stadium,Kevin Friend,/en/matches/87e41f2e/Sheffield-Wednesday-Nottingham-Forest-September-24-2016-Championship,,87e41f2e
ENG-Championship,1617,2016-09-24 Wolves-Brentford,Championship,9,Sat,2016-09-24,15:00,Wolves,3–1,Brentford,20637,Molineux Stadium,Andrew Davies,/en/matches/446b3c17/Wolverhampton-Wanderers-Brentford-September-24-2016-Championship,,446b3c17
ENG-Championship,1617,2016-09-27 Barnsley-Aston Villa,Championship,10,Tue,2016-09-27,19:45,Barnsley,1–1,Aston Villa,15830,Oakwell Stadium,James Adcock,/en/matches/c1eb8e75/Barnsley-Aston-Villa-September-27-2016-Championship,,c1eb8e75
ENG-Championship,1617,2016-09-27 Birmingham City-Preston North End,Championship,10,Tue,2016-09-27,19:45,Birmingham City,2–2,Preston North End,15779,St Andrew's Trillion Trophy Stadium,Andy Woolmer,/en/matches/4b81c9e7/Birmingham-City-Preston-North-End-September-27-2016-Championship,,4b81c9e7
ENG-Championship,1617,2016-09-27 Blackburn Rovers-Sheffield Weds,Championship,10,Tue,2016-09-27,19:45,Blackburn Rovers,0–1,Sheffield Weds,12844,Ewood Park,Simon Hooper,/en/matches/4a8e8989/Blackburn-Rovers-Sheffield-Wednesday-September-27-2016-Championship,,4a8e8989
ENG-Championship,1617,2016-09-27 Brentford-Reading,Championship,10,Tue,2016-09-27,19:45,Brentford,4–1,Reading,9679,Griffin Park,Oliver Langford,/en/matches/51587f58/Brentford-Reading-September-27-2016-Championship,,51587f58
ENG-Championship,1617,2016-09-27 Bristol City-Leeds United,Championship,10,Tue,2016-09-27,19:45,Bristol City,1–0,Leeds United,19699,Ashton Gate Stadium,Keith Stroud,/en/matches/cc295d6b/Bristol-City-Leeds-United-September-27-2016-Championship,,cc295d6b
ENG-Championship,1617,2016-09-27 Burton Albion-QPR,Championship,10,Tue,2016-09-27,19:45,Burton Albion,1–1,QPR,3725,Pirelli Stadium,Scott Duncan,/en/matches/84419ff2/Burton-Albion-Queens-Park-Rangers-September-27-2016-Championship,,84419ff2
ENG-Championship,1617,2016-09-27 Cardiff City-Derby County,Championship,10,Tue,2016-09-27,19:45,Cardiff City,0–2,Derby County,14131,Cardiff City Stadium,Geoff Eltringham,/en/matches/cc8323e8/Cardiff-City-Derby-County-September-27-2016-Championship,,cc8323e8
ENG-Championship,1617,2016-09-27 Huddersfield Town-Rotherham United,Championship,10,Tue,2016-09-27,19:45,Huddersfield Town,2–1,Rotherham United,18808,The John Smith's Stadium,Stuart Attwell,/en/matches/de4ebaf9/Huddersfield-Town-Rotherham-United-September-27-2016-Championship,,de4ebaf9
ENG-Championship,1617,2016-09-27 Ipswich Town-Brighton,Championship,10,Tue,2016-09-27,19:45,Ipswich Town,0–0,Brighton,15228,Portman Road Stadium,Andrew Davies,/en/matches/9b1f4d81/Ipswich-Town-Brighton-and-Hove-Albion-September-27-2016-Championship,,9b1f4d81
ENG-Championship,1617,2016-09-27 Nottingham Forest-Fulham,Championship,10,Tue,2016-09-27,19:45,Nottingham Forest,1–1,Fulham,17388,The City Ground,Darren Bond,/en/matches/1a7fa938/Nottingham-Forest-Fulham-September-27-2016-Championship,,1a7fa938
ENG-Championship,1617,2016-09-27 Wigan Athletic-Wolves,Championship,10,Tue,2016-09-27,19:45,Wigan Athletic,2–1,Wolves,10723,The DW Stadium,Tony Harrington,/en/matches/96b00029/Wigan-Athletic-Wolverhampton-Wanderers-September-27-2016-Championship,,96b00029
ENG-Championship,1617,2016-09-28 Newcastle United-Norwich City,Championship,10,Wed,2016-09-28,19:45,Newcastle United,4–3,Norwich City,48236,St. James' Park,Peter Bankes,/en/matches/7682eb45/Newcastle-United-Norwich-City-September-28-2016-Championship,,7682eb45
ENG-Championship,1617,2016-10-01 Birmingham City-Blackburn Rovers,Championship,11,Sat,2016-10-01,15:00,Birmingham City,1–0,Blackburn Rovers,16781,St Andrew's Trillion Trophy Stadium,James Linington,/en/matches/72793a76/Birmingham-City-Blackburn-Rovers-October-1-2016-Championship,,72793a76
ENG-Championship,1617,2016-10-01 Brentford-Wigan Athletic,Championship,11,Sat,2016-10-01,15:00,Brentford,0–0,Wigan Athletic,9547,Griffin Park,Andy Woolmer,/en/matches/542bb0be/Brentford-Wigan-Athletic-October-1-2016-Championship,,542bb0be
ENG-Championship,1617,2016-10-01 Bristol City-Nottingham Forest,Championship,11,Sat,2016-10-01,15:00,Bristol City,2–1,Nottingham Forest,18922,Ashton Gate Stadium,Scott Duncan,/en/matches/bbb14be9/Bristol-City-Nottingham-Forest-October-1-2016-Championship,,bbb14be9
ENG-Championship,1617,2016-10-01 Burton Albion-Cardiff City,Championship,11,Sat,2016-10-01,15:00,Burton Albion,2–0,Cardiff City,4426,Pirelli Stadium,Andy Madley,/en/matches/2cdcb399/Burton-Albion-Cardiff-City-October-1-2016-Championship,,2cdcb399
ENG-Championship,1617,2016-10-01 Fulham-QPR,Championship,11,Sat,2016-10-01,12:45,Fulham,1–2,QPR,19609,Craven Cottage,Lee Mason,/en/matches/1f177fdb/Fulham-Queens-Park-Rangers-October-1-2016-Championship,,1f177fdb
ENG-Championship,1617,2016-10-01 Ipswich Town-Huddersfield Town,Championship,11,Sat,2016-10-01,15:00,Ipswich Town,0–1,Huddersfield Town,16146,Portman Road Stadium,Chris Kavanagh,/en/matches/e5c42c33/Ipswich-Town-Huddersfield-Town-October-1-2016-Championship,,e5c42c33
ENG-Championship,1617,2016-10-01 Leeds United-Barnsley,Championship,11,Sat,2016-10-01,15:00,Leeds United,2–1,Barnsley,27350,Elland Road,Simon Hooper,/en/matches/fcee77f3/Leeds-United-Barnsley-October-1-2016-Championship,,fcee77f3
ENG-Championship,1617,2016-10-01 Preston North End-Aston Villa,Championship,11,Sat,2016-10-01,15:00,Preston North End,2–0,Aston Villa,17696,Deepdale Stadium,Peter Bankes,/en/matches/d5c3b4ca/Preston-North-End-Aston-Villa-October-1-2016-Championship,,d5c3b4ca
ENG-Championship,1617,2016-10-01 Reading-Derby County,Championship,11,Sat,2016-10-01,15:00,Reading,1–1,Derby County,17002,Madejski Stadium,Tim Robinson,/en/matches/dd41f76a/Reading-Derby-County-October-1-2016-Championship,,dd41f76a
ENG-Championship,1617,2016-10-01 Rotherham United-Newcastle United,Championship,11,Sat,2016-10-01,15:00,Rotherham United,0–1,Newcastle United,11653,New York Stadium,Roger East,/en/matches/fa8ccf09/Rotherham-United-Newcastle-United-October-1-2016-Championship,,fa8ccf09
ENG-Championship,1617,2016-10-01 Sheffield Weds-Brighton,Championship,11,Sat,2016-10-01,15:00,Sheffield Weds,1–2,Brighton,25605,Hillsborough Stadium,Oliver Langford,/en/matches/8dc186b0/Sheffield-Wednesday-Brighton-and-Hove-Albion-October-1-2016-Championship,,8dc186b0
ENG-Championship,1617,2016-10-01 Wolves-Norwich City,Championship,11,Sat,2016-10-01,17:30,Wolves,1–2,Norwich City,18793,Molineux Stadium,Geoff Eltringham,/en/matches/9c1edaac/Wolverhampton-Wanderers-Norwich-City-October-1-2016-Championship,,9c1edaac
ENG-Championship,1617,2016-10-14 Cardiff City-Bristol City,Championship,12,Fri,2016-10-14,19:45,Cardiff City,2–1,Bristol City,22776,Cardiff City Stadium,James Linington,/en/matches/7f0beb0a/Cardiff-City-Bristol-City-October-14-2016-Championship,,7f0beb0a
ENG-Championship,1617,2016-10-14 Nottingham Forest-Birmingham City,Championship,12,Fri,2016-10-14,19:45,Nottingham Forest,3–1,Birmingham City,19208,The City Ground,Jeremy Simpson,/en/matches/e3756b1e/Nottingham-Forest-Birmingham-City-October-14-2016-Championship,,e3756b1e
ENG-Championship,1617,2016-10-15 Aston Villa-Wolves,Championship,12,Sat,2016-10-15,17:30,Aston Villa,1–1,Wolves,32533,Villa Park,David Coote,/en/matches/f3e3139f/Aston-Villa-Wolverhampton-Wanderers-October-15-2016-Championship,,f3e3139f
ENG-Championship,1617,2016-10-15 Barnsley-Fulham,Championship,12,Sat,2016-10-15,15:00,Barnsley,2–4,Fulham,11974,Oakwell Stadium,Keith Stroud,/en/matches/63f95a53/Barnsley-Fulham-October-15-2016-Championship,,63f95a53
ENG-Championship,1617,2016-10-15 Blackburn Rovers-Ipswich Town,Championship,12,Sat,2016-10-15,15:00,Blackburn Rovers,0–0,Ipswich Town,10820,Ewood Park,Geoff Eltringham,/en/matches/2d9ef5da/Blackburn-Rovers-Ipswich-Town-October-15-2016-Championship,,2d9ef5da
ENG-Championship,1617,2016-10-15 Brighton-Preston North End,Championship,12,Sat,2016-10-15,15:00,Brighton,2–2,Preston North End,27606,The American Express Community Stadium,Craig Pawson,/en/matches/d9e3c14a/Brighton-and-Hove-Albion-Preston-North-End-October-15-2016-Championship,,d9e3c14a
ENG-Championship,1617,2016-10-15 Derby County-Leeds United,Championship,12,Sat,2016-10-15,15:00,Derby County,1–0,Leeds United,31170,iPro Stadium,Tony Harrington,/en/matches/444df212/Derby-County-Leeds-United-October-15-2016-Championship,,444df212
ENG-Championship,1617,2016-10-15 Newcastle United-Brentford,Championship,12,Sat,2016-10-15,15:00,Newcastle United,3–1,Brentford,51885,St. James' Park,Simon Hooper,/en/matches/da130389/Newcastle-United-Brentford-October-15-2016-Championship,,da130389
ENG-Championship,1617,2016-10-15 Norwich City-Rotherham United,Championship,12,Sat,2016-10-15,15:00,Norwich City,3–1,Rotherham United,26813,Carrow Road,James Adcock,/en/matches/d2b33c06/Norwich-City-Rotherham-United-October-15-2016-Championship,,d2b33c06
ENG-Championship,1617,2016-10-15 QPR-Reading,Championship,12,Sat,2016-10-15,15:00,QPR,1–1,Reading,15048,Loftus Road Stadium,Steve Martin,/en/matches/539606f4/Queens-Park-Rangers-Reading-October-15-2016-Championship,,539606f4
ENG-Championship,1617,2016-10-15 Wigan Athletic-Burton Albion,Championship,12,Sat,2016-10-15,15:00,Wigan Athletic,0–0,Burton Albion,10430,The DW Stadium,Andrew Davies,/en/matches/f04f5b54/Wigan-Athletic-Burton-Albion-October-15-2016-Championship,,f04f5b54
ENG-Championship,1617,2016-10-16 Huddersfield Town-Sheffield Weds,Championship,12,Sun,2016-10-16,12:00,Huddersfield Town,0–1,Sheffield Weds,22368,The John Smith's Stadium,Graham Scott,/en/matches/b84316ce/Huddersfield-Town-Sheffield-Wednesday-October-16-2016-Championship,,b84316ce
ENG-Championship,1617,2016-10-18 Barnsley-Newcastle United,Championship,13,Tue,2016-10-18,19:45,Barnsley,0–2,Newcastle United,18597,Oakwell Stadium,Paul Tierney,/en/matches/640fdddc/Barnsley-Newcastle-United-October-18-2016-Championship,,640fdddc
ENG-Championship,1617,2016-10-18 Birmingham City-Rotherham United,Championship,13,Tue,2016-10-18,19:45,Birmingham City,4–2,Rotherham United,16404,St Andrew's Trillion Trophy Stadium,Chris Kavanagh,/en/matches/e0464053/Birmingham-City-Rotherham-United-October-18-2016-Championship,,e0464053
ENG-Championship,1617,2016-10-18 Blackburn Rovers-Nottingham Forest,Championship,13,Tue,2016-10-18,19:45,Blackburn Rovers,2–1,Nottingham Forest,10462,Ewood Park,Tim Robinson,/en/matches/b468112d/Blackburn-Rovers-Nottingham-Forest-October-18-2016-Championship,,b468112d
ENG-Championship,1617,2016-10-18 Brighton-Wolves,Championship,13,Tue,2016-10-18,19:45,Brighton,1–0,Wolves,25231,The American Express Community Stadium,Keith Stroud,/en/matches/ebc93d22/Brighton-and-Hove-Albion-Wolverhampton-Wanderers-October-18-2016-Championship,,ebc93d22
ENG-Championship,1617,2016-10-18 Derby County-Brentford,Championship,13,Tue,2016-10-18,19:45,Derby County,0–0,Brentford,26707,iPro Stadium,Scott Duncan,/en/matches/18fc322e/Derby-County-Brentford-October-18-2016-Championship,,18fc322e
ENG-Championship,1617,2016-10-18 Fulham-Norwich City,Championship,13,Tue,2016-10-18,19:45,Fulham,2–2,Norwich City,17082,Craven Cottage,James Linington,/en/matches/1098abb2/Fulham-Norwich-City-October-18-2016-Championship,,1098abb2
ENG-Championship,1617,2016-10-18 Ipswich Town-Burton Albion,Championship,13,Tue,2016-10-18,19:45,Ipswich Town,2–0,Burton Albion,15816,Portman Road Stadium,Oliver Langford,/en/matches/5c21af38/Ipswich-Town-Burton-Albion-October-18-2016-Championship,,5c21af38
ENG-Championship,1617,2016-10-18 Leeds United-Wigan Athletic,Championship,13,Tue,2016-10-18,19:45,Leeds United,1–1,Wigan Athletic,19861,Elland Road,Peter Bankes,/en/matches/a01a925c/Leeds-United-Wigan-Athletic-October-18-2016-Championship,,a01a925c
ENG-Championship,1617,2016-10-18 QPR-Bristol City,Championship,13,Tue,2016-10-18,19:45,QPR,1–0,Bristol City,12552,Loftus Road Stadium,Andy Madley,/en/matches/7b900c63/Queens-Park-Rangers-Bristol-City-October-18-2016-Championship,,7b900c63
ENG-Championship,1617,2016-10-18 Reading-Aston Villa,Championship,13,Tue,2016-10-18,20:00,Reading,1–2,Aston Villa,20331,Madejski Stadium,Andy Woolmer,/en/matches/1c6890c5/Reading-Aston-Villa-October-18-2016-Championship,,1c6890c5
ENG-Championship,1617,2016-10-19 Cardiff City-Sheffield Weds,Championship,13,Wed,2016-10-19,19:45,Cardiff City,1–1,Sheffield Weds,15887,Cardiff City Stadium,Darren Bond,/en/matches/d451f28c/Cardiff-City-Sheffield-Wednesday-October-19-2016-Championship,,d451f28c
ENG-Championship,1617,2016-10-19 Preston North End-Huddersfield Town,Championship,13,Wed,2016-10-19,19:45,Preston North End,3–1,Huddersfield Town,12862,Deepdale Stadium,Jeremy Simpson,/en/matches/4e99a303/Preston-North-End-Huddersfield-Town-October-19-2016-Championship,,4e99a303
ENG-Championship,1617,2016-10-21 Burton Albion-Birmingham City,Championship,14,Fri,2016-10-21,19:45,Burton Albion,2–0,Birmingham City,5818,Pirelli Stadium,Tim Robinson,/en/matches/55d95143/Burton-Albion-Birmingham-City-October-21-2016-Championship,,55d95143
ENG-Championship,1617,2016-10-22 Aston Villa-Fulham,Championship,14,Sat,2016-10-22,15:00,Aston Villa,1–0,Fulham,32201,Villa Park,Andy Madley,/en/matches/c6f54fea/Aston-Villa-Fulham-October-22-2016-Championship,,c6f54fea
ENG-Championship,1617,2016-10-22 Brentford-Barnsley,Championship,14,Sat,2016-10-22,15:00,Brentford,0–2,Barnsley,10417,Griffin Park,James Linington,/en/matches/4f220513/Brentford-Barnsley-October-22-2016-Championship,,4f220513
ENG-Championship,1617,2016-10-22 Bristol City-Blackburn Rovers,Championship,14,Sat,2016-10-22,15:00,Bristol City,1–0,Blackburn Rovers,21452,Ashton Gate Stadium,Andrew Davies,/en/matches/840a4ebd/Bristol-City-Blackburn-Rovers-October-22-2016-Championship,,840a4ebd
ENG-Championship,1617,2016-10-22 Huddersfield Town-Derby County,Championship,14,Sat,2016-10-22,15:00,Huddersfield Town,1–0,Derby County,19749,The John Smith's Stadium,Peter Bankes,/en/matches/8717456b/Huddersfield-Town-Derby-County-October-22-2016-Championship,,8717456b
ENG-Championship,1617,2016-10-22 Newcastle United-Ipswich Town,Championship,14,Sat,2016-10-22,15:00,Newcastle United,3–0,Ipswich Town,51963,St. James' Park,James Adcock,/en/matches/24201337/Newcastle-United-Ipswich-Town-October-22-2016-Championship,,24201337
ENG-Championship,1617,2016-10-22 Norwich City-Preston North End,Championship,14,Sat,2016-10-22,15:00,Norwich City,0–1,Preston North End,26239,Carrow Road,Steve Martin,/en/matches/f2535ed4/Norwich-City-Preston-North-End-October-22-2016-Championship,,f2535ed4
ENG-Championship,1617,2016-10-22 Nottingham Forest-Cardiff City,Championship,14,Sat,2016-10-22,17:30,Nottingham Forest,1–2,Cardiff City,16539,The City Ground,Andy Woolmer,/en/matches/d5220cd0/Nottingham-Forest-Cardiff-City-October-22-2016-Championship,,d5220cd0
ENG-Championship,1617,2016-10-22 Rotherham United-Reading,Championship,14,Sat,2016-10-22,15:00,Rotherham United,0–1,Reading,8800,New York Stadium,Scott Duncan,/en/matches/ac9b56e6/Rotherham-United-Reading-October-22-2016-Championship,,ac9b56e6
ENG-Championship,1617,2016-10-22 Sheffield Weds-QPR,Championship,14,Sat,2016-10-22,15:00,Sheffield Weds,1–0,QPR,25903,Hillsborough Stadium,Chris Kavanagh,/en/matches/a0d20e71/Sheffield-Wednesday-Queens-Park-Rangers-October-22-2016-Championship,,a0d20e71
ENG-Championship,1617,2016-10-22 Wigan Athletic-Brighton,Championship,14,Sat,2016-10-22,15:00,Wigan Athletic,0–1,Brighton,10430,The DW Stadium,Simon Hooper,/en/matches/f61a3beb/Wigan-Athletic-Brighton-and-Hove-Albion-October-22-2016-Championship,,f61a3beb
ENG-Championship,1617,2016-10-22 Wolves-Leeds United,Championship,14,Sat,2016-10-22,15:00,Wolves,0–1,Leeds United,23607,Molineux Stadium,Stuart Attwell,/en/matches/396dc0a6/Wolverhampton-Wanderers-Leeds-United-October-22-2016-Championship,,396dc0a6
ENG-Championship,1617,2016-10-28 QPR-Brentford,Championship,15,Fri,2016-10-28,19:45,QPR,0–2,Brentford,16888,Loftus Road Stadium,James Adcock,/en/matches/e2affae6/Queens-Park-Rangers-Brentford-October-28-2016-Championship,,e2affae6
ENG-Championship,1617,2016-10-29 Barnsley-Bristol City,Championship,15,Sat,2016-10-29,15:00,Barnsley,2–2,Bristol City,11869,Oakwell Stadium,Geoff Eltringham,/en/matches/c3e1931b/Barnsley-Bristol-City-October-29-2016-Championship,,c3e1931b
ENG-Championship,1617,2016-10-29 Blackburn Rovers-Wolves,Championship,15,Sat,2016-10-29,17:30,Blackburn Rovers,1–1,Wolves,10652,Ewood Park,Scott Duncan,/en/matches/7f54c0b0/Blackburn-Rovers-Wolverhampton-Wanderers-October-29-2016-Championship,,7f54c0b0
ENG-Championship,1617,2016-10-29 Brighton-Norwich City,Championship,15,Sat,2016-10-29,15:00,Brighton,5–0,Norwich City,29469,The American Express Community Stadium,Andy Madley,/en/matches/d1d4bcb1/Brighton-and-Hove-Albion-Norwich-City-October-29-2016-Championship,,d1d4bcb1
ENG-Championship,1617,2016-10-29 Cardiff City-Wigan Athletic,Championship,15,Sat,2016-10-29,15:00,Cardiff City,0–1,Wigan Athletic,15969,Cardiff City Stadium,Oliver Langford,/en/matches/bc60e6fe/Cardiff-City-Wigan-Athletic-October-29-2016-Championship,,bc60e6fe
ENG-Championship,1617,2016-10-29 Derby County-Sheffield Weds,Championship,15,Sat,2016-10-29,15:00,Derby County,2–0,Sheffield Weds,30064,iPro Stadium,James Linington,/en/matches/3b626780/Derby-County-Sheffield-Wednesday-October-29-2016-Championship,,3b626780
ENG-Championship,1617,2016-10-29 Fulham-Huddersfield Town,Championship,15,Sat,2016-10-29,15:00,Fulham,5–0,Huddersfield Town,19858,Craven Cottage,David Coote,/en/matches/1245616f/Fulham-Huddersfield-Town-October-29-2016-Championship,,1245616f
ENG-Championship,1617,2016-10-29 Ipswich Town-Rotherham United,Championship,15,Sat,2016-10-29,15:00,Ipswich Town,2–2,Rotherham United,15247,Portman Road Stadium,Darren Bond,/en/matches/a88afdf1/Ipswich-Town-Rotherham-United-October-29-2016-Championship,,a88afdf1
ENG-Championship,1617,2016-10-29 Leeds United-Burton Albion,Championship,15,Sat,2016-10-29,15:00,Leeds United,2–0,Burton Albion,24220,Elland Road,Jeremy Simpson,/en/matches/a2feab4b/Leeds-United-Burton-Albion-October-29-2016-Championship,,a2feab4b
ENG-Championship,1617,2016-10-29 Preston North End-Newcastle United,Championship,15,Sat,2016-10-29,15:00,Preston North End,1–2,Newcastle United,20724,Deepdale Stadium,Chris Kavanagh,/en/matches/7a5b1de3/Preston-North-End-Newcastle-United-October-29-2016-Championship,,7a5b1de3
ENG-Championship,1617,2016-10-29 Reading-Nottingham Forest,Championship,15,Sat,2016-10-29,15:00,Reading,2–0,Nottingham Forest,17093,Madejski Stadium,Andrew Davies,/en/matches/b288f0a9/Reading-Nottingham-Forest-October-29-2016-Championship,,b288f0a9
ENG-Championship,1617,2016-10-30 Birmingham City-Aston Villa,Championship,15,Sun,2016-10-30,12:00,Birmingham City,1–1,Aston Villa,29656,St Andrew's Trillion Trophy Stadium,Mike Dean,/en/matches/6fbac99b/Birmingham-City-Aston-Villa-October-30-2016-Championship,,6fbac99b
ENG-Championship,1617,2016-11-04 Brentford-Fulham,Championship,16,Fri,2016-11-04,19:45,Brentford,0–2,Fulham,12052,Griffin Park,Tim Robinson,/en/matches/ce79e616/Brentford-Fulham-November-4-2016-Championship,,ce79e616
ENG-Championship,1617,2016-11-05 Aston Villa-Blackburn Rovers,Championship,16,Sat,2016-11-05,15:00,Aston Villa,2–1,Blackburn Rovers,29712,Villa Park,Roger East,/en/matches/68f9e74e/Aston-Villa-Blackburn-Rovers-November-5-2016-Championship,,68f9e74e
ENG-Championship,1617,2016-11-05 Bristol City-Brighton,Championship,16,Sat,2016-11-05,17:30,Bristol City,0–2,Brighton,19096,Ashton Gate Stadium,Darren Bond,/en/matches/52498335/Bristol-City-Brighton-and-Hove-Albion-November-5-2016-Championship,,52498335
ENG-Championship,1617,2016-11-05 Burton Albion-Barnsley,Championship,16,Sat,2016-11-05,15:00,Burton Albion,0–0,Barnsley,4913,Pirelli Stadium,Peter Bankes,/en/matches/9fc29869/Burton-Albion-Barnsley-November-5-2016-Championship,,9fc29869
ENG-Championship,1617,2016-11-05 Huddersfield Town-Birmingham City,Championship,16,Sat,2016-11-05,15:00,Huddersfield Town,1–1,Birmingham City,20200,The John Smith's Stadium,Steve Martin,/en/matches/c9da130b/Huddersfield-Town-Birmingham-City-November-5-2016-Championship,,c9da130b
ENG-Championship,1617,2016-11-05 Newcastle United-Cardiff City,Championship,16,Sat,2016-11-05,15:00,Newcastle United,2–1,Cardiff City,51257,St. James' Park,Tony Harrington,/en/matches/51538b51/Newcastle-United-Cardiff-City-November-5-2016-Championship,,51538b51
ENG-Championship,1617,2016-11-05 Norwich City-Leeds United,Championship,16,Sat,2016-11-05,15:00,Norwich City,2–3,Leeds United,26903,Carrow Road,Andrew Davies,/en/matches/ee5ba9df/Norwich-City-Leeds-United-November-5-2016-Championship,,ee5ba9df
ENG-Championship,1617,2016-11-05 Nottingham Forest-QPR,Championship,16,Sat,2016-11-05,15:00,Nottingham Forest,1–1,QPR,20043,The City Ground,Keith Stroud,/en/matches/6a3d5a9d/Nottingham-Forest-Queens-Park-Rangers-November-5-2016-Championship,,6a3d5a9d
ENG-Championship,1617,2016-11-05 Rotherham United-Preston North End,Championship,16,Sat,2016-11-05,15:00,Rotherham United,1–3,Preston North End,10013,New York Stadium,Andy Woolmer,/en/matches/86670c3c/Rotherham-United-Preston-North-End-November-5-2016-Championship,,86670c3c
ENG-Championship,1617,2016-11-05 Sheffield Weds-Ipswich Town,Championship,16,Sat,2016-11-05,15:00,Sheffield Weds,1–2,Ipswich Town,25851,Hillsborough Stadium,Andy Madley,/en/matches/03c885e1/Sheffield-Wednesday-Ipswich-Town-November-5-2016-Championship,,03c885e1
ENG-Championship,1617,2016-11-05 Wigan Athletic-Reading,Championship,16,Sat,2016-11-05,15:00,Wigan Athletic,0–3,Reading,10277,The DW Stadium,David Coote,/en/matches/9441b847/Wigan-Athletic-Reading-November-5-2016-Championship,,9441b847
ENG-Championship,1617,2016-11-05 Wolves-Derby County,Championship,16,Sat,2016-11-05,12:30,Wolves,2–3,Derby County,19858,Molineux Stadium,Paul Tierney,/en/matches/c7ab2f11/Wolverhampton-Wanderers-Derby-County-November-5-2016-Championship,,c7ab2f11
ENG-Championship,1617,2016-11-18 Brighton-Aston Villa,Championship,17,Fri,2016-11-18,19:45,Brighton,1–1,Aston Villa,30107,The American Express Community Stadium,Steve Martin,/en/matches/6cd03fac/Brighton-and-Hove-Albion-Aston-Villa-November-18-2016-Championship,,6cd03fac
ENG-Championship,1617,2016-11-19 Barnsley-Wigan Athletic,Championship,17,Sat,2016-11-19,15:00,Barnsley,0–0,Wigan Athletic,12181,Oakwell Stadium,Jeremy Simpson,/en/matches/755eabce/Barnsley-Wigan-Athletic-November-19-2016-Championship,,755eabce
ENG-Championship,1617,2016-11-19 Birmingham City-Bristol City,Championship,17,Sat,2016-11-19,15:00,Birmingham City,1–0,Bristol City,18586,St Andrew's Trillion Trophy Stadium,Tony Harrington,/en/matches/4512fc3f/Birmingham-City-Bristol-City-November-19-2016-Championship,,4512fc3f
ENG-Championship,1617,2016-11-19 Blackburn Rovers-Brentford,Championship,17,Sat,2016-11-19,15:00,Blackburn Rovers,3–2,Brentford,10506,Ewood Park,Chris Kavanagh,/en/matches/01edae47/Blackburn-Rovers-Brentford-November-19-2016-Championship,,01edae47
ENG-Championship,1617,2016-11-19 Cardiff City-Huddersfield Town,Championship,17,Sat,2016-11-19,15:00,Cardiff City,3–2,Huddersfield Town,15930,Cardiff City Stadium,James Adcock,/en/matches/e1317c2b/Cardiff-City-Huddersfield-Town-November-19-2016-Championship,,e1317c2b
ENG-Championship,1617,2016-11-19 Derby County-Rotherham United,Championship,17,Sat,2016-11-19,15:00,Derby County,3–0,Rotherham United,28191,iPro Stadium,Oliver Langford,/en/matches/116270e9/Derby-County-Rotherham-United-November-19-2016-Championship,,116270e9
ENG-Championship,1617,2016-11-19 Fulham-Sheffield Weds,Championship,17,Sat,2016-11-19,15:00,Fulham,1–1,Sheffield Weds,20255,Craven Cottage,Geoff Eltringham,/en/matches/138e7541/Fulham-Sheffield-Wednesday-November-19-2016-Championship,,138e7541
ENG-Championship,1617,2016-11-19 Ipswich Town-Nottingham Forest,Championship,17,Sat,2016-11-19,17:30,Ipswich Town,0–2,Nottingham Forest,15417,Portman Road Stadium,Peter Bankes,/en/matches/f0bddf20/Ipswich-Town-Nottingham-Forest-November-19-2016-Championship,,f0bddf20
ENG-Championship,1617,2016-11-19 Preston North End-Wolves,Championship,17,Sat,2016-11-19,15:00,Preston North End,0–0,Wolves,12683,Deepdale Stadium,James Linington,/en/matches/b89787df/Preston-North-End-Wolverhampton-Wanderers-November-19-2016-Championship,,b89787df
ENG-Championship,1617,2016-11-19 QPR-Norwich City,Championship,17,Sat,2016-11-19,15:00,QPR,2–1,Norwich City,17187,Loftus Road Stadium,Scott Duncan,/en/matches/56dea9a3/Queens-Park-Rangers-Norwich-City-November-19-2016-Championship,,56dea9a3
ENG-Championship,1617,2016-11-19 Reading-Burton Albion,Championship,17,Sat,2016-11-19,15:00,Reading,3–0,Burton Albion,15545,Madejski Stadium,Keith Stroud,/en/matches/beaac776/Reading-Burton-Albion-November-19-2016-Championship,,beaac776
ENG-Championship,1617,2016-11-20 Leeds United-Newcastle United,Championship,17,Sun,2016-11-20,13:15,Leeds United,0–2,Newcastle United,36002,Elland Road,Graham Scott,/en/matches/40b27f0a/Leeds-United-Newcastle-United-November-20-2016-Championship,,40b27f0a
ENG-Championship,1617,2016-11-25 Barnsley-Nottingham Forest,Championship,18,Fri,2016-11-25,19:45,Barnsley,2–5,Nottingham Forest,13180,Oakwell Stadium,Oliver Langford,/en/matches/e51da6da/Barnsley-Nottingham-Forest-November-25-2016-Championship,,e51da6da
ENG-Championship,1617,2016-11-26 Aston Villa-Cardiff City,Championship,18,Sat,2016-11-26,15:00,Aston Villa,3–1,Cardiff City,31484,Villa Park,Geoff Eltringham,/en/matches/864dcb12/Aston-Villa-Cardiff-City-November-26-2016-Championship,,864dcb12
ENG-Championship,1617,2016-11-26 Brentford-Birmingham City,Championship,18,Sat,2016-11-26,15:00,Brentford,1–2,Birmingham City,10925,Griffin Park,Andy Madley,/en/matches/26cb3baa/Brentford-Birmingham-City-November-26-2016-Championship,,26cb3baa
ENG-Championship,1617,2016-11-26 Brighton-Fulham,Championship,18,Sat,2016-11-26,15:00,Brighton,2–1,Fulham,29445,The American Express Community Stadium,Keith Stroud,/en/matches/5e935b79/Brighton-and-Hove-Albion-Fulham-November-26-2016-Championship,,5e935b79
ENG-Championship,1617,2016-11-26 Derby County-Norwich City,Championship,18,Sat,2016-11-26,15:00,Derby County,1–0,Norwich City,29311,iPro Stadium,Simon Hooper,/en/matches/8244da6f/Derby-County-Norwich-City-November-26-2016-Championship,,8244da6f
ENG-Championship,1617,2016-11-26 Ipswich Town-QPR,Championship,18,Sat,2016-11-26,15:00,Ipswich Town,3–0,QPR,16510,Portman Road Stadium,Andy Woolmer,/en/matches/fe6d1f5f/Ipswich-Town-Queens-Park-Rangers-November-26-2016-Championship,,fe6d1f5f
ENG-Championship,1617,2016-11-26 Newcastle United-Blackburn Rovers,Championship,18,Sat,2016-11-26,15:00,Newcastle United,0–1,Blackburn Rovers,52092,St. James' Park,David Coote,/en/matches/bcf2d5d1/Newcastle-United-Blackburn-Rovers-November-26-2016-Championship,,bcf2d5d1
ENG-Championship,1617,2016-11-26 Preston North End-Burton Albion,Championship,18,Sat,2016-11-26,15:00,Preston North End,1–1,Burton Albion,10696,Deepdale Stadium,Darren Bond,/en/matches/f969c632/Preston-North-End-Burton-Albion-November-26-2016-Championship,,f969c632
ENG-Championship,1617,2016-11-26 Reading-Bristol City,Championship,18,Sat,2016-11-26,15:00,Reading,2–1,Bristol City,18778,Madejski Stadium,Tim Robinson,/en/matches/1d5c005b/Reading-Bristol-City-November-26-2016-Championship,,1d5c005b
ENG-Championship,1617,2016-11-26 Rotherham United-Leeds United,Championship,18,Sat,2016-11-26,17:30,Rotherham United,1–2,Leeds United,10513,New York Stadium,Stuart Attwell,/en/matches/10959491/Rotherham-United-Leeds-United-November-26-2016-Championship,,10959491
ENG-Championship,1617,2016-11-26 Wolves-Sheffield Weds,Championship,18,Sat,2016-11-26,15:00,Wolves,0–2,Sheffield Weds,27293,Molineux Stadium,Jeremy Simpson,/en/matches/471494fb/Wolverhampton-Wanderers-Sheffield-Wednesday-November-26-2016-Championship,,471494fb
ENG-Championship,1617,2016-11-28 Huddersfield Town-Wigan Athletic,Championship,18,Mon,2016-11-28,19:45,Huddersfield Town,1–2,Wigan Athletic,18943,The John Smith's Stadium,Tony Harrington,/en/matches/367127b8/Huddersfield-Town-Wigan-Athletic-November-28-2016-Championship,,367127b8
ENG-Championship,1617,2016-12-01 QPR-Wolves,Championship,19,Thu,2016-12-01,19:45,QPR,1–2,Wolves,12222,Loftus Road Stadium,Tim Robinson,/en/matches/adfb1be5/Queens-Park-Rangers-Wolverhampton-Wanderers-December-1-2016-Championship,,adfb1be5
ENG-Championship,1617,2016-12-02 Nottingham Forest-Newcastle United,Championship,19,Fri,2016-12-02,19:45,Nottingham Forest,2–1,Newcastle United,21317,The City Ground,Steve Martin,/en/matches/6cb6231d/Nottingham-Forest-Newcastle-United-December-2-2016-Championship,,6cb6231d
ENG-Championship,1617,2016-12-03 Birmingham City-Barnsley,Championship,19,Sat,2016-12-03,15:00,Birmingham City,0–3,Barnsley,17072,St Andrew's Trillion Trophy Stadium,David Coote,/en/matches/101749d6/Birmingham-City-Barnsley-December-3-2016-Championship,,101749d6
ENG-Championship,1617,2016-12-03 Blackburn Rovers-Huddersfield Town,Championship,19,Sat,2016-12-03,15:00,Blackburn Rovers,1–1,Huddersfield Town,12034,Ewood Park,Simon Hooper,/en/matches/9d28552a/Blackburn-Rovers-Huddersfield-Town-December-3-2016-Championship,,9d28552a
ENG-Championship,1617,2016-12-03 Bristol City-Ipswich Town,Championship,19,Sat,2016-12-03,15:00,Bristol City,2–0,Ipswich Town,18309,Ashton Gate Stadium,Stuart Attwell,/en/matches/13ce0a84/Bristol-City-Ipswich-Town-December-3-2016-Championship,,13ce0a84
ENG-Championship,1617,2016-12-03 Burton Albion-Rotherham United,Championship,19,Sat,2016-12-03,15:00,Burton Albion,2–1,Rotherham United,4446,Pirelli Stadium,Chris Kavanagh,/en/matches/89a71855/Burton-Albion-Rotherham-United-December-3-2016-Championship,,89a71855
ENG-Championship,1617,2016-12-03 Cardiff City-Brighton,Championship,19,Sat,2016-12-03,15:00,Cardiff City,0–0,Brighton,16168,Cardiff City Stadium,Roger East,/en/matches/4e9c3a28/Cardiff-City-Brighton-and-Hove-Albion-December-3-2016-Championship,,4e9c3a28
ENG-Championship,1617,2016-12-03 Fulham-Reading,Championship,19,Sat,2016-12-03,15:00,Fulham,5–0,Reading,18217,Craven Cottage,Oliver Langford,/en/matches/cc5faed7/Fulham-Reading-December-3-2016-Championship,,cc5faed7
ENG-Championship,1617,2016-12-03 Leeds United-Aston Villa,Championship,19,Sat,2016-12-03,17:30,Leeds United,2–0,Aston Villa,32648,Elland Road,Peter Bankes,/en/matches/01ca8070/Leeds-United-Aston-Villa-December-3-2016-Championship,,01ca8070
ENG-Championship,1617,2016-12-03 Norwich City-Brentford,Championship,19,Sat,2016-12-03,15:00,Norwich City,5–0,Brentford,26076,Carrow Road,Geoff Eltringham,/en/matches/1431b56c/Norwich-City-Brentford-December-3-2016-Championship,,1431b56c
ENG-Championship,1617,2016-12-03 Sheffield Weds-Preston North End,Championship,19,Sat,2016-12-03,15:00,Sheffield Weds,2–1,Preston North End,24843,Hillsborough Stadium,Scott Duncan,/en/matches/430e040e/Sheffield-Wednesday-Preston-North-End-December-3-2016-Championship,,430e040e
ENG-Championship,1617,2016-12-03 Wigan Athletic-Derby County,Championship,19,Sat,2016-12-03,15:00,Wigan Athletic,0–1,Derby County,12526,The DW Stadium,Andy Madley,/en/matches/6e0165be/Wigan-Athletic-Derby-County-December-3-2016-Championship,,6e0165be
ENG-Championship,1617,2016-12-09 Brighton-Leeds United,Championship,20,Fri,2016-12-09,19:45,Brighton,2–0,Leeds United,28206,The American Express Community Stadium,Paul Tierney,/en/matches/ba555d2d/Brighton-and-Hove-Albion-Leeds-United-December-9-2016-Championship,,ba555d2d
ENG-Championship,1617,2016-12-10 Aston Villa-Wigan Athletic,Championship,20,Sat,2016-12-10,15:00,Aston Villa,1–0,Wigan Athletic,29392,Villa Park,James Linington,/en/matches/1a498f09/Aston-Villa-Wigan-Athletic-December-10-2016-Championship,,1a498f09
ENG-Championship,1617,2016-12-10 Barnsley-Norwich City,Championship,20,Sat,2016-12-10,15:00,Barnsley,2–1,Norwich City,12306,Oakwell Stadium,Andy Woolmer,/en/matches/83911843/Barnsley-Norwich-City-December-10-2016-Championship,,83911843
ENG-Championship,1617,2016-12-10 Brentford-Burton Albion,Championship,20,Sat,2016-12-10,15:00,Brentford,2–1,Burton Albion,9035,Griffin Park,David Coote,/en/matches/edc6bfac/Brentford-Burton-Albion-December-10-2016-Championship,,edc6bfac
ENG-Championship,1617,2016-12-10 Huddersfield Town-Bristol City,Championship,20,Sat,2016-12-10,15:00,Huddersfield Town,2–1,Bristol City,18333,The John Smith's Stadium,Keith Stroud,/en/matches/db962d46/Huddersfield-Town-Bristol-City-December-10-2016-Championship,,db962d46
ENG-Championship,1617,2016-12-10 Ipswich Town-Cardiff City,Championship,20,Sat,2016-12-10,15:00,Ipswich Town,1–1,Cardiff City,15042,Portman Road Stadium,James Adcock,/en/matches/a0a625eb/Ipswich-Town-Cardiff-City-December-10-2016-Championship,,a0a625eb
ENG-Championship,1617,2016-12-10 Newcastle United-Birmingham City,Championship,20,Sat,2016-12-10,15:00,Newcastle United,4–0,Birmingham City,52145,St. James' Park,Andrew Davies,/en/matches/4342b2d0/Newcastle-United-Birmingham-City-December-10-2016-Championship,,4342b2d0
ENG-Championship,1617,2016-12-10 Preston North End-Blackburn Rovers,Championship,20,Sat,2016-12-10,17:30,Preston North End,3–2,Blackburn Rovers,14527,Deepdale Stadium,Kevin Friend,/en/matches/0f4e62c5/Preston-North-End-Blackburn-Rovers-December-10-2016-Championship,,0f4e62c5
ENG-Championship,1617,2016-12-10 Reading-Sheffield Weds,Championship,20,Sat,2016-12-10,15:00,Reading,2–1,Sheffield Weds,18153,Madejski Stadium,Tony Harrington,/en/matches/a456fe97/Reading-Sheffield-Wednesday-December-10-2016-Championship,,a456fe97
ENG-Championship,1617,2016-12-10 Rotherham United-QPR,Championship,20,Sat,2016-12-10,15:00,Rotherham United,1–0,QPR,8704,New York Stadium,Jeremy Simpson,/en/matches/bb7c861e/Rotherham-United-Queens-Park-Rangers-December-10-2016-Championship,,bb7c861e
ENG-Championship,1617,2016-12-10 Wolves-Fulham,Championship,20,Sat,2016-12-10,15:00,Wolves,4–4,Fulham,19020,Molineux Stadium,Darren Bond,/en/matches/7e207baa/Wolverhampton-Wanderers-Fulham-December-10-2016-Championship,,7e207baa
ENG-Championship,1617,2016-12-11 Derby County-Nottingham Forest,Championship,20,Sun,2016-12-11,12:00,Derby County,3–0,Nottingham Forest,32600,iPro Stadium,Chris Kavanagh,/en/matches/0b40eec6/Derby-County-Nottingham-Forest-December-11-2016-Championship,,0b40eec6
ENG-Championship,1617,2016-12-13 Birmingham City-Ipswich Town,Championship,21,Tue,2016-12-13,19:45,Birmingham City,2–1,Ipswich Town,15212,St Andrew's Trillion Trophy Stadium,Darren Bond,/en/matches/0ce5ddde/Birmingham-City-Ipswich-Town-December-13-2016-Championship,,0ce5ddde
ENG-Championship,1617,2016-12-13 Blackburn Rovers-Brighton,Championship,21,Tue,2016-12-13,19:45,Blackburn Rovers,2–3,Brighton,9976,Ewood Park,Oliver Langford,/en/matches/5c757e64/Blackburn-Rovers-Brighton-and-Hove-Albion-December-13-2016-Championship,,5c757e64
ENG-Championship,1617,2016-12-13 Bristol City-Brentford,Championship,21,Tue,2016-12-13,19:45,Bristol City,0–1,Brentford,16444,Ashton Gate Stadium,Andy Woolmer,/en/matches/e4b7bdd3/Bristol-City-Brentford-December-13-2016-Championship,,e4b7bdd3
ENG-Championship,1617,2016-12-13 Burton Albion-Huddersfield Town,Championship,21,Tue,2016-12-13,19:45,Burton Albion,0–1,Huddersfield Town,4564,Pirelli Stadium,James Adcock,/en/matches/23c9bb2f/Burton-Albion-Huddersfield-Town-December-13-2016-Championship,,23c9bb2f
ENG-Championship,1617,2016-12-13 Cardiff City-Wolves,Championship,21,Tue,2016-12-13,19:45,Cardiff City,2–1,Wolves,14853,Cardiff City Stadium,Andy Madley,/en/matches/a0c33b1a/Cardiff-City-Wolverhampton-Wanderers-December-13-2016-Championship,,a0c33b1a
ENG-Championship,1617,2016-12-13 Fulham-Rotherham United,Championship,21,Tue,2016-12-13,19:45,Fulham,2–1,Rotherham United,13735,Craven Cottage,Steve Martin,/en/matches/2a375dfa/Fulham-Rotherham-United-December-13-2016-Championship,,2a375dfa
ENG-Championship,1617,2016-12-13 Leeds United-Reading,Championship,21,Tue,2016-12-13,19:45,Leeds United,2–0,Reading,21242,Elland Road,Geoff Eltringham,/en/matches/0de056b5/Leeds-United-Reading-December-13-2016-Championship,,0de056b5
ENG-Championship,1617,2016-12-13 Norwich City-Aston Villa,Championship,21,Tue,2016-12-13,19:45,Norwich City,1–0,Aston Villa,26044,Carrow Road,Tim Robinson,/en/matches/21e2ad83/Norwich-City-Aston-Villa-December-13-2016-Championship,,21e2ad83
ENG-Championship,1617,2016-12-13 Sheffield Weds-Barnsley,Championship,21,Tue,2016-12-13,19:45,Sheffield Weds,2–0,Barnsley,27248,Hillsborough Stadium,Peter Bankes,/en/matches/d4caef2e/Sheffield-Wednesday-Barnsley-December-13-2016-Championship,,d4caef2e
ENG-Championship,1617,2016-12-14 Nottingham Forest-Preston North End,Championship,21,Wed,2016-12-14,19:45,Nottingham Forest,1–1,Preston North End,15864,The City Ground,Tony Harrington,/en/matches/f5bd4a1d/Nottingham-Forest-Preston-North-End-December-14-2016-Championship,,f5bd4a1d
ENG-Championship,1617,2016-12-14 QPR-Derby County,Championship,21,Wed,2016-12-14,19:45,QPR,0–1,Derby County,12371,Loftus Road Stadium,David Coote,/en/matches/931a2036/Queens-Park-Rangers-Derby-County-December-14-2016-Championship,,931a2036
ENG-Championship,1617,2016-12-14 Wigan Athletic-Newcastle United,Championship,21,Wed,2016-12-14,19:45,Wigan Athletic,0–2,Newcastle United,14562,The DW Stadium,Simon Hooper,/en/matches/2c6ab432/Wigan-Athletic-Newcastle-United-December-14-2016-Championship,,2c6ab432
ENG-Championship,1617,2016-12-16 Norwich City-Huddersfield Town,Championship,22,Fri,2016-12-16,19:45,Norwich City,1–2,Huddersfield Town,25275,Carrow Road,James Linington,/en/matches/71be30c8/Norwich-City-Huddersfield-Town-December-16-2016-Championship,,71be30c8
ENG-Championship,1617,2016-12-17 Birmingham City-Brighton,Championship,22,Sat,2016-12-17,17:30,Birmingham City,1–2,Brighton,17287,St Andrew's Trillion Trophy Stadium,Andy Madley,/en/matches/230a70b0/Birmingham-City-Brighton-and-Hove-Albion-December-17-2016-Championship,,230a70b0
ENG-Championship,1617,2016-12-17 Blackburn Rovers-Reading,Championship,22,Sat,2016-12-17,15:00,Blackburn Rovers,2–3,Reading,10982,Ewood Park,Jeremy Simpson,/en/matches/e9afe29e/Blackburn-Rovers-Reading-December-17-2016-Championship,,e9afe29e
ENG-Championship,1617,2016-12-17 Bristol City-Preston North End,Championship,22,Sat,2016-12-17,15:00,Bristol City,1–2,Preston North End,18619,Ashton Gate Stadium,Simon Hooper,/en/matches/b0be5d1d/Bristol-City-Preston-North-End-December-17-2016-Championship,,b0be5d1d
ENG-Championship,1617,2016-12-17 Burton Albion-Newcastle United,Championship,22,Sat,2016-12-17,15:00,Burton Albion,1–2,Newcastle United,6665,Pirelli Stadium,Lee Probert,/en/matches/19bd0c09/Burton-Albion-Newcastle-United-December-17-2016-Championship,,19bd0c09
ENG-Championship,1617,2016-12-17 Cardiff City-Barnsley,Championship,22,Sat,2016-12-17,15:00,Cardiff City,3–4,Barnsley,14754,Cardiff City Stadium,Tony Harrington,/en/matches/6dc57148/Cardiff-City-Barnsley-December-17-2016-Championship,,6dc57148
ENG-Championship,1617,2016-12-17 Fulham-Derby County,Championship,22,Sat,2016-12-17,15:00,Fulham,2–2,Derby County,18748,Craven Cottage,Andy Woolmer,/en/matches/ef95a281/Fulham-Derby-County-December-17-2016-Championship,,ef95a281
ENG-Championship,1617,2016-12-17 Leeds United-Brentford,Championship,22,Sat,2016-12-17,15:00,Leeds United,1–0,Brentford,25134,Elland Road,Darren Bond,/en/matches/5756a2bb/Leeds-United-Brentford-December-17-2016-Championship,,5756a2bb
ENG-Championship,1617,2016-12-17 Nottingham Forest-Wolves,Championship,22,Sat,2016-12-17,15:00,Nottingham Forest,0–2,Wolves,19037,The City Ground,Graham Scott,/en/matches/856efa68/Nottingham-Forest-Wolverhampton-Wanderers-December-17-2016-Championship,,856efa68
ENG-Championship,1617,2016-12-17 Sheffield Weds-Rotherham United,Championship,22,Sat,2016-12-17,15:00,Sheffield Weds,1–0,Rotherham United,27242,Hillsborough Stadium,Tim Robinson,/en/matches/5b3bdbe3/Sheffield-Wednesday-Rotherham-United-December-17-2016-Championship,,5b3bdbe3
ENG-Championship,1617,2016-12-17 Wigan Athletic-Ipswich Town,Championship,22,Sat,2016-12-17,15:00,Wigan Athletic,2–3,Ipswich Town,10071,The DW Stadium,Keith Stroud,/en/matches/f6d7fe04/Wigan-Athletic-Ipswich-Town-December-17-2016-Championship,,f6d7fe04
ENG-Championship,1617,2016-12-18 QPR-Aston Villa,Championship,22,Sun,2016-12-18,12:00,QPR,0–1,Aston Villa,16285,Loftus Road Stadium,Geoff Eltringham,/en/matches/19703752/Queens-Park-Rangers-Aston-Villa-December-18-2016-Championship,,19703752
ENG-Championship,1617,2016-12-26 Aston Villa-Burton Albion,Championship,23,Mon,2016-12-26,15:00,Aston Villa,2–1,Burton Albion,41337,Villa Park,Steve Martin,/en/matches/81192aed/Aston-Villa-Burton-Albion-December-26-2016-Championship,,81192aed
ENG-Championship,1617,2016-12-26 Barnsley-Blackburn Rovers,Championship,23,Mon,2016-12-26,15:00,Barnsley,2–0,Blackburn Rovers,14192,Oakwell Stadium,Andy Madley,/en/matches/c5e0f78c/Barnsley-Blackburn-Rovers-December-26-2016-Championship,,c5e0f78c
ENG-Championship,1617,2016-12-26 Brentford-Cardiff City,Championship,23,Mon,2016-12-26,13:00,Brentford,2–2,Cardiff City,11098,Griffin Park,Simon Hooper,/en/matches/28309266/Brentford-Cardiff-City-December-26-2016-Championship,,28309266
ENG-Championship,1617,2016-12-26 Huddersfield Town-Nottingham Forest,Championship,23,Mon,2016-12-26,15:00,Huddersfield Town,2–1,Nottingham Forest,22100,The John Smith's Stadium,Chris Kavanagh,/en/matches/253cc593/Huddersfield-Town-Nottingham-Forest-December-26-2016-Championship,,253cc593
ENG-Championship,1617,2016-12-26 Ipswich Town-Fulham,Championship,23,Mon,2016-12-26,15:00,Ipswich Town,0–2,Fulham,19723,Portman Road Stadium,Oliver Langford,/en/matches/b2152f13/Ipswich-Town-Fulham-December-26-2016-Championship,,b2152f13
ENG-Championship,1617,2016-12-26 Newcastle United-Sheffield Weds,Championship,23,Mon,2016-12-26,19:45,Newcastle United,0–1,Sheffield Weds,52179,St. James' Park,Paul Tierney,/en/matches/7f658aaa/Newcastle-United-Sheffield-Wednesday-December-26-2016-Championship,,7f658aaa
ENG-Championship,1617,2016-12-26 Preston North End-Leeds United,Championship,23,Mon,2016-12-26,15:00,Preston North End,1–4,Leeds United,21255,Deepdale Stadium,Jeremy Simpson,/en/matches/3985606d/Preston-North-End-Leeds-United-December-26-2016-Championship,,3985606d
ENG-Championship,1617,2016-12-26 Reading-Norwich City,Championship,23,Mon,2016-12-26,15:00,Reading,3–1,Norwich City,21180,Madejski Stadium,Andrew Davies,/en/matches/ddd66cfe/Reading-Norwich-City-December-26-2016-Championship,,ddd66cfe
ENG-Championship,1617,2016-12-26 Rotherham United-Wigan Athletic,Championship,23,Mon,2016-12-26,15:00,Rotherham United,3–2,Wigan Athletic,10158,New York Stadium,David Coote,/en/matches/3cb35a7f/Rotherham-United-Wigan-Athletic-December-26-2016-Championship,,3cb35a7f
ENG-Championship,1617,2016-12-26 Wolves-Bristol City,Championship,23,Mon,2016-12-26,15:00,Wolves,3–2,Bristol City,24669,Molineux Stadium,James Adcock,/en/matches/27145dba/Wolverhampton-Wanderers-Bristol-City-December-26-2016-Championship,,27145dba
ENG-Championship,1617,2016-12-27 Brighton-QPR,Championship,23,Tue,2016-12-27,12:30,Brighton,3–0,QPR,30176,The American Express Community Stadium,Keith Stroud,/en/matches/da04d0e9/Brighton-and-Hove-Albion-Queens-Park-Rangers-December-27-2016-Championship,,da04d0e9
ENG-Championship,1617,2016-12-27 Derby County-Birmingham City,Championship,23,Tue,2016-12-27,15:00,Derby County,1–0,Birmingham City,32616,iPro Stadium,Graham Scott,/en/matches/04b44613/Derby-County-Birmingham-City-December-27-2016-Championship,,04b44613
ENG-Championship,1617,2016-12-29 Aston Villa-Leeds United,Championship,24,Thu,2016-12-29,19:45,Aston Villa,1–1,Leeds United,37078,Villa Park,Roger East,/en/matches/35cda6b2/Aston-Villa-Leeds-United-December-29-2016-Championship,,35cda6b2
ENG-Championship,1617,2016-12-29 Rotherham United-Burton Albion,Championship,24,Thu,2016-12-29,19:45,Rotherham United,1–2,Burton Albion,9806,New York Stadium,Tony Harrington,/en/matches/4a62b50e/Rotherham-United-Burton-Albion-December-29-2016-Championship,,4a62b50e
ENG-Championship,1617,2016-12-30 Ipswich Town-Bristol City,Championship,24,Fri,2016-12-30,19:45,Ipswich Town,2–1,Bristol City,15640,Portman Road Stadium,David Coote,/en/matches/4000a9eb/Ipswich-Town-Bristol-City-December-30-2016-Championship,,4000a9eb
ENG-Championship,1617,2016-12-30 Newcastle United-Nottingham Forest,Championship,24,Fri,2016-12-30,19:45,Newcastle United,3–1,Nottingham Forest,52228,St. James' Park,Keith Stroud,/en/matches/1076ef9e/Newcastle-United-Nottingham-Forest-December-30-2016-Championship,,1076ef9e
ENG-Championship,1617,2016-12-31 Barnsley-Birmingham City,Championship,24,Sat,2016-12-31,15:00,Barnsley,2–2,Birmingham City,13397,Oakwell Stadium,Scott Duncan,/en/matches/1f27cc67/Barnsley-Birmingham-City-December-31-2016-Championship,,1f27cc67
ENG-Championship,1617,2016-12-31 Brentford-Norwich City,Championship,24,Sat,2016-12-31,17:30,Brentford,0–0,Norwich City,9377,Griffin Park,Oliver Langford,/en/matches/719487d7/Brentford-Norwich-City-December-31-2016-Championship,,719487d7
ENG-Championship,1617,2016-12-31 Derby County-Wigan Athletic,Championship,24,Sat,2016-12-31,15:00,Derby County,0–0,Wigan Athletic,28289,iPro Stadium,Geoff Eltringham,/en/matches/0801f3f1/Derby-County-Wigan-Athletic-December-31-2016-Championship,,0801f3f1
ENG-Championship,1617,2016-12-31 Huddersfield Town-Blackburn Rovers,Championship,24,Sat,2016-12-31,12:30,Huddersfield Town,1–1,Blackburn Rovers,21311,The John Smith's Stadium,Darren Bond,/en/matches/c130baea/Huddersfield-Town-Blackburn-Rovers-December-31-2016-Championship,,c130baea
ENG-Championship,1617,2016-12-31 Preston North End-Sheffield Weds,Championship,24,Sat,2016-12-31,15:00,Preston North End,1–1,Sheffield Weds,14802,Deepdale Stadium,Andy Woolmer,/en/matches/a1c58f85/Preston-North-End-Sheffield-Wednesday-December-31-2016-Championship,,a1c58f85
ENG-Championship,1617,2016-12-31 Wolves-QPR,Championship,24,Sat,2016-12-31,15:00,Wolves,1–2,QPR,21132,Molineux Stadium,Lee Probert,/en/matches/8cbf24a4/Wolverhampton-Wanderers-Queens-Park-Rangers-December-31-2016-Championship,,8cbf24a4
ENG-Championship,1617,2017-01-02 Birmingham City-Brentford,Championship,25,Mon,2017-01-02,15:00,Birmingham City,1–3,Brentford,18030,St Andrew's Trillion Trophy Stadium,James Adcock,/en/matches/95843eed/Birmingham-City-Brentford-January-2-2017-Championship,,95843eed
ENG-Championship,1617,2017-01-02 Blackburn Rovers-Newcastle United,Championship,25,Mon,2017-01-02,15:00,Blackburn Rovers,1–0,Newcastle United,18524,Ewood Park,Andy Woolmer,/en/matches/71590115/Blackburn-Rovers-Newcastle-United-January-2-2017-Championship,,71590115
ENG-Championship,1617,2017-01-02 Bristol City-Reading,Championship,25,Mon,2017-01-02,15:00,Bristol City,2–3,Reading,20074,Ashton Gate Stadium,Roger East,/en/matches/96e35d57/Bristol-City-Reading-January-2-2017-Championship,,96e35d57
ENG-Championship,1617,2017-01-02 Burton Albion-Preston North End,Championship,25,Mon,2017-01-02,15:00,Burton Albion,0–1,Preston North End,5144,Pirelli Stadium,Oliver Langford,/en/matches/274f23dd/Burton-Albion-Preston-North-End-January-2-2017-Championship,,274f23dd
ENG-Championship,1617,2017-01-02 Cardiff City-Aston Villa,Championship,25,Mon,2017-01-02,15:00,Cardiff City,1–0,Aston Villa,21391,Cardiff City Stadium,Andrew Davies,/en/matches/9ad96f00/Cardiff-City-Aston-Villa-January-2-2017-Championship,,9ad96f00
ENG-Championship,1617,2017-01-02 Fulham-Brighton,Championship,25,Mon,2017-01-02,15:00,Fulham,1–2,Brighton,24300,Craven Cottage,Stuart Attwell,/en/matches/5f7756ba/Fulham-Brighton-and-Hove-Albion-January-2-2017-Championship,,5f7756ba
ENG-Championship,1617,2017-01-02 Leeds United-Rotherham United,Championship,25,Mon,2017-01-02,15:00,Leeds United,3–0,Rotherham United,33397,Elland Road,Steve Martin,/en/matches/f0afd9aa/Leeds-United-Rotherham-United-January-2-2017-Championship,,f0afd9aa
ENG-Championship,1617,2017-01-02 Norwich City-Derby County,Championship,25,Mon,2017-01-02,15:00,Norwich City,3–0,Derby County,26422,Carrow Road,Darren Bond,/en/matches/a91a01b3/Norwich-City-Derby-County-January-2-2017-Championship,,a91a01b3
ENG-Championship,1617,2017-01-02 Nottingham Forest-Barnsley,Championship,25,Mon,2017-01-02,15:00,Nottingham Forest,0–1,Barnsley,22105,The City Ground,James Linington,/en/matches/0954cc9a/Nottingham-Forest-Barnsley-January-2-2017-Championship,,0954cc9a
ENG-Championship,1617,2017-01-02 QPR-Ipswich Town,Championship,25,Mon,2017-01-02,15:00,QPR,2–1,Ipswich Town,15136,Loftus Road Stadium,Tony Harrington,/en/matches/87548c47/Queens-Park-Rangers-Ipswich-Town-January-2-2017-Championship,,87548c47
ENG-Championship,1617,2017-01-02 Sheffield Weds-Wolves,Championship,25,Mon,2017-01-02,15:00,Sheffield Weds,0–0,Wolves,30549,Hillsborough Stadium,Simon Hooper,/en/matches/9e7e0275/Sheffield-Wednesday-Wolverhampton-Wanderers-January-2-2017-Championship,,9e7e0275
ENG-Championship,1617,2017-01-02 Wigan Athletic-Huddersfield Town,Championship,25,Mon,2017-01-02,15:00,Wigan Athletic,0–1,Huddersfield Town,13480,The DW Stadium,Jeremy Simpson,/en/matches/8278bc56/Wigan-Athletic-Huddersfield-Town-January-2-2017-Championship,,8278bc56
ENG-Championship,1617,2017-01-12 Reading-QPR,Championship,26,Thu,2017-01-12,20:00,Reading,0–1,QPR,12655,Madejski Stadium,Oliver Langford,/en/matches/6fa4e4e1/Reading-Queens-Park-Rangers-January-12-2017-Championship,,6fa4e4e1
ENG-Championship,1617,2017-01-13 Leeds United-Derby County,Championship,26,Fri,2017-01-13,19:45,Leeds United,1–0,Derby County,25546,Elland Road,Scott Duncan,/en/matches/7863a7ba/Leeds-United-Derby-County-January-13-2017-Championship,,7863a7ba
ENG-Championship,1617,2017-01-14 Birmingham City-Nottingham Forest,Championship,26,Sat,2017-01-14,15:00,Birmingham City,0–0,Nottingham Forest,18041,St Andrew's Trillion Trophy Stadium,Peter Bankes,/en/matches/bbda3795/Birmingham-City-Nottingham-Forest-January-14-2017-Championship,,bbda3795
ENG-Championship,1617,2017-01-14 Brentford-Newcastle United,Championship,26,Sat,2017-01-14,15:00,Brentford,1–2,Newcastle United,11435,Griffin Park,Chris Kavanagh,/en/matches/00b6fd17/Brentford-Newcastle-United-January-14-2017-Championship,,00b6fd17
ENG-Championship,1617,2017-01-14 Bristol City-Cardiff City,Championship,26,Sat,2017-01-14,12:00,Bristol City,2–3,Cardiff City,19452,Ashton Gate Stadium,Craig Pawson,/en/matches/0132f2bc/Bristol-City-Cardiff-City-January-14-2017-Championship,,0132f2bc
ENG-Championship,1617,2017-01-14 Burton Albion-Wigan Athletic,Championship,26,Sat,2017-01-14,15:00,Burton Albion,0–2,Wigan Athletic,4411,Pirelli Stadium,Andy Madley,/en/matches/b3af4961/Burton-Albion-Wigan-Athletic-January-14-2017-Championship,,b3af4961
ENG-Championship,1617,2017-01-14 Fulham-Barnsley,Championship,26,Sat,2017-01-14,15:00,Fulham,2–0,Barnsley,18010,Craven Cottage,Andrew Davies,/en/matches/3c47825c/Fulham-Barnsley-January-14-2017-Championship,,3c47825c
ENG-Championship,1617,2017-01-14 Ipswich Town-Blackburn Rovers,Championship,26,Sat,2017-01-14,15:00,Ipswich Town,3–2,Blackburn Rovers,15009,Portman Road Stadium,James Linington,/en/matches/31ffcda6/Ipswich-Town-Blackburn-Rovers-January-14-2017-Championship,,31ffcda6
ENG-Championship,1617,2017-01-14 Preston North End-Brighton,Championship,26,Sat,2017-01-14,15:00,Preston North End,2–0,Brighton,11391,Deepdale Stadium,Simon Hooper,/en/matches/62f0fbd1/Preston-North-End-Brighton-and-Hove-Albion-January-14-2017-Championship,,62f0fbd1
ENG-Championship,1617,2017-01-14 Rotherham United-Norwich City,Championship,26,Sat,2017-01-14,15:00,Rotherham United,2–1,Norwich City,10000,New York Stadium,Geoff Eltringham,/en/matches/e0a73f2e/Rotherham-United-Norwich-City-January-14-2017-Championship,,e0a73f2e
ENG-Championship,1617,2017-01-14 Sheffield Weds-Huddersfield Town,Championship,26,Sat,2017-01-14,15:00,Sheffield Weds,2–0,Huddersfield Town,28173,Hillsborough Stadium,Graham Scott,/en/matches/01ef3b80/Sheffield-Wednesday-Huddersfield-Town-January-14-2017-Championship,,01ef3b80
ENG-Championship,1617,2017-01-14 Wolves-Aston Villa,Championship,26,Sat,2017-01-14,17:30,Wolves,1–0,Aston Villa,27255,Molineux Stadium,Tony Harrington,/en/matches/b45ed681/Wolverhampton-Wanderers-Aston-Villa-January-14-2017-Championship,,b45ed681
ENG-Championship,1617,2017-01-20 Brighton-Sheffield Weds,Championship,27,Fri,2017-01-20,19:45,Brighton,2–1,Sheffield Weds,27162,The American Express Community Stadium,Stuart Attwell,/en/matches/0bacad1b/Brighton-and-Hove-Albion-Sheffield-Wednesday-January-20-2017-Championship,,0bacad1b
ENG-Championship,1617,2017-01-21 Aston Villa-Preston North End,Championship,27,Sat,2017-01-21,15:00,Aston Villa,2–2,Preston North End,32415,Villa Park,Andy Madley,/en/matches/15b94b8f/Aston-Villa-Preston-North-End-January-21-2017-Championship,,15b94b8f
ENG-Championship,1617,2017-01-21 Barnsley-Leeds United,Championship,27,Sat,2017-01-21,17:30,Barnsley,3–2,Leeds United,17817,Oakwell Stadium,Mike Dean,/en/matches/d0f77273/Barnsley-Leeds-United-January-21-2017-Championship,,d0f77273
ENG-Championship,1617,2017-01-21 Blackburn Rovers-Birmingham City,Championship,27,Sat,2017-01-21,15:00,Blackburn Rovers,1–1,Birmingham City,12035,Ewood Park,Steve Martin,/en/matches/4fde205a/Blackburn-Rovers-Birmingham-City-January-21-2017-Championship,,4fde205a
ENG-Championship,1617,2017-01-21 Cardiff City-Burton Albion,Championship,27,Sat,2017-01-21,15:00,Cardiff City,1–0,Burton Albion,15543,Cardiff City Stadium,Tim Robinson,/en/matches/461e4763/Cardiff-City-Burton-Albion-January-21-2017-Championship,,461e4763
ENG-Championship,1617,2017-01-21 Derby County-Reading,Championship,27,Sat,2017-01-21,15:00,Derby County,3–2,Reading,28393,iPro Stadium,Peter Bankes,/en/matches/98ada2a4/Derby-County-Reading-January-21-2017-Championship,,98ada2a4
ENG-Championship,1617,2017-01-21 Huddersfield Town-Ipswich Town,Championship,27,Sat,2017-01-21,15:00,Huddersfield Town,2–0,Ipswich Town,19113,The John Smith's Stadium,Andrew Davies,/en/matches/bb38fde9/Huddersfield-Town-Ipswich-Town-January-21-2017-Championship,,bb38fde9
ENG-Championship,1617,2017-01-21 Newcastle United-Rotherham United,Championship,27,Sat,2017-01-21,15:00,Newcastle United,4–0,Rotherham United,52208,St. James' Park,Jeremy Simpson,/en/matches/bf824a56/Newcastle-United-Rotherham-United-January-21-2017-Championship,,bf824a56
ENG-Championship,1617,2017-01-21 Norwich City-Wolves,Championship,27,Sat,2017-01-21,15:00,Norwich City,3–1,Wolves,26303,Carrow Road,David Coote,/en/matches/200758b1/Norwich-City-Wolverhampton-Wanderers-January-21-2017-Championship,,200758b1
ENG-Championship,1617,2017-01-21 Nottingham Forest-Bristol City,Championship,27,Sat,2017-01-21,15:00,Nottingham Forest,1–0,Bristol City,17418,The City Ground,Darren Bond,/en/matches/ffedacba/Nottingham-Forest-Bristol-City-January-21-2017-Championship,,ffedacba
ENG-Championship,1617,2017-01-21 QPR-Fulham,Championship,27,Sat,2017-01-21,12:30,QPR,1–1,Fulham,17025,Loftus Road Stadium,Keith Stroud,/en/matches/936e412f/Queens-Park-Rangers-Fulham-January-21-2017-Championship,,936e412f
ENG-Championship,1617,2017-01-21 Wigan Athletic-Brentford,Championship,27,Sat,2017-01-21,15:00,Wigan Athletic,2–1,Brentford,10244,The DW Stadium,James Adcock,/en/matches/2a9e5c27/Wigan-Athletic-Brentford-January-21-2017-Championship,,2a9e5c27
ENG-Championship,1617,2017-01-24 Brighton-Cardiff City,Championship,24,Tue,2017-01-24,19:45,Brighton,1–0,Cardiff City,26688,The American Express Community Stadium,Chris Kavanagh,/en/matches/a4d6efc6/Brighton-and-Hove-Albion-Cardiff-City-January-24-2017-Championship,,a4d6efc6
ENG-Championship,1617,2017-01-24 Reading-Fulham,Championship,24,Tue,2017-01-24,20:00,Reading,1–0,Fulham,16012,Madejski Stadium,Steve Martin,/en/matches/6df07a4f/Reading-Fulham-January-24-2017-Championship,,6df07a4f
ENG-Championship,1617,2017-01-25 Leeds United-Nottingham Forest,Championship,28,Wed,2017-01-25,19:45,Leeds United,2–0,Nottingham Forest,24838,Elland Road,Tony Harrington,/en/matches/e67c453c/Leeds-United-Nottingham-Forest-January-25-2017-Championship,,e67c453c
ENG-Championship,1617,2017-01-28 Norwich City-Birmingham City,Championship,28,Sat,2017-01-28,15:00,Norwich City,2–0,Birmingham City,25678,Carrow Road,Simon Hooper,/en/matches/a5db1a11/Norwich-City-Birmingham-City-January-28-2017-Championship,,a5db1a11
ENG-Championship,1617,2017-01-28 Preston North End-Ipswich Town,Championship,28,Sat,2017-01-28,15:00,Preston North End,1–1,Ipswich Town,10656,Deepdale Stadium,Steve Martin,/en/matches/64670409/Preston-North-End-Ipswich-Town-January-28-2017-Championship,,64670409
ENG-Championship,1617,2017-01-28 QPR-Burton Albion,Championship,32,Sat,2017-01-28,15:00,QPR,1–2,Burton Albion,12116,Loftus Road Stadium,Geoff Eltringham,/en/matches/421e28ee/Queens-Park-Rangers-Burton-Albion-January-28-2017-Championship,,421e28ee
ENG-Championship,1617,2017-01-28 Reading-Cardiff City,Championship,28,Sat,2017-01-28,15:00,Reading,2–1,Cardiff City,18558,Madejski Stadium,James Adcock,/en/matches/0ed89421/Reading-Cardiff-City-January-28-2017-Championship,,0ed89421
ENG-Championship,1617,2017-01-28 Rotherham United-Barnsley,Championship,28,Sat,2017-01-28,15:00,Rotherham United,0–1,Barnsley,11050,New York Stadium,Keith Stroud,/en/matches/b56c8303/Rotherham-United-Barnsley-January-28-2017-Championship,,b56c8303
ENG-Championship,1617,2017-01-31 Barnsley-Wolves,Championship,29,Tue,2017-01-31,19:45,Barnsley,1–3,Wolves,11808,Oakwell Stadium,Chris Kavanagh,/en/matches/dc00a4c8/Barnsley-Wolverhampton-Wanderers-January-31-2017-Championship,,dc00a4c8
ENG-Championship,1617,2017-01-31 Birmingham City-Reading,Championship,29,Tue,2017-01-31,19:45,Birmingham City,0–1,Reading,16672,St Andrew's Trillion Trophy Stadium,Jeremy Simpson,/en/matches/afdcdaa9/Birmingham-City-Reading-January-31-2017-Championship,,afdcdaa9
ENG-Championship,1617,2017-01-31 Brentford-Aston Villa,Championship,29,Tue,2017-01-31,19:45,Brentford,3–0,Aston Villa,10016,Griffin Park,David Coote,/en/matches/63bba570/Brentford-Aston-Villa-January-31-2017-Championship,,63bba570
ENG-Championship,1617,2017-01-31 Bristol City-Sheffield Weds,Championship,29,Tue,2017-01-31,19:45,Bristol City,2–2,Sheffield Weds,17438,Ashton Gate Stadium,Oliver Langford,/en/matches/d086c151/Bristol-City-Sheffield-Wednesday-January-31-2017-Championship,,d086c151
ENG-Championship,1617,2017-01-31 Cardiff City-Preston North End,Championship,29,Tue,2017-01-31,19:45,Cardiff City,2–0,Preston North End,13894,Cardiff City Stadium,Graham Scott,/en/matches/e7913ab1/Cardiff-City-Preston-North-End-January-31-2017-Championship,,e7913ab1
ENG-Championship,1617,2017-01-31 Ipswich Town-Derby County,Championship,29,Tue,2017-01-31,19:45,Ipswich Town,0–3,Derby County,14719,Portman Road Stadium,Andy Madley,/en/matches/2efb1561/Ipswich-Town-Derby-County-January-31-2017-Championship,,2efb1561
ENG-Championship,1617,2017-01-31 Nottingham Forest-Rotherham United,Championship,29,Tue,2017-01-31,19:45,Nottingham Forest,2–0,Rotherham United,15770,The City Ground,Simon Hooper,/en/matches/281bbfb4/Nottingham-Forest-Rotherham-United-January-31-2017-Championship,,281bbfb4
ENG-Championship,1617,2017-02-01 Blackburn Rovers-Leeds United,Championship,29,Wed,2017-02-01,19:45,Blackburn Rovers,1–2,Leeds United,17026,Ewood Park,Geoff Eltringham,/en/matches/960958ca/Blackburn-Rovers-Leeds-United-February-1-2017-Championship,,960958ca
ENG-Championship,1617,2017-02-01 Burton Albion-Fulham,Championship,29,Wed,2017-02-01,19:45,Burton Albion,0–2,Fulham,3725,Pirelli Stadium,Tony Harrington,/en/matches/89450f8a/Burton-Albion-Fulham-February-1-2017-Championship,,89450f8a
ENG-Championship,1617,2017-02-01 Newcastle United-QPR,Championship,29,Wed,2017-02-01,19:45,Newcastle United,2–2,QPR,47907,St. James' Park,Tim Robinson,/en/matches/459dea2d/Newcastle-United-Queens-Park-Rangers-February-1-2017-Championship,,459dea2d
ENG-Championship,1617,2017-02-02 Huddersfield Town-Brighton,Championship,29,Thu,2017-02-02,19:45,Huddersfield Town,3–1,Brighton,20104,The John Smith's Stadium,James Linington,/en/matches/59693d2f/Huddersfield-Town-Brighton-and-Hove-Albion-February-2-2017-Championship,,59693d2f
ENG-Championship,1617,2017-02-03 Wigan Athletic-Sheffield Weds,Championship,30,Fri,2017-02-03,19:45,Wigan Athletic,0–1,Sheffield Weds,13037,The DW Stadium,Steve Martin,/en/matches/5b99a13a/Wigan-Athletic-Sheffield-Wednesday-February-3-2017-Championship,,5b99a13a
ENG-Championship,1617,2017-02-04 Barnsley-Preston North End,Championship,30,Sat,2017-02-04,15:00,Barnsley,0–0,Preston North End,12590,Oakwell Stadium,Oliver Langford,/en/matches/fdd80fb5/Barnsley-Preston-North-End-February-4-2017-Championship,,fdd80fb5
ENG-Championship,1617,2017-02-04 Birmingham City-Fulham,Championship,30,Sat,2017-02-04,15:00,Birmingham City,1–0,Fulham,17426,St Andrew's Trillion Trophy Stadium,Andy Madley,/en/matches/4ba8548b/Birmingham-City-Fulham-February-4-2017-Championship,,4ba8548b
ENG-Championship,1617,2017-02-04 Blackburn Rovers-QPR,Championship,30,Sat,2017-02-04,15:00,Blackburn Rovers,1–0,QPR,10846,Ewood Park,Tony Harrington,/en/matches/f9ee6578/Blackburn-Rovers-Queens-Park-Rangers-February-4-2017-Championship,,f9ee6578
ENG-Championship,1617,2017-02-04 Bristol City-Rotherham United,Championship,30,Sat,2017-02-04,15:00,Bristol City,1–0,Rotherham United,18737,Ashton Gate Stadium,Peter Bankes,/en/matches/680d7d05/Bristol-City-Rotherham-United-February-4-2017-Championship,,680d7d05
ENG-Championship,1617,2017-02-04 Burton Albion-Wolves,Championship,30,Sat,2017-02-04,15:00,Burton Albion,2–1,Wolves,5608,Pirelli Stadium,Keith Stroud,/en/matches/1c729869/Burton-Albion-Wolverhampton-Wanderers-February-4-2017-Championship,,1c729869
ENG-Championship,1617,2017-02-04 Cardiff City-Norwich City,Championship,30,Sat,2017-02-04,15:00,Cardiff City,0–1,Norwich City,15901,Cardiff City Stadium,Chris Kavanagh,/en/matches/db49ed36/Cardiff-City-Norwich-City-February-4-2017-Championship,,db49ed36
ENG-Championship,1617,2017-02-04 Ipswich Town-Reading,Championship,30,Sat,2017-02-04,15:00,Ipswich Town,2–2,Reading,15091,Portman Road Stadium,Geoff Eltringham,/en/matches/d855d934/Ipswich-Town-Reading-February-4-2017-Championship,,d855d934
ENG-Championship,1617,2017-02-04 Newcastle United-Derby County,Championship,30,Sat,2017-02-04,15:00,Newcastle United,1–0,Derby County,52231,St. James' Park,Darren Bond,/en/matches/4965a005/Newcastle-United-Derby-County-February-4-2017-Championship,,4965a005
ENG-Championship,1617,2017-02-04 Nottingham Forest-Aston Villa,Championship,30,Sat,2017-02-04,17:30,Nottingham Forest,2–1,Aston Villa,19866,The City Ground,Paul Tierney,/en/matches/6935695a/Nottingham-Forest-Aston-Villa-February-4-2017-Championship,,6935695a
ENG-Championship,1617,2017-02-05 Brentford-Brighton,Championship,30,Sun,2017-02-05,15:00,Brentford,3–3,Brighton,10433,Griffin Park,Jeremy Simpson,/en/matches/0a73e070/Brentford-Brighton-and-Hove-Albion-February-5-2017-Championship,,0a73e070
ENG-Championship,1617,2017-02-05 Huddersfield Town-Leeds United,Championship,30,Sun,2017-02-05,12:00,Huddersfield Town,2–1,Leeds United,22400,The John Smith's Stadium,Simon Hooper,/en/matches/bedc9511/Huddersfield-Town-Leeds-United-February-5-2017-Championship,,bedc9511
ENG-Championship,1617,2017-02-07 Wigan Athletic-Norwich City,Championship,29,Tue,2017-02-07,19:45,Wigan Athletic,2–2,Norwich City,10193,The DW Stadium,Peter Bankes,/en/matches/3fdd63d4/Wigan-Athletic-Norwich-City-February-7-2017-Championship,,3fdd63d4
ENG-Championship,1617,2017-02-10 Sheffield Weds-Birmingham City,Championship,31,Fri,2017-02-10,19:45,Sheffield Weds,3–0,Birmingham City,24805,Hillsborough Stadium,Chris Kavanagh,/en/matches/bbd51fe9/Sheffield-Wednesday-Birmingham-City-February-10-2017-Championship,,bbd51fe9
ENG-Championship,1617,2017-02-11 Aston Villa-Ipswich Town,Championship,31,Sat,2017-02-11,15:00,Aston Villa,0–1,Ipswich Town,30796,Villa Park,Tim Robinson,/en/matches/2845d97d/Aston-Villa-Ipswich-Town-February-11-2017-Championship,,2845d97d
ENG-Championship,1617,2017-02-11 Brighton-Burton Albion,Championship,31,Sat,2017-02-11,15:00,Brighton,4–1,Burton Albion,29464,The American Express Community Stadium,Steve Martin,/en/matches/16d0bab3/Brighton-and-Hove-Albion-Burton-Albion-February-11-2017-Championship,,16d0bab3
ENG-Championship,1617,2017-02-11 Derby County-Bristol City,Championship,31,Sat,2017-02-11,15:00,Derby County,3–3,Bristol City,28043,iPro Stadium,Andrew Davies,/en/matches/5945c0ab/Derby-County-Bristol-City-February-11-2017-Championship,,5945c0ab
ENG-Championship,1617,2017-02-11 Fulham-Wigan Athletic,Championship,31,Sat,2017-02-11,15:00,Fulham,3–2,Wigan Athletic,15552,Craven Cottage,David Coote,/en/matches/d3fc0246/Fulham-Wigan-Athletic-February-11-2017-Championship,,d3fc0246
ENG-Championship,1617,2017-02-11 Leeds United-Cardiff City,Championship,31,Sat,2017-02-11,15:00,Leeds United,0–2,Cardiff City,31516,Elland Road,James Linington,/en/matches/1e3fa348/Leeds-United-Cardiff-City-February-11-2017-Championship,,1e3fa348
ENG-Championship,1617,2017-02-11 Norwich City-Nottingham Forest,Championship,31,Sat,2017-02-11,15:00,Norwich City,5–1,Nottingham Forest,26831,Carrow Road,Scott Duncan,/en/matches/bf017949/Norwich-City-Nottingham-Forest-February-11-2017-Championship,,bf017949
ENG-Championship,1617,2017-02-11 Preston North End-Brentford,Championship,31,Sat,2017-02-11,15:00,Preston North End,4–2,Brentford,10130,Deepdale Stadium,Tony Harrington,/en/matches/55a3f5f0/Preston-North-End-Brentford-February-11-2017-Championship,,55a3f5f0
ENG-Championship,1617,2017-02-11 QPR-Huddersfield Town,Championship,31,Sat,2017-02-11,15:00,QPR,1–2,Huddersfield Town,14044,Loftus Road Stadium,Peter Bankes,/en/matches/05b9adc0/Queens-Park-Rangers-Huddersfield-Town-February-11-2017-Championship,,05b9adc0
ENG-Championship,1617,2017-02-11 Reading-Barnsley,Championship,31,Sat,2017-02-11,15:00,Reading,0–0,Barnsley,16222,Madejski Stadium,Darren Bond,/en/matches/7f0fb925/Reading-Barnsley-February-11-2017-Championship,,7f0fb925
ENG-Championship,1617,2017-02-11 Rotherham United-Blackburn Rovers,Championship,31,Sat,2017-02-11,15:00,Rotherham United,1–1,Blackburn Rovers,9438,New York Stadium,Oliver Langford,/en/matches/c924b502/Rotherham-United-Blackburn-Rovers-February-11-2017-Championship,,c924b502
ENG-Championship,1617,2017-02-11 Wolves-Newcastle United,Championship,31,Sat,2017-02-11,17:30,Wolves,0–1,Newcastle United,24876,Molineux Stadium,Craig Pawson,/en/matches/150ff5d7/Wolverhampton-Wanderers-Newcastle-United-February-11-2017-Championship,,150ff5d7
ENG-Championship,1617,2017-02-14 Aston Villa-Barnsley,Championship,32,Tue,2017-02-14,19:45,Aston Villa,1–3,Barnsley,26435,Villa Park,Geoff Eltringham,/en/matches/257df530/Aston-Villa-Barnsley-February-14-2017-Championship,,257df530
ENG-Championship,1617,2017-02-14 Brighton-Ipswich Town,Championship,32,Tue,2017-02-14,19:45,Brighton,1–1,Ipswich Town,26360,The American Express Community Stadium,Roger East,/en/matches/5c902ad9/Brighton-and-Hove-Albion-Ipswich-Town-February-14-2017-Championship,,5c902ad9
ENG-Championship,1617,2017-02-14 Derby County-Cardiff City,Championship,32,Tue,2017-02-14,19:45,Derby County,3–4,Cardiff City,26541,iPro Stadium,Steve Martin,/en/matches/26cd3aa7/Derby-County-Cardiff-City-February-14-2017-Championship,,26cd3aa7
ENG-Championship,1617,2017-02-14 Fulham-Nottingham Forest,Championship,32,Tue,2017-02-14,19:45,Fulham,3–2,Nottingham Forest,15365,Craven Cottage,James Linington,/en/matches/eb6e791b/Fulham-Nottingham-Forest-February-14-2017-Championship,,eb6e791b
ENG-Championship,1617,2017-02-14 Leeds United-Bristol City,Championship,32,Tue,2017-02-14,19:45,Leeds United,2–1,Bristol City,22402,Elland Road,Jeremy Simpson,/en/matches/4565b35b/Leeds-United-Bristol-City-February-14-2017-Championship,,4565b35b
ENG-Championship,1617,2017-02-14 Norwich City-Newcastle United,Championship,32,Tue,2017-02-14,19:45,Norwich City,2–2,Newcastle United,26841,Carrow Road,Andy Madley,/en/matches/1aae6f64/Norwich-City-Newcastle-United-February-14-2017-Championship,,1aae6f64
ENG-Championship,1617,2017-02-14 Preston North End-Birmingham City,Championship,32,Tue,2017-02-14,19:45,Preston North End,2–1,Birmingham City,10233,Deepdale Stadium,Tim Robinson,/en/matches/52e7736b/Preston-North-End-Birmingham-City-February-14-2017-Championship,,52e7736b
ENG-Championship,1617,2017-02-14 Reading-Brentford,Championship,32,Tue,2017-02-14,20:00,Reading,3–2,Brentford,15710,Madejski Stadium,Keith Stroud,/en/matches/8e22d695/Reading-Brentford-February-14-2017-Championship,,8e22d695
ENG-Championship,1617,2017-02-14 Rotherham United-Huddersfield Town,Championship,32,Tue,2017-02-14,19:45,Rotherham United,2–3,Huddersfield Town,10114,New York Stadium,Stuart Attwell,/en/matches/b8e5e9b2/Rotherham-United-Huddersfield-Town-February-14-2017-Championship,,b8e5e9b2
ENG-Championship,1617,2017-02-14 Sheffield Weds-Blackburn Rovers,Championship,32,Tue,2017-02-14,19:45,Sheffield Weds,2–1,Blackburn Rovers,24603,Hillsborough Stadium,Scott Duncan,/en/matches/42ab6bad/Sheffield-Wednesday-Blackburn-Rovers-February-14-2017-Championship,,42ab6bad
ENG-Championship,1617,2017-02-14 Wolves-Wigan Athletic,Championship,32,Tue,2017-02-14,19:45,Wolves,0–1,Wigan Athletic,17156,Molineux Stadium,Simon Hooper,/en/matches/019c867b/Wolverhampton-Wanderers-Wigan-Athletic-February-14-2017-Championship,,019c867b
ENG-Championship,1617,2017-02-18 Barnsley-Brighton,Championship,33,Sat,2017-02-18,15:00,Barnsley,0–2,Brighton,12743,Oakwell Stadium,David Coote,/en/matches/3326c0ba/Barnsley-Brighton-and-Hove-Albion-February-18-2017-Championship,,3326c0ba
ENG-Championship,1617,2017-02-18 Birmingham City-QPR,Championship,33,Sat,2017-02-18,15:00,Birmingham City,1–4,QPR,20265,St Andrew's Trillion Trophy Stadium,Andrew Davies,/en/matches/26299bd5/Birmingham-City-Queens-Park-Rangers-February-18-2017-Championship,,26299bd5
ENG-Championship,1617,2017-02-18 Burton Albion-Norwich City,Championship,33,Sat,2017-02-18,15:00,Burton Albion,2–1,Norwich City,5263,Pirelli Stadium,Lee Probert,/en/matches/8424f72b/Burton-Albion-Norwich-City-February-18-2017-Championship,,8424f72b
ENG-Championship,1617,2017-02-18 Cardiff City-Rotherham United,Championship,33,Sat,2017-02-18,15:00,Cardiff City,5–0,Rotherham United,15650,Cardiff City Stadium,Jeremy Simpson,/en/matches/1777a165/Cardiff-City-Rotherham-United-February-18-2017-Championship,,1777a165
ENG-Championship,1617,2017-02-18 Ipswich Town-Leeds United,Championship,33,Sat,2017-02-18,15:00,Ipswich Town,1–1,Leeds United,18748,Portman Road Stadium,Keith Stroud,/en/matches/73e53f99/Ipswich-Town-Leeds-United-February-18-2017-Championship,,73e53f99
ENG-Championship,1617,2017-02-18 Nottingham Forest-Sheffield Weds,Championship,33,Sat,2017-02-18,15:00,Nottingham Forest,1–2,Sheffield Weds,20164,The City Ground,Andy Madley,/en/matches/91e5b276/Nottingham-Forest-Sheffield-Wednesday-February-18-2017-Championship,,91e5b276
ENG-Championship,1617,2017-02-18 Wigan Athletic-Preston North End,Championship,33,Sat,2017-02-18,15:00,Wigan Athletic,0–0,Preston North End,15117,The DW Stadium,Chris Kavanagh,/en/matches/71f73459/Wigan-Athletic-Preston-North-End-February-18-2017-Championship,,71f73459
ENG-Championship,1617,2017-02-20 Newcastle United-Aston Villa,Championship,33,Mon,2017-02-20,20:00,Newcastle United,2–0,Aston Villa,50024,St. James' Park,Peter Bankes,/en/matches/b58052f7/Newcastle-United-Aston-Villa-February-20-2017-Championship,,b58052f7
ENG-Championship,1617,2017-02-21 Derby County-Burton Albion,Championship,28,Tue,2017-02-21,19:45,Derby County,0–0,Burton Albion,31081,iPro Stadium,Simon Hooper,/en/matches/1fd58ea4/Derby-County-Burton-Albion-February-21-2017-Championship,,1fd58ea4
ENG-Championship,1617,2017-02-21 Huddersfield Town-Reading,Championship,33,Tue,2017-02-21,19:45,Huddersfield Town,1–0,Reading,19894,The John Smith's Stadium,Tony Harrington,/en/matches/31afd3b9/Huddersfield-Town-Reading-February-21-2017-Championship,,31afd3b9
ENG-Championship,1617,2017-02-21 QPR-Wigan Athletic,Championship,28,Tue,2017-02-21,19:45,QPR,2–1,Wigan Athletic,12101,Loftus Road Stadium,James Linington,/en/matches/72efe2be/Queens-Park-Rangers-Wigan-Athletic-February-21-2017-Championship,,72efe2be
ENG-Championship,1617,2017-02-21 Sheffield Weds-Brentford,Championship,28,Tue,2017-02-21,19:45,Sheffield Weds,1–2,Brentford,25014,Hillsborough Stadium,Darren Bond,/en/matches/684b539f/Sheffield-Wednesday-Brentford-February-21-2017-Championship,,684b539f
ENG-Championship,1617,2017-02-22 Bristol City-Fulham,Championship,33,Wed,2017-02-22,20:00,Bristol City,0–2,Fulham,17272,Ashton Gate Stadium,Tim Robinson,/en/matches/eddf9021/Bristol-City-Fulham-February-22-2017-Championship,,eddf9021
ENG-Championship,1617,2017-02-24 Burton Albion-Blackburn Rovers,Championship,34,Fri,2017-02-24,19:45,Burton Albion,1–1,Blackburn Rovers,5496,Pirelli Stadium,James Linington,/en/matches/dffce35f/Burton-Albion-Blackburn-Rovers-February-24-2017-Championship,,dffce35f
ENG-Championship,1617,2017-02-24 Wolves-Birmingham City,Championship,34,Fri,2017-02-24,19:45,Wolves,1–2,Birmingham City,27541,Molineux Stadium,Steve Martin,/en/matches/14e4282c/Wolverhampton-Wanderers-Birmingham-City-February-24-2017-Championship,,14e4282c
ENG-Championship,1617,2017-02-25 Aston Villa-Derby County,Championship,34,Sat,2017-02-25,15:00,Aston Villa,1–0,Derby County,30935,Villa Park,Andy Madley,/en/matches/056c1bef/Aston-Villa-Derby-County-February-25-2017-Championship,,056c1bef
ENG-Championship,1617,2017-02-25 Barnsley-Huddersfield Town,Championship,34,Sat,2017-02-25,15:00,Barnsley,1–1,Huddersfield Town,18075,Oakwell Stadium,Tim Robinson,/en/matches/bb1142d7/Barnsley-Huddersfield-Town-February-25-2017-Championship,,bb1142d7
ENG-Championship,1617,2017-02-25 Brentford-Rotherham United,Championship,34,Sat,2017-02-25,15:00,Brentford,4–2,Rotherham United,9918,Griffin Park,Andrew Davies,/en/matches/dc6d85d2/Brentford-Rotherham-United-February-25-2017-Championship,,dc6d85d2
ENG-Championship,1617,2017-02-25 Brighton-Reading,Championship,34,Sat,2017-02-25,17:30,Brighton,3–0,Reading,29613,The American Express Community Stadium,Peter Bankes,/en/matches/2e4fc221/Brighton-and-Hove-Albion-Reading-February-25-2017-Championship,,2e4fc221
ENG-Championship,1617,2017-02-25 Cardiff City-Fulham,Championship,34,Sat,2017-02-25,15:00,Cardiff City,2–2,Fulham,15656,Cardiff City Stadium,Scott Duncan,/en/matches/f73014de/Cardiff-City-Fulham-February-25-2017-Championship,,f73014de
ENG-Championship,1617,2017-02-25 Leeds United-Sheffield Weds,Championship,34,Sat,2017-02-25,12:30,Leeds United,1–0,Sheffield Weds,35093,Elland Road,Mike Jones,/en/matches/7dd0156a/Leeds-United-Sheffield-Wednesday-February-25-2017-Championship,,7dd0156a
ENG-Championship,1617,2017-02-25 Newcastle United-Bristol City,Championship,34,Sat,2017-02-25,15:00,Newcastle United,2–2,Bristol City,52131,St. James' Park,Chris Kavanagh,/en/matches/d056d293/Newcastle-United-Bristol-City-February-25-2017-Championship,,d056d293
ENG-Championship,1617,2017-02-25 Preston North End-QPR,Championship,34,Sat,2017-02-25,15:00,Preston North End,2–1,QPR,10848,Deepdale Stadium,David Coote,/en/matches/e8e7c368/Preston-North-End-Queens-Park-Rangers-February-25-2017-Championship,,e8e7c368
ENG-Championship,1617,2017-02-25 Wigan Athletic-Nottingham Forest,Championship,34,Sat,2017-02-25,15:00,Wigan Athletic,0–0,Nottingham Forest,11254,The DW Stadium,Geoff Eltringham,/en/matches/fb08cb45/Wigan-Athletic-Nottingham-Forest-February-25-2017-Championship,,fb08cb45
ENG-Championship,1617,2017-02-26 Norwich City-Ipswich Town,Championship,34,Sun,2017-02-26,12:00,Norwich City,1–1,Ipswich Town,27107,Carrow Road,Oliver Langford,/en/matches/3af461db/Norwich-City-Ipswich-Town-February-26-2017-Championship,,3af461db
ENG-Championship,1617,2017-02-28 Aston Villa-Bristol City,Championship,28,Tue,2017-02-28,19:45,Aston Villa,2–0,Bristol City,28119,Villa Park,Simon Hooper,/en/matches/02100a0f/Aston-Villa-Bristol-City-February-28-2017-Championship,,02100a0f
ENG-Championship,1617,2017-02-28 Blackburn Rovers-Derby County,Championship,33,Tue,2017-02-28,19:45,Blackburn Rovers,1–0,Derby County,10536,Ewood Park,Darren Bond,/en/matches/c3c63c2f/Blackburn-Rovers-Derby-County-February-28-2017-Championship,,c3c63c2f
ENG-Championship,1617,2017-02-28 Brighton-Newcastle United,Championship,28,Tue,2017-02-28,19:45,Brighton,1–2,Newcastle United,30230,The American Express Community Stadium,Robert Madley,/en/matches/557ed747/Brighton-and-Hove-Albion-Newcastle-United-February-28-2017-Championship,,557ed747
ENG-Championship,1617,2017-03-03 Birmingham City-Leeds United,Championship,35,Fri,2017-03-03,19:45,Birmingham City,1–3,Leeds United,20321,St Andrew's Trillion Trophy Stadium,Chris Kavanagh,/en/matches/5c6fabf0/Birmingham-City-Leeds-United-March-3-2017-Championship,,5c6fabf0
ENG-Championship,1617,2017-03-04 Blackburn Rovers-Wigan Athletic,Championship,35,Sat,2017-03-04,15:00,Blackburn Rovers,1–0,Wigan Athletic,13165,Ewood Park,Jeremy Simpson,/en/matches/1a216986/Blackburn-Rovers-Wigan-Athletic-March-4-2017-Championship,,1a216986
ENG-Championship,1617,2017-03-04 Bristol City-Burton Albion,Championship,35,Sat,2017-03-04,15:00,Bristol City,0–0,Burton Albion,17914,Ashton Gate Stadium,Graham Scott,/en/matches/311c5825/Bristol-City-Burton-Albion-March-4-2017-Championship,,311c5825
ENG-Championship,1617,2017-03-04 Derby County-Barnsley,Championship,35,Sat,2017-03-04,15:00,Derby County,2–1,Barnsley,30280,iPro Stadium,Keith Stroud,/en/matches/4c00cd10/Derby-County-Barnsley-March-4-2017-Championship,,4c00cd10
ENG-Championship,1617,2017-03-04 Fulham-Preston North End,Championship,35,Sat,2017-03-04,15:00,Fulham,3–1,Preston North End,20205,Craven Cottage,Simon Hooper,/en/matches/9557aca8/Fulham-Preston-North-End-March-4-2017-Championship,,9557aca8
ENG-Championship,1617,2017-03-04 Huddersfield Town-Newcastle United,Championship,35,Sat,2017-03-04,17:30,Huddersfield Town,1–3,Newcastle United,23213,The John Smith's Stadium,Roger East,/en/matches/a9fe2aa5/Huddersfield-Town-Newcastle-United-March-4-2017-Championship,,a9fe2aa5
ENG-Championship,1617,2017-03-04 Ipswich Town-Brentford,Championship,35,Sat,2017-03-04,15:00,Ipswich Town,1–1,Brentford,15863,Portman Road Stadium,Scott Duncan,/en/matches/292623c5/Ipswich-Town-Brentford-March-4-2017-Championship,,292623c5
ENG-Championship,1617,2017-03-04 Nottingham Forest-Brighton,Championship,35,Sat,2017-03-04,15:00,Nottingham Forest,3–0,Brighton,22020,The City Ground,Oliver Langford,/en/matches/3b75244c/Nottingham-Forest-Brighton-and-Hove-Albion-March-4-2017-Championship,,3b75244c
ENG-Championship,1617,2017-03-04 QPR-Cardiff City,Championship,35,Sat,2017-03-04,15:00,QPR,2–1,Cardiff City,15103,Loftus Road Stadium,Darren England,/en/matches/0a60ccc3/Queens-Park-Rangers-Cardiff-City-March-4-2017-Championship,,0a60ccc3
ENG-Championship,1617,2017-03-04 Reading-Wolves,Championship,35,Sat,2017-03-04,15:00,Reading,2–1,Wolves,18629,Madejski Stadium,Andy Madley,/en/matches/efd23b6a/Reading-Wolverhampton-Wanderers-March-4-2017-Championship,,efd23b6a
ENG-Championship,1617,2017-03-04 Rotherham United-Aston Villa,Championship,35,Sat,2017-03-04,15:00,Rotherham United,0–2,Aston Villa,10720,New York Stadium,Steve Martin,/en/matches/03bef320/Rotherham-United-Aston-Villa-March-4-2017-Championship,,03bef320
ENG-Championship,1617,2017-03-04 Sheffield Weds-Norwich City,Championship,35,Sat,2017-03-04,15:00,Sheffield Weds,5–1,Norwich City,28178,Hillsborough Stadium,Andrew Davies,/en/matches/7ff09bc9/Sheffield-Wednesday-Norwich-City-March-4-2017-Championship,,7ff09bc9
ENG-Championship,1617,2017-03-07 Birmingham City-Wigan Athletic,Championship,36,Tue,2017-03-07,19:45,Birmingham City,0–1,Wigan Athletic,15596,St Andrew's Trillion Trophy Stadium,Scott Duncan,/en/matches/a39d4fdc/Birmingham-City-Wigan-Athletic-March-7-2017-Championship,,a39d4fdc
ENG-Championship,1617,2017-03-07 Blackburn Rovers-Cardiff City,Championship,36,Tue,2017-03-07,19:45,Blackburn Rovers,1–1,Cardiff City,10645,Ewood Park,David Coote,/en/matches/469f6123/Blackburn-Rovers-Cardiff-City-March-7-2017-Championship,,469f6123
ENG-Championship,1617,2017-03-07 Bristol City-Norwich City,Championship,36,Tue,2017-03-07,19:45,Bristol City,1–1,Norwich City,17035,Ashton Gate Stadium,Steve Martin,/en/matches/34098e76/Bristol-City-Norwich-City-March-7-2017-Championship,,34098e76
ENG-Championship,1617,2017-03-07 Derby County-Preston North End,Championship,36,Tue,2017-03-07,19:45,Derby County,1–1,Preston North End,26301,iPro Stadium,James Linington,/en/matches/faabd0b7/Derby-County-Preston-North-End-March-7-2017-Championship,,faabd0b7
ENG-Championship,1617,2017-03-07 Fulham-Leeds United,Championship,36,Tue,2017-03-07,19:45,Fulham,1–1,Leeds United,22239,Craven Cottage,Lee Probert,/en/matches/810e554d/Fulham-Leeds-United-March-7-2017-Championship,,810e554d
ENG-Championship,1617,2017-03-07 Huddersfield Town-Aston Villa,Championship,36,Tue,2017-03-07,19:45,Huddersfield Town,1–0,Aston Villa,20584,The John Smith's Stadium,Darren Bond,/en/matches/5eac817c/Huddersfield-Town-Aston-Villa-March-7-2017-Championship,,5eac817c
ENG-Championship,1617,2017-03-07 Ipswich Town-Wolves,Championship,36,Tue,2017-03-07,19:45,Ipswich Town,0–0,Wolves,15076,Portman Road Stadium,Darren Deadman,/en/matches/0c56c403/Ipswich-Town-Wolverhampton-Wanderers-March-7-2017-Championship,,0c56c403
ENG-Championship,1617,2017-03-07 Nottingham Forest-Brentford,Championship,36,Tue,2017-03-07,19:45,Nottingham Forest,2–3,Brentford,16903,The City Ground,Tim Robinson,/en/matches/9173442a/Nottingham-Forest-Brentford-March-7-2017-Championship,,9173442a
ENG-Championship,1617,2017-03-07 QPR-Barnsley,Championship,36,Tue,2017-03-07,19:45,QPR,2–1,Barnsley,11635,Loftus Road Stadium,Tony Harrington,/en/matches/d93b05a3/Queens-Park-Rangers-Barnsley-March-7-2017-Championship,,d93b05a3
ENG-Championship,1617,2017-03-07 Reading-Newcastle United,Championship,36,Tue,2017-03-07,20:00,Reading,0–0,Newcastle United,23121,Madejski Stadium,Andrew Davies,/en/matches/4b7ace21/Reading-Newcastle-United-March-7-2017-Championship,,4b7ace21
ENG-Championship,1617,2017-03-07 Rotherham United-Brighton,Championship,36,Tue,2017-03-07,19:45,Rotherham United,0–2,Brighton,8366,New York Stadium,Geoff Eltringham,/en/matches/51d25c44/Rotherham-United-Brighton-and-Hove-Albion-March-7-2017-Championship,,51d25c44
ENG-Championship,1617,2017-03-07 Sheffield Weds-Burton Albion,Championship,36,Tue,2017-03-07,19:45,Sheffield Weds,1–1,Burton Albion,24929,Hillsborough Stadium,Peter Bankes,/en/matches/ecf7e13f/Sheffield-Wednesday-Burton-Albion-March-7-2017-Championship,,ecf7e13f
ENG-Championship,1617,2017-03-10 Brighton-Derby County,Championship,37,Fri,2017-03-10,19:45,Brighton,3–0,Derby County,27552,The American Express Community Stadium,Chris Kavanagh,/en/matches/36992c20/Brighton-and-Hove-Albion-Derby-County-March-10-2017-Championship,,36992c20
ENG-Championship,1617,2017-03-11 Aston Villa-Sheffield Weds,Championship,37,Sat,2017-03-11,15:00,Aston Villa,2–0,Sheffield Weds,31143,Villa Park,Lee Probert,/en/matches/907faab8/Aston-Villa-Sheffield-Wednesday-March-11-2017-Championship,,907faab8
ENG-Championship,1617,2017-03-11 Barnsley-Ipswich Town,Championship,37,Sat,2017-03-11,15:00,Barnsley,1–1,Ipswich Town,11836,Oakwell Stadium,Steve Martin,/en/matches/004034d5/Barnsley-Ipswich-Town-March-11-2017-Championship,,004034d5
ENG-Championship,1617,2017-03-11 Brentford-Huddersfield Town,Championship,37,Sat,2017-03-11,15:00,Brentford,0–1,Huddersfield Town,11278,Griffin Park,Oliver Langford,/en/matches/e45997b3/Brentford-Huddersfield-Town-March-11-2017-Championship,,e45997b3
ENG-Championship,1617,2017-03-11 Burton Albion-Nottingham Forest,Championship,37,Sat,2017-03-11,15:00,Burton Albion,1–0,Nottingham Forest,6115,Pirelli Stadium,Keith Stroud,/en/matches/24cf3303/Burton-Albion-Nottingham-Forest-March-11-2017-Championship,,24cf3303
ENG-Championship,1617,2017-03-11 Cardiff City-Birmingham City,Championship,37,Sat,2017-03-11,15:00,Cardiff City,1–1,Birmingham City,20334,Cardiff City Stadium,Peter Bankes,/en/matches/b447252a/Cardiff-City-Birmingham-City-March-11-2017-Championship,,b447252a
ENG-Championship,1617,2017-03-11 Leeds United-QPR,Championship,37,Sat,2017-03-11,15:00,Leeds United,0–0,QPR,30870,Elland Road,Tim Robinson,/en/matches/3ded3f08/Leeds-United-Queens-Park-Rangers-March-11-2017-Championship,,3ded3f08
ENG-Championship,1617,2017-03-11 Newcastle United-Fulham,Championship,37,Sat,2017-03-11,15:00,Newcastle United,1–3,Fulham,51903,St. James' Park,James Linington,/en/matches/e23bd9df/Newcastle-United-Fulham-March-11-2017-Championship,,e23bd9df
ENG-Championship,1617,2017-03-11 Norwich City-Blackburn Rovers,Championship,37,Sat,2017-03-11,15:00,Norwich City,2–2,Blackburn Rovers,26224,Carrow Road,Simon Hooper,/en/matches/ef90214c/Norwich-City-Blackburn-Rovers-March-11-2017-Championship,,ef90214c
ENG-Championship,1617,2017-03-11 Preston North End-Reading,Championship,37,Sat,2017-03-11,15:00,Preston North End,3–0,Reading,10787,Deepdale Stadium,Axel Motiño,/en/matches/e4212f14/Preston-North-End-Reading-March-11-2017-Championship,,e4212f14
ENG-Championship,1617,2017-03-11 Wigan Athletic-Bristol City,Championship,37,Sat,2017-03-11,15:00,Wigan Athletic,0–1,Bristol City,10787,The DW Stadium,Andy Madley,/en/matches/c27fe5a7/Wigan-Athletic-Bristol-City-March-11-2017-Championship,,c27fe5a7
ENG-Championship,1617,2017-03-11 Wolves-Rotherham United,Championship,37,Sat,2017-03-11,15:00,Wolves,1–0,Rotherham United,20077,Molineux Stadium,Jeremy Simpson,/en/matches/152da191/Wolverhampton-Wanderers-Rotherham-United-March-11-2017-Championship,,152da191
ENG-Championship,1617,2017-03-14 Brentford-Wolves,Championship,33,Tue,2017-03-14,19:45,Brentford,1–2,Wolves,8732,Griffin Park,Keith Stroud,/en/matches/0443d6e1/Brentford-Wolverhampton-Wanderers-March-14-2017-Championship,,0443d6e1
ENG-Championship,1617,2017-03-14 Fulham-Blackburn Rovers,Championship,28,Tue,2017-03-14,19:45,Fulham,2–2,Blackburn Rovers,15487,Craven Cottage,Andrew Davies,/en/matches/690baa08/Fulham-Blackburn-Rovers-March-14-2017-Championship,,690baa08
ENG-Championship,1617,2017-03-17 Bristol City-Huddersfield Town,Championship,38,Fri,2017-03-17,19:45,Bristol City,4–0,Huddersfield Town,16984,Ashton Gate Stadium,David Coote,/en/matches/11989d23/Bristol-City-Huddersfield-Town-March-17-2017-Championship,,11989d23
ENG-Championship,1617,2017-03-17 Sheffield Weds-Reading,Championship,38,Fri,2017-03-17,19:45,Sheffield Weds,0–2,Reading,26072,Hillsborough Stadium,Geoff Eltringham,/en/matches/c75690bd/Sheffield-Wednesday-Reading-March-17-2017-Championship,,c75690bd
ENG-Championship,1617,2017-03-18 Birmingham City-Newcastle United,Championship,38,Sat,2017-03-18,15:00,Birmingham City,0–0,Newcastle United,19796,St Andrew's Trillion Trophy Stadium,Simon Hooper,/en/matches/e17443a2/Birmingham-City-Newcastle-United-March-18-2017-Championship,,e17443a2
ENG-Championship,1617,2017-03-18 Blackburn Rovers-Preston North End,Championship,38,Sat,2017-03-18,13:00,Blackburn Rovers,2–2,Preston North End,18435,Ewood Park,Stuart Attwell,/en/matches/2eaf809c/Blackburn-Rovers-Preston-North-End-March-18-2017-Championship,,2eaf809c
ENG-Championship,1617,2017-03-18 Burton Albion-Brentford,Championship,38,Sat,2017-03-18,15:00,Burton Albion,3–5,Brentford,4549,Pirelli Stadium,Andy Madley,/en/matches/6b363ea0/Burton-Albion-Brentford-March-18-2017-Championship,,6b363ea0
ENG-Championship,1617,2017-03-18 Cardiff City-Ipswich Town,Championship,38,Sat,2017-03-18,15:00,Cardiff City,3–1,Ipswich Town,15182,Cardiff City Stadium,James Linington,/en/matches/a165eb49/Cardiff-City-Ipswich-Town-March-18-2017-Championship,,a165eb49
ENG-Championship,1617,2017-03-18 Fulham-Wolves,Championship,38,Sat,2017-03-18,15:00,Fulham,1–3,Wolves,20668,Craven Cottage,Chris Kavanagh,/en/matches/3cf1780b/Fulham-Wolverhampton-Wanderers-March-18-2017-Championship,,3cf1780b
ENG-Championship,1617,2017-03-18 Leeds United-Brighton,Championship,38,Sat,2017-03-18,17:30,Leeds United,2–0,Brighton,29767,Elland Road,Lee Mason,/en/matches/d487a49c/Leeds-United-Brighton-and-Hove-Albion-March-18-2017-Championship,,d487a49c
ENG-Championship,1617,2017-03-18 Norwich City-Barnsley,Championship,38,Sat,2017-03-18,15:00,Norwich City,2–0,Barnsley,26105,Carrow Road,Darren Bond,/en/matches/aa271eff/Norwich-City-Barnsley-March-18-2017-Championship,,aa271eff
ENG-Championship,1617,2017-03-18 Nottingham Forest-Derby County,Championship,38,Sat,2017-03-18,13:00,Nottingham Forest,2–2,Derby County,26665,The City Ground,Peter Bankes,/en/matches/51645564/Nottingham-Forest-Derby-County-March-18-2017-Championship,,51645564
ENG-Championship,1617,2017-03-18 QPR-Rotherham United,Championship,38,Sat,2017-03-18,15:00,QPR,5–1,Rotherham United,13383,Loftus Road Stadium,Oliver Langford,/en/matches/dd96535a/Queens-Park-Rangers-Rotherham-United-March-18-2017-Championship,,dd96535a
ENG-Championship,1617,2017-03-18 Wigan Athletic-Aston Villa,Championship,38,Sat,2017-03-18,15:00,Wigan Athletic,0–2,Aston Villa,14811,The DW Stadium,Tony Harrington,/en/matches/e87c7366/Wigan-Athletic-Aston-Villa-March-18-2017-Championship,,e87c7366
ENG-Championship,1617,2017-03-31 Derby County-QPR,Championship,39,Fri,2017-03-31,19:45,Derby County,1–0,QPR,27690,iPro Stadium,Geoff Eltringham,/en/matches/cfa5d2b6/Derby-County-Queens-Park-Rangers-March-31-2017-Championship,,cfa5d2b6
ENG-Championship,1617,2017-04-01 Aston Villa-Norwich City,Championship,39,Sat,2017-04-01,15:00,Aston Villa,2–0,Norwich City,32605,Villa Park,Jeremy Simpson,/en/matches/1329b358/Aston-Villa-Norwich-City-April-1-2017-Championship,,1329b358
ENG-Championship,1617,2017-04-01 Barnsley-Sheffield Weds,Championship,39,Sat,2017-04-01,12:30,Barnsley,1–1,Sheffield Weds,18003,Oakwell Stadium,Kevin Friend,/en/matches/99adb848/Barnsley-Sheffield-Wednesday-April-1-2017-Championship,,99adb848
ENG-Championship,1617,2017-04-01 Brentford-Bristol City,Championship,39,Sat,2017-04-01,15:00,Brentford,2–0,Bristol City,11360,Griffin Park,Simon Hooper,/en/matches/db175de4/Brentford-Bristol-City-April-1-2017-Championship,,db175de4
ENG-Championship,1617,2017-04-01 Brighton-Blackburn Rovers,Championship,39,Sat,2017-04-01,15:00,Brighton,1–0,Blackburn Rovers,30216,The American Express Community Stadium,Tony Harrington,/en/matches/4b47f3cf/Brighton-and-Hove-Albion-Blackburn-Rovers-April-1-2017-Championship,,4b47f3cf
ENG-Championship,1617,2017-04-01 Huddersfield Town-Burton Albion,Championship,39,Sat,2017-04-01,15:00,Huddersfield Town,0–1,Burton Albion,20154,The John Smith's Stadium,Axel Motiño,/en/matches/1923748b/Huddersfield-Town-Burton-Albion-April-1-2017-Championship,,1923748b
ENG-Championship,1617,2017-04-01 Ipswich Town-Birmingham City,Championship,39,Sat,2017-04-01,15:00,Ipswich Town,1–1,Birmingham City,16667,Portman Road Stadium,Andy Madley,/en/matches/966c5aee/Ipswich-Town-Birmingham-City-April-1-2017-Championship,,966c5aee
ENG-Championship,1617,2017-04-01 Newcastle United-Wigan Athletic,Championship,39,Sat,2017-04-01,15:00,Newcastle United,2–1,Wigan Athletic,51849,St. James' Park,David Coote,/en/matches/f83ee1c9/Newcastle-United-Wigan-Athletic-April-1-2017-Championship,,f83ee1c9
ENG-Championship,1617,2017-04-01 Preston North End-Nottingham Forest,Championship,39,Sat,2017-04-01,15:00,Preston North End,1–1,Nottingham Forest,12459,Deepdale Stadium,Darren Bond,/en/matches/882414ec/Preston-North-End-Nottingham-Forest-April-1-2017-Championship,,882414ec
ENG-Championship,1617,2017-04-01 Reading-Leeds United,Championship,39,Sat,2017-04-01,17:30,Reading,1–0,Leeds United,23055,Madejski Stadium,Keith Stroud,/en/matches/b5b313bb/Reading-Leeds-United-April-1-2017-Championship,,b5b313bb
ENG-Championship,1617,2017-04-01 Rotherham United-Fulham,Championship,39,Sat,2017-04-01,15:00,Rotherham United,0–1,Fulham,9004,New York Stadium,Tim Robinson,/en/matches/b979029e/Rotherham-United-Fulham-April-1-2017-Championship,,b979029e
ENG-Championship,1617,2017-04-01 Wolves-Cardiff City,Championship,39,Sat,2017-04-01,15:00,Wolves,3–1,Cardiff City,20519,Molineux Stadium,Andrew Davies,/en/matches/40ea10da/Wolverhampton-Wanderers-Cardiff-City-April-1-2017-Championship,,40ea10da
ENG-Championship,1617,2017-04-04 Aston Villa-QPR,Championship,40,Tue,2017-04-04,19:45,Aston Villa,1–0,QPR,27154,Villa Park,Peter Bankes,/en/matches/13c067eb/Aston-Villa-Queens-Park-Rangers-April-4-2017-Championship,,13c067eb
ENG-Championship,1617,2017-04-04 Barnsley-Cardiff City,Championship,40,Tue,2017-04-04,19:45,Barnsley,0–0,Cardiff City,10814,Oakwell Stadium,Axel Motiño,/en/matches/c58cf646/Barnsley-Cardiff-City-April-4-2017-Championship,,c58cf646
ENG-Championship,1617,2017-04-04 Brentford-Leeds United,Championship,40,Tue,2017-04-04,19:45,Brentford,2–0,Leeds United,10759,Griffin Park,David Coote,/en/matches/19d87227/Brentford-Leeds-United-April-4-2017-Championship,,19d87227
ENG-Championship,1617,2017-04-04 Brighton-Birmingham City,Championship,40,Tue,2017-04-04,19:45,Brighton,3–1,Birmingham City,28654,The American Express Community Stadium,Darren Bond,/en/matches/d7b7c377/Brighton-and-Hove-Albion-Birmingham-City-April-4-2017-Championship,,d7b7c377
ENG-Championship,1617,2017-04-04 Derby County-Fulham,Championship,40,Tue,2017-04-04,19:45,Derby County,4–2,Fulham,27221,iPro Stadium,Jeremy Simpson,/en/matches/fc06a097/Derby-County-Fulham-April-4-2017-Championship,,fc06a097
ENG-Championship,1617,2017-04-04 Ipswich Town-Wigan Athletic,Championship,40,Tue,2017-04-04,19:45,Ipswich Town,3–0,Wigan Athletic,14661,Portman Road Stadium,Andrew Davies,/en/matches/de6ebec7/Ipswich-Town-Wigan-Athletic-April-4-2017-Championship,,de6ebec7
ENG-Championship,1617,2017-04-04 Preston North End-Bristol City,Championship,40,Tue,2017-04-04,19:45,Preston North End,5–0,Bristol City,10224,Deepdale Stadium,Andy Madley,/en/matches/4a9c1935/Preston-North-End-Bristol-City-April-4-2017-Championship,,4a9c1935
ENG-Championship,1617,2017-04-04 Reading-Blackburn Rovers,Championship,40,Tue,2017-04-04,20:00,Reading,3–1,Blackburn Rovers,15353,Madejski Stadium,James Adcock,/en/matches/64c21292/Reading-Blackburn-Rovers-April-4-2017-Championship,,64c21292
ENG-Championship,1617,2017-04-04 Rotherham United-Sheffield Weds,Championship,40,Tue,2017-04-04,19:45,Rotherham United,0–2,Sheffield Weds,10669,New York Stadium,Tony Harrington,/en/matches/a8cd882f/Rotherham-United-Sheffield-Wednesday-April-4-2017-Championship,,a8cd882f
ENG-Championship,1617,2017-04-04 Wolves-Nottingham Forest,Championship,40,Tue,2017-04-04,19:45,Wolves,1–0,Nottingham Forest,21408,Molineux Stadium,James Linington,/en/matches/164acbea/Wolverhampton-Wanderers-Nottingham-Forest-April-4-2017-Championship,,164acbea
ENG-Championship,1617,2017-04-05 Huddersfield Town-Norwich City,Championship,40,Wed,2017-04-05,19:45,Huddersfield Town,3–0,Norwich City,18706,The John Smith's Stadium,Chris Kavanagh,/en/matches/668b63c1/Huddersfield-Town-Norwich-City-April-5-2017-Championship,,668b63c1
ENG-Championship,1617,2017-04-05 Newcastle United-Burton Albion,Championship,40,Wed,2017-04-05,19:45,Newcastle United,1–0,Burton Albion,48814,St. James' Park,Keith Stroud,/en/matches/2679d269/Newcastle-United-Burton-Albion-April-5-2017-Championship,,2679d269
ENG-Championship,1617,2017-04-07 QPR-Brighton,Championship,41,Fri,2017-04-07,19:45,QPR,1–2,Brighton,16503,Loftus Road Stadium,Simon Hooper,/en/matches/cbed00ce/Queens-Park-Rangers-Brighton-and-Hove-Albion-April-7-2017-Championship,,cbed00ce
ENG-Championship,1617,2017-04-08 Birmingham City-Derby County,Championship,41,Sat,2017-04-08,15:00,Birmingham City,1–2,Derby County,19381,St Andrew's Trillion Trophy Stadium,Andrew Davies,/en/matches/e2ca0031/Birmingham-City-Derby-County-April-8-2017-Championship,,e2ca0031
ENG-Championship,1617,2017-04-08 Blackburn Rovers-Barnsley,Championship,41,Sat,2017-04-08,15:00,Blackburn Rovers,0–2,Barnsley,12347,Ewood Park,Oliver Langford,/en/matches/c94e0d03/Blackburn-Rovers-Barnsley-April-8-2017-Championship,,c94e0d03
ENG-Championship,1617,2017-04-08 Bristol City-Wolves,Championship,41,Sat,2017-04-08,15:00,Bristol City,3–1,Wolves,20323,Ashton Gate Stadium,James Adcock,/en/matches/ec2ac0ba/Bristol-City-Wolverhampton-Wanderers-April-8-2017-Championship,,ec2ac0ba
ENG-Championship,1617,2017-04-08 Burton Albion-Aston Villa,Championship,41,Sat,2017-04-08,15:00,Burton Albion,1–1,Aston Villa,6716,Pirelli Stadium,Lee Probert,/en/matches/095e9a24/Burton-Albion-Aston-Villa-April-8-2017-Championship,,095e9a24
ENG-Championship,1617,2017-04-08 Cardiff City-Brentford,Championship,41,Sat,2017-04-08,15:00,Cardiff City,2–1,Brentford,15861,Cardiff City Stadium,Darren Bond,/en/matches/7b48615c/Cardiff-City-Brentford-April-8-2017-Championship,,7b48615c
ENG-Championship,1617,2017-04-08 Fulham-Ipswich Town,Championship,41,Sat,2017-04-08,15:00,Fulham,3–1,Ipswich Town,20959,Craven Cottage,Geoff Eltringham,/en/matches/64b310ec/Fulham-Ipswich-Town-April-8-2017-Championship,,64b310ec
ENG-Championship,1617,2017-04-08 Leeds United-Preston North End,Championship,41,Sat,2017-04-08,15:00,Leeds United,3–0,Preston North End,31851,Elland Road,Peter Bankes,/en/matches/5becf989/Leeds-United-Preston-North-End-April-8-2017-Championship,,5becf989
ENG-Championship,1617,2017-04-08 Norwich City-Reading,Championship,41,Sat,2017-04-08,15:00,Norwich City,7–1,Reading,26163,Carrow Road,James Linington,/en/matches/ce888dd5/Norwich-City-Reading-April-8-2017-Championship,,ce888dd5
ENG-Championship,1617,2017-04-08 Nottingham Forest-Huddersfield Town,Championship,41,Sat,2017-04-08,15:00,Nottingham Forest,2–0,Huddersfield Town,20411,The City Ground,Tim Robinson,/en/matches/f691f053/Nottingham-Forest-Huddersfield-Town-April-8-2017-Championship,,f691f053
ENG-Championship,1617,2017-04-08 Sheffield Weds-Newcastle United,Championship,41,Sat,2017-04-08,17:30,Sheffield Weds,2–1,Newcastle United,28883,Hillsborough Stadium,Stuart Attwell,/en/matches/da4f9e4d/Sheffield-Wednesday-Newcastle-United-April-8-2017-Championship,,da4f9e4d
ENG-Championship,1617,2017-04-08 Wigan Athletic-Rotherham United,Championship,41,Sat,2017-04-08,15:00,Wigan Athletic,3–2,Rotherham United,10085,The DW Stadium,Axel Motiño,/en/matches/286d9ec7/Wigan-Athletic-Rotherham-United-April-8-2017-Championship,,286d9ec7
ENG-Championship,1617,2017-04-13 Wigan Athletic-Barnsley,Championship,42,Thu,2017-04-13,19:45,Wigan Athletic,3–2,Barnsley,10838,The DW Stadium,Simon Hooper,/en/matches/a5847825/Wigan-Athletic-Barnsley-April-13-2017-Championship,,a5847825
ENG-Championship,1617,2017-04-14 Brentford-Derby County,Championship,42,Fri,2017-04-14,15:00,Brentford,4–0,Derby County,11133,Griffin Park,Tim Robinson,/en/matches/a8a38e60/Brentford-Derby-County-April-14-2017-Championship,,a8a38e60
ENG-Championship,1617,2017-04-14 Bristol City-QPR,Championship,42,Fri,2017-04-14,15:00,Bristol City,2–1,QPR,20404,Ashton Gate Stadium,Jeremy Simpson,/en/matches/57551284/Bristol-City-Queens-Park-Rangers-April-14-2017-Championship,,57551284
ENG-Championship,1617,2017-04-14 Burton Albion-Ipswich Town,Championship,42,Fri,2017-04-14,19:45,Burton Albion,1–2,Ipswich Town,5236,Pirelli Stadium,Oliver Langford,/en/matches/c350b6d8/Burton-Albion-Ipswich-Town-April-14-2017-Championship,,c350b6d8
ENG-Championship,1617,2017-04-14 Huddersfield Town-Preston North End,Championship,42,Fri,2017-04-14,15:00,Huddersfield Town,3–2,Preston North End,21254,The John Smith's Stadium,Lee Probert,/en/matches/a860ace4/Huddersfield-Town-Preston-North-End-April-14-2017-Championship,,a860ace4
ENG-Championship,1617,2017-04-14 Newcastle United-Leeds United,Championship,42,Fri,2017-04-14,19:45,Newcastle United,1–1,Leeds United,52301,St. James' Park,Chris Kavanagh,/en/matches/1ad23b7f/Newcastle-United-Leeds-United-April-14-2017-Championship,,1ad23b7f
ENG-Championship,1617,2017-04-14 Norwich City-Fulham,Championship,42,Fri,2017-04-14,15:00,Norwich City,1–3,Fulham,27023,Carrow Road,Andy Madley,/en/matches/025a8d7a/Norwich-City-Fulham-April-14-2017-Championship,,025a8d7a
ENG-Championship,1617,2017-04-14 Nottingham Forest-Blackburn Rovers,Championship,42,Fri,2017-04-14,15:00,Nottingham Forest,0–1,Blackburn Rovers,26279,The City Ground,Roger East,/en/matches/ae78a158/Nottingham-Forest-Blackburn-Rovers-April-14-2017-Championship,,ae78a158
ENG-Championship,1617,2017-04-14 Rotherham United-Birmingham City,Championship,42,Fri,2017-04-14,15:00,Rotherham United,1–1,Birmingham City,10160,New York Stadium,James Linington,/en/matches/48a61452/Rotherham-United-Birmingham-City-April-14-2017-Championship,,48a61452
ENG-Championship,1617,2017-04-14 Sheffield Weds-Cardiff City,Championship,42,Fri,2017-04-14,15:00,Sheffield Weds,1–0,Cardiff City,28007,Hillsborough Stadium,David Coote,/en/matches/1b8067f5/Sheffield-Wednesday-Cardiff-City-April-14-2017-Championship,,1b8067f5
ENG-Championship,1617,2017-04-14 Wolves-Brighton,Championship,42,Fri,2017-04-14,17:00,Wolves,0–2,Brighton,23221,Molineux Stadium,Geoff Eltringham,/en/matches/f8546465/Wolverhampton-Wanderers-Brighton-and-Hove-Albion-April-14-2017-Championship,,f8546465
ENG-Championship,1617,2017-04-15 Aston Villa-Reading,Championship,42,Sat,2017-04-15,15:00,Aston Villa,1–3,Reading,30742,Villa Park,Axel Motiño,/en/matches/022ac23e/Aston-Villa-Reading-April-15-2017-Championship,,022ac23e
ENG-Championship,1617,2017-04-17 Barnsley-Brentford,Championship,43,Mon,2017-04-17,15:00,Barnsley,1–1,Brentford,13935,Oakwell Stadium,Robert Jones,/en/matches/e0f97277/Barnsley-Brentford-April-17-2017-Championship,,e0f97277
ENG-Championship,1617,2017-04-17 Birmingham City-Burton Albion,Championship,43,Mon,2017-04-17,15:00,Birmingham City,0–2,Burton Albion,19794,St Andrew's Trillion Trophy Stadium,Peter Bankes,/en/matches/41896e05/Birmingham-City-Burton-Albion-April-17-2017-Championship,,41896e05
ENG-Championship,1617,2017-04-17 Blackburn Rovers-Bristol City,Championship,43,Mon,2017-04-17,15:00,Blackburn Rovers,1–1,Bristol City,13935,Ewood Park,Mike Jones,/en/matches/2d18847b/Blackburn-Rovers-Bristol-City-April-17-2017-Championship,,2d18847b
ENG-Championship,1617,2017-04-17 Brighton-Wigan Athletic,Championship,43,Mon,2017-04-17,15:00,Brighton,2–1,Wigan Athletic,29940,The American Express Community Stadium,James Linington,/en/matches/63bff7dd/Brighton-and-Hove-Albion-Wigan-Athletic-April-17-2017-Championship,,63bff7dd
ENG-Championship,1617,2017-04-17 Cardiff City-Nottingham Forest,Championship,43,Mon,2017-04-17,15:00,Cardiff City,1–0,Nottingham Forest,16413,Cardiff City Stadium,Andy Madley,/en/matches/65e65c06/Cardiff-City-Nottingham-Forest-April-17-2017-Championship,,65e65c06
ENG-Championship,1617,2017-04-17 Derby County-Huddersfield Town,Championship,43,Mon,2017-04-17,17:00,Derby County,1–1,Huddersfield Town,29031,iPro Stadium,Darren Bond,/en/matches/fb9e768a/Derby-County-Huddersfield-Town-April-17-2017-Championship,,fb9e768a
ENG-Championship,1617,2017-04-17 Fulham-Aston Villa,Championship,43,Mon,2017-04-17,14:45,Fulham,3–1,Aston Villa,23891,Craven Cottage,David Coote,/en/matches/b494cb4b/Fulham-Aston-Villa-April-17-2017-Championship,,b494cb4b
ENG-Championship,1617,2017-04-17 Ipswich Town-Newcastle United,Championship,43,Mon,2017-04-17,15:00,Ipswich Town,3–1,Newcastle United,25684,Portman Road Stadium,Tim Robinson,/en/matches/1be1d45c/Ipswich-Town-Newcastle-United-April-17-2017-Championship,,1be1d45c
ENG-Championship,1617,2017-04-17 Leeds United-Wolves,Championship,43,Mon,2017-04-17,15:00,Leeds United,0–1,Wolves,32351,Elland Road,Jeremy Simpson,/en/matches/66d851be/Leeds-United-Wolverhampton-Wanderers-April-17-2017-Championship,,66d851be
ENG-Championship,1617,2017-04-17 Preston North End-Norwich City,Championship,43,Mon,2017-04-17,15:00,Preston North End,1–3,Norwich City,11373,Deepdale Stadium,James Adcock,/en/matches/a6ac1aaf/Preston-North-End-Norwich-City-April-17-2017-Championship,,a6ac1aaf
ENG-Championship,1617,2017-04-17 QPR-Sheffield Weds,Championship,43,Mon,2017-04-17,15:00,QPR,1–2,Sheffield Weds,15708,Loftus Road Stadium,Andrew Davies,/en/matches/dfc74394/Queens-Park-Rangers-Sheffield-Wednesday-April-17-2017-Championship,,dfc74394
ENG-Championship,1617,2017-04-17 Reading-Rotherham United,Championship,43,Mon,2017-04-17,15:00,Reading,2–1,Rotherham United,16711,Madejski Stadium,Chris Kavanagh,/en/matches/711b5023/Reading-Rotherham-United-April-17-2017-Championship,,711b5023
ENG-Championship,1617,2017-04-21 Norwich City-Brighton,Championship,44,Fri,2017-04-21,19:45,Norwich City,2–0,Brighton,26932,Carrow Road,Tim Robinson,/en/matches/15686e75/Norwich-City-Brighton-and-Hove-Albion-April-21-2017-Championship,,15686e75
ENG-Championship,1617,2017-04-22 Brentford-QPR,Championship,44,Sat,2017-04-22,15:00,Brentford,3–1,QPR,11888,Griffin Park,James Adcock,/en/matches/fc2f1f08/Brentford-Queens-Park-Rangers-April-22-2017-Championship,,fc2f1f08
ENG-Championship,1617,2017-04-22 Bristol City-Barnsley,Championship,44,Sat,2017-04-22,15:00,Bristol City,3–2,Barnsley,18617,Ashton Gate Stadium,Axel Motiño,/en/matches/a717a1ba/Bristol-City-Barnsley-April-22-2017-Championship,,a717a1ba
ENG-Championship,1617,2017-04-22 Burton Albion-Leeds United,Championship,44,Sat,2017-04-22,15:00,Burton Albion,2–1,Leeds United,6073,Pirelli Stadium,Darren Bond,/en/matches/4e6449c6/Burton-Albion-Leeds-United-April-22-2017-Championship,,4e6449c6
ENG-Championship,1617,2017-04-22 Huddersfield Town-Fulham,Championship,44,Sat,2017-04-22,15:00,Huddersfield Town,1–4,Fulham,21023,The John Smith's Stadium,Andrew Davies,/en/matches/6472b58c/Huddersfield-Town-Fulham-April-22-2017-Championship,,6472b58c
ENG-Championship,1617,2017-04-22 Nottingham Forest-Reading,Championship,44,Sat,2017-04-22,15:00,Nottingham Forest,3–2,Reading,20323,The City Ground,Geoff Eltringham,/en/matches/421f3e6e/Nottingham-Forest-Reading-April-22-2017-Championship,,421f3e6e
ENG-Championship,1617,2017-04-22 Rotherham United-Ipswich Town,Championship,44,Sat,2017-04-22,15:00,Rotherham United,1–0,Ipswich Town,8266,New York Stadium,Jeremy Simpson,/en/matches/dce766d3/Rotherham-United-Ipswich-Town-April-22-2017-Championship,,dce766d3
ENG-Championship,1617,2017-04-22 Sheffield Weds-Derby County,Championship,44,Sat,2017-04-22,15:00,Sheffield Weds,2–1,Derby County,28889,Hillsborough Stadium,Paul Tierney,/en/matches/65e2a9ba/Sheffield-Wednesday-Derby-County-April-22-2017-Championship,,65e2a9ba
ENG-Championship,1617,2017-04-22 Wigan Athletic-Cardiff City,Championship,44,Sat,2017-04-22,15:00,Wigan Athletic,0–0,Cardiff City,10875,The DW Stadium,Oliver Langford,/en/matches/cfc8148e/Wigan-Athletic-Cardiff-City-April-22-2017-Championship,,cfc8148e
ENG-Championship,1617,2017-04-22 Wolves-Blackburn Rovers,Championship,44,Sat,2017-04-22,15:00,Wolves,0–0,Blackburn Rovers,20249,Molineux Stadium,David Coote,/en/matches/d580ac70/Wolverhampton-Wanderers-Blackburn-Rovers-April-22-2017-Championship,,d580ac70
ENG-Championship,1617,2017-04-23 Aston Villa-Birmingham City,Championship,44,Sun,2017-04-23,12:00,Aston Villa,1–0,Birmingham City,40884,Villa Park,Simon Hooper,/en/matches/c0318186/Aston-Villa-Birmingham-City-April-23-2017-Championship,,c0318186
ENG-Championship,1617,2017-04-24 Newcastle United-Preston North End,Championship,44,Mon,2017-04-24,19:45,Newcastle United,4–1,Preston North End,50212,St. James' Park,Andy Madley,/en/matches/b977cc68/Newcastle-United-Preston-North-End-April-24-2017-Championship,,b977cc68
ENG-Championship,1617,2017-04-25 Wolves-Huddersfield Town,Championship,28,Tue,2017-04-25,19:45,Wolves,0–1,Huddersfield Town,17505,Molineux Stadium,Tim Robinson,/en/matches/6899e0f0/Wolverhampton-Wanderers-Huddersfield-Town-April-25-2017-Championship,,6899e0f0
ENG-Championship,1617,2017-04-28 Cardiff City-Newcastle United,Championship,45,Fri,2017-04-28,19:45,Cardiff City,0–2,Newcastle United,23153,Cardiff City Stadium,Graham Scott,/en/matches/9c7d857b/Cardiff-City-Newcastle-United-April-28-2017-Championship,,9c7d857b
ENG-Championship,1617,2017-04-29 Barnsley-Burton Albion,Championship,45,Sat,2017-04-29,15:00,Barnsley,1–1,Burton Albion,12952,Oakwell Stadium,Jeremy Simpson,/en/matches/2a3af18f/Barnsley-Burton-Albion-April-29-2017-Championship,,2a3af18f
ENG-Championship,1617,2017-04-29 Birmingham City-Huddersfield Town,Championship,45,Sat,2017-04-29,15:00,Birmingham City,2–0,Huddersfield Town,26914,St Andrew's Trillion Trophy Stadium,Mike Jones,/en/matches/9dcf9f0a/Birmingham-City-Huddersfield-Town-April-29-2017-Championship,,9dcf9f0a
ENG-Championship,1617,2017-04-29 Blackburn Rovers-Aston Villa,Championship,45,Sat,2017-04-29,15:00,Blackburn Rovers,1–0,Aston Villa,21884,Ewood Park,Geoff Eltringham,/en/matches/bbf57c8d/Blackburn-Rovers-Aston-Villa-April-29-2017-Championship,,bbf57c8d
ENG-Championship,1617,2017-04-29 Brighton-Bristol City,Championship,45,Sat,2017-04-29,17:30,Brighton,0–1,Bristol City,30338,The American Express Community Stadium,Oliver Langford,/en/matches/9d54f63a/Brighton-and-Hove-Albion-Bristol-City-April-29-2017-Championship,,9d54f63a
ENG-Championship,1617,2017-04-29 Derby County-Wolves,Championship,45,Sat,2017-04-29,15:00,Derby County,3–1,Wolves,31051,iPro Stadium,Chris Kavanagh,/en/matches/7f668227/Derby-County-Wolverhampton-Wanderers-April-29-2017-Championship,,7f668227
ENG-Championship,1617,2017-04-29 Fulham-Brentford,Championship,45,Sat,2017-04-29,15:00,Fulham,1–1,Brentford,24594,Craven Cottage,Darren Bond,/en/matches/4ae58595/Fulham-Brentford-April-29-2017-Championship,,4ae58595
ENG-Championship,1617,2017-04-29 Ipswich Town-Sheffield Weds,Championship,45,Sat,2017-04-29,15:00,Ipswich Town,0–1,Sheffield Weds,19000,Portman Road Stadium,James Adcock,/en/matches/074761b3/Ipswich-Town-Sheffield-Wednesday-April-29-2017-Championship,,074761b3
ENG-Championship,1617,2017-04-29 Leeds United-Norwich City,Championship,45,Sat,2017-04-29,15:00,Leeds United,3–3,Norwich City,34292,Elland Road,Tony Harrington,/en/matches/8629c539/Leeds-United-Norwich-City-April-29-2017-Championship,,8629c539
ENG-Championship,1617,2017-04-29 Preston North End-Rotherham United,Championship,45,Sat,2017-04-29,15:00,Preston North End,1–1,Rotherham United,11032,Deepdale Stadium,Robert Jones,/en/matches/722e4758/Preston-North-End-Rotherham-United-April-29-2017-Championship,,722e4758
ENG-Championship,1617,2017-04-29 QPR-Nottingham Forest,Championship,45,Sat,2017-04-29,15:00,QPR,2–0,Nottingham Forest,16474,Loftus Road Stadium,James Linington,/en/matches/5c63d2dd/Queens-Park-Rangers-Nottingham-Forest-April-29-2017-Championship,,5c63d2dd
ENG-Championship,1617,2017-04-29 Reading-Wigan Athletic,Championship,45,Sat,2017-04-29,15:00,Reading,1–0,Wigan Athletic,19177,Madejski Stadium,Tim Robinson,/en/matches/f017bb8c/Reading-Wigan-Athletic-April-29-2017-Championship,,f017bb8c
ENG-Championship,1617,2017-05-07 Aston Villa-Brighton,Championship,46,Sun,2017-05-07,12:00,Aston Villa,1–1,Brighton,32856,Villa Park,Darren Bond,/en/matches/7fb17317/Aston-Villa-Brighton-and-Hove-Albion-May-7-2017-Championship,,7fb17317
ENG-Championship,1617,2017-05-07 Brentford-Blackburn Rovers,Championship,46,Sun,2017-05-07,12:00,Brentford,1–3,Blackburn Rovers,11969,Griffin Park,Tony Harrington,/en/matches/6666797a/Brentford-Blackburn-Rovers-May-7-2017-Championship,,6666797a
ENG-Championship,1617,2017-05-07 Bristol City-Birmingham City,Championship,46,Sun,2017-05-07,12:00,Bristol City,0–1,Birmingham City,25404,Ashton Gate Stadium,Lee Mason,/en/matches/a8339c8e/Bristol-City-Birmingham-City-May-7-2017-Championship,,a8339c8e
ENG-Championship,1617,2017-05-07 Burton Albion-Reading,Championship,46,Sun,2017-05-07,12:00,Burton Albion,2–4,Reading,6264,Pirelli Stadium,Simon Hooper,/en/matches/342001fc/Burton-Albion-Reading-May-7-2017-Championship,,342001fc
ENG-Championship,1617,2017-05-07 Huddersfield Town-Cardiff City,Championship,46,Sun,2017-05-07,12:00,Huddersfield Town,0–3,Cardiff City,20583,The John Smith's Stadium,Jeremy Simpson,/en/matches/db5cb7ed/Huddersfield-Town-Cardiff-City-May-7-2017-Championship,,db5cb7ed
ENG-Championship,1617,2017-05-07 Newcastle United-Barnsley,Championship,46,Sun,2017-05-07,12:00,Newcastle United,3–0,Barnsley,52276,St. James' Park,James Linington,/en/matches/46e32db2/Newcastle-United-Barnsley-May-7-2017-Championship,,46e32db2
ENG-Championship,1617,2017-05-07 Norwich City-QPR,Championship,46,Sun,2017-05-07,12:00,Norwich City,4–0,QPR,27005,Carrow Road,Tim Robinson,/en/matches/4cfbfc93/Norwich-City-Queens-Park-Rangers-May-7-2017-Championship,,4cfbfc93
ENG-Championship,1617,2017-05-07 Nottingham Forest-Ipswich Town,Championship,46,Sun,2017-05-07,12:00,Nottingham Forest,3–0,Ipswich Town,28249,The City Ground,Andrew Davies,/en/matches/6f1db83f/Nottingham-Forest-Ipswich-Town-May-7-2017-Championship,,6f1db83f
ENG-Championship,1617,2017-05-07 Rotherham United-Derby County,Championship,46,Sun,2017-05-07,12:00,Rotherham United,1–1,Derby County,10763,New York Stadium,Darren Deadman,/en/matches/937fc0f3/Rotherham-United-Derby-County-May-7-2017-Championship,,937fc0f3
ENG-Championship,1617,2017-05-07 Sheffield Weds-Fulham,Championship,46,Sun,2017-05-07,12:00,Sheffield Weds,1–2,Fulham,33681,Hillsborough Stadium,Graham Scott,/en/matches/057be938/Sheffield-Wednesday-Fulham-May-7-2017-Championship,,057be938
ENG-Championship,1617,2017-05-07 Wigan Athletic-Leeds United,Championship,46,Sun,2017-05-07,12:00,Wigan Athletic,1–1,Leeds United,15280,The DW Stadium,Axel Motiño,/en/matches/17eadcb9/Wigan-Athletic-Leeds-United-May-7-2017-Championship,,17eadcb9
ENG-Championship,1617,2017-05-07 Wolves-Preston North End,Championship,46,Sun,2017-05-07,12:00,Wolves,1–0,Preston North End,20163,Molineux Stadium,Darren England,/en/matches/054119b5/Wolverhampton-Wanderers-Preston-North-End-May-7-2017-Championship,,054119b5
ENG-Championship,1617,2017-05-13 Fulham-Reading,Promotion play-offs — Semi-finals,,Sat,2017-05-13,17:30,Fulham,1–1,Reading,23717,Craven Cottage,Stuart Attwell,/en/matches/71c75d7a/Fulham-Reading-May-13-2017-Championship,Leg 1 of 2,71c75d7a
ENG-Championship,1617,2017-05-14 Huddersfield Town-Sheffield Weds,Promotion play-offs — Semi-finals,,Sun,2017-05-14,12:00,Huddersfield Town,0–0,Sheffield Weds,20357,The John Smith's Stadium,Paul Tierney,/en/matches/e71b5e34/Huddersfield-Town-Sheffield-Wednesday-May-14-2017-Championship,Leg 1 of 2,e71b5e34
ENG-Championship,1617,2017-05-16 Reading-Fulham,Promotion play-offs — Semi-finals,,Tue,2017-05-16,19:45,Reading,1–0,Fulham,22044,Madejski Stadium,Martin Atkinson,/en/matches/b26cd825/Reading-Fulham-May-16-2017-Championship,Leg 2 of 2; Reading won,b26cd825
ENG-Championship,1617,2017-05-17 Sheffield Weds-Huddersfield Town,Promotion play-offs — Semi-finals,,Wed,2017-05-17,19:45,Sheffield Weds,(3) 1–1 (4),Huddersfield Town,32625,Hillsborough Stadium,Andre Marriner,/en/matches/bf8989e6/Sheffield-Wednesday-Huddersfield-Town-May-17-2017-Championship,Leg 2 of 2; Huddersfield Town won; Huddersfield Town won on penalty kicks following extra time,bf8989e6
ENG-Championship,1617,2017-05-29 Huddersfield Town-Reading,Promotion play-offs — Final,,Mon,2017-05-29,15:00,Huddersfield Town,(4) 0–0 (3),Reading,76682,Wembley Stadium,Niel Swarbrick,/en/matches/464e55ae/Huddersfield-Town-Reading-May-29-2017-Championship,Huddersfield Town won on penalty kicks following extra time,464e55ae
