league,season,game,round,week,day,date,time,home_team,score,away_team,attendance,venue,referee,match_report,notes,game_id
ENG-Championship,2223,2022-07-29 Huddersfield Town-Burnley,Championship,1,Fri,2022-07-29,20:00,Huddersfield Town,0–1,Burnley,20206,The John Smith's Stadium,James Linington,/en/matches/46d9048f/Huddersfield-Town-Burnley-July-29-2022-Championship,,46d9048f
ENG-Championship,2223,2022-07-30 Blackburn Rovers-QPR,Championship,1,Sat,2022-07-30,15:00,Blackburn Rovers,1–0,QPR,14315,Ewood Park,Thomas Bramall,/en/matches/a0b364df/Blackburn-Rovers-Queens-Park-Rangers-July-30-2022-Championship,,a0b364df
ENG-Championship,2223,2022-07-30 Blackpool-Reading,Championship,1,Sat,2022-07-30,15:00,Blackpool,1–0,Reading,10831,Bloomfield Road,David Webb,/en/matches/ca95a18c/Blackpool-Reading-July-30-2022-Championship,,ca95a18c
ENG-Championship,2223,2022-07-30 Cardiff City-Norwich City,Championship,1,Sat,2022-07-30,15:00,Cardiff City,1–0,Norwich City,19969,Cardiff City Stadium,Tim Robinson,/en/matches/d116aa74/Cardiff-City-Norwich-City-July-30-2022-Championship,,d116aa74
ENG-Championship,2223,2022-07-30 Hull City-Bristol City,Championship,1,Sat,2022-07-30,15:00,Hull City,2–1,Bristol City,16667,MKM Stadium,Dean Whitestone,/en/matches/03cea9be/Hull-City-Bristol-City-July-30-2022-Championship,,03cea9be
ENG-Championship,2223,2022-07-30 Luton Town-Birmingham City,Championship,1,Sat,2022-07-30,15:00,Luton Town,0–0,Birmingham City,9921,Kenilworth Road Stadium,Graham Scott,/en/matches/a0240431/Luton-Town-Birmingham-City-July-30-2022-Championship,,a0240431
ENG-Championship,2223,2022-07-30 Middlesbrough-West Brom,Championship,1,Sat,2022-07-30,17:30,Middlesbrough,1–1,West Brom,26567,Riverside Stadium,Tony Harrington,/en/matches/f6132023/Middlesbrough-West-Bromwich-Albion-July-30-2022-Championship,,f6132023
ENG-Championship,2223,2022-07-30 Millwall-Stoke City,Championship,1,Sat,2022-07-30,15:00,Millwall,2–0,Stoke City,15341,The Den,Keith Stroud,/en/matches/8cdd19be/Millwall-Stoke-City-July-30-2022-Championship,,8cdd19be
ENG-Championship,2223,2022-07-30 Rotherham United-Swansea City,Championship,1,Sat,2022-07-30,15:00,Rotherham United,1–1,Swansea City,10454,AESSEAL New York Stadium,Matt Donohue,/en/matches/78f52c96/Rotherham-United-Swansea-City-July-30-2022-Championship,,78f52c96
ENG-Championship,2223,2022-07-30 Wigan Athletic-Preston North End,Championship,1,Sat,2022-07-30,15:00,Wigan Athletic,0–0,Preston North End,15429,The DW Stadium,Robert Madley,/en/matches/a4b6453f/Wigan-Athletic-Preston-North-End-July-30-2022-Championship,,a4b6453f
ENG-Championship,2223,2022-07-31 Sunderland-Coventry City,Championship,1,Sun,2022-07-31,12:00,Sunderland,1–1,Coventry City,40851,Stadium of Light,Darren Bond,/en/matches/5a68e6de/Sunderland-Coventry-City-July-31-2022-Championship,,5a68e6de
ENG-Championship,2223,2022-08-01 Watford-Sheffield United,Championship,1,Mon,2022-08-01,20:00,Watford,1–0,Sheffield United,19536,Vicarage Road Stadium,Joshua Smith,/en/matches/70a64f0a/Watford-Sheffield-United-August-1-2022-Championship,,70a64f0a
ENG-Championship,2223,2022-08-05 Birmingham City-Huddersfield Town,Championship,2,Fri,2022-08-05,19:45,Birmingham City,2–1,Huddersfield Town,17065,St Andrew's Trillion Trophy Stadium,Gavin Ward,/en/matches/0b6ec9c5/Birmingham-City-Huddersfield-Town-August-5-2022-Championship,,0b6ec9c5
ENG-Championship,2223,2022-08-06 Bristol City-Sunderland,Championship,2,Sat,2022-08-06,15:00,Bristol City,2–3,Sunderland,24543,Ashton Gate Stadium,Keith Stroud,/en/matches/f3b3073c/Bristol-City-Sunderland-August-6-2022-Championship,,f3b3073c
ENG-Championship,2223,2022-08-06 Burnley-Luton Town,Championship,2,Sat,2022-08-06,15:00,Burnley,1–1,Luton Town,19628,Turf Moor,Darren Bond,/en/matches/bf32a77b/Burnley-Luton-Town-August-6-2022-Championship,,bf32a77b
ENG-Championship,2223,2022-08-06 Norwich City-Wigan Athletic,Championship,2,Sat,2022-08-06,12:30,Norwich City,1–1,Wigan Athletic,25595,Carrow Road,Matt Donohue,/en/matches/f0c8e3db/Norwich-City-Wigan-Athletic-August-6-2022-Championship,,f0c8e3db
ENG-Championship,2223,2022-08-06 Preston North End-Hull City,Championship,2,Sat,2022-08-06,15:00,Preston North End,0–0,Hull City,15816,Deepdale Stadium,Jeremy Simpson,/en/matches/2c85ce1a/Preston-North-End-Hull-City-August-6-2022-Championship,,2c85ce1a
ENG-Championship,2223,2022-08-06 QPR-Middlesbrough,Championship,2,Sat,2022-08-06,15:00,QPR,3–2,Middlesbrough,15796,Kiyan Prince Foundation Stadium,Joshua Smith,/en/matches/0c610922/Queens-Park-Rangers-Middlesbrough-August-6-2022-Championship,,0c610922
ENG-Championship,2223,2022-08-06 Reading-Cardiff City,Championship,2,Sat,2022-08-06,15:00,Reading,2–1,Cardiff City,13866,Select Car Leasing Stadium,Darren England,/en/matches/c7d19d79/Reading-Cardiff-City-August-6-2022-Championship,,c7d19d79
ENG-Championship,2223,2022-08-06 Sheffield United-Millwall,Championship,2,Sat,2022-08-06,15:00,Sheffield United,2–0,Millwall,27738,Bramall Lane,David Coote,/en/matches/813eddcd/Sheffield-United-Millwall-August-6-2022-Championship,,813eddcd
ENG-Championship,2223,2022-08-06 Stoke City-Blackpool,Championship,2,Sat,2022-08-06,15:00,Stoke City,2–0,Blackpool,23612,Bet365 Stadium,Robert Madley,/en/matches/7b64b74c/Stoke-City-Blackpool-August-6-2022-Championship,,7b64b74c
ENG-Championship,2223,2022-08-06 Swansea City-Blackburn Rovers,Championship,2,Sat,2022-08-06,15:00,Swansea City,0–3,Blackburn Rovers,16632,Swansea.com Stadium,Steve Martin,/en/matches/8a646f2a/Swansea-City-Blackburn-Rovers-August-6-2022-Championship,,8a646f2a
ENG-Championship,2223,2022-08-08 West Brom-Watford,Championship,2,Mon,2022-08-08,20:00,West Brom,1–1,Watford,22365,The Hawthorns,Tim Robinson,/en/matches/e852efad/West-Bromwich-Albion-Watford-August-8-2022-Championship,,e852efad
ENG-Championship,2223,2022-08-12 Watford-Burnley,Championship,3,Fri,2022-08-12,20:00,Watford,1–0,Burnley,19225,Vicarage Road Stadium,Thomas Bramall,/en/matches/2fb23b8f/Watford-Burnley-August-12-2022-Championship,,2fb23b8f
ENG-Championship,2223,2022-08-13 Blackpool-Swansea City,Championship,3,Sat,2022-08-13,15:00,Blackpool,0–1,Swansea City,11519,Bloomfield Road,Andy Woolmer,/en/matches/ba41f245/Blackpool-Swansea-City-August-13-2022-Championship,,ba41f245
ENG-Championship,2223,2022-08-13 Cardiff City-Birmingham City,Championship,3,Sat,2022-08-13,12:30,Cardiff City,1–0,Birmingham City,18893,Cardiff City Stadium,Darren Bond,/en/matches/c430983b/Cardiff-City-Birmingham-City-August-13-2022-Championship,,c430983b
ENG-Championship,2223,2022-08-13 Huddersfield Town-Stoke City,Championship,3,Sat,2022-08-13,15:00,Huddersfield Town,3–1,Stoke City,18618,The John Smith's Stadium,Matt Donohue,/en/matches/b0ba7052/Huddersfield-Town-Stoke-City-August-13-2022-Championship,,b0ba7052
ENG-Championship,2223,2022-08-13 Hull City-Norwich City,Championship,3,Sat,2022-08-13,15:00,Hull City,2–1,Norwich City,17028,MKM Stadium,James Linington,/en/matches/7bf10507/Hull-City-Norwich-City-August-13-2022-Championship,,7bf10507
ENG-Championship,2223,2022-08-13 Luton Town-Preston North End,Championship,3,Sat,2022-08-13,15:00,Luton Town,0–1,Preston North End,9740,Kenilworth Road Stadium,Dean Whitestone,/en/matches/530d1770/Luton-Town-Preston-North-End-August-13-2022-Championship,,530d1770
ENG-Championship,2223,2022-08-13 Millwall-Coventry City,Championship,3,Sat,2022-08-13,15:00,Millwall,3–2,Coventry City,13880,The Den,Robert Madley,/en/matches/0d73300d/Millwall-Coventry-City-August-13-2022-Championship,,0d73300d
ENG-Championship,2223,2022-08-13 Rotherham United-Reading,Championship,3,Sat,2022-08-13,15:00,Rotherham United,4–0,Reading,9263,AESSEAL New York Stadium,Steve Martin,/en/matches/d34b5683/Rotherham-United-Reading-August-13-2022-Championship,,d34b5683
ENG-Championship,2223,2022-08-13 Sunderland-QPR,Championship,3,Sat,2022-08-13,15:00,Sunderland,2–2,QPR,37884,Stadium of Light,Jeremy Simpson,/en/matches/04249b82/Sunderland-Queens-Park-Rangers-August-13-2022-Championship,,04249b82
ENG-Championship,2223,2022-08-13 Wigan Athletic-Bristol City,Championship,3,Sat,2022-08-13,15:00,Wigan Athletic,1–1,Bristol City,9822,The DW Stadium,John Busby,/en/matches/bc89a13b/Wigan-Athletic-Bristol-City-August-13-2022-Championship,,bc89a13b
ENG-Championship,2223,2022-08-14 Blackburn Rovers-West Brom,Championship,3,Sun,2022-08-14,15:00,Blackburn Rovers,2–1,West Brom,14970,Ewood Park,Joshua Smith,/en/matches/4a51252f/Blackburn-Rovers-West-Bromwich-Albion-August-14-2022-Championship,,4a51252f
ENG-Championship,2223,2022-08-14 Middlesbrough-Sheffield United,Championship,3,Sun,2022-08-14,14:00,Middlesbrough,2–2,Sheffield United,26056,Riverside Stadium,Andre Marriner,/en/matches/e7230924/Middlesbrough-Sheffield-United-August-14-2022-Championship,,e7230924
ENG-Championship,2223,2022-08-16 Birmingham City-Watford,Championship,4,Tue,2022-08-16,19:45,Birmingham City,1–1,Watford,16811,St Andrew's Trillion Trophy Stadium,David Webb,/en/matches/2d24ee36/Birmingham-City-Watford-August-16-2022-Championship,,2d24ee36
ENG-Championship,2223,2022-08-16 Bristol City-Luton Town,Championship,4,Tue,2022-08-16,19:45,Bristol City,2–0,Luton Town,17329,Ashton Gate Stadium,Leigh Doughty,/en/matches/5a983594/Bristol-City-Luton-Town-August-16-2022-Championship,,5a983594
ENG-Championship,2223,2022-08-16 Burnley-Hull City,Championship,4,Tue,2022-08-16,19:45,Burnley,1–1,Hull City,18209,Turf Moor,Robert Madley,/en/matches/aa3e8a7e/Burnley-Hull-City-August-16-2022-Championship,,aa3e8a7e
ENG-Championship,2223,2022-08-16 Norwich City-Huddersfield Town,Championship,4,Tue,2022-08-16,19:45,Norwich City,2–1,Huddersfield Town,25369,Carrow Road,Joshua Smith,/en/matches/0a4929d2/Norwich-City-Huddersfield-Town-August-16-2022-Championship,,0a4929d2
ENG-Championship,2223,2022-08-16 Preston North End-Rotherham United,Championship,4,Tue,2022-08-16,19:45,Preston North End,0–0,Rotherham United,14479,Deepdale Stadium,Oliver Langford,/en/matches/2c58d22e/Preston-North-End-Rotherham-United-August-16-2022-Championship,,2c58d22e
ENG-Championship,2223,2022-08-16 QPR-Blackpool,Championship,4,Tue,2022-08-16,20:00,QPR,0–1,Blackpool,12575,Kiyan Prince Foundation Stadium,Andrew Davies,/en/matches/e5765f33/Queens-Park-Rangers-Blackpool-August-16-2022-Championship,,e5765f33
ENG-Championship,2223,2022-08-16 Swansea City-Millwall,Championship,4,Tue,2022-08-16,19:45,Swansea City,2–2,Millwall,16068,Swansea.com Stadium,Gavin Ward,/en/matches/673cd4a6/Swansea-City-Millwall-August-16-2022-Championship,,673cd4a6
ENG-Championship,2223,2022-08-17 Reading-Blackburn Rovers,Championship,4,Wed,2022-08-17,20:00,Reading,3–0,Blackburn Rovers,11780,Select Car Leasing Stadium,Keith Stroud,/en/matches/cf53e3e1/Reading-Blackburn-Rovers-August-17-2022-Championship,,cf53e3e1
ENG-Championship,2223,2022-08-17 Sheffield United-Sunderland,Championship,4,Wed,2022-08-17,20:00,Sheffield United,2–1,Sunderland,28197,Bramall Lane,James Linington,/en/matches/a489f067/Sheffield-United-Sunderland-August-17-2022-Championship,,a489f067
ENG-Championship,2223,2022-08-17 Stoke City-Middlesbrough,Championship,4,Wed,2022-08-17,19:45,Stoke City,2–2,Middlesbrough,18345,Bet365 Stadium,Michael Salisbury,/en/matches/957c7c70/Stoke-City-Middlesbrough-August-17-2022-Championship,,957c7c70
ENG-Championship,2223,2022-08-17 West Brom-Cardiff City,Championship,4,Wed,2022-08-17,20:00,West Brom,0–0,Cardiff City,21820,The Hawthorns,Andy Madley,/en/matches/bcdf1fee/West-Bromwich-Albion-Cardiff-City-August-17-2022-Championship,,bcdf1fee
ENG-Championship,2223,2022-08-19 Norwich City-Millwall,Championship,5,Fri,2022-08-19,20:00,Norwich City,2–0,Millwall,26214,Carrow Road,Robert Jones,/en/matches/5014504d/Norwich-City-Millwall-August-19-2022-Championship,,5014504d
ENG-Championship,2223,2022-08-20 Birmingham City-Wigan Athletic,Championship,5,Sat,2022-08-20,15:00,Birmingham City,0–1,Wigan Athletic,16013,St Andrew's Trillion Trophy Stadium,Andrew Davies,/en/matches/61825f8d/Birmingham-City-Wigan-Athletic-August-20-2022-Championship,,61825f8d
ENG-Championship,2223,2022-08-20 Burnley-Blackpool,Championship,5,Sat,2022-08-20,15:00,Burnley,3–3,Blackpool,20620,Turf Moor,Keith Stroud,/en/matches/74ca79e8/Burnley-Blackpool-August-20-2022-Championship,,74ca79e8
ENG-Championship,2223,2022-08-20 Preston North End-Watford,Championship,5,Sat,2022-08-20,15:00,Preston North End,0–0,Watford,15317,Deepdale Stadium,Darren Bond,/en/matches/a0a52800/Preston-North-End-Watford-August-20-2022-Championship,,a0a52800
ENG-Championship,2223,2022-08-20 QPR-Rotherham United,Championship,5,Sat,2022-08-20,15:00,QPR,1–1,Rotherham United,12230,Kiyan Prince Foundation Stadium,Andy Woolmer,/en/matches/a127597d/Queens-Park-Rangers-Rotherham-United-August-20-2022-Championship,,a127597d
ENG-Championship,2223,2022-08-20 Reading-Middlesbrough,Championship,5,Sat,2022-08-20,15:00,Reading,1–0,Middlesbrough,12318,Select Car Leasing Stadium,James Linington,/en/matches/158a5bf7/Reading-Middlesbrough-August-20-2022-Championship,,158a5bf7
ENG-Championship,2223,2022-08-20 Sheffield United-Blackburn Rovers,Championship,5,Sat,2022-08-20,15:00,Sheffield United,3–0,Blackburn Rovers,27850,Bramall Lane,Leigh Doughty,/en/matches/1720082f/Sheffield-United-Blackburn-Rovers-August-20-2022-Championship,,1720082f
ENG-Championship,2223,2022-08-20 Stoke City-Sunderland,Championship,5,Sat,2022-08-20,15:00,Stoke City,0–1,Sunderland,21230,Bet365 Stadium,Oliver Langford,/en/matches/59fab04e/Stoke-City-Sunderland-August-20-2022-Championship,,59fab04e
ENG-Championship,2223,2022-08-20 Swansea City-Luton Town,Championship,5,Sat,2022-08-20,15:00,Swansea City,0–2,Luton Town,16323,Swansea.com Stadium,John Busby,/en/matches/8edceb37/Swansea-City-Luton-Town-August-20-2022-Championship,,8edceb37
ENG-Championship,2223,2022-08-20 West Brom-Hull City,Championship,5,Sat,2022-08-20,15:00,West Brom,5–2,Hull City,22003,The Hawthorns,James Bell,/en/matches/b86c5165/West-Bromwich-Albion-Hull-City-August-20-2022-Championship,,b86c5165
ENG-Championship,2223,2022-08-21 Bristol City-Cardiff City,Championship,5,Sun,2022-08-21,12:00,Bristol City,2–0,Cardiff City,21649,Ashton Gate Stadium,Thomas Bramall,/en/matches/aae38626/Bristol-City-Cardiff-City-August-21-2022-Championship,,aae38626
ENG-Championship,2223,2022-08-26 Luton Town-Sheffield United,Championship,6,Fri,2022-08-26,20:00,Luton Town,1–1,Sheffield United,9882,Kenilworth Road Stadium,David Webb,/en/matches/caf0bf47/Luton-Town-Sheffield-United-August-26-2022-Championship,,caf0bf47
ENG-Championship,2223,2022-08-27 Blackburn Rovers-Stoke City,Championship,6,Sat,2022-08-27,15:00,Blackburn Rovers,0–1,Stoke City,13371,Ewood Park,Leigh Doughty,/en/matches/0a66d482/Blackburn-Rovers-Stoke-City-August-27-2022-Championship,,0a66d482
ENG-Championship,2223,2022-08-27 Blackpool-Bristol City,Championship,6,Sat,2022-08-27,15:00,Blackpool,3–3,Bristol City,10804,Bloomfield Road,Jeremy Simpson,/en/matches/4aedb770/Blackpool-Bristol-City-August-27-2022-Championship,,4aedb770
ENG-Championship,2223,2022-08-27 Cardiff City-Preston North End,Championship,6,Sat,2022-08-27,15:00,Cardiff City,0–0,Preston North End,17922,Cardiff City Stadium,Andy Woolmer,/en/matches/acb985cc/Cardiff-City-Preston-North-End-August-27-2022-Championship,,acb985cc
ENG-Championship,2223,2022-08-27 Huddersfield Town-West Brom,Championship,6,Sat,2022-08-27,15:00,Huddersfield Town,2–2,West Brom,18696,The John Smith's Stadium,Andrew Davies,/en/matches/987effc9/Huddersfield-Town-West-Bromwich-Albion-August-27-2022-Championship,,987effc9
ENG-Championship,2223,2022-08-27 Hull City-Coventry City,Championship,6,Sat,2022-08-27,15:00,Hull City,3–2,Coventry City,17874,MKM Stadium,Oliver Langford,/en/matches/e9bd14df/Hull-City-Coventry-City-August-27-2022-Championship,,e9bd14df
ENG-Championship,2223,2022-08-27 Middlesbrough-Swansea City,Championship,6,Sat,2022-08-27,15:00,Middlesbrough,2–1,Swansea City,23672,Riverside Stadium,Robert Madley,/en/matches/1b6dd67b/Middlesbrough-Swansea-City-August-27-2022-Championship,,1b6dd67b
ENG-Championship,2223,2022-08-27 Millwall-Reading,Championship,6,Sat,2022-08-27,15:00,Millwall,0–1,Reading,14352,The Den,Chris Kavanagh,/en/matches/52eee350/Millwall-Reading-August-27-2022-Championship,,52eee350
ENG-Championship,2223,2022-08-27 Rotherham United-Birmingham City,Championship,6,Sat,2022-08-27,15:00,Rotherham United,2–0,Birmingham City,11027,AESSEAL New York Stadium,Gavin Ward,/en/matches/3247e1db/Rotherham-United-Birmingham-City-August-27-2022-Championship,,3247e1db
ENG-Championship,2223,2022-08-27 Sunderland-Norwich City,Championship,6,Sat,2022-08-27,12:30,Sunderland,0–1,Norwich City,36440,Stadium of Light,Tim Robinson,/en/matches/29cfc220/Sunderland-Norwich-City-August-27-2022-Championship,,29cfc220
ENG-Championship,2223,2022-08-27 Watford-QPR,Championship,6,Sat,2022-08-27,15:00,Watford,2–3,QPR,19977,Vicarage Road Stadium,Keith Stroud,/en/matches/e06e1131/Watford-Queens-Park-Rangers-August-27-2022-Championship,,e06e1131
ENG-Championship,2223,2022-08-27 Wigan Athletic-Burnley,Championship,6,Sat,2022-08-27,15:00,Wigan Athletic,1–5,Burnley,14506,The DW Stadium,James Bell,/en/matches/0344abd0/Wigan-Athletic-Burnley-August-27-2022-Championship,,0344abd0
ENG-Championship,2223,2022-08-30 Birmingham City-Norwich City,Championship,7,Tue,2022-08-30,19:45,Birmingham City,1–2,Norwich City,16156,St Andrew's Trillion Trophy Stadium,Keith Stroud,/en/matches/09afd026/Birmingham-City-Norwich-City-August-30-2022-Championship,,09afd026
ENG-Championship,2223,2022-08-30 Burnley-Millwall,Championship,7,Tue,2022-08-30,19:45,Burnley,2–0,Millwall,18732,Turf Moor,Leigh Doughty,/en/matches/dc8b3015/Burnley-Millwall-August-30-2022-Championship,,dc8b3015
ENG-Championship,2223,2022-08-30 Cardiff City-Luton Town,Championship,7,Tue,2022-08-30,19:45,Cardiff City,1–2,Luton Town,7202,Cardiff City Stadium,James Linington,/en/matches/015aa052/Cardiff-City-Luton-Town-August-30-2022-Championship,,015aa052
ENG-Championship,2223,2022-08-30 QPR-Hull City,Championship,7,Tue,2022-08-30,19:45,QPR,3–1,Hull City,12716,Kiyan Prince Foundation Stadium,Steve Martin,/en/matches/03380f6e/Queens-Park-Rangers-Hull-City-August-30-2022-Championship,,03380f6e
ENG-Championship,2223,2022-08-30 Sheffield United-Reading,Championship,7,Tue,2022-08-30,19:45,Sheffield United,4–0,Reading,27810,Bramall Lane,Gavin Ward,/en/matches/0b60da71/Sheffield-United-Reading-August-30-2022-Championship,,0b60da71
ENG-Championship,2223,2022-08-30 Watford-Middlesbrough,Championship,7,Tue,2022-08-30,20:00,Watford,2–1,Middlesbrough,20022,Vicarage Road Stadium,Chris Kavanagh,/en/matches/65d60e08/Watford-Middlesbrough-August-30-2022-Championship,,65d60e08
ENG-Championship,2223,2022-08-30 Wigan Athletic-West Brom,Championship,7,Tue,2022-08-30,19:45,Wigan Athletic,1–1,West Brom,10526,The DW Stadium,Andy Woolmer,/en/matches/f7aa4988/Wigan-Athletic-West-Bromwich-Albion-August-30-2022-Championship,,f7aa4988
ENG-Championship,2223,2022-08-31 Blackpool-Blackburn Rovers,Championship,7,Wed,2022-08-31,20:00,Blackpool,0–1,Blackburn Rovers,33383,Bloomfield Road,Matt Donohue,/en/matches/829eb8cd/Blackpool-Blackburn-Rovers-August-31-2022-Championship,,829eb8cd
ENG-Championship,2223,2022-08-31 Bristol City-Huddersfield Town,Championship,7,Wed,2022-08-31,19:45,Bristol City,2–0,Huddersfield Town,18569,Ashton Gate Stadium,Darren Bond,/en/matches/911f1100/Bristol-City-Huddersfield-Town-August-31-2022-Championship,,911f1100
ENG-Championship,2223,2022-08-31 Coventry City-Preston North End,Championship,7,Wed,2022-08-31,19:45,Coventry City,0–1,Preston North End,18913,Coventry Building Society Arena,John Busby,/en/matches/b378268b/Coventry-City-Preston-North-End-August-31-2022-Championship,,b378268b
ENG-Championship,2223,2022-08-31 Stoke City-Swansea City,Championship,7,Wed,2022-08-31,19:45,Stoke City,1–1,Swansea City,18697,Bet365 Stadium,David Webb,/en/matches/880124fc/Stoke-City-Swansea-City-August-31-2022-Championship,,880124fc
ENG-Championship,2223,2022-08-31 Sunderland-Rotherham United,Championship,7,Wed,2022-08-31,19:45,Sunderland,3–0,Rotherham United,36530,Stadium of Light,Tony Harrington,/en/matches/b6049a2d/Sunderland-Rotherham-United-August-31-2022-Championship,,b6049a2d
ENG-Championship,2223,2022-09-02 West Brom-Burnley,Championship,8,Fri,2022-09-02,20:00,West Brom,1–1,Burnley,22303,The Hawthorns,James Linington,/en/matches/9f0e0aca/West-Bromwich-Albion-Burnley-September-2-2022-Championship,,9f0e0aca
ENG-Championship,2223,2022-09-03 Blackburn Rovers-Bristol City,Championship,8,Sat,2022-09-03,15:00,Blackburn Rovers,2–3,Bristol City,12502,Ewood Park,Tim Robinson,/en/matches/fba336c5/Blackburn-Rovers-Bristol-City-September-3-2022-Championship,,fba336c5
ENG-Championship,2223,2022-09-03 Luton Town-Wigan Athletic,Championship,8,Sat,2022-09-03,15:00,Luton Town,1–2,Wigan Athletic,9885,Kenilworth Road Stadium,Chris Kavanagh,/en/matches/79b06c22/Luton-Town-Wigan-Athletic-September-3-2022-Championship,,79b06c22
ENG-Championship,2223,2022-09-03 Millwall-Cardiff City,Championship,8,Sat,2022-09-03,15:00,Millwall,2–0,Cardiff City,13010,The Den,Jeremy Simpson,/en/matches/3bc7bd43/Millwall-Cardiff-City-September-3-2022-Championship,,3bc7bd43
ENG-Championship,2223,2022-09-03 Norwich City-Coventry City,Championship,8,Sat,2022-09-03,15:00,Norwich City,3–0,Coventry City,26487,Carrow Road,Gavin Ward,/en/matches/cf03d2eb/Norwich-City-Coventry-City-September-3-2022-Championship,,cf03d2eb
ENG-Championship,2223,2022-09-03 Preston North End-Birmingham City,Championship,8,Sat,2022-09-03,15:00,Preston North End,0–1,Birmingham City,16098,Deepdale Stadium,James Bell,/en/matches/403198f6/Preston-North-End-Birmingham-City-September-3-2022-Championship,,403198f6
ENG-Championship,2223,2022-09-03 Rotherham United-Watford,Championship,8,Sat,2022-09-03,15:00,Rotherham United,1–1,Watford,10607,AESSEAL New York Stadium,Leigh Doughty,/en/matches/9c789465/Rotherham-United-Watford-September-3-2022-Championship,,9c789465
ENG-Championship,2223,2022-09-03 Swansea City-QPR,Championship,8,Sat,2022-09-03,15:00,Swansea City,1–0,QPR,15935,Swansea.com Stadium,Oliver Langford,/en/matches/9ece3abb/Swansea-City-Queens-Park-Rangers-September-3-2022-Championship,,9ece3abb
ENG-Championship,2223,2022-09-04 Huddersfield Town-Blackpool,Championship,8,Sun,2022-09-04,15:00,Huddersfield Town,0–1,Blackpool,18195,The John Smith's Stadium,John Busby,/en/matches/d12cb4da/Huddersfield-Town-Blackpool-September-4-2022-Championship,,d12cb4da
ENG-Championship,2223,2022-09-04 Hull City-Sheffield United,Championship,8,Sun,2022-09-04,15:00,Hull City,0–2,Sheffield United,20426,MKM Stadium,Matt Donohue,/en/matches/9bd1edfe/Hull-City-Sheffield-United-September-4-2022-Championship,,9bd1edfe
ENG-Championship,2223,2022-09-04 Reading-Stoke City,Championship,8,Sun,2022-09-04,12:00,Reading,2–1,Stoke City,12292,Select Car Leasing Stadium,David Coote,/en/matches/b1180c37/Reading-Stoke-City-September-4-2022-Championship,,b1180c37
ENG-Championship,2223,2022-09-05 Middlesbrough-Sunderland,Championship,8,Mon,2022-09-05,20:00,Middlesbrough,1–0,Sunderland,30391,Riverside Stadium,Darren Bond,/en/matches/f789002c/Middlesbrough-Sunderland-September-5-2022-Championship,,f789002c
ENG-Championship,2223,2022-09-13 Blackburn Rovers-Watford,Championship,10,Tue,2022-09-13,19:45,Blackburn Rovers,2–0,Watford,11803,Ewood Park,Steve Martin,/en/matches/1e8e7e27/Blackburn-Rovers-Watford-September-13-2022-Championship,,1e8e7e27
ENG-Championship,2223,2022-09-13 Huddersfield Town-Wigan Athletic,Championship,10,Tue,2022-09-13,19:45,Huddersfield Town,1–2,Wigan Athletic,17941,The John Smith's Stadium,Jeremy Simpson,/en/matches/79305252/Huddersfield-Town-Wigan-Athletic-September-13-2022-Championship,,79305252
ENG-Championship,2223,2022-09-13 Hull City-Stoke City,Championship,10,Tue,2022-09-13,19:45,Hull City,0–3,Stoke City,15627,MKM Stadium,Leigh Doughty,/en/matches/12b4f1d0/Hull-City-Stoke-City-September-13-2022-Championship,,12b4f1d0
ENG-Championship,2223,2022-09-13 Middlesbrough-Cardiff City,Championship,10,Tue,2022-09-13,19:45,Middlesbrough,2–3,Cardiff City,22124,Riverside Stadium,Darren Bond,/en/matches/8131c5b4/Middlesbrough-Cardiff-City-September-13-2022-Championship,,8131c5b4
ENG-Championship,2223,2022-09-13 Preston North End-Burnley,Championship,10,Tue,2022-09-13,20:00,Preston North End,1–1,Burnley,20212,Deepdale Stadium,Peter Bankes,/en/matches/de0c64ab/Preston-North-End-Burnley-September-13-2022-Championship,,de0c64ab
ENG-Championship,2223,2022-09-13 Swansea City-Sheffield United,Championship,10,Tue,2022-09-13,19:45,Swansea City,0–1,Sheffield United,15458,Swansea.com Stadium,Darren Bond,/en/matches/3037ea2b/Swansea-City-Sheffield-United-September-13-2022-Championship,,3037ea2b
ENG-Championship,2223,2022-09-14 Luton Town-Coventry City,Championship,10,Wed,2022-09-14,19:45,Luton Town,2–2,Coventry City,9546,Kenilworth Road Stadium,Andrew Davies,/en/matches/212a5027/Luton-Town-Coventry-City-September-14-2022-Championship,,212a5027
ENG-Championship,2223,2022-09-14 Millwall-QPR,Championship,10,Wed,2022-09-14,19:45,Millwall,0–2,QPR,13384,The Den,Tim Robinson,/en/matches/3039ff81/Millwall-Queens-Park-Rangers-September-14-2022-Championship,,3039ff81
ENG-Championship,2223,2022-09-14 Norwich City-Bristol City,Championship,10,Wed,2022-09-14,19:45,Norwich City,3–2,Bristol City,35287,Carrow Road,David Webb,/en/matches/e82bcf87/Norwich-City-Bristol-City-September-14-2022-Championship,,e82bcf87
ENG-Championship,2223,2022-09-14 Reading-Sunderland,Championship,10,Wed,2022-09-14,20:00,Reading,0–3,Sunderland,12061,Select Car Leasing Stadium,Matt Donohue,/en/matches/39f4f408/Reading-Sunderland-September-14-2022-Championship,,39f4f408
ENG-Championship,2223,2022-09-14 Rotherham United-Blackpool,Championship,10,Wed,2022-09-14,19:45,Rotherham United,3–0,Blackpool,9105,AESSEAL New York Stadium,Michael Salisbury,/en/matches/8d78dc07/Rotherham-United-Blackpool-September-14-2022-Championship,,8d78dc07
ENG-Championship,2223,2022-09-14 West Brom-Birmingham City,Championship,10,Wed,2022-09-14,20:00,West Brom,2–3,Birmingham City,23089,The Hawthorns,Joshua Smith,/en/matches/fb0c5d0a/West-Bromwich-Albion-Birmingham-City-September-14-2022-Championship,,fb0c5d0a
ENG-Championship,2223,2022-09-17 Birmingham City-Coventry City,Championship,11,Sat,2022-09-17,15:00,Birmingham City,0–0,Coventry City,16633,St Andrew's Trillion Trophy Stadium,Graham Scott,/en/matches/1f091957/Birmingham-City-Coventry-City-September-17-2022-Championship,,1f091957
ENG-Championship,2223,2022-09-17 Burnley-Bristol City,Championship,11,Sat,2022-09-17,15:00,Burnley,2–1,Bristol City,19742,Turf Moor,Oliver Langford,/en/matches/366a9fd8/Burnley-Bristol-City-September-17-2022-Championship,,366a9fd8
ENG-Championship,2223,2022-09-17 Huddersfield Town-Cardiff City,Championship,11,Sat,2022-09-17,15:00,Huddersfield Town,1–0,Cardiff City,19193,The John Smith's Stadium,Dean Whitestone,/en/matches/6e20a7b6/Huddersfield-Town-Cardiff-City-September-17-2022-Championship,,6e20a7b6
ENG-Championship,2223,2022-09-17 Luton Town-Blackburn Rovers,Championship,11,Sat,2022-09-17,15:00,Luton Town,2–0,Blackburn Rovers,9839,Kenilworth Road Stadium,Joshua Smith,/en/matches/557aeb6e/Luton-Town-Blackburn-Rovers-September-17-2022-Championship,,557aeb6e
ENG-Championship,2223,2022-09-17 Middlesbrough-Rotherham United,Championship,11,Sat,2022-09-17,19:45,Middlesbrough,0–0,Rotherham United,22960,Riverside Stadium,Tim Robinson,/en/matches/df39a19c/Middlesbrough-Rotherham-United-September-17-2022-Championship,,df39a19c
ENG-Championship,2223,2022-09-17 Millwall-Blackpool,Championship,11,Sat,2022-09-17,15:00,Millwall,2–1,Blackpool,11463,The Den,Darren Bond,/en/matches/482d7884/Millwall-Blackpool-September-17-2022-Championship,,482d7884
ENG-Championship,2223,2022-09-17 Norwich City-West Brom,Championship,11,Sat,2022-09-17,15:00,Norwich City,1–1,West Brom,26303,Carrow Road,Thomas Bramall,/en/matches/3c099582/Norwich-City-West-Bromwich-Albion-September-17-2022-Championship,,3c099582
ENG-Championship,2223,2022-09-17 Preston North End-Sheffield United,Championship,11,Sat,2022-09-17,15:00,Preston North End,0–2,Sheffield United,18412,Deepdale Stadium,Jeremy Simpson,/en/matches/d36f9552/Preston-North-End-Sheffield-United-September-17-2022-Championship,,d36f9552
ENG-Championship,2223,2022-09-17 QPR-Stoke City,Championship,11,Sat,2022-09-17,15:00,QPR,0–0,Stoke City,14174,Kiyan Prince Foundation Stadium,Matt Donohue,/en/matches/2eb576e4/Queens-Park-Rangers-Stoke-City-September-17-2022-Championship,,2eb576e4
ENG-Championship,2223,2022-09-17 Swansea City-Hull City,Championship,11,Sat,2022-09-17,12:30,Swansea City,3–0,Hull City,15207,Swansea.com Stadium,Keith Stroud,/en/matches/84b4d837/Swansea-City-Hull-City-September-17-2022-Championship,,84b4d837
ENG-Championship,2223,2022-09-17 Watford-Sunderland,Championship,11,Sat,2022-09-17,15:00,Watford,2–2,Sunderland,19767,Vicarage Road Stadium,Robert Madley,/en/matches/2a1ce2f9/Watford-Sunderland-September-17-2022-Championship,,2a1ce2f9
ENG-Championship,2223,2022-09-17 Wigan Athletic-Reading,Championship,11,Sat,2022-09-17,15:00,Wigan Athletic,0–1,Reading,10113,The DW Stadium,David Webb,/en/matches/8c951476/Wigan-Athletic-Reading-September-17-2022-Championship,,8c951476
ENG-Championship,2223,2022-09-30 Hull City-Luton Town,Championship,12,Fri,2022-09-30,20:00,Hull City,0–2,Luton Town,15730,MKM Stadium,James Linington,/en/matches/1e0b6356/Hull-City-Luton-Town-September-30-2022-Championship,,1e0b6356
ENG-Championship,2223,2022-10-01 Blackburn Rovers-Millwall,Championship,12,Sat,2022-10-01,15:00,Blackburn Rovers,2–1,Millwall,12164,Ewood Park,David Webb,/en/matches/c03a242c/Blackburn-Rovers-Millwall-October-1-2022-Championship,,c03a242c
ENG-Championship,2223,2022-10-01 Blackpool-Norwich City,Championship,12,Sat,2022-10-01,15:00,Blackpool,0–1,Norwich City,11594,Bloomfield Road,David Coote,/en/matches/e95bd82c/Blackpool-Norwich-City-October-1-2022-Championship,,e95bd82c
ENG-Championship,2223,2022-10-01 Bristol City-QPR,Championship,12,Sat,2022-10-01,15:00,Bristol City,1–2,QPR,21665,Ashton Gate Stadium,Jeremy Simpson,/en/matches/db570c73/Bristol-City-Queens-Park-Rangers-October-1-2022-Championship,,db570c73
ENG-Championship,2223,2022-10-01 Cardiff City-Burnley,Championship,12,Sat,2022-10-01,15:00,Cardiff City,1–1,Burnley,18508,Cardiff City Stadium,Gavin Ward,/en/matches/22eb30c2/Cardiff-City-Burnley-October-1-2022-Championship,,22eb30c2
ENG-Championship,2223,2022-10-01 Coventry City-Middlesbrough,Championship,12,Sat,2022-10-01,15:00,Coventry City,1–0,Middlesbrough,19788,Coventry Building Society Arena,Steve Martin,/en/matches/7efa3aa3/Coventry-City-Middlesbrough-October-1-2022-Championship,,7efa3aa3
ENG-Championship,2223,2022-10-01 Reading-Huddersfield Town,Championship,12,Sat,2022-10-01,15:00,Reading,3–1,Huddersfield Town,16684,Select Car Leasing Stadium,Oliver Langford,/en/matches/30cf2f63/Reading-Huddersfield-Town-October-1-2022-Championship,,30cf2f63
ENG-Championship,2223,2022-10-01 Rotherham United-Wigan Athletic,Championship,12,Sat,2022-10-01,15:00,Rotherham United,0–2,Wigan Athletic,10761,AESSEAL New York Stadium,Andrew Davies,/en/matches/62c322e2/Rotherham-United-Wigan-Athletic-October-1-2022-Championship,,62c322e2
ENG-Championship,2223,2022-10-01 Sheffield United-Birmingham City,Championship,12,Sat,2022-10-01,15:00,Sheffield United,1–1,Birmingham City,29927,Bramall Lane,Darren Bond,/en/matches/6f76c3dc/Sheffield-United-Birmingham-City-October-1-2022-Championship,,6f76c3dc
ENG-Championship,2223,2022-10-01 Sunderland-Preston North End,Championship,12,Sat,2022-10-01,15:00,Sunderland,0–0,Preston North End,41825,Stadium of Light,Andy Woolmer,/en/matches/e087f7b7/Sunderland-Preston-North-End-October-1-2022-Championship,,e087f7b7
ENG-Championship,2223,2022-10-01 West Brom-Swansea City,Championship,12,Sat,2022-10-01,15:00,West Brom,2–3,Swansea City,22369,The Hawthorns,Graham Scott,/en/matches/c1b156e6/West-Bromwich-Albion-Swansea-City-October-1-2022-Championship,,c1b156e6
ENG-Championship,2223,2022-10-02 Stoke City-Watford,Championship,12,Sun,2022-10-02,12:00,Stoke City,0–4,Watford,19905,Bet365 Stadium,Joshua Smith,/en/matches/5733d2a9/Stoke-City-Watford-October-2-2022-Championship,,5733d2a9
ENG-Championship,2223,2022-10-04 Bristol City-Coventry City,Championship,13,Tue,2022-10-04,19:45,Bristol City,0–0,Coventry City,18658,Ashton Gate Stadium,James Bell,/en/matches/f286c4ee/Bristol-City-Coventry-City-October-4-2022-Championship,,f286c4ee
ENG-Championship,2223,2022-10-04 Cardiff City-Blackburn Rovers,Championship,13,Tue,2022-10-04,20:00,Cardiff City,1–0,Blackburn Rovers,16150,Cardiff City Stadium,John Brooks,/en/matches/48b1e85d/Cardiff-City-Blackburn-Rovers-October-4-2022-Championship,,48b1e85d
ENG-Championship,2223,2022-10-04 Luton Town-Huddersfield Town,Championship,13,Tue,2022-10-04,19:45,Luton Town,3–3,Huddersfield Town,9073,Kenilworth Road Stadium,Leigh Doughty,/en/matches/3ac55cd6/Luton-Town-Huddersfield-Town-October-4-2022-Championship,,3ac55cd6
ENG-Championship,2223,2022-10-04 Reading-Norwich City,Championship,13,Tue,2022-10-04,20:00,Reading,1–1,Norwich City,11978,Select Car Leasing Stadium,Darren Bond,/en/matches/db87955a/Reading-Norwich-City-October-4-2022-Championship,,db87955a
ENG-Championship,2223,2022-10-04 Sheffield United-QPR,Championship,13,Tue,2022-10-04,19:45,Sheffield United,0–1,QPR,26636,Bramall Lane,James Linington,/en/matches/1b742c6e/Sheffield-United-Queens-Park-Rangers-October-4-2022-Championship,,1b742c6e
ENG-Championship,2223,2022-10-04 Sunderland-Blackpool,Championship,13,Tue,2022-10-04,19:45,Sunderland,0–0,Blackpool,35900,Stadium of Light,Jeremy Simpson,/en/matches/b4e72b50/Sunderland-Blackpool-October-4-2022-Championship,,b4e72b50
ENG-Championship,2223,2022-10-05 Burnley-Stoke City,Championship,13,Wed,2022-10-05,19:45,Burnley,1–1,Stoke City,18131,Turf Moor,David Webb,/en/matches/c0f22f4d/Burnley-Stoke-City-October-5-2022-Championship,,c0f22f4d
ENG-Championship,2223,2022-10-05 Hull City-Wigan Athletic,Championship,13,Wed,2022-10-05,19:45,Hull City,2–1,Wigan Athletic,14669,MKM Stadium,Andy Woolmer,/en/matches/618c52a1/Hull-City-Wigan-Athletic-October-5-2022-Championship,,618c52a1
ENG-Championship,2223,2022-10-05 Middlesbrough-Birmingham City,Championship,13,Wed,2022-10-05,19:45,Middlesbrough,1–0,Birmingham City,22374,Riverside Stadium,Michael Salisbury,/en/matches/a26a1845/Middlesbrough-Birmingham-City-October-5-2022-Championship,,a26a1845
ENG-Championship,2223,2022-10-05 Preston North End-West Brom,Championship,13,Wed,2022-10-05,20:00,Preston North End,1–0,West Brom,13924,Deepdale Stadium,Joshua Smith,/en/matches/17f7f3a4/Preston-North-End-West-Bromwich-Albion-October-5-2022-Championship,,17f7f3a4
ENG-Championship,2223,2022-10-05 Rotherham United-Millwall,Championship,13,Wed,2022-10-05,19:45,Rotherham United,1–1,Millwall,8618,AESSEAL New York Stadium,Dean Whitestone,/en/matches/f06b2355/Rotherham-United-Millwall-October-5-2022-Championship,,f06b2355
ENG-Championship,2223,2022-10-05 Watford-Swansea City,Championship,13,Wed,2022-10-05,19:45,Watford,1–2,Swansea City,17231,Vicarage Road Stadium,Tim Robinson,/en/matches/dfa8b214/Watford-Swansea-City-October-5-2022-Championship,,dfa8b214
ENG-Championship,2223,2022-10-07 QPR-Reading,Championship,14,Fri,2022-10-07,20:00,QPR,2–1,Reading,16656,Kiyan Prince Foundation Stadium,Thomas Bramall,/en/matches/bf93ce45/Queens-Park-Rangers-Reading-October-7-2022-Championship,,bf93ce45
ENG-Championship,2223,2022-10-08 Birmingham City-Bristol City,Championship,14,Sat,2022-10-08,15:00,Birmingham City,3–0,Bristol City,3107,St Andrew's Trillion Trophy Stadium,James Linington,/en/matches/87cbec5d/Birmingham-City-Bristol-City-October-8-2022-Championship,,87cbec5d
ENG-Championship,2223,2022-10-08 Blackburn Rovers-Rotherham United,Championship,14,Sat,2022-10-08,15:00,Blackburn Rovers,3–0,Rotherham United,12233,Ewood Park,Oliver Langford,/en/matches/9f2a6801/Blackburn-Rovers-Rotherham-United-October-8-2022-Championship,,9f2a6801
ENG-Championship,2223,2022-10-08 Blackpool-Watford,Championship,14,Sat,2022-10-08,15:00,Blackpool,3–1,Watford,11567,Bloomfield Road,Robert Madley,/en/matches/38ef7a0f/Blackpool-Watford-October-8-2022-Championship,,38ef7a0f
ENG-Championship,2223,2022-10-08 Coventry City-Burnley,Championship,14,Sat,2022-10-08,15:00,Coventry City,0–1,Burnley,19445,Coventry Building Society Arena,John Busby,/en/matches/3c81e78c/Coventry-City-Burnley-October-8-2022-Championship,,3c81e78c
ENG-Championship,2223,2022-10-08 Millwall-Middlesbrough,Championship,14,Sat,2022-10-08,15:00,Millwall,2–0,Middlesbrough,15638,The Den,Matt Donohue,/en/matches/3e07830d/Millwall-Middlesbrough-October-8-2022-Championship,,3e07830d
ENG-Championship,2223,2022-10-08 Norwich City-Preston North End,Championship,14,Sat,2022-10-08,15:00,Norwich City,2–3,Preston North End,26062,Carrow Road,Oliver Langford,/en/matches/ba92fd78/Norwich-City-Preston-North-End-October-8-2022-Championship,,ba92fd78
ENG-Championship,2223,2022-10-08 Stoke City-Sheffield United,Championship,14,Sat,2022-10-08,15:00,Stoke City,3–1,Sheffield United,22008,Bet365 Stadium,Peter Bankes,/en/matches/d0246a9f/Stoke-City-Sheffield-United-October-8-2022-Championship,,d0246a9f
ENG-Championship,2223,2022-10-08 Swansea City-Sunderland,Championship,14,Sat,2022-10-08,15:00,Swansea City,2–1,Sunderland,18008,Swansea.com Stadium,Gavin Ward,/en/matches/ea91e3d3/Swansea-City-Sunderland-October-8-2022-Championship,,ea91e3d3
ENG-Championship,2223,2022-10-08 West Brom-Luton Town,Championship,14,Sat,2022-10-08,15:00,West Brom,0–0,Luton Town,21550,The Hawthorns,David Webb,/en/matches/b0f9c4ef/West-Bromwich-Albion-Luton-Town-October-8-2022-Championship,,b0f9c4ef
ENG-Championship,2223,2022-10-08 Wigan Athletic-Cardiff City,Championship,14,Sat,2022-10-08,15:00,Wigan Athletic,1–3,Cardiff City,10340,The DW Stadium,James Bell,/en/matches/7ede3e60/Wigan-Athletic-Cardiff-City-October-8-2022-Championship,,7ede3e60
ENG-Championship,2223,2022-10-09 Huddersfield Town-Hull City,Championship,14,Sun,2022-10-09,12:00,Huddersfield Town,2–0,Hull City,18628,The John Smith's Stadium,Tim Robinson,/en/matches/01077ad7/Huddersfield-Town-Hull-City-October-9-2022-Championship,,01077ad7
ENG-Championship,2223,2022-10-11 Wigan Athletic-Blackburn Rovers,Championship,9,Tue,2022-10-11,19:45,Wigan Athletic,1–0,Blackburn Rovers,13611,The DW Stadium,Joshua Smith,/en/matches/8e068fda/Wigan-Athletic-Blackburn-Rovers-October-11-2022-Championship,,8e068fda
ENG-Championship,2223,2022-10-12 Bristol City-Preston North End,Championship,9,Wed,2022-10-12,19:45,Bristol City,2–1,Preston North End,17367,Ashton Gate Stadium,Keith Stroud,/en/matches/3bb36390/Bristol-City-Preston-North-End-October-12-2022-Championship,,3bb36390
ENG-Championship,2223,2022-10-15 Bristol City-Millwall,Championship,15,Sat,2022-10-15,15:00,Bristol City,1–2,Millwall,19122,Ashton Gate Stadium,Gavin Ward,/en/matches/1afbd5e5/Bristol-City-Millwall-October-15-2022-Championship,,1afbd5e5
ENG-Championship,2223,2022-10-15 Burnley-Swansea City,Championship,15,Sat,2022-10-15,15:00,Burnley,4–0,Swansea City,18728,Turf Moor,Steve Martin,/en/matches/71d2b02e/Burnley-Swansea-City-October-15-2022-Championship,,71d2b02e
ENG-Championship,2223,2022-10-15 Cardiff City-Coventry City,Championship,15,Sat,2022-10-15,15:00,Cardiff City,0–1,Coventry City,19861,Cardiff City Stadium,Robert Madley,/en/matches/8da8eb79/Cardiff-City-Coventry-City-October-15-2022-Championship,,8da8eb79
ENG-Championship,2223,2022-10-15 Luton Town-QPR,Championship,15,Sat,2022-10-15,12:30,Luton Town,3–1,QPR,10011,Kenilworth Road Stadium,Tony Harrington,/en/matches/74c1230d/Luton-Town-Queens-Park-Rangers-October-15-2022-Championship,,74c1230d
ENG-Championship,2223,2022-10-15 Middlesbrough-Blackburn Rovers,Championship,15,Sat,2022-10-15,15:00,Middlesbrough,1–2,Blackburn Rovers,24213,Riverside Stadium,Darren Bond,/en/matches/e99c4a52/Middlesbrough-Blackburn-Rovers-October-15-2022-Championship,,e99c4a52
ENG-Championship,2223,2022-10-15 Preston North End-Stoke City,Championship,15,Sat,2022-10-15,15:00,Preston North End,0–2,Stoke City,17498,Deepdale Stadium,Matt Donohue,/en/matches/57e51c9e/Preston-North-End-Stoke-City-October-15-2022-Championship,,57e51c9e
ENG-Championship,2223,2022-10-15 Reading-West Brom,Championship,15,Sat,2022-10-15,15:00,Reading,0–2,West Brom,14235,Select Car Leasing Stadium,Tim Robinson,/en/matches/d5a1941f/Reading-West-Bromwich-Albion-October-15-2022-Championship,,d5a1941f
ENG-Championship,2223,2022-10-15 Rotherham United-Huddersfield Town,Championship,15,Sat,2022-10-15,12:30,Rotherham United,2–1,Huddersfield Town,11006,AESSEAL New York Stadium,Jeremy Simpson,/en/matches/433f288c/Rotherham-United-Huddersfield-Town-October-15-2022-Championship,,433f288c
ENG-Championship,2223,2022-10-15 Sheffield United-Blackpool,Championship,15,Sat,2022-10-15,15:00,Sheffield United,3–3,Blackpool,28458,Bramall Lane,David Webb,/en/matches/55c3c5ad/Sheffield-United-Blackpool-October-15-2022-Championship,,55c3c5ad
ENG-Championship,2223,2022-10-15 Sunderland-Wigan Athletic,Championship,15,Sat,2022-10-15,15:00,Sunderland,2–1,Wigan Athletic,37060,Stadium of Light,Keith Stroud,/en/matches/cccfd248/Sunderland-Wigan-Athletic-October-15-2022-Championship,,cccfd248
ENG-Championship,2223,2022-10-15 Watford-Norwich City,Championship,15,Sat,2022-10-15,19:45,Watford,2–1,Norwich City,19400,Vicarage Road Stadium,Darren England,/en/matches/07e29e36/Watford-Norwich-City-October-15-2022-Championship,,07e29e36
ENG-Championship,2223,2022-10-16 Hull City-Birmingham City,Championship,15,Sun,2022-10-16,15:00,Hull City,0–2,Birmingham City,16587,MKM Stadium,Leigh Doughty,/en/matches/e5e3ebfe/Hull-City-Birmingham-City-October-16-2022-Championship,,e5e3ebfe
ENG-Championship,2223,2022-10-18 Blackburn Rovers-Sunderland,Championship,16,Tue,2022-10-18,20:00,Blackburn Rovers,2–0,Sunderland,15171,Ewood Park,Craig Pawson,/en/matches/4761ad01/Blackburn-Rovers-Sunderland-October-18-2022-Championship,,4761ad01
ENG-Championship,2223,2022-10-18 Huddersfield Town-Preston North End,Championship,16,Tue,2022-10-18,19:45,Huddersfield Town,0–1,Preston North End,18357,The John Smith's Stadium,Andy Woolmer,/en/matches/58290014/Huddersfield-Town-Preston-North-End-October-18-2022-Championship,,58290014
ENG-Championship,2223,2022-10-18 Norwich City-Luton Town,Championship,16,Tue,2022-10-18,19:45,Norwich City,0–1,Luton Town,25846,Carrow Road,Oliver Langford,/en/matches/ad13edcb/Norwich-City-Luton-Town-October-18-2022-Championship,,ad13edcb
ENG-Championship,2223,2022-10-18 Stoke City-Rotherham United,Championship,16,Tue,2022-10-18,20:00,Stoke City,0–1,Rotherham United,18036,Bet365 Stadium,Gavin Ward,/en/matches/00137021/Stoke-City-Rotherham-United-October-18-2022-Championship,,00137021
ENG-Championship,2223,2022-10-18 Swansea City-Reading,Championship,16,Tue,2022-10-18,19:45,Swansea City,3–2,Reading,15717,Swansea.com Stadium,Andrew Davies,/en/matches/e2be46fa/Swansea-City-Reading-October-18-2022-Championship,,e2be46fa
ENG-Championship,2223,2022-10-18 West Brom-Bristol City,Championship,16,Tue,2022-10-18,20:00,West Brom,0–2,Bristol City,21004,The Hawthorns,Robert Madley,/en/matches/94cacb79/West-Bromwich-Albion-Bristol-City-October-18-2022-Championship,,94cacb79
ENG-Championship,2223,2022-10-19 Birmingham City-Burnley,Championship,16,Wed,2022-10-19,19:45,Birmingham City,1–1,Burnley,16303,St Andrew's Trillion Trophy Stadium,Dean Whitestone,/en/matches/40db8990/Birmingham-City-Burnley-October-19-2022-Championship,,40db8990
ENG-Championship,2223,2022-10-19 Blackpool-Hull City,Championship,16,Wed,2022-10-19,19:45,Blackpool,1–3,Hull City,9884,Bloomfield Road,Joshua Smith,/en/matches/0be304a8/Blackpool-Hull-City-October-19-2022-Championship,,0be304a8
ENG-Championship,2223,2022-10-19 Coventry City-Sheffield United,Championship,16,Wed,2022-10-19,19:45,Coventry City,1–0,Sheffield United,17913,Coventry Building Society Arena,Keith Stroud,/en/matches/b3f5940e/Coventry-City-Sheffield-United-October-19-2022-Championship,,b3f5940e
ENG-Championship,2223,2022-10-19 Millwall-Watford,Championship,16,Wed,2022-10-19,20:00,Millwall,3–0,Watford,12787,The Den,David Webb,/en/matches/ca9509f3/Millwall-Watford-October-19-2022-Championship,,ca9509f3
ENG-Championship,2223,2022-10-19 QPR-Cardiff City,Championship,16,Wed,2022-10-19,19:45,QPR,3–0,Cardiff City,12805,Kiyan Prince Foundation Stadium,James Linington,/en/matches/81207176/Queens-Park-Rangers-Cardiff-City-October-19-2022-Championship,,81207176
ENG-Championship,2223,2022-10-19 Wigan Athletic-Middlesbrough,Championship,16,Wed,2022-10-19,19:45,Wigan Athletic,1–4,Middlesbrough,10226,The DW Stadium,Leigh Doughty,/en/matches/68dfe994/Wigan-Athletic-Middlesbrough-October-19-2022-Championship,,68dfe994
ENG-Championship,2223,2022-10-22 Blackburn Rovers-Birmingham City,Championship,17,Sat,2022-10-22,15:00,Blackburn Rovers,2–1,Birmingham City,14092,Ewood Park,Gavin Ward,/en/matches/8bd6d88b/Blackburn-Rovers-Birmingham-City-October-22-2022-Championship,,8bd6d88b
ENG-Championship,2223,2022-10-22 Blackpool-Preston North End,Championship,17,Sat,2022-10-22,12:30,Blackpool,4–2,Preston North End,13632,Bloomfield Road,Chris Kavanagh,/en/matches/92fc14ad/Blackpool-Preston-North-End-October-22-2022-Championship,,92fc14ad
ENG-Championship,2223,2022-10-22 Middlesbrough-Huddersfield Town,Championship,17,Sat,2022-10-22,15:00,Middlesbrough,0–0,Huddersfield Town,23661,Riverside Stadium,Andrew Davies,/en/matches/c5aeab7f/Middlesbrough-Huddersfield-Town-October-22-2022-Championship,,c5aeab7f
ENG-Championship,2223,2022-10-22 Millwall-West Brom,Championship,17,Sat,2022-10-22,15:00,Millwall,2–1,West Brom,15212,The Den,Andy Madley,/en/matches/a62d91de/Millwall-West-Bromwich-Albion-October-22-2022-Championship,,a62d91de
ENG-Championship,2223,2022-10-22 QPR-Wigan Athletic,Championship,17,Sat,2022-10-22,15:00,QPR,2–1,Wigan Athletic,16353,Kiyan Prince Foundation Stadium,Dean Whitestone,/en/matches/9f811b3f/Queens-Park-Rangers-Wigan-Athletic-October-22-2022-Championship,,9f811b3f
ENG-Championship,2223,2022-10-22 Reading-Bristol City,Championship,17,Sat,2022-10-22,15:00,Reading,2–0,Bristol City,13606,Select Car Leasing Stadium,John Busby,/en/matches/10bebd9d/Reading-Bristol-City-October-22-2022-Championship,,10bebd9d
ENG-Championship,2223,2022-10-22 Rotherham United-Hull City,Championship,17,Sat,2022-10-22,15:00,Rotherham United,2–4,Hull City,11220,AESSEAL New York Stadium,Steve Martin,/en/matches/5d3ee33e/Rotherham-United-Hull-City-October-22-2022-Championship,,5d3ee33e
ENG-Championship,2223,2022-10-22 Sheffield United-Norwich City,Championship,17,Sat,2022-10-22,15:00,Sheffield United,2–2,Norwich City,30035,Bramall Lane,Joshua Smith,/en/matches/310704c1/Sheffield-United-Norwich-City-October-22-2022-Championship,,310704c1
ENG-Championship,2223,2022-10-22 Stoke City-Coventry City,Championship,17,Sat,2022-10-22,15:00,Stoke City,0–2,Coventry City,22453,Bet365 Stadium,James Linington,/en/matches/f3f1ee5d/Stoke-City-Coventry-City-October-22-2022-Championship,,f3f1ee5d
ENG-Championship,2223,2022-10-22 Sunderland-Burnley,Championship,17,Sat,2022-10-22,15:00,Sunderland,2–4,Burnley,37349,Stadium of Light,Tim Robinson,/en/matches/ebc02255/Sunderland-Burnley-October-22-2022-Championship,,ebc02255
ENG-Championship,2223,2022-10-23 Swansea City-Cardiff City,Championship,17,Sun,2022-10-23,12:00,Swansea City,2–0,Cardiff City,19814,Swansea.com Stadium,Darren Bond,/en/matches/acc677ee/Swansea-City-Cardiff-City-October-23-2022-Championship,,acc677ee
ENG-Championship,2223,2022-10-23 Watford-Luton Town,Championship,17,Sun,2022-10-23,12:00,Watford,4–0,Luton Town,19282,Vicarage Road Stadium,Robert Madley,/en/matches/a590f986/Watford-Luton-Town-October-23-2022-Championship,,a590f986
ENG-Championship,2223,2022-10-25 Burnley-Norwich City,Championship,9,Tue,2022-10-25,20:00,Burnley,1–0,Norwich City,14858,Turf Moor,Tony Harrington,/en/matches/97297f01/Burnley-Norwich-City-October-25-2022-Championship,,97297f01
ENG-Championship,2223,2022-10-25 Coventry City-Rotherham United,Championship,2,Tue,2022-10-25,19:45,Coventry City,2–2,Rotherham United,18953,Coventry Building Society Arena,Andrew Davies,/en/matches/6887b57a/Coventry-City-Rotherham-United-October-25-2022-Championship,,6887b57a
ENG-Championship,2223,2022-10-28 Birmingham City-QPR,Championship,18,Fri,2022-10-28,20:00,Birmingham City,2–0,QPR,19007,St Andrew's Trillion Trophy Stadium,Tim Robinson,/en/matches/839b6100/Birmingham-City-Queens-Park-Rangers-October-28-2022-Championship,,839b6100
ENG-Championship,2223,2022-10-29 Bristol City-Swansea City,Championship,18,Sat,2022-10-29,12:00,Bristol City,1–1,Swansea City,21007,Ashton Gate Stadium,Andre Marriner,/en/matches/0794a0af/Bristol-City-Swansea-City-October-29-2022-Championship,,0794a0af
ENG-Championship,2223,2022-10-29 Burnley-Reading,Championship,18,Sat,2022-10-29,15:00,Burnley,2–1,Reading,18684,Turf Moor,Jeremy Simpson,/en/matches/140e9753/Burnley-Reading-October-29-2022-Championship,,140e9753
ENG-Championship,2223,2022-10-29 Cardiff City-Rotherham United,Championship,18,Sat,2022-10-29,15:00,Cardiff City,1–0,Rotherham United,17395,Cardiff City Stadium,Oliver Langford,/en/matches/7d75e6ed/Cardiff-City-Rotherham-United-October-29-2022-Championship,,7d75e6ed
ENG-Championship,2223,2022-10-29 Coventry City-Blackpool,Championship,18,Sat,2022-10-29,15:00,Coventry City,1–2,Blackpool,8924,Coventry Building Society Arena,Darren Bond,/en/matches/cfb6eba9/Coventry-City-Blackpool-October-29-2022-Championship,,cfb6eba9
ENG-Championship,2223,2022-10-29 Huddersfield Town-Millwall,Championship,18,Sat,2022-10-29,15:00,Huddersfield Town,1–0,Millwall,17717,The John Smith's Stadium,Stephen Martin,/en/matches/7f326db7/Huddersfield-Town-Millwall-October-29-2022-Championship,,7f326db7
ENG-Championship,2223,2022-10-29 Hull City-Blackburn Rovers,Championship,18,Sat,2022-10-29,15:00,Hull City,0–1,Blackburn Rovers,18843,MKM Stadium,David Webb,/en/matches/1e971ec4/Hull-City-Blackburn-Rovers-October-29-2022-Championship,,1e971ec4
ENG-Championship,2223,2022-10-29 Luton Town-Sunderland,Championship,18,Sat,2022-10-29,15:00,Luton Town,1–1,Sunderland,10060,Kenilworth Road Stadium,James Linington,/en/matches/935d8241/Luton-Town-Sunderland-October-29-2022-Championship,,935d8241
ENG-Championship,2223,2022-10-29 Norwich City-Stoke City,Championship,18,Sat,2022-10-29,15:00,Norwich City,3–1,Stoke City,26159,Carrow Road,Keith Stroud,/en/matches/9333516b/Norwich-City-Stoke-City-October-29-2022-Championship,,9333516b
ENG-Championship,2223,2022-10-29 Preston North End-Middlesbrough,Championship,18,Sat,2022-10-29,15:00,Preston North End,2–1,Middlesbrough,16984,Deepdale Stadium,Gavin Ward,/en/matches/fd223877/Preston-North-End-Middlesbrough-October-29-2022-Championship,,fd223877
ENG-Championship,2223,2022-10-29 West Brom-Sheffield United,Championship,18,Sat,2022-10-29,12:30,West Brom,0–2,Sheffield United,22270,The Hawthorns,Dean Whitestone,/en/matches/d84237f0/West-Bromwich-Albion-Sheffield-United-October-29-2022-Championship,,d84237f0
ENG-Championship,2223,2022-10-29 Wigan Athletic-Watford,Championship,18,Sat,2022-10-29,15:00,Wigan Athletic,0–1,Watford,10642,The DW Stadium,Matt Donohue,/en/matches/dc97e4e9/Wigan-Athletic-Watford-October-29-2022-Championship,,dc97e4e9
ENG-Championship,2223,2022-11-01 Bristol City-Sheffield United,Championship,19,Tue,2022-11-01,20:00,Bristol City,0–1,Sheffield United,17437,Ashton Gate Stadium,Stephen Martin,/en/matches/c80c3b41/Bristol-City-Sheffield-United-November-1-2022-Championship,,c80c3b41
ENG-Championship,2223,2022-11-01 Coventry City-Blackburn Rovers,Championship,19,Tue,2022-11-01,19:45,Coventry City,1–0,Blackburn Rovers,16530,Coventry Building Society Arena,Tim Robinson,/en/matches/df63945e/Coventry-City-Blackburn-Rovers-November-1-2022-Championship,,df63945e
ENG-Championship,2223,2022-11-01 Hull City-Middlesbrough,Championship,19,Tue,2022-11-01,19:45,Hull City,1–3,Middlesbrough,16445,MKM Stadium,Dean Whitestone,/en/matches/bbcce937/Hull-City-Middlesbrough-November-1-2022-Championship,,bbcce937
ENG-Championship,2223,2022-11-01 Luton Town-Reading,Championship,19,Tue,2022-11-01,19:45,Luton Town,0–0,Reading,9620,Kenilworth Road Stadium,John Brooks,/en/matches/a1e99c7d/Luton-Town-Reading-November-1-2022-Championship,,a1e99c7d
ENG-Championship,2223,2022-11-01 Preston North End-Swansea City,Championship,19,Tue,2022-11-01,19:45,Preston North End,1–0,Swansea City,13631,Deepdale Stadium,John Busby,/en/matches/f89860e2/Preston-North-End-Swansea-City-November-1-2022-Championship,,f89860e2
ENG-Championship,2223,2022-11-01 West Brom-Blackpool,Championship,19,Tue,2022-11-01,20:00,West Brom,1–0,Blackpool,19786,The Hawthorns,Gavin Ward,/en/matches/08dbb17a/West-Bromwich-Albion-Blackpool-November-1-2022-Championship,,08dbb17a
ENG-Championship,2223,2022-11-02 Birmingham City-Millwall,Championship,19,Wed,2022-11-02,19:45,Birmingham City,0–0,Millwall,15030,St Andrew's Trillion Trophy Stadium,Graham Scott,/en/matches/b40c7530/Birmingham-City-Millwall-November-2-2022-Championship,,b40c7530
ENG-Championship,2223,2022-11-02 Burnley-Rotherham United,Championship,19,Wed,2022-11-02,19:45,Burnley,3–2,Rotherham United,17572,Turf Moor,Leigh Doughty,/en/matches/2d1fabc3/Burnley-Rotherham-United-November-2-2022-Championship,,2d1fabc3
ENG-Championship,2223,2022-11-02 Cardiff City-Watford,Championship,19,Wed,2022-11-02,19:45,Cardiff City,1–2,Watford,17036,Cardiff City Stadium,Keith Stroud,/en/matches/1cb25d4e/Cardiff-City-Watford-November-2-2022-Championship,,1cb25d4e
ENG-Championship,2223,2022-11-02 Huddersfield Town-Sunderland,Championship,19,Wed,2022-11-02,19:45,Huddersfield Town,0–2,Sunderland,19341,The John Smith's Stadium,Oliver Langford,/en/matches/0eb9de3c/Huddersfield-Town-Sunderland-November-2-2022-Championship,,0eb9de3c
ENG-Championship,2223,2022-11-02 Norwich City-QPR,Championship,19,Wed,2022-11-02,19:45,Norwich City,0–0,QPR,25458,Carrow Road,Andrew Davies,/en/matches/6fef09a6/Norwich-City-Queens-Park-Rangers-November-2-2022-Championship,,6fef09a6
ENG-Championship,2223,2022-11-02 Wigan Athletic-Stoke City,Championship,19,Wed,2022-11-02,19:45,Wigan Athletic,0–1,Stoke City,10223,The DW Stadium,Samuel Barrott,/en/matches/c8dba1b1/Wigan-Athletic-Stoke-City-November-2-2022-Championship,,c8dba1b1
ENG-Championship,2223,2022-11-04 Reading-Preston North End,Championship,20,Fri,2022-11-04,20:00,Reading,1–2,Preston North End,11777,Select Car Leasing Stadium,David Webb,/en/matches/09247691/Reading-Preston-North-End-November-4-2022-Championship,,09247691
ENG-Championship,2223,2022-11-05 Blackburn Rovers-Huddersfield Town,Championship,20,Sat,2022-11-05,15:00,Blackburn Rovers,1–0,Huddersfield Town,15179,Ewood Park,James Linington,/en/matches/be631a99/Blackburn-Rovers-Huddersfield-Town-November-5-2022-Championship,,be631a99
ENG-Championship,2223,2022-11-05 Blackpool-Luton Town,Championship,20,Sat,2022-11-05,15:00,Blackpool,0–1,Luton Town,11452,Bloomfield Road,Tim Robinson,/en/matches/11c99e95/Blackpool-Luton-Town-November-5-2022-Championship,,11c99e95
ENG-Championship,2223,2022-11-05 Middlesbrough-Bristol City,Championship,20,Sat,2022-11-05,15:00,Middlesbrough,1–1,Bristol City,23899,Riverside Stadium,Matt Donohue,/en/matches/07e04551/Middlesbrough-Bristol-City-November-5-2022-Championship,,07e04551
ENG-Championship,2223,2022-11-05 Millwall-Hull City,Championship,20,Sat,2022-11-05,15:00,Millwall,0–0,Hull City,14488,The Den,John Busby,/en/matches/7c92eca4/Millwall-Hull-City-November-5-2022-Championship,,7c92eca4
ENG-Championship,2223,2022-11-05 QPR-West Brom,Championship,20,Sat,2022-11-05,15:00,QPR,0–1,West Brom,17139,Kiyan Prince Foundation Stadium,Thomas Bramall,/en/matches/6c94959d/Queens-Park-Rangers-West-Bromwich-Albion-November-5-2022-Championship,,6c94959d
ENG-Championship,2223,2022-11-05 Rotherham United-Norwich City,Championship,20,Sat,2022-11-05,15:00,Rotherham United,1–2,Norwich City,10913,AESSEAL New York Stadium,Dean Whitestone,/en/matches/de6867a7/Rotherham-United-Norwich-City-November-5-2022-Championship,,de6867a7
ENG-Championship,2223,2022-11-05 Sheffield United-Burnley,Championship,20,Sat,2022-11-05,12:30,Sheffield United,5–2,Burnley,28924,Bramall Lane,Darren Bond,/en/matches/23804e13/Sheffield-United-Burnley-November-5-2022-Championship,,23804e13
ENG-Championship,2223,2022-11-05 Stoke City-Birmingham City,Championship,20,Sat,2022-11-05,15:00,Stoke City,1–2,Birmingham City,22459,Bet365 Stadium,Joshua Smith,/en/matches/8af147ea/Stoke-City-Birmingham-City-November-5-2022-Championship,,8af147ea
ENG-Championship,2223,2022-11-05 Sunderland-Cardiff City,Championship,20,Sat,2022-11-05,15:00,Sunderland,0–1,Cardiff City,27015,Stadium of Light,Andrew Davies,/en/matches/d743985b/Sunderland-Cardiff-City-November-5-2022-Championship,,d743985b
ENG-Championship,2223,2022-11-05 Swansea City-Wigan Athletic,Championship,20,Sat,2022-11-05,15:00,Swansea City,2–2,Wigan Athletic,16644,Swansea.com Stadium,Craig Pawson,/en/matches/ac05a4b4/Swansea-City-Wigan-Athletic-November-5-2022-Championship,,ac05a4b4
ENG-Championship,2223,2022-11-05 Watford-Coventry City,Championship,20,Sat,2022-11-05,15:00,Watford,0–1,Coventry City,20164,Vicarage Road Stadium,Leigh Doughty,/en/matches/913cf9ef/Watford-Coventry-City-November-5-2022-Championship,,913cf9ef
ENG-Championship,2223,2022-11-08 Birmingham City-Swansea City,Championship,9,Tue,2022-11-08,19:45,Birmingham City,2–2,Swansea City,15491,St Andrew's Trillion Trophy Stadium,Andy Woolmer,/en/matches/982591c3/Birmingham-City-Swansea-City-November-8-2022-Championship,,982591c3
ENG-Championship,2223,2022-11-08 Blackpool-Middlesbrough,Championship,9,Tue,2022-11-08,19:45,Blackpool,0–3,Middlesbrough,12191,Bloomfield Road,Jeremy Simpson,/en/matches/d011a48a/Blackpool-Middlesbrough-November-8-2022-Championship,,d011a48a
ENG-Championship,2223,2022-11-08 Cardiff City-Hull City,Championship,9,Tue,2022-11-08,19:45,Cardiff City,2–3,Hull City,16387,Cardiff City Stadium,James Bell,/en/matches/db6542ad/Cardiff-City-Hull-City-November-8-2022-Championship,,db6542ad
ENG-Championship,2223,2022-11-08 Coventry City-Wigan Athletic,Championship,4,Tue,2022-11-08,19:45,Coventry City,2–0,Wigan Athletic,17227,Coventry Building Society Arena,Steve Martin,/en/matches/58decb45/Coventry-City-Wigan-Athletic-November-8-2022-Championship,,58decb45
ENG-Championship,2223,2022-11-08 QPR-Huddersfield Town,Championship,9,Tue,2022-11-08,19:45,QPR,1–2,Huddersfield Town,12769,Kiyan Prince Foundation Stadium,Gavin Ward,/en/matches/54a6fd4b/Queens-Park-Rangers-Huddersfield-Town-November-8-2022-Championship,,54a6fd4b
ENG-Championship,2223,2022-11-08 Sheffield United-Rotherham United,Championship,9,Tue,2022-11-08,19:45,Sheffield United,0–1,Rotherham United,30700,Bramall Lane,Keith Stroud,/en/matches/159bfa16/Sheffield-United-Rotherham-United-November-8-2022-Championship,,159bfa16
ENG-Championship,2223,2022-11-08 Stoke City-Luton Town,Championship,9,Tue,2022-11-08,19:45,Stoke City,2–0,Luton Town,18095,Bet365 Stadium,Oliver Langford,/en/matches/fe49f8f2/Stoke-City-Luton-Town-November-8-2022-Championship,,fe49f8f2
ENG-Championship,2223,2022-11-08 Watford-Reading,Championship,9,Tue,2022-11-08,20:00,Watford,2–0,Reading,18847,Vicarage Road Stadium,James Linington,/en/matches/05e9e5e9/Watford-Reading-November-8-2022-Championship,,05e9e5e9
ENG-Championship,2223,2022-11-11 Birmingham City-Sunderland,Championship,21,Fri,2022-11-11,20:00,Birmingham City,1–2,Sunderland,18702,St Andrew's Trillion Trophy Stadium,Andy Madley,/en/matches/c0d89b5c/Birmingham-City-Sunderland-November-11-2022-Championship,,c0d89b5c
ENG-Championship,2223,2022-11-12 Bristol City-Watford,Championship,21,Sat,2022-11-12,15:00,Bristol City,0–0,Watford,23501,Ashton Gate Stadium,David Webb,/en/matches/096988ae/Bristol-City-Watford-November-12-2022-Championship,,096988ae
ENG-Championship,2223,2022-11-12 Cardiff City-Sheffield United,Championship,21,Sat,2022-11-12,15:00,Cardiff City,0–1,Sheffield United,18700,Cardiff City Stadium,Matt Donohue,/en/matches/a17a7895/Cardiff-City-Sheffield-United-November-12-2022-Championship,,a17a7895
ENG-Championship,2223,2022-11-12 Coventry City-QPR,Championship,21,Sat,2022-11-12,15:00,Coventry City,2–0,QPR,23201,Coventry Building Society Arena,Keith Stroud,/en/matches/29dcc607/Coventry-City-Queens-Park-Rangers-November-12-2022-Championship,,29dcc607
ENG-Championship,2223,2022-11-12 Huddersfield Town-Swansea City,Championship,21,Sat,2022-11-12,15:00,Huddersfield Town,0–0,Swansea City,17852,The John Smith's Stadium,Ben Toner,/en/matches/2f0b0ff0/Huddersfield-Town-Swansea-City-November-12-2022-Championship,,2f0b0ff0
ENG-Championship,2223,2022-11-12 Hull City-Reading,Championship,21,Sat,2022-11-12,15:00,Hull City,1–2,Reading,15997,MKM Stadium,Gavin Ward,/en/matches/a6070611/Hull-City-Reading-November-12-2022-Championship,,a6070611
ENG-Championship,2223,2022-11-12 Luton Town-Rotherham United,Championship,21,Sat,2022-11-12,15:00,Luton Town,1–1,Rotherham United,10071,Kenilworth Road Stadium,Steve Martin,/en/matches/d247459a/Luton-Town-Rotherham-United-November-12-2022-Championship,,d247459a
ENG-Championship,2223,2022-11-12 Norwich City-Middlesbrough,Championship,21,Sat,2022-11-12,15:00,Norwich City,1–2,Middlesbrough,26673,Carrow Road,Leigh Doughty,/en/matches/8573a527/Norwich-City-Middlesbrough-November-12-2022-Championship,,8573a527
ENG-Championship,2223,2022-11-12 Preston North End-Millwall,Championship,21,Sat,2022-11-12,15:00,Preston North End,2–4,Millwall,15184,Deepdale Stadium,Oliver Langford,/en/matches/726bae96/Preston-North-End-Millwall-November-12-2022-Championship,,726bae96
ENG-Championship,2223,2022-11-12 West Brom-Stoke City,Championship,21,Sat,2022-11-12,15:00,West Brom,2–0,Stoke City,23728,The Hawthorns,James Bell,/en/matches/7ddffebc/West-Bromwich-Albion-Stoke-City-November-12-2022-Championship,,7ddffebc
ENG-Championship,2223,2022-11-12 Wigan Athletic-Blackpool,Championship,21,Sat,2022-11-12,15:00,Wigan Athletic,2–1,Blackpool,14059,The DW Stadium,Andrew Davies,/en/matches/84445078/Wigan-Athletic-Blackpool-November-12-2022-Championship,,84445078
ENG-Championship,2223,2022-11-13 Burnley-Blackburn Rovers,Championship,21,Sun,2022-11-13,12:30,Burnley,3–0,Blackburn Rovers,21747,Turf Moor,David Coote,/en/matches/90827254/Burnley-Blackburn-Rovers-November-13-2022-Championship,,90827254
ENG-Championship,2223,2022-12-03 Sunderland-Millwall,Championship,9,Sat,2022-12-03,12:30,Sunderland,3–0,Millwall,37012,Stadium of Light,Tim Robinson,/en/matches/7f8bd6ee/Sunderland-Millwall-December-3-2022-Championship,,7f8bd6ee
ENG-Championship,2223,2022-12-10 Blackburn Rovers-Preston North End,Championship,22,Sat,2022-12-10,12:00,Blackburn Rovers,1–4,Preston North End,17690,Ewood Park,Joshua Smith,/en/matches/d5a927da/Blackburn-Rovers-Preston-North-End-December-10-2022-Championship,,d5a927da
ENG-Championship,2223,2022-12-10 Blackpool-Birmingham City,Championship,22,Sat,2022-12-10,15:00,Blackpool,0–0,Birmingham City,12854,Bloomfield Road,Thomas Bramall,/en/matches/ce2a8d0f/Blackpool-Birmingham-City-December-10-2022-Championship,,ce2a8d0f
ENG-Championship,2223,2022-12-10 Middlesbrough-Luton Town,Championship,22,Sat,2022-12-10,15:00,Middlesbrough,2–1,Luton Town,23187,Riverside Stadium,Gavin Ward,/en/matches/1c8c4942/Middlesbrough-Luton-Town-December-10-2022-Championship,,1c8c4942
ENG-Championship,2223,2022-12-10 Millwall-Wigan Athletic,Championship,22,Sat,2022-12-10,15:00,Millwall,1–1,Wigan Athletic,12698,The Den,Keith Stroud,/en/matches/d3a74276/Millwall-Wigan-Athletic-December-10-2022-Championship,,d3a74276
ENG-Championship,2223,2022-12-10 Reading-Coventry City,Championship,22,Sat,2022-12-10,14:00,Reading,1–0,Coventry City,15213,Select Car Leasing Stadium,Matt Donohue,/en/matches/0bd97655/Reading-Coventry-City-December-10-2022-Championship,,0bd97655
ENG-Championship,2223,2022-12-10 Rotherham United-Bristol City,Championship,22,Sat,2022-12-10,12:30,Rotherham United,1–3,Bristol City,10167,AESSEAL New York Stadium,Samuel Barrott,/en/matches/ff2bd35d/Rotherham-United-Bristol-City-December-10-2022-Championship,,ff2bd35d
ENG-Championship,2223,2022-12-10 Sheffield United-Huddersfield Town,Championship,22,Sat,2022-12-10,15:00,Sheffield United,1–0,Huddersfield Town,27794,Bramall Lane,Darren Bond,/en/matches/718d3aa0/Sheffield-United-Huddersfield-Town-December-10-2022-Championship,,718d3aa0
ENG-Championship,2223,2022-12-10 Stoke City-Cardiff City,Championship,22,Sat,2022-12-10,15:00,Stoke City,2–2,Cardiff City,20111,Bet365 Stadium,Andy Woolmer,/en/matches/403b93c3/Stoke-City-Cardiff-City-December-10-2022-Championship,,403b93c3
ENG-Championship,2223,2022-12-10 Swansea City-Norwich City,Championship,22,Sat,2022-12-10,15:00,Swansea City,0–1,Norwich City,16362,Swansea.com Stadium,Steve Martin,/en/matches/7e12d78c/Swansea-City-Norwich-City-December-10-2022-Championship,,7e12d78c
ENG-Championship,2223,2022-12-11 QPR-Burnley,Championship,22,Sun,2022-12-11,13:00,QPR,0–3,Burnley,14299,Kiyan Prince Foundation Stadium,Peter Bankes,/en/matches/2519e605/Queens-Park-Rangers-Burnley-December-11-2022-Championship,,2519e605
ENG-Championship,2223,2022-12-11 Watford-Hull City,Championship,22,Sun,2022-12-11,15:00,Watford,0–0,Hull City,18846,Vicarage Road Stadium,Dean Whitestone,/en/matches/91aabf06/Watford-Hull-City-December-11-2022-Championship,,91aabf06
ENG-Championship,2223,2022-12-12 Sunderland-West Brom,Championship,22,Mon,2022-12-12,20:00,Sunderland,1–2,West Brom,37432,Stadium of Light,James Linington,/en/matches/9e923111/Sunderland-West-Bromwich-Albion-December-12-2022-Championship,,9e923111
ENG-Championship,2223,2022-12-16 Birmingham City-Reading,Championship,23,Fri,2022-12-16,20:00,Birmingham City,3–2,Reading,14647,St Andrew's Trillion Trophy Stadium,Tim Robinson,/en/matches/ff3f9fe8/Birmingham-City-Reading-December-16-2022-Championship,,ff3f9fe8
ENG-Championship,2223,2022-12-17 Bristol City-Stoke City,Championship,23,Sat,2022-12-17,15:00,Bristol City,1–2,Stoke City,15617,Ashton Gate Stadium,Geoff Eltringham,/en/matches/007369ed/Bristol-City-Stoke-City-December-17-2022-Championship,,007369ed
ENG-Championship,2223,2022-12-17 Burnley-Middlesbrough,Championship,23,Sat,2022-12-17,15:00,Burnley,3–1,Middlesbrough,20603,Turf Moor,David Webb,/en/matches/196ce4f5/Burnley-Middlesbrough-December-17-2022-Championship,,196ce4f5
ENG-Championship,2223,2022-12-17 Cardiff City-Blackpool,Championship,23,Sat,2022-12-17,15:00,Cardiff City,1–1,Blackpool,17544,Cardiff City Stadium,Joshua Smith,/en/matches/d5881d7e/Cardiff-City-Blackpool-December-17-2022-Championship,,d5881d7e
ENG-Championship,2223,2022-12-17 Coventry City-Swansea City,Championship,23,Sat,2022-12-17,15:00,Coventry City,3–3,Swansea City,17985,Coventry Building Society Arena,Robert Jones,/en/matches/fc113546/Coventry-City-Swansea-City-December-17-2022-Championship,,fc113546
ENG-Championship,2223,2022-12-17 Huddersfield Town-Watford,Championship,23,Sat,2022-12-17,15:00,Huddersfield Town,0–2,Watford,18434,The John Smith's Stadium,Leigh Doughty,/en/matches/643c3f17/Huddersfield-Town-Watford-December-17-2022-Championship,,643c3f17
ENG-Championship,2223,2022-12-17 Hull City-Sunderland,Championship,23,Sat,2022-12-17,15:00,Hull City,1–1,Sunderland,18120,MKM Stadium,Gavin Ward,/en/matches/8d3362eb/Hull-City-Sunderland-December-17-2022-Championship,,8d3362eb
ENG-Championship,2223,2022-12-17 Norwich City-Blackburn Rovers,Championship,23,Sat,2022-12-17,17:30,Norwich City,0–2,Blackburn Rovers,25866,Carrow Road,Paul Tierney,/en/matches/35773259/Norwich-City-Blackburn-Rovers-December-17-2022-Championship,,35773259
ENG-Championship,2223,2022-12-17 Preston North End-QPR,Championship,23,Sat,2022-12-17,15:00,Preston North End,0–1,QPR,14534,Deepdale Stadium,Oliver Langford,/en/matches/c818e81a/Preston-North-End-Queens-Park-Rangers-December-17-2022-Championship,,c818e81a
ENG-Championship,2223,2022-12-17 West Brom-Rotherham United,Championship,23,Sat,2022-12-17,15:00,West Brom,3–0,Rotherham United,22519,The Hawthorns,John Busby,/en/matches/0e3132c0/West-Bromwich-Albion-Rotherham-United-December-17-2022-Championship,,0e3132c0
ENG-Championship,2223,2022-12-19 Wigan Athletic-Sheffield United,Championship,23,Mon,2022-12-19,20:00,Wigan Athletic,1–2,Sheffield United,11556,The DW Stadium,Dean Whitestone,/en/matches/c47a3561/Wigan-Athletic-Sheffield-United-December-19-2022-Championship,,c47a3561
ENG-Championship,2223,2022-12-21 Coventry City-West Brom,Championship,9,Wed,2022-12-21,19:45,Coventry City,1–0,West Brom,22519,Coventry Building Society Arena,Keith Stroud,/en/matches/828e94de/Coventry-City-West-Bromwich-Albion-December-21-2022-Championship,,828e94de
ENG-Championship,2223,2022-12-26 Bristol City-West Brom,Championship,24,Mon,2022-12-26,15:00,Bristol City,0–2,West Brom,23181,Ashton Gate Stadium,Steve Martin,/en/matches/fd266eb7/Bristol-City-West-Bromwich-Albion-December-26-2022-Championship,,fd266eb7
ENG-Championship,2223,2022-12-26 Cardiff City-QPR,Championship,24,Mon,2022-12-26,17:15,Cardiff City,0–0,QPR,18549,Cardiff City Stadium,Keith Stroud,/en/matches/30f52d41/Cardiff-City-Queens-Park-Rangers-December-26-2022-Championship,,30f52d41
ENG-Championship,2223,2022-12-26 Hull City-Blackpool,Championship,24,Mon,2022-12-26,15:00,Hull City,1–1,Blackpool,19170,MKM Stadium,John Brooks,/en/matches/da383e57/Hull-City-Blackpool-December-26-2022-Championship,,da383e57
ENG-Championship,2223,2022-12-26 Luton Town-Norwich City,Championship,24,Mon,2022-12-26,19:45,Luton Town,2–1,Norwich City,9831,Kenilworth Road Stadium,Tim Robinson,/en/matches/d874e128/Luton-Town-Norwich-City-December-26-2022-Championship,,d874e128
ENG-Championship,2223,2022-12-26 Middlesbrough-Wigan Athletic,Championship,24,Mon,2022-12-26,15:00,Middlesbrough,4–1,Wigan Athletic,31048,Riverside Stadium,Oliver Langford,/en/matches/7d8bdc34/Middlesbrough-Wigan-Athletic-December-26-2022-Championship,,7d8bdc34
ENG-Championship,2223,2022-12-26 Preston North End-Huddersfield Town,Championship,24,Mon,2022-12-26,15:00,Preston North End,1–2,Huddersfield Town,16982,Deepdale Stadium,Geoff Eltringham,/en/matches/80f0b468/Preston-North-End-Huddersfield-Town-December-26-2022-Championship,,80f0b468
ENG-Championship,2223,2022-12-26 Rotherham United-Stoke City,Championship,24,Mon,2022-12-26,15:00,Rotherham United,2–2,Stoke City,11517,AESSEAL New York Stadium,David Webb,/en/matches/0cc5e56b/Rotherham-United-Stoke-City-December-26-2022-Championship,,0cc5e56b
ENG-Championship,2223,2022-12-26 Sheffield United-Coventry City,Championship,24,Mon,2022-12-26,15:00,Sheffield United,3–1,Coventry City,29651,Bramall Lane,Matt Donohue,/en/matches/1cdca239/Sheffield-United-Coventry-City-December-26-2022-Championship,,1cdca239
ENG-Championship,2223,2022-12-26 Sunderland-Blackburn Rovers,Championship,24,Mon,2022-12-26,12:30,Sunderland,2–1,Blackburn Rovers,43921,Stadium of Light,Darren Bond,/en/matches/2d5c30c6/Sunderland-Blackburn-Rovers-December-26-2022-Championship,,2d5c30c6
ENG-Championship,2223,2022-12-26 Watford-Millwall,Championship,24,Mon,2022-12-26,12:00,Watford,0–2,Millwall,20204,Vicarage Road Stadium,Joshua Smith,/en/matches/67f6377f/Watford-Millwall-December-26-2022-Championship,,67f6377f
ENG-Championship,2223,2022-12-27 Burnley-Birmingham City,Championship,24,Tue,2022-12-27,20:00,Burnley,3–0,Birmingham City,20945,Turf Moor,Darren England,/en/matches/6a3e53f3/Burnley-Birmingham-City-December-27-2022-Championship,,6a3e53f3
ENG-Championship,2223,2022-12-27 Reading-Swansea City,Championship,24,Tue,2022-12-27,17:15,Reading,2–1,Swansea City,15452,Select Car Leasing Stadium,James Linington,/en/matches/4cb5d21c/Reading-Swansea-City-December-27-2022-Championship,,4cb5d21c
ENG-Championship,2223,2022-12-29 Blackburn Rovers-Middlesbrough,Championship,25,Thu,2022-12-29,19:45,Blackburn Rovers,1–2,Middlesbrough,18128,Ewood Park,Leigh Doughty,/en/matches/d194c77c/Blackburn-Rovers-Middlesbrough-December-29-2022-Championship,,d194c77c
ENG-Championship,2223,2022-12-29 Blackpool-Sheffield United,Championship,25,Thu,2022-12-29,20:15,Blackpool,1–2,Sheffield United,4395,Bloomfield Road,Peter Bankes,/en/matches/28377d6a/Blackpool-Sheffield-United-December-29-2022-Championship,,28377d6a
ENG-Championship,2223,2022-12-29 Coventry City-Cardiff City,Championship,25,Thu,2022-12-29,19:45,Coventry City,0–0,Cardiff City,21421,Coventry Building Society Arena,Anthony Backhouse,/en/matches/88daec5d/Coventry-City-Cardiff-City-December-29-2022-Championship,,88daec5d
ENG-Championship,2223,2022-12-29 Huddersfield Town-Rotherham United,Championship,25,Thu,2022-12-29,19:45,Huddersfield Town,2–0,Rotherham United,19378,The John Smith's Stadium,Jeremy Simpson,/en/matches/439ed927/Huddersfield-Town-Rotherham-United-December-29-2022-Championship,,439ed927
ENG-Championship,2223,2022-12-29 Millwall-Bristol City,Championship,25,Thu,2022-12-29,19:45,Millwall,0–0,Bristol City,14814,The Den,Dean Whitestone,/en/matches/a700d747/Millwall-Bristol-City-December-29-2022-Championship,,a700d747
ENG-Championship,2223,2022-12-29 QPR-Luton Town,Championship,25,Thu,2022-12-29,18:00,QPR,0–3,Luton Town,16030,Kiyan Prince Foundation Stadium,Gavin Ward,/en/matches/e6a39e96/Queens-Park-Rangers-Luton-Town-December-29-2022-Championship,,e6a39e96
ENG-Championship,2223,2022-12-29 West Brom-Preston North End,Championship,25,Thu,2022-12-29,20:00,West Brom,2–0,Preston North End,25321,The Hawthorns,Andy Woolmer,/en/matches/d3d37b3a/West-Bromwich-Albion-Preston-North-End-December-29-2022-Championship,,d3d37b3a
ENG-Championship,2223,2022-12-29 Wigan Athletic-Sunderland,Championship,25,Thu,2022-12-29,19:45,Wigan Athletic,1–4,Sunderland,14615,The DW Stadium,Michael Salisbury,/en/matches/61d1b2eb/Wigan-Athletic-Sunderland-December-29-2022-Championship,,61d1b2eb
ENG-Championship,2223,2022-12-30 Birmingham City-Hull City,Championship,25,Fri,2022-12-30,19:45,Birmingham City,0–1,Hull City,17868,St Andrew's Trillion Trophy Stadium,Steve Martin,/en/matches/1c836db6/Birmingham-City-Hull-City-December-30-2022-Championship,,1c836db6
ENG-Championship,2223,2022-12-30 Norwich City-Reading,Championship,25,Fri,2022-12-30,19:45,Norwich City,1–1,Reading,26218,Carrow Road,David Webb,/en/matches/05257762/Norwich-City-Reading-December-30-2022-Championship,,05257762
ENG-Championship,2223,2022-12-30 Stoke City-Burnley,Championship,25,Fri,2022-12-30,19:45,Stoke City,0–1,Burnley,21464,Bet365 Stadium,Keith Stroud,/en/matches/80616f8a/Stoke-City-Burnley-December-30-2022-Championship,,80616f8a
ENG-Championship,2223,2022-12-30 Swansea City-Watford,Championship,25,Fri,2022-12-30,19:45,Swansea City,4–0,Watford,17339,Swansea.com Stadium,John Busby,/en/matches/573fc51e/Swansea-City-Watford-December-30-2022-Championship,,573fc51e
ENG-Championship,2223,2023-01-01 Blackburn Rovers-Cardiff City,Championship,26,Sun,2023-01-01,12:00,Blackburn Rovers,1–0,Cardiff City,12499,Ewood Park,Thomas Bramall,/en/matches/ae76daea/Blackburn-Rovers-Cardiff-City-January-1-2023-Championship,,ae76daea
ENG-Championship,2223,2023-01-01 Blackpool-Sunderland,Championship,26,Sun,2023-01-01,15:00,Blackpool,1–1,Sunderland,14117,Bloomfield Road,Tim Robinson,/en/matches/75a62d51/Blackpool-Sunderland-January-1-2023-Championship,,75a62d51
ENG-Championship,2223,2023-01-01 Coventry City-Bristol City,Championship,26,Sun,2023-01-01,15:00,Coventry City,1–1,Bristol City,19547,Coventry Building Society Arena,Jeremy Simpson,/en/matches/0496666a/Coventry-City-Bristol-City-January-1-2023-Championship,,0496666a
ENG-Championship,2223,2023-01-01 Huddersfield Town-Luton Town,Championship,26,Sun,2023-01-01,15:00,Huddersfield Town,1–2,Luton Town,18333,The John Smith's Stadium,Matt Donohue,/en/matches/8077b27b/Huddersfield-Town-Luton-Town-January-1-2023-Championship,,8077b27b
ENG-Championship,2223,2023-01-01 Millwall-Rotherham United,Championship,26,Sun,2023-01-01,15:00,Millwall,3–0,Rotherham United,12899,The Den,Gavin Ward,/en/matches/a94872b2/Millwall-Rotherham-United-January-1-2023-Championship,,a94872b2
ENG-Championship,2223,2023-01-02 Birmingham City-Middlesbrough,Championship,26,Mon,2023-01-02,15:00,Birmingham City,1–3,Middlesbrough,17823,St Andrew's Trillion Trophy Stadium,Dean Whitestone,/en/matches/5501b88d/Birmingham-City-Middlesbrough-January-2-2023-Championship,,5501b88d
ENG-Championship,2223,2023-01-02 Norwich City-Watford,Championship,26,Mon,2023-01-02,15:00,Norwich City,0–1,Watford,26587,Carrow Road,James Linington,/en/matches/4b94ea09/Norwich-City-Watford-January-2-2023-Championship,,4b94ea09
ENG-Championship,2223,2023-01-02 QPR-Sheffield United,Championship,26,Mon,2023-01-02,20:00,QPR,1–1,Sheffield United,14151,Kiyan Prince Foundation Stadium,Joshua Smith,/en/matches/1b8184ee/Queens-Park-Rangers-Sheffield-United-January-2-2023-Championship,,1b8184ee
ENG-Championship,2223,2023-01-02 Stoke City-Preston North End,Championship,26,Mon,2023-01-02,15:00,Stoke City,0–1,Preston North End,20034,Bet365 Stadium,Leigh Doughty,/en/matches/245e8923/Stoke-City-Preston-North-End-January-2-2023-Championship,,245e8923
ENG-Championship,2223,2023-01-02 Swansea City-Burnley,Championship,26,Mon,2023-01-02,15:00,Swansea City,1–2,Burnley,17699,Swansea.com Stadium,Oliver Langford,/en/matches/d5191be2/Swansea-City-Burnley-January-2-2023-Championship,,d5191be2
ENG-Championship,2223,2023-01-02 West Brom-Reading,Championship,26,Mon,2023-01-02,15:00,West Brom,1–0,Reading,25322,The Hawthorns,Tom Nield,/en/matches/383ebc24/West-Bromwich-Albion-Reading-January-2-2023-Championship,,383ebc24
ENG-Championship,2223,2023-01-02 Wigan Athletic-Hull City,Championship,26,Mon,2023-01-02,15:00,Wigan Athletic,1–4,Hull City,12522,The DW Stadium,Geoff Eltringham,/en/matches/f0bda157/Wigan-Athletic-Hull-City-January-2-2023-Championship,,f0bda157
ENG-Championship,2223,2023-01-14 Bristol City-Birmingham City,Championship,27,Sat,2023-01-14,15:00,Bristol City,4–2,Birmingham City,21489,Ashton Gate Stadium,John Busby,/en/matches/255d6712/Bristol-City-Birmingham-City-January-14-2023-Championship,,255d6712
ENG-Championship,2223,2023-01-14 Burnley-Coventry City,Championship,27,Sat,2023-01-14,15:00,Burnley,1–0,Coventry City,21290,Turf Moor,David Webb,/en/matches/02915267/Burnley-Coventry-City-January-14-2023-Championship,,02915267
ENG-Championship,2223,2023-01-14 Cardiff City-Wigan Athletic,Championship,27,Sat,2023-01-14,15:00,Cardiff City,1–1,Wigan Athletic,18041,Cardiff City Stadium,Jeremy Simpson,/en/matches/f769b6b6/Cardiff-City-Wigan-Athletic-January-14-2023-Championship,,f769b6b6
ENG-Championship,2223,2023-01-14 Hull City-Huddersfield Town,Championship,27,Sat,2023-01-14,15:00,Hull City,1–1,Huddersfield Town,17928,MKM Stadium,Thomas Bramall,/en/matches/b04af347/Hull-City-Huddersfield-Town-January-14-2023-Championship,,b04af347
ENG-Championship,2223,2023-01-14 Luton Town-West Brom,Championship,27,Sat,2023-01-14,15:00,Luton Town,2–3,West Brom,10069,Kenilworth Road Stadium,Joshua Smith,/en/matches/dc3932e1/Luton-Town-West-Bromwich-Albion-January-14-2023-Championship,,dc3932e1
ENG-Championship,2223,2023-01-14 Middlesbrough-Millwall,Championship,27,Sat,2023-01-14,15:00,Middlesbrough,1–0,Millwall,24614,Riverside Stadium,Matt Donohue,/en/matches/927b8de7/Middlesbrough-Millwall-January-14-2023-Championship,,927b8de7
ENG-Championship,2223,2023-01-14 Preston North End-Norwich City,Championship,27,Sat,2023-01-14,15:00,Preston North End,0–4,Norwich City,11650,Deepdale Stadium,Steve Martin,/en/matches/7a7ca621/Preston-North-End-Norwich-City-January-14-2023-Championship,,7a7ca621
ENG-Championship,2223,2023-01-14 Reading-QPR,Championship,27,Sat,2023-01-14,15:00,Reading,2–2,QPR,14186,Select Car Leasing Stadium,Darren Bond,/en/matches/7969e868/Reading-Queens-Park-Rangers-January-14-2023-Championship,,7969e868
ENG-Championship,2223,2023-01-14 Rotherham United-Blackburn Rovers,Championship,27,Sat,2023-01-14,12:30,Rotherham United,4–0,Blackburn Rovers,10345,AESSEAL New York Stadium,Dean Whitestone,/en/matches/1c9c40a3/Rotherham-United-Blackburn-Rovers-January-14-2023-Championship,,1c9c40a3
ENG-Championship,2223,2023-01-14 Sheffield United-Stoke City,Championship,27,Sat,2023-01-14,15:00,Sheffield United,3–1,Stoke City,29644,Bramall Lane,Michael Salisbury,/en/matches/cd50d134/Sheffield-United-Stoke-City-January-14-2023-Championship,,cd50d134
ENG-Championship,2223,2023-01-14 Sunderland-Swansea City,Championship,27,Sat,2023-01-14,15:00,Sunderland,1–3,Swansea City,41030,Stadium of Light,Keith Stroud,/en/matches/9b965460/Sunderland-Swansea-City-January-14-2023-Championship,,9b965460
ENG-Championship,2223,2023-01-14 Watford-Blackpool,Championship,27,Sat,2023-01-14,15:00,Watford,2–0,Blackpool,19679,Vicarage Road Stadium,Gavin Ward,/en/matches/d7854a1c/Watford-Blackpool-January-14-2023-Championship,,d7854a1c
ENG-Championship,2223,2023-01-20 Burnley-West Brom,Championship,28,Fri,2023-01-20,20:00,Burnley,2–1,West Brom,19890,Turf Moor,Jarred Gillett,/en/matches/4b61b638/Burnley-West-Bromwich-Albion-January-20-2023-Championship,,4b61b638
ENG-Championship,2223,2023-01-20 Sheffield United-Hull City,Championship,28,Fri,2023-01-20,19:45,Sheffield United,1–0,Hull City,29271,Bramall Lane,Darren Bond,/en/matches/e10d18b8/Sheffield-United-Hull-City-January-20-2023-Championship,,e10d18b8
ENG-Championship,2223,2023-01-21 Birmingham City-Preston North End,Championship,28,Sat,2023-01-21,15:00,Birmingham City,1–2,Preston North End,1659,St Andrew's Trillion Trophy Stadium,Rebecca Welch,/en/matches/380257b2/Birmingham-City-Preston-North-End-January-21-2023-Championship,,380257b2
ENG-Championship,2223,2023-01-21 Bristol City-Blackburn Rovers,Championship,28,Sat,2023-01-21,15:00,Bristol City,1–1,Blackburn Rovers,19882,Ashton Gate Stadium,Tim Robinson,/en/matches/b7b4d362/Bristol-City-Blackburn-Rovers-January-21-2023-Championship,,b7b4d362
ENG-Championship,2223,2023-01-21 Cardiff City-Millwall,Championship,28,Sat,2023-01-21,15:00,Cardiff City,0–1,Millwall,18838,Cardiff City Stadium,Leigh Doughty,/en/matches/c4013000/Cardiff-City-Millwall-January-21-2023-Championship,,c4013000
ENG-Championship,2223,2023-01-21 Coventry City-Norwich City,Championship,28,Sat,2023-01-21,12:30,Coventry City,2–4,Norwich City,19877,Coventry Building Society Arena,Joshua Smith,/en/matches/5661744c/Coventry-City-Norwich-City-January-21-2023-Championship,,5661744c
ENG-Championship,2223,2023-01-21 QPR-Swansea City,Championship,28,Sat,2023-01-21,15:00,QPR,1–1,Swansea City,16110,Kiyan Prince Foundation Stadium,John Busby,/en/matches/871f2b5c/Queens-Park-Rangers-Swansea-City-January-21-2023-Championship,,871f2b5c
ENG-Championship,2223,2023-01-21 Stoke City-Reading,Championship,28,Sat,2023-01-21,15:00,Stoke City,4–0,Reading,19157,Bet365 Stadium,Gavin Ward,/en/matches/c78b4115/Stoke-City-Reading-January-21-2023-Championship,,c78b4115
ENG-Championship,2223,2023-01-21 Watford-Rotherham United,Championship,28,Sat,2023-01-21,15:00,Watford,1–1,Rotherham United,18911,Vicarage Road Stadium,David Webb,/en/matches/7f830bfe/Watford-Rotherham-United-January-21-2023-Championship,,7f830bfe
ENG-Championship,2223,2023-01-21 Wigan Athletic-Luton Town,Championship,28,Sat,2023-01-21,15:00,Wigan Athletic,0–2,Luton Town,11125,The DW Stadium,Andy Woolmer,/en/matches/77e01d74/Wigan-Athletic-Luton-Town-January-21-2023-Championship,,77e01d74
ENG-Championship,2223,2023-01-22 Sunderland-Middlesbrough,Championship,28,Sun,2023-01-22,12:00,Sunderland,2–0,Middlesbrough,42584,Stadium of Light,James Linington,/en/matches/d773bcc7/Sunderland-Middlesbrough-January-22-2023-Championship,,d773bcc7
ENG-Championship,2223,2023-01-28 Coventry City-Huddersfield Town,Championship,5,Sat,2023-01-28,15:00,Coventry City,2–0,Huddersfield Town,17557,Coventry Building Society Arena,Seb Stockbridge,/en/matches/954eaf4d/Coventry-City-Huddersfield-Town-January-28-2023-Championship,,954eaf4d
ENG-Championship,2223,2023-01-28 Hull City-QPR,Championship,29,Sat,2023-01-28,15:00,Hull City,3–0,QPR,16418,MKM Stadium,James Linington,/en/matches/0215c33c/Hull-City-Queens-Park-Rangers-January-28-2023-Championship,,0215c33c
ENG-Championship,2223,2023-01-28 Middlesbrough-Watford,Championship,29,Sat,2023-01-28,15:00,Middlesbrough,2–0,Watford,25469,Riverside Stadium,Darren Bond,/en/matches/a377f567/Middlesbrough-Watford-January-28-2023-Championship,,a377f567
ENG-Championship,2223,2023-01-31 Luton Town-Cardiff City,Championship,29,Tue,2023-01-31,19:45,Luton Town,1–0,Cardiff City,9031,Kenilworth Road Stadium,Geoff Eltringham,/en/matches/51ed84ee/Luton-Town-Cardiff-City-January-31-2023-Championship,,51ed84ee
ENG-Championship,2223,2023-02-03 West Brom-Coventry City,Championship,30,Fri,2023-02-03,20:00,West Brom,1–0,Coventry City,24719,The Hawthorns,Gavin Ward,/en/matches/0caab560/West-Bromwich-Albion-Coventry-City-February-3-2023-Championship,,0caab560
ENG-Championship,2223,2023-02-04 Huddersfield Town-QPR,Championship,30,Sat,2023-02-04,15:00,Huddersfield Town,1–1,QPR,17954,The John Smith's Stadium,Geoff Eltringham,/en/matches/813a062e/Huddersfield-Town-Queens-Park-Rangers-February-4-2023-Championship,,813a062e
ENG-Championship,2223,2023-02-04 Hull City-Cardiff City,Championship,30,Sat,2023-02-04,15:00,Hull City,1–0,Cardiff City,16584,MKM Stadium,David Webb,/en/matches/1af57f98/Hull-City-Cardiff-City-February-4-2023-Championship,,1af57f98
ENG-Championship,2223,2023-02-04 Luton Town-Stoke City,Championship,30,Sat,2023-02-04,15:00,Luton Town,1–0,Stoke City,10031,Kenilworth Road Stadium,Dean Whitestone,/en/matches/50eada8e/Luton-Town-Stoke-City-February-4-2023-Championship,,50eada8e
ENG-Championship,2223,2023-02-04 Middlesbrough-Blackpool,Championship,30,Sat,2023-02-04,15:00,Middlesbrough,3–0,Blackpool,26299,Riverside Stadium,Tim Robinson,/en/matches/0c90460d/Middlesbrough-Blackpool-February-4-2023-Championship,,0c90460d
ENG-Championship,2223,2023-02-04 Millwall-Sunderland,Championship,30,Sat,2023-02-04,15:00,Millwall,1–1,Sunderland,18524,The Den,Thomas Bramall,/en/matches/eefb9781/Millwall-Sunderland-February-4-2023-Championship,,eefb9781
ENG-Championship,2223,2023-02-04 Norwich City-Burnley,Championship,30,Sat,2023-02-04,12:30,Norwich City,0–3,Burnley,26536,Carrow Road,Keith Stroud,/en/matches/21dcc19c/Norwich-City-Burnley-February-4-2023-Championship,,21dcc19c
ENG-Championship,2223,2023-02-04 Preston North End-Bristol City,Championship,30,Sat,2023-02-04,15:00,Preston North End,1–2,Bristol City,14261,Deepdale Stadium,Leigh Doughty,/en/matches/c691e04a/Preston-North-End-Bristol-City-February-4-2023-Championship,,c691e04a
ENG-Championship,2223,2023-02-04 Reading-Watford,Championship,30,Sat,2023-02-04,15:00,Reading,2–2,Watford,13861,Select Car Leasing Stadium,Steve Martin,/en/matches/3856d902/Reading-Watford-February-4-2023-Championship,,3856d902
ENG-Championship,2223,2023-02-04 Rotherham United-Sheffield United,Championship,30,Sat,2023-02-04,12:30,Rotherham United,0–0,Sheffield United,11485,AESSEAL New York Stadium,Graham Scott,/en/matches/736d1de7/Rotherham-United-Sheffield-United-February-4-2023-Championship,,736d1de7
ENG-Championship,2223,2023-02-04 Swansea City-Birmingham City,Championship,30,Sat,2023-02-04,15:00,Swansea City,3–4,Birmingham City,17247,Swansea.com Stadium,Jeremy Simpson,/en/matches/1be68347/Swansea-City-Birmingham-City-February-4-2023-Championship,,1be68347
ENG-Championship,2223,2023-02-06 Blackburn Rovers-Wigan Athletic,Championship,30,Mon,2023-02-06,20:00,Blackburn Rovers,0–0,Wigan Athletic,14540,Ewood Park,Matt Donohue,/en/matches/f3c76636/Blackburn-Rovers-Wigan-Athletic-February-6-2023-Championship,,f3c76636
ENG-Championship,2223,2023-02-07 Blackpool-Huddersfield Town,Championship,28,Tue,2023-02-07,19:45,Blackpool,2–2,Huddersfield Town,11164,Bloomfield Road,Graham Scott,/en/matches/bee26e4b/Blackpool-Huddersfield-Town-February-7-2023-Championship,,bee26e4b
ENG-Championship,2223,2023-02-10 Birmingham City-West Brom,Championship,31,Fri,2023-02-10,20:00,Birmingham City,2–0,West Brom,17781,St Andrew's Trillion Trophy Stadium,James Linington,/en/matches/03c8fc76/Birmingham-City-West-Bromwich-Albion-February-10-2023-Championship,,03c8fc76
ENG-Championship,2223,2023-02-11 Blackpool-Rotherham United,Championship,31,Sat,2023-02-11,15:00,Blackpool,0–0,Rotherham United,12262,Bloomfield Road,Joshua Smith,/en/matches/4001fe71/Blackpool-Rotherham-United-February-11-2023-Championship,,4001fe71
ENG-Championship,2223,2023-02-11 Bristol City-Norwich City,Championship,31,Sat,2023-02-11,15:00,Bristol City,1–0,Norwich City,23757,Ashton Gate Stadium,Chris Kavanagh,/en/matches/50f2845b/Bristol-City-Norwich-City-February-11-2023-Championship,,50f2845b
ENG-Championship,2223,2023-02-11 Burnley-Preston North End,Championship,31,Sat,2023-02-11,15:00,Burnley,3–0,Preston North End,21528,Turf Moor,Darren Bond,/en/matches/d3cea2a9/Burnley-Preston-North-End-February-11-2023-Championship,,d3cea2a9
ENG-Championship,2223,2023-02-11 Cardiff City-Middlesbrough,Championship,31,Sat,2023-02-11,15:00,Cardiff City,1–3,Middlesbrough,19182,Cardiff City Stadium,John Busby,/en/matches/163a7131/Cardiff-City-Middlesbrough-February-11-2023-Championship,,163a7131
ENG-Championship,2223,2023-02-11 Coventry City-Luton Town,Championship,31,Sat,2023-02-11,15:00,Coventry City,1–1,Luton Town,20366,Coventry Building Society Arena,Steve Martin,/en/matches/a2320ac8/Coventry-City-Luton-Town-February-11-2023-Championship,,a2320ac8
ENG-Championship,2223,2023-02-11 QPR-Millwall,Championship,31,Sat,2023-02-11,15:00,QPR,1–2,Millwall,15335,Kiyan Prince Foundation Stadium,Dean Whitestone,/en/matches/204d9de0/Queens-Park-Rangers-Millwall-February-11-2023-Championship,,204d9de0
ENG-Championship,2223,2023-02-11 Sheffield United-Swansea City,Championship,31,Sat,2023-02-11,15:00,Sheffield United,3–0,Swansea City,27800,Bramall Lane,Matt Donohue,/en/matches/9fb471fb/Sheffield-United-Swansea-City-February-11-2023-Championship,,9fb471fb
ENG-Championship,2223,2023-02-11 Stoke City-Hull City,Championship,31,Sat,2023-02-11,15:00,Stoke City,0–0,Hull City,23970,Bet365 Stadium,Andy Woolmer,/en/matches/552e576a/Stoke-City-Hull-City-February-11-2023-Championship,,552e576a
ENG-Championship,2223,2023-02-11 Sunderland-Reading,Championship,31,Sat,2023-02-11,15:00,Sunderland,1–0,Reading,38046,Stadium of Light,David Coote,/en/matches/a8f7cc4c/Sunderland-Reading-February-11-2023-Championship,,a8f7cc4c
ENG-Championship,2223,2023-02-11 Watford-Blackburn Rovers,Championship,31,Sat,2023-02-11,15:00,Watford,1–1,Blackburn Rovers,19294,Vicarage Road Stadium,Jeremy Simpson,/en/matches/b60cdb53/Watford-Blackburn-Rovers-February-11-2023-Championship,,b60cdb53
ENG-Championship,2223,2023-02-11 Wigan Athletic-Huddersfield Town,Championship,31,Sat,2023-02-11,15:00,Wigan Athletic,1–0,Huddersfield Town,12268,The DW Stadium,Gavin Ward,/en/matches/996e744a/Wigan-Athletic-Huddersfield-Town-February-11-2023-Championship,,996e744a
ENG-Championship,2223,2023-02-14 Birmingham City-Cardiff City,Championship,32,Tue,2023-02-14,19:45,Birmingham City,0–2,Cardiff City,14369,St Andrew's Trillion Trophy Stadium,Gavin Ward,/en/matches/49534e33/Birmingham-City-Cardiff-City-February-14-2023-Championship,,49534e33
ENG-Championship,2223,2023-02-14 Burnley-Watford,Championship,32,Tue,2023-02-14,20:00,Burnley,1–1,Watford,18393,Turf Moor,Leigh Doughty,/en/matches/37880f5b/Burnley-Watford-February-14-2023-Championship,,37880f5b
ENG-Championship,2223,2023-02-14 Coventry City-Millwall,Championship,32,Tue,2023-02-14,19:45,Coventry City,1–0,Millwall,16446,Coventry Building Society Arena,Matt Donohue,/en/matches/7fb3191e/Coventry-City-Millwall-February-14-2023-Championship,,7fb3191e
ENG-Championship,2223,2023-02-14 Norwich City-Hull City,Championship,32,Tue,2023-02-14,19:45,Norwich City,3–1,Hull City,25767,Carrow Road,Dean Whitestone,/en/matches/1fa52f77/Norwich-City-Hull-City-February-14-2023-Championship,,1fa52f77
ENG-Championship,2223,2023-02-14 QPR-Sunderland,Championship,32,Tue,2023-02-14,19:45,QPR,0–3,Sunderland,14471,Kiyan Prince Foundation Stadium,Peter Bankes,/en/matches/a71fb516/Queens-Park-Rangers-Sunderland-February-14-2023-Championship,,a71fb516
ENG-Championship,2223,2023-02-14 Reading-Rotherham United,Championship,32,Tue,2023-02-14,20:00,Reading,2–1,Rotherham United,9492,Select Car Leasing Stadium,John Busby,/en/matches/ac764429/Reading-Rotherham-United-February-14-2023-Championship,,ac764429
ENG-Championship,2223,2023-02-15 Bristol City-Wigan Athletic,Championship,32,Wed,2023-02-15,19:45,Bristol City,1–1,Wigan Athletic,18766,Ashton Gate Stadium,Keith Stroud,/en/matches/c3d63615/Bristol-City-Wigan-Athletic-February-15-2023-Championship,,c3d63615
ENG-Championship,2223,2023-02-15 Preston North End-Luton Town,Championship,32,Wed,2023-02-15,19:45,Preston North End,1–1,Luton Town,13903,Deepdale Stadium,Joshua Smith,/en/matches/6556a146/Preston-North-End-Luton-Town-February-15-2023-Championship,,6556a146
ENG-Championship,2223,2023-02-15 Sheffield United-Middlesbrough,Championship,32,Wed,2023-02-15,20:00,Sheffield United,1–3,Middlesbrough,29084,Bramall Lane,Andre Marriner,/en/matches/1735b570/Sheffield-United-Middlesbrough-February-15-2023-Championship,,1735b570
ENG-Championship,2223,2023-02-15 Stoke City-Huddersfield Town,Championship,32,Wed,2023-02-15,19:45,Stoke City,3–0,Huddersfield Town,17700,Bet365 Stadium,James Linington,/en/matches/3e723056/Stoke-City-Huddersfield-Town-February-15-2023-Championship,,3e723056
ENG-Championship,2223,2023-02-15 Swansea City-Blackpool,Championship,32,Wed,2023-02-15,19:45,Swansea City,2–1,Blackpool,15345,Swansea.com Stadium,Geoff Eltringham,/en/matches/e393c1f8/Swansea-City-Blackpool-February-15-2023-Championship,,e393c1f8
ENG-Championship,2223,2023-02-15 West Brom-Blackburn Rovers,Championship,32,Wed,2023-02-15,20:00,West Brom,1–1,Blackburn Rovers,21840,The Hawthorns,David Webb,/en/matches/63515489/West-Bromwich-Albion-Blackburn-Rovers-February-15-2023-Championship,,63515489
ENG-Championship,2223,2023-02-17 Cardiff City-Reading,Championship,33,Fri,2023-02-17,20:00,Cardiff City,1–0,Reading,18879,Cardiff City Stadium,Darren Bond,/en/matches/6780d2d8/Cardiff-City-Reading-February-17-2023-Championship,,6780d2d8
ENG-Championship,2223,2023-02-18 Blackburn Rovers-Swansea City,Championship,33,Sat,2023-02-18,15:00,Blackburn Rovers,1–0,Swansea City,12584,Ewood Park,Thomas Bramall,/en/matches/cee54354/Blackburn-Rovers-Swansea-City-February-18-2023-Championship,,cee54354
ENG-Championship,2223,2023-02-18 Blackpool-Stoke City,Championship,33,Sat,2023-02-18,15:00,Blackpool,1–0,Stoke City,13238,Bloomfield Road,Matt Donohue,/en/matches/8195cffd/Blackpool-Stoke-City-February-18-2023-Championship,,8195cffd
ENG-Championship,2223,2023-02-18 Huddersfield Town-Birmingham City,Championship,33,Sat,2023-02-18,15:00,Huddersfield Town,2–1,Birmingham City,19564,The John Smith's Stadium,John Busby,/en/matches/52611126/Huddersfield-Town-Birmingham-City-February-18-2023-Championship,,52611126
ENG-Championship,2223,2023-02-18 Hull City-Preston North End,Championship,33,Sat,2023-02-18,15:00,Hull City,0–0,Preston North End,17776,MKM Stadium,Samuel Allison,/en/matches/d6608133/Hull-City-Preston-North-End-February-18-2023-Championship,,d6608133
ENG-Championship,2223,2023-02-18 Luton Town-Burnley,Championship,33,Sat,2023-02-18,15:00,Luton Town,0–1,Burnley,10066,Kenilworth Road Stadium,Jeremy Simpson,/en/matches/b33214ec/Luton-Town-Burnley-February-18-2023-Championship,,b33214ec
ENG-Championship,2223,2023-02-18 Middlesbrough-QPR,Championship,33,Sat,2023-02-18,15:00,Middlesbrough,3–1,QPR,27456,Riverside Stadium,David Webb,/en/matches/596442a6/Middlesbrough-Queens-Park-Rangers-February-18-2023-Championship,,596442a6
ENG-Championship,2223,2023-02-18 Millwall-Sheffield United,Championship,33,Sat,2023-02-18,12:30,Millwall,3–2,Sheffield United,15571,The Den,Steve Martin,/en/matches/fce891d4/Millwall-Sheffield-United-February-18-2023-Championship,,fce891d4
ENG-Championship,2223,2023-02-18 Rotherham United-Coventry City,Championship,33,Sat,2023-02-18,15:00,Rotherham United,0–2,Coventry City,10865,AESSEAL New York Stadium,Keith Stroud,/en/matches/e508ee4c/Rotherham-United-Coventry-City-February-18-2023-Championship,,e508ee4c
ENG-Championship,2223,2023-02-18 Sunderland-Bristol City,Championship,33,Sat,2023-02-18,15:00,Sunderland,1–1,Bristol City,38682,Stadium of Light,Gavin Ward,/en/matches/bd1c11ec/Sunderland-Bristol-City-February-18-2023-Championship,,bd1c11ec
ENG-Championship,2223,2023-02-18 Wigan Athletic-Norwich City,Championship,33,Sat,2023-02-18,15:00,Wigan Athletic,0–0,Norwich City,11603,The DW Stadium,Geoff Eltringham,/en/matches/f596b197/Wigan-Athletic-Norwich-City-February-18-2023-Championship,,f596b197
ENG-Championship,2223,2023-02-20 Watford-West Brom,Championship,33,Mon,2023-02-20,20:00,Watford,3–2,West Brom,18634,Vicarage Road Stadium,Tim Robinson,/en/matches/9ad0e307/Watford-West-Bromwich-Albion-February-20-2023-Championship,,9ad0e307
ENG-Championship,2223,2023-02-21 Blackburn Rovers-Blackpool,Championship,29,Tue,2023-02-21,19:45,Blackburn Rovers,1–0,Blackpool,14483,Ewood Park,Dean Whitestone,/en/matches/73d428bf/Blackburn-Rovers-Blackpool-February-21-2023-Championship,,73d428bf
ENG-Championship,2223,2023-02-21 Millwall-Burnley,Championship,29,Tue,2023-02-21,19:45,Millwall,1–1,Burnley,13542,The Den,James Linington,/en/matches/bda9839f/Millwall-Burnley-February-21-2023-Championship,,bda9839f
ENG-Championship,2223,2023-02-21 Norwich City-Birmingham City,Championship,29,Tue,2023-02-21,19:45,Norwich City,3–1,Birmingham City,25657,Carrow Road,Jarred Gillett,/en/matches/5cf91ed5/Norwich-City-Birmingham-City-February-21-2023-Championship,,5cf91ed5
ENG-Championship,2223,2023-02-21 Rotherham United-Sunderland,Championship,29,Tue,2023-02-21,19:45,Rotherham United,2–1,Sunderland,10522,AESSEAL New York Stadium,Chris Kavanagh,/en/matches/177cc36e/Rotherham-United-Sunderland-February-21-2023-Championship,,177cc36e
ENG-Championship,2223,2023-02-21 Swansea City-Stoke City,Championship,29,Tue,2023-02-21,19:45,Swansea City,1–3,Stoke City,15817,Swansea.com Stadium,Andy Woolmer,/en/matches/d715a009/Swansea-City-Stoke-City-February-21-2023-Championship,,d715a009
ENG-Championship,2223,2023-02-25 Birmingham City-Luton Town,Championship,34,Sat,2023-02-25,15:00,Birmingham City,0–1,Luton Town,16866,St Andrew's Trillion Trophy Stadium,David Webb,/en/matches/0f28b046/Birmingham-City-Luton-Town-February-25-2023-Championship,,0f28b046
ENG-Championship,2223,2023-02-25 Bristol City-Hull City,Championship,34,Sat,2023-02-25,15:00,Bristol City,1–0,Hull City,20333,Ashton Gate Stadium,Samuel Barrott,/en/matches/2b5d7399/Bristol-City-Hull-City-February-25-2023-Championship,,2b5d7399
ENG-Championship,2223,2023-02-25 Burnley-Huddersfield Town,Championship,34,Sat,2023-02-25,15:00,Burnley,4–0,Huddersfield Town,20711,Turf Moor,Matt Donohue,/en/matches/854a989e/Burnley-Huddersfield-Town-February-25-2023-Championship,,854a989e
ENG-Championship,2223,2023-02-25 Coventry City-Sunderland,Championship,34,Sat,2023-02-25,12:30,Coventry City,2–1,Sunderland,21437,Coventry Building Society Arena,Dean Whitestone,/en/matches/db31c00d/Coventry-City-Sunderland-February-25-2023-Championship,,db31c00d
ENG-Championship,2223,2023-02-25 Norwich City-Cardiff City,Championship,34,Sat,2023-02-25,15:00,Norwich City,2–0,Cardiff City,25417,Carrow Road,James Linington,/en/matches/0bcb9ced/Norwich-City-Cardiff-City-February-25-2023-Championship,,0bcb9ced
ENG-Championship,2223,2023-02-25 Preston North End-Wigan Athletic,Championship,34,Sat,2023-02-25,15:00,Preston North End,2–1,Wigan Athletic,17842,Deepdale Stadium,Thomas Bramall,/en/matches/4ebb9937/Preston-North-End-Wigan-Athletic-February-25-2023-Championship,,4ebb9937
ENG-Championship,2223,2023-02-25 QPR-Blackburn Rovers,Championship,34,Sat,2023-02-25,15:00,QPR,1–3,Blackburn Rovers,15715,Kiyan Prince Foundation Stadium,Leigh Doughty,/en/matches/430390f3/Queens-Park-Rangers-Blackburn-Rovers-February-25-2023-Championship,,430390f3
ENG-Championship,2223,2023-02-25 Reading-Blackpool,Championship,34,Sat,2023-02-25,15:00,Reading,3–1,Blackpool,17013,Select Car Leasing Stadium,John Brooks,/en/matches/46d7e482/Reading-Blackpool-February-25-2023-Championship,,46d7e482
ENG-Championship,2223,2023-02-25 Sheffield United-Watford,Championship,34,Sat,2023-02-25,15:00,Sheffield United,1–0,Watford,29132,Bramall Lane,Keith Stroud,/en/matches/8fc8b1f3/Sheffield-United-Watford-February-25-2023-Championship,,8fc8b1f3
ENG-Championship,2223,2023-02-25 Stoke City-Millwall,Championship,34,Sat,2023-02-25,15:00,Stoke City,0–1,Millwall,19773,Bet365 Stadium,Tim Robinson,/en/matches/92fea05d/Stoke-City-Millwall-February-25-2023-Championship,,92fea05d
ENG-Championship,2223,2023-02-25 West Brom-Middlesbrough,Championship,34,Sat,2023-02-25,15:00,West Brom,2–0,Middlesbrough,25204,The Hawthorns,Darren Bond,/en/matches/00b132eb/West-Bromwich-Albion-Middlesbrough-February-25-2023-Championship,,00b132eb
ENG-Championship,2223,2023-02-27 Swansea City-Rotherham United,Championship,34,Mon,2023-02-27,20:00,Swansea City,1–1,Rotherham United,15144,Swansea.com Stadium,Gavin Ward,/en/matches/d2f828bc/Swansea-City-Rotherham-United-February-27-2023-Championship,,d2f828bc
ENG-Championship,2223,2023-02-28 Luton Town-Millwall,Championship,23,Tue,2023-02-28,20:00,Luton Town,2–2,Millwall,10060,Kenilworth Road Stadium,Geoff Eltringham,/en/matches/9a750781/Luton-Town-Millwall-February-28-2023-Championship,,9a750781
ENG-Championship,2223,2023-02-28 Preston North End-Coventry City,Championship,29,Tue,2023-02-28,19:45,Preston North End,0–0,Coventry City,13891,Deepdale Stadium,John Busby,/en/matches/72ed19fb/Preston-North-End-Coventry-City-February-28-2023-Championship,,72ed19fb
ENG-Championship,2223,2023-03-03 Hull City-West Brom,Championship,35,Fri,2023-03-03,20:00,Hull City,2–0,West Brom,17021,MKM Stadium,James Linington,/en/matches/648d1ef2/Hull-City-West-Bromwich-Albion-March-3-2023-Championship,,648d1ef2
ENG-Championship,2223,2023-03-04 Blackburn Rovers-Sheffield United,Championship,35,Sat,2023-03-04,12:30,Blackburn Rovers,1–0,Sheffield United,16464,Ewood Park,Joshua Smith,/en/matches/4b1cd75a/Blackburn-Rovers-Sheffield-United-March-4-2023-Championship,,4b1cd75a
ENG-Championship,2223,2023-03-04 Blackpool-Burnley,Championship,35,Sat,2023-03-04,15:00,Blackpool,0–0,Burnley,14134,Bloomfield Road,Thomas Bramall,/en/matches/f84483f2/Blackpool-Burnley-March-4-2023-Championship,,f84483f2
ENG-Championship,2223,2023-03-04 Cardiff City-Bristol City,Championship,35,Sat,2023-03-04,12:30,Cardiff City,2–0,Bristol City,22156,Cardiff City Stadium,Matt Donohue,/en/matches/85e42697/Cardiff-City-Bristol-City-March-4-2023-Championship,,85e42697
ENG-Championship,2223,2023-03-04 Huddersfield Town-Coventry City,Championship,35,Sat,2023-03-04,15:00,Huddersfield Town,0–4,Coventry City,19958,The John Smith's Stadium,David Webb,/en/matches/2ecfdbac/Huddersfield-Town-Coventry-City-March-4-2023-Championship,,2ecfdbac
ENG-Championship,2223,2023-03-04 Luton Town-Swansea City,Championship,35,Sat,2023-03-04,15:00,Luton Town,1–0,Swansea City,10072,Kenilworth Road Stadium,Dean Whitestone,/en/matches/d3d343bd/Luton-Town-Swansea-City-March-4-2023-Championship,,d3d343bd
ENG-Championship,2223,2023-03-04 Middlesbrough-Reading,Championship,35,Sat,2023-03-04,15:00,Middlesbrough,5–0,Reading,26823,Riverside Stadium,Keith Stroud,/en/matches/fa38d5c0/Middlesbrough-Reading-March-4-2023-Championship,,fa38d5c0
ENG-Championship,2223,2023-03-04 Millwall-Norwich City,Championship,35,Sat,2023-03-04,15:00,Millwall,2–3,Norwich City,18785,The Den,Graham Scott,/en/matches/7ec16d9e/Millwall-Norwich-City-March-4-2023-Championship,,7ec16d9e
ENG-Championship,2223,2023-03-04 Rotherham United-QPR,Championship,35,Sat,2023-03-04,15:00,Rotherham United,3–1,QPR,10563,AESSEAL New York Stadium,Darren Bond,/en/matches/5c16aba7/Rotherham-United-Queens-Park-Rangers-March-4-2023-Championship,,5c16aba7
ENG-Championship,2223,2023-03-04 Sunderland-Stoke City,Championship,35,Sat,2023-03-04,15:00,Sunderland,1–5,Stoke City,40053,Stadium of Light,Jeremy Simpson,/en/matches/5ec54cac/Sunderland-Stoke-City-March-4-2023-Championship,,5ec54cac
ENG-Championship,2223,2023-03-04 Watford-Preston North End,Championship,35,Sat,2023-03-04,15:00,Watford,0–0,Preston North End,19244,Vicarage Road Stadium,Gavin Ward,/en/matches/7d5ec2d7/Watford-Preston-North-End-March-4-2023-Championship,,7d5ec2d7
ENG-Championship,2223,2023-03-04 Wigan Athletic-Birmingham City,Championship,35,Sat,2023-03-04,15:00,Wigan Athletic,1–1,Birmingham City,13741,The DW Stadium,Steve Martin,/en/matches/40cbbfe6/Wigan-Athletic-Birmingham-City-March-4-2023-Championship,,40cbbfe6
ENG-Championship,2223,2023-03-07 Huddersfield Town-Bristol City,Championship,29,Tue,2023-03-07,19:45,Huddersfield Town,0–0,Bristol City,17177,The John Smith's Stadium,Leigh Doughty,/en/matches/0d2c2063/Huddersfield-Town-Bristol-City-March-7-2023-Championship,,0d2c2063
ENG-Championship,2223,2023-03-07 Reading-Sheffield United,Championship,29,Tue,2023-03-07,20:00,Reading,0–1,Sheffield United,9897,Select Car Leasing Stadium,Dean Whitestone,/en/matches/432aa3fa/Reading-Sheffield-United-March-7-2023-Championship,,432aa3fa
ENG-Championship,2223,2023-03-07 West Brom-Wigan Athletic,Championship,29,Tue,2023-03-07,20:00,West Brom,1–0,Wigan Athletic,21552,The Hawthorns,Rebecca Welch,/en/matches/ac803238/West-Bromwich-Albion-Wigan-Athletic-March-7-2023-Championship,,ac803238
ENG-Championship,2223,2023-03-10 Stoke City-Blackburn Rovers,Championship,36,Fri,2023-03-10,20:00,Stoke City,3–2,Blackburn Rovers,17427,Bet365 Stadium,Matt Donohue,/en/matches/1e92c0d1/Stoke-City-Blackburn-Rovers-March-10-2023-Championship,,1e92c0d1
ENG-Championship,2223,2023-03-11 Birmingham City-Rotherham United,Championship,36,Sat,2023-03-11,15:00,Birmingham City,2–0,Rotherham United,15932,St Andrew's Trillion Trophy Stadium,Geoff Eltringham,/en/matches/56cc3175/Birmingham-City-Rotherham-United-March-11-2023-Championship,,56cc3175
ENG-Championship,2223,2023-03-11 Bristol City-Blackpool,Championship,36,Sat,2023-03-11,12:30,Bristol City,2–0,Blackpool,19070,Ashton Gate Stadium,Darren Bond,/en/matches/16f31f26/Bristol-City-Blackpool-March-11-2023-Championship,,16f31f26
ENG-Championship,2223,2023-03-11 Burnley-Wigan Athletic,Championship,36,Sat,2023-03-11,15:00,Burnley,3–0,Wigan Athletic,20249,Turf Moor,John Busby,/en/matches/7815d5b3/Burnley-Wigan-Athletic-March-11-2023-Championship,,7815d5b3
ENG-Championship,2223,2023-03-11 Coventry City-Hull City,Championship,36,Sat,2023-03-11,15:00,Coventry City,1–1,Hull City,22206,Coventry Building Society Arena,Joshua Smith,/en/matches/2c5e1613/Coventry-City-Hull-City-March-11-2023-Championship,,2c5e1613
ENG-Championship,2223,2023-03-11 Preston North End-Cardiff City,Championship,36,Sat,2023-03-11,15:00,Preston North End,2–0,Cardiff City,14295,Deepdale Stadium,David Webb,/en/matches/1e3d86d6/Preston-North-End-Cardiff-City-March-11-2023-Championship,,1e3d86d6
ENG-Championship,2223,2023-03-11 QPR-Watford,Championship,36,Sat,2023-03-11,15:00,QPR,1–0,Watford,17247,Kiyan Prince Foundation Stadium,James Linington,/en/matches/f3bd528e/Queens-Park-Rangers-Watford-March-11-2023-Championship,,f3bd528e
ENG-Championship,2223,2023-03-11 Reading-Millwall,Championship,36,Sat,2023-03-11,15:00,Reading,0–1,Millwall,13265,Select Car Leasing Stadium,Michael Salisbury,/en/matches/4ed7a393/Reading-Millwall-March-11-2023-Championship,,4ed7a393
ENG-Championship,2223,2023-03-11 Sheffield United-Luton Town,Championship,36,Sat,2023-03-11,15:00,Sheffield United,0–1,Luton Town,28006,Bramall Lane,Leigh Doughty,/en/matches/895aadfb/Sheffield-United-Luton-Town-March-11-2023-Championship,,895aadfb
ENG-Championship,2223,2023-03-11 Swansea City-Middlesbrough,Championship,36,Sat,2023-03-11,15:00,Swansea City,1–3,Middlesbrough,17021,Swansea.com Stadium,Peter Bankes,/en/matches/d8800fa8/Swansea-City-Middlesbrough-March-11-2023-Championship,,d8800fa8
ENG-Championship,2223,2023-03-11 West Brom-Huddersfield Town,Championship,36,Sat,2023-03-11,15:00,West Brom,1–0,Huddersfield Town,24685,The Hawthorns,Dean Whitestone,/en/matches/43a1ed9e/West-Bromwich-Albion-Huddersfield-Town-March-11-2023-Championship,,43a1ed9e
ENG-Championship,2223,2023-03-12 Norwich City-Sunderland,Championship,36,Sun,2023-03-12,12:00,Norwich City,0–1,Sunderland,26874,Carrow Road,Tim Robinson,/en/matches/ed02967b/Norwich-City-Sunderland-March-12-2023-Championship,,ed02967b
ENG-Championship,2223,2023-03-14 Blackpool-QPR,Championship,37,Tue,2023-03-14,19:45,Blackpool,6–1,QPR,10051,Bloomfield Road,Jeremy Simpson,/en/matches/907275dc/Blackpool-Queens-Park-Rangers-March-14-2023-Championship,,907275dc
ENG-Championship,2223,2023-03-14 Middlesbrough-Stoke City,Championship,37,Tue,2023-03-14,20:00,Middlesbrough,1–1,Stoke City,24779,Riverside Stadium,Craig Pawson,/en/matches/3f77a8b0/Middlesbrough-Stoke-City-March-14-2023-Championship,,3f77a8b0
ENG-Championship,2223,2023-03-14 Millwall-Swansea City,Championship,37,Tue,2023-03-14,19:45,Millwall,2–1,Swansea City,12470,The Den,David Webb,/en/matches/de7acaa5/Millwall-Swansea-City-March-14-2023-Championship,,de7acaa5
ENG-Championship,2223,2023-03-14 Rotherham United-Preston North End,Championship,37,Tue,2023-03-14,19:45,Rotherham United,1–2,Preston North End,9003,AESSEAL New York Stadium,Steve Martin,/en/matches/1765d4c2/Rotherham-United-Preston-North-End-March-14-2023-Championship,,1765d4c2
ENG-Championship,2223,2023-03-14 Watford-Birmingham City,Championship,37,Tue,2023-03-14,19:45,Watford,3–0,Birmingham City,18403,Vicarage Road Stadium,Darren England,/en/matches/3f05028c/Watford-Birmingham-City-March-14-2023-Championship,,3f05028c
ENG-Championship,2223,2023-03-14 Wigan Athletic-Coventry City,Championship,37,Tue,2023-03-14,19:45,Wigan Athletic,1–1,Coventry City,11014,The DW Stadium,Andy Woolmer,/en/matches/f37dd342/Wigan-Athletic-Coventry-City-March-14-2023-Championship,,f37dd342
ENG-Championship,2223,2023-03-15 Blackburn Rovers-Reading,Championship,37,Wed,2023-03-15,19:45,Blackburn Rovers,2–1,Reading,14023,Ewood Park,Darren Bond,/en/matches/50827fe4/Blackburn-Rovers-Reading-March-15-2023-Championship,,50827fe4
ENG-Championship,2223,2023-03-15 Cardiff City-West Brom,Championship,37,Wed,2023-03-15,19:45,Cardiff City,1–1,West Brom,17785,Cardiff City Stadium,Leigh Doughty,/en/matches/2e952295/Cardiff-City-West-Bromwich-Albion-March-15-2023-Championship,,2e952295
ENG-Championship,2223,2023-03-15 Huddersfield Town-Norwich City,Championship,37,Wed,2023-03-15,19:45,Huddersfield Town,1–1,Norwich City,18116,The John Smith's Stadium,Keith Stroud,/en/matches/7b92d96d/Huddersfield-Town-Norwich-City-March-15-2023-Championship,,7b92d96d
ENG-Championship,2223,2023-03-15 Hull City-Burnley,Championship,37,Wed,2023-03-15,19:45,Hull City,1–3,Burnley,17271,MKM Stadium,Tim Robinson,/en/matches/27dd5fb9/Hull-City-Burnley-March-15-2023-Championship,,27dd5fb9
ENG-Championship,2223,2023-03-15 Luton Town-Bristol City,Championship,37,Wed,2023-03-15,19:45,Luton Town,1–0,Bristol City,9899,Kenilworth Road Stadium,John Busby,/en/matches/ecba6ea7/Luton-Town-Bristol-City-March-15-2023-Championship,,ecba6ea7
ENG-Championship,2223,2023-03-15 Sunderland-Sheffield United,Championship,37,Wed,2023-03-15,20:00,Sunderland,1–2,Sheffield United,37490,Stadium of Light,Matt Donohue,/en/matches/8813406f/Sunderland-Sheffield-United-March-15-2023-Championship,,8813406f
ENG-Championship,2223,2023-03-18 Blackpool-Coventry City,Championship,38,Sat,2023-03-18,15:00,Blackpool,1–4,Coventry City,14055,Bloomfield Road,Geoff Eltringham,/en/matches/2af9362f/Blackpool-Coventry-City-March-18-2023-Championship,,2af9362f
ENG-Championship,2223,2023-03-18 Middlesbrough-Preston North End,Championship,38,Sat,2023-03-18,15:00,Middlesbrough,4–0,Preston North End,28304,Riverside Stadium,Matt Donohue,/en/matches/57d4c671/Middlesbrough-Preston-North-End-March-18-2023-Championship,,57d4c671
ENG-Championship,2223,2023-03-18 Millwall-Huddersfield Town,Championship,38,Sat,2023-03-18,15:00,Millwall,0–1,Huddersfield Town,14968,The Den,Andrew Davies,/en/matches/16fcbcb5/Millwall-Huddersfield-Town-March-18-2023-Championship,,16fcbcb5
ENG-Championship,2223,2023-03-18 QPR-Birmingham City,Championship,38,Sat,2023-03-18,15:00,QPR,0–1,Birmingham City,15097,Kiyan Prince Foundation Stadium,Keith Stroud,/en/matches/6618bc52/Queens-Park-Rangers-Birmingham-City-March-18-2023-Championship,,6618bc52
ENG-Championship,2223,2023-03-18 Reading-Hull City,Championship,38,Sat,2023-03-18,15:00,Reading,1–1,Hull City,12033,Select Car Leasing Stadium,Gavin Ward,/en/matches/24042362/Reading-Hull-City-March-18-2023-Championship,,24042362
ENG-Championship,2223,2023-03-18 Stoke City-Norwich City,Championship,38,Sat,2023-03-18,15:00,Stoke City,0–0,Norwich City,22102,Bet365 Stadium,David Webb,/en/matches/38512b4e/Stoke-City-Norwich-City-March-18-2023-Championship,,38512b4e
ENG-Championship,2223,2023-03-18 Sunderland-Luton Town,Championship,38,Sat,2023-03-18,15:00,Sunderland,1–1,Luton Town,37579,Stadium of Light,Scott Oldham,/en/matches/12370400/Sunderland-Luton-Town-March-18-2023-Championship,,12370400
ENG-Championship,2223,2023-03-18 Watford-Wigan Athletic,Championship,38,Sat,2023-03-18,15:00,Watford,1–1,Wigan Athletic,18523,Vicarage Road Stadium,Graham Scott,/en/matches/75d009fc/Watford-Wigan-Athletic-March-18-2023-Championship,,75d009fc
ENG-Championship,2223,2023-03-19 Swansea City-Bristol City,Championship,38,Sun,2023-03-19,12:30,Swansea City,2–0,Bristol City,16730,Swansea.com Stadium,Jeremy Simpson,/en/matches/eefdfa17/Swansea-City-Bristol-City-March-19-2023-Championship,,eefdfa17
ENG-Championship,2223,2023-03-31 Burnley-Sunderland,Championship,39,Fri,2023-03-31,20:00,Burnley,0–0,Sunderland,21462,Turf Moor,Jarred Gillett,/en/matches/89c9bfc0/Burnley-Sunderland-March-31-2023-Championship,,89c9bfc0
ENG-Championship,2223,2023-04-01 Birmingham City-Blackburn Rovers,Championship,39,Sat,2023-04-01,15:00,Birmingham City,1–0,Blackburn Rovers,16623,St Andrew's Trillion Trophy Stadium,Andrew Davies,/en/matches/2857364a/Birmingham-City-Blackburn-Rovers-April-1-2023-Championship,,2857364a
ENG-Championship,2223,2023-04-01 Bristol City-Reading,Championship,39,Sat,2023-04-01,15:00,Bristol City,1–1,Reading,20526,Ashton Gate Stadium,Stephen Martin,/en/matches/826ba564/Bristol-City-Reading-April-1-2023-Championship,,826ba564
ENG-Championship,2223,2023-04-01 Cardiff City-Swansea City,Championship,39,Sat,2023-04-01,15:00,Cardiff City,2–3,Swansea City,28232,Cardiff City Stadium,Keith Stroud,/en/matches/4f7da075/Cardiff-City-Swansea-City-April-1-2023-Championship,,4f7da075
ENG-Championship,2223,2023-04-01 Coventry City-Stoke City,Championship,39,Sat,2023-04-01,15:00,Coventry City,0–4,Stoke City,23625,Coventry Building Society Arena,Samuel Barrott,/en/matches/c3afbb99/Coventry-City-Stoke-City-April-1-2023-Championship,,c3afbb99
ENG-Championship,2223,2023-04-01 Huddersfield Town-Middlesbrough,Championship,39,Sat,2023-04-01,15:00,Huddersfield Town,4–2,Middlesbrough,20186,The John Smith's Stadium,John Busby,/en/matches/976f381a/Huddersfield-Town-Middlesbrough-April-1-2023-Championship,,976f381a
ENG-Championship,2223,2023-04-01 Hull City-Rotherham United,Championship,39,Sat,2023-04-01,15:00,Hull City,0–0,Rotherham United,23432,MKM Stadium,David Webb,/en/matches/6de08953/Hull-City-Rotherham-United-April-1-2023-Championship,,6de08953
ENG-Championship,2223,2023-04-01 Luton Town-Watford,Championship,39,Sat,2023-04-01,12:30,Luton Town,2–0,Watford,10046,Kenilworth Road Stadium,Joshua Smith,/en/matches/fc9ab220/Luton-Town-Watford-April-1-2023-Championship,,fc9ab220
ENG-Championship,2223,2023-04-01 Norwich City-Sheffield United,Championship,39,Sat,2023-04-01,15:00,Norwich City,0–1,Sheffield United,26801,Carrow Road,Darren Bond,/en/matches/55b7c009/Norwich-City-Sheffield-United-April-1-2023-Championship,,55b7c009
ENG-Championship,2223,2023-04-01 Preston North End-Blackpool,Championship,39,Sat,2023-04-01,12:30,Preston North End,3–1,Blackpool,18834,Deepdale Stadium,Andre Marriner,/en/matches/d7c7e0d1/Preston-North-End-Blackpool-April-1-2023-Championship,,d7c7e0d1
ENG-Championship,2223,2023-04-01 West Brom-Millwall,Championship,39,Sat,2023-04-01,15:00,West Brom,0–0,Millwall,24334,The Hawthorns,Jeremy Simpson,/en/matches/98131b37/West-Bromwich-Albion-Millwall-April-1-2023-Championship,,98131b37
ENG-Championship,2223,2023-04-01 Wigan Athletic-QPR,Championship,39,Sat,2023-04-01,15:00,Wigan Athletic,1–0,QPR,12608,The DW Stadium,Gavin Ward,/en/matches/a35a56ff/Wigan-Athletic-Queens-Park-Rangers-April-1-2023-Championship,,a35a56ff
ENG-Championship,2223,2023-04-07 Blackburn Rovers-Norwich City,Championship,40,Fri,2023-04-07,15:00,Blackburn Rovers,0–2,Norwich City,18544,Ewood Park,Andre Marriner,/en/matches/042fc9ed/Blackburn-Rovers-Norwich-City-April-7-2023-Championship,,042fc9ed
ENG-Championship,2223,2023-04-07 Blackpool-Cardiff City,Championship,40,Fri,2023-04-07,15:00,Blackpool,1–3,Cardiff City,13462,Bloomfield Road,Joshua Smith,/en/matches/2f378ca6/Blackpool-Cardiff-City-April-7-2023-Championship,,2f378ca6
ENG-Championship,2223,2023-04-07 Middlesbrough-Burnley,Championship,40,Fri,2023-04-07,20:00,Middlesbrough,1–2,Burnley,30844,Riverside Stadium,Darren Bond,/en/matches/49839821/Middlesbrough-Burnley-April-7-2023-Championship,,49839821
ENG-Championship,2223,2023-04-07 Millwall-Luton Town,Championship,40,Fri,2023-04-07,12:30,Millwall,0–0,Luton Town,18422,The Den,Darren England,/en/matches/32c393a0/Millwall-Luton-Town-April-7-2023-Championship,,32c393a0
ENG-Championship,2223,2023-04-07 QPR-Preston North End,Championship,40,Fri,2023-04-07,15:00,QPR,0–2,Preston North End,14620,Kiyan Prince Foundation Stadium,Geoff Eltringham,/en/matches/70ad32e3/Queens-Park-Rangers-Preston-North-End-April-7-2023-Championship,,70ad32e3
ENG-Championship,2223,2023-04-07 Reading-Birmingham City,Championship,40,Fri,2023-04-07,15:00,Reading,1–1,Birmingham City,16084,Select Car Leasing Stadium,Scott Oldham,/en/matches/fc7601cb/Reading-Birmingham-City-April-7-2023-Championship,,fc7601cb
ENG-Championship,2223,2023-04-07 Rotherham United-West Brom,Championship,40,Fri,2023-04-07,13:00,Rotherham United,3–1,West Brom,11098,AESSEAL New York Stadium,Tim Robinson,/en/matches/b6147042/Rotherham-United-West-Bromwich-Albion-April-7-2023-Championship,,b6147042
ENG-Championship,2223,2023-04-07 Sheffield United-Wigan Athletic,Championship,40,Fri,2023-04-07,15:00,Sheffield United,1–0,Wigan Athletic,29026,Bramall Lane,Andrew Davies,/en/matches/e6baa4a7/Sheffield-United-Wigan-Athletic-April-7-2023-Championship,,e6baa4a7
ENG-Championship,2223,2023-04-07 Stoke City-Bristol City,Championship,40,Fri,2023-04-07,15:00,Stoke City,1–2,Bristol City,22826,Bet365 Stadium,Oliver Langford,/en/matches/e1c9052a/Stoke-City-Bristol-City-April-7-2023-Championship,,e1c9052a
ENG-Championship,2223,2023-04-07 Sunderland-Hull City,Championship,40,Fri,2023-04-07,17:30,Sunderland,4–4,Hull City,40676,Stadium of Light,Keith Stroud,/en/matches/2c212263/Sunderland-Hull-City-April-7-2023-Championship,,2c212263
ENG-Championship,2223,2023-04-07 Swansea City-Coventry City,Championship,40,Fri,2023-04-07,15:00,Swansea City,0–0,Coventry City,19960,Swansea.com Stadium,John Busby,/en/matches/4c7b5cfa/Swansea-City-Coventry-City-April-7-2023-Championship,,4c7b5cfa
ENG-Championship,2223,2023-04-07 Watford-Huddersfield Town,Championship,40,Fri,2023-04-07,15:00,Watford,2–3,Huddersfield Town,19511,Vicarage Road Stadium,David Webb,/en/matches/1ae17dda/Watford-Huddersfield-Town-April-7-2023-Championship,,1ae17dda
ENG-Championship,2223,2023-04-10 Birmingham City-Stoke City,Championship,41,Mon,2023-04-10,15:00,Birmingham City,0–0,Stoke City,17413,St Andrew's Trillion Trophy Stadium,Darren Bond,/en/matches/dbf86d10/Birmingham-City-Stoke-City-April-10-2023-Championship,,dbf86d10
ENG-Championship,2223,2023-04-10 Bristol City-Middlesbrough,Championship,41,Mon,2023-04-10,17:30,Bristol City,2–2,Middlesbrough,21726,Ashton Gate Stadium,Tim Robinson,/en/matches/08b37886/Bristol-City-Middlesbrough-April-10-2023-Championship,,08b37886
ENG-Championship,2223,2023-04-10 Burnley-Sheffield United,Championship,41,Mon,2023-04-10,20:00,Burnley,2–0,Sheffield United,21506,Turf Moor,Michael Salisbury,/en/matches/30f53c16/Burnley-Sheffield-United-April-10-2023-Championship,,30f53c16
ENG-Championship,2223,2023-04-10 Cardiff City-Sunderland,Championship,41,Mon,2023-04-10,15:00,Cardiff City,0–1,Sunderland,23365,Cardiff City Stadium,Thomas Bramall,/en/matches/52ac0502/Cardiff-City-Sunderland-April-10-2023-Championship,,52ac0502
ENG-Championship,2223,2023-04-10 Coventry City-Watford,Championship,41,Mon,2023-04-10,15:00,Coventry City,2–2,Watford,21112,Coventry Building Society Arena,Keith Stroud,/en/matches/dbec87a0/Coventry-City-Watford-April-10-2023-Championship,,dbec87a0
ENG-Championship,2223,2023-04-10 Huddersfield Town-Blackburn Rovers,Championship,41,Mon,2023-04-10,12:30,Huddersfield Town,2–2,Blackburn Rovers,20887,The John Smith's Stadium,Stephen Martin,/en/matches/88ca8e10/Huddersfield-Town-Blackburn-Rovers-April-10-2023-Championship,,88ca8e10
ENG-Championship,2223,2023-04-10 Hull City-Millwall,Championship,41,Mon,2023-04-10,15:00,Hull City,1–0,Millwall,20069,MKM Stadium,Joshua Smith,/en/matches/a81b0890/Hull-City-Millwall-April-10-2023-Championship,,a81b0890
ENG-Championship,2223,2023-04-10 Luton Town-Blackpool,Championship,41,Mon,2023-04-10,15:00,Luton Town,3–1,Blackpool,9772,Kenilworth Road Stadium,Andrew Davies,/en/matches/75137f5f/Luton-Town-Blackpool-April-10-2023-Championship,,75137f5f
ENG-Championship,2223,2023-04-10 Norwich City-Rotherham United,Championship,41,Mon,2023-04-10,15:00,Norwich City,0–0,Rotherham United,26269,Carrow Road,Jeremy Simpson,/en/matches/78c0b692/Norwich-City-Rotherham-United-April-10-2023-Championship,,78c0b692
ENG-Championship,2223,2023-04-10 Preston North End-Reading,Championship,41,Mon,2023-04-10,15:00,Preston North End,2–1,Reading,15092,Deepdale Stadium,John Busby,/en/matches/0b8f4cc8/Preston-North-End-Reading-April-10-2023-Championship,,0b8f4cc8
ENG-Championship,2223,2023-04-10 West Brom-QPR,Championship,41,Mon,2023-04-10,15:00,West Brom,2–2,QPR,23969,The Hawthorns,Matt Donohue,/en/matches/fdef71cb/West-Bromwich-Albion-Queens-Park-Rangers-April-10-2023-Championship,,fdef71cb
ENG-Championship,2223,2023-04-10 Wigan Athletic-Swansea City,Championship,41,Mon,2023-04-10,15:00,Wigan Athletic,0–2,Swansea City,11634,The DW Stadium,Samuel Allison,/en/matches/856420e0/Wigan-Athletic-Swansea-City-April-10-2023-Championship,,856420e0
ENG-Championship,2223,2023-04-14 Middlesbrough-Norwich City,Championship,42,Fri,2023-04-14,20:00,Middlesbrough,5–1,Norwich City,26429,Riverside Stadium,Joshua Smith,/en/matches/d45c13c0/Middlesbrough-Norwich-City-April-14-2023-Championship,,d45c13c0
ENG-Championship,2223,2023-04-15 Blackburn Rovers-Hull City,Championship,42,Sat,2023-04-15,19:45,Blackburn Rovers,0–0,Hull City,14847,Ewood Park,John Busby,/en/matches/fa661e80/Blackburn-Rovers-Hull-City-April-15-2023-Championship,,fa661e80
ENG-Championship,2223,2023-04-15 Blackpool-Wigan Athletic,Championship,42,Sat,2023-04-15,15:00,Blackpool,1–0,Wigan Athletic,12027,Bloomfield Road,Thomas Bramall,/en/matches/a73a6a34/Blackpool-Wigan-Athletic-April-15-2023-Championship,,a73a6a34
ENG-Championship,2223,2023-04-15 Millwall-Preston North End,Championship,42,Sat,2023-04-15,15:00,Millwall,2–0,Preston North End,16488,The Den,Tim Robinson,/en/matches/3f501146/Millwall-Preston-North-End-April-15-2023-Championship,,3f501146
ENG-Championship,2223,2023-04-15 QPR-Coventry City,Championship,42,Sat,2023-04-15,15:00,QPR,0–3,Coventry City,16713,Kiyan Prince Foundation Stadium,Michael Salisbury,/en/matches/03635f33/Queens-Park-Rangers-Coventry-City-April-15-2023-Championship,,03635f33
ENG-Championship,2223,2023-04-15 Reading-Burnley,Championship,42,Sat,2023-04-15,15:00,Reading,0–0,Burnley,19476,Select Car Leasing Stadium,Oliver Langford,/en/matches/b59cfeac/Reading-Burnley-April-15-2023-Championship,,b59cfeac
ENG-Championship,2223,2023-04-15 Rotherham United-Luton Town,Championship,42,Sat,2023-04-15,15:00,Rotherham United,0–2,Luton Town,11009,AESSEAL New York Stadium,Leigh Doughty,/en/matches/7a6d3d1a/Rotherham-United-Luton-Town-April-15-2023-Championship,,7a6d3d1a
ENG-Championship,2223,2023-04-15 Sheffield United-Cardiff City,Championship,42,Sat,2023-04-15,12:30,Sheffield United,4–1,Cardiff City,27768,Bramall Lane,David Webb,/en/matches/4a9ccf13/Sheffield-United-Cardiff-City-April-15-2023-Championship,,4a9ccf13
ENG-Championship,2223,2023-04-15 Stoke City-West Brom,Championship,42,Sat,2023-04-15,15:00,Stoke City,1–2,West Brom,23486,Bet365 Stadium,Andy Woolmer,/en/matches/2fde1997/Stoke-City-West-Bromwich-Albion-April-15-2023-Championship,,2fde1997
ENG-Championship,2223,2023-04-15 Sunderland-Birmingham City,Championship,42,Sat,2023-04-15,15:00,Sunderland,2–1,Birmingham City,37673,Stadium of Light,Stephen Martin,/en/matches/d26d795f/Sunderland-Birmingham-City-April-15-2023-Championship,,d26d795f
ENG-Championship,2223,2023-04-15 Swansea City-Huddersfield Town,Championship,42,Sat,2023-04-15,15:00,Swansea City,1–0,Huddersfield Town,16686,Swansea.com Stadium,Matt Donohue,/en/matches/c1884e15/Swansea-City-Huddersfield-Town-April-15-2023-Championship,,c1884e15
ENG-Championship,2223,2023-04-15 Watford-Bristol City,Championship,42,Sat,2023-04-15,15:00,Watford,2–0,Bristol City,19148,Vicarage Road Stadium,Dean Whitestone,/en/matches/bba683a1/Watford-Bristol-City-April-15-2023-Championship,,bba683a1
ENG-Championship,2223,2023-04-18 Blackpool-West Brom,Championship,43,Tue,2023-04-18,19:45,Blackpool,0–2,West Brom,10705,Bloomfield Road,Stephen Martin,/en/matches/c61a3cb2/Blackpool-West-Bromwich-Albion-April-18-2023-Championship,,c61a3cb2
ENG-Championship,2223,2023-04-18 Millwall-Birmingham City,Championship,43,Tue,2023-04-18,20:00,Millwall,0–1,Birmingham City,13311,The Den,Dean Whitestone,/en/matches/b86e79cd/Millwall-Birmingham-City-April-18-2023-Championship,,b86e79cd
ENG-Championship,2223,2023-04-18 Rotherham United-Burnley,Championship,43,Tue,2023-04-18,19:45,Rotherham United,2–2,Burnley,10566,AESSEAL New York Stadium,Robert Madley,/en/matches/14dfd4e2/Rotherham-United-Burnley-April-18-2023-Championship,,14dfd4e2
ENG-Championship,2223,2023-04-18 Sheffield United-Bristol City,Championship,43,Tue,2023-04-18,19:45,Sheffield United,1–0,Bristol City,26476,Bramall Lane,Geoff Eltringham,/en/matches/abc44dc9/Sheffield-United-Bristol-City-April-18-2023-Championship,,abc44dc9
ENG-Championship,2223,2023-04-18 Stoke City-Wigan Athletic,Championship,43,Tue,2023-04-18,19:45,Stoke City,0–1,Wigan Athletic,17726,Bet365 Stadium,Tom Nield,/en/matches/668f51ae/Stoke-City-Wigan-Athletic-April-18-2023-Championship,,668f51ae
ENG-Championship,2223,2023-04-18 Sunderland-Huddersfield Town,Championship,43,Tue,2023-04-18,19:45,Sunderland,1–1,Huddersfield Town,37065,Stadium of Light,Leigh Doughty,/en/matches/e1d27d19/Sunderland-Huddersfield-Town-April-18-2023-Championship,,e1d27d19
ENG-Championship,2223,2023-04-19 Blackburn Rovers-Coventry City,Championship,43,Wed,2023-04-19,19:45,Blackburn Rovers,1–1,Coventry City,14728,Ewood Park,Jeremy Simpson,/en/matches/16cfb285/Blackburn-Rovers-Coventry-City-April-19-2023-Championship,,16cfb285
ENG-Championship,2223,2023-04-19 Middlesbrough-Hull City,Championship,43,Wed,2023-04-19,20:00,Middlesbrough,3–1,Hull City,24923,Riverside Stadium,Andrew Davies,/en/matches/ed1fcd37/Middlesbrough-Hull-City-April-19-2023-Championship,,ed1fcd37
ENG-Championship,2223,2023-04-19 QPR-Norwich City,Championship,43,Wed,2023-04-19,19:45,QPR,1–1,Norwich City,14132,Kiyan Prince Foundation Stadium,Keith Stroud,/en/matches/8e8c67e2/Queens-Park-Rangers-Norwich-City-April-19-2023-Championship,,8e8c67e2
ENG-Championship,2223,2023-04-19 Reading-Luton Town,Championship,43,Wed,2023-04-19,20:00,Reading,1–1,Luton Town,14126,Select Car Leasing Stadium,Tim Robinson,/en/matches/2878fb88/Reading-Luton-Town-April-19-2023-Championship,,2878fb88
ENG-Championship,2223,2023-04-19 Swansea City-Preston North End,Championship,43,Wed,2023-04-19,19:45,Swansea City,4–2,Preston North End,15433,Swansea.com Stadium,Oliver Langford,/en/matches/71c144a6/Swansea-City-Preston-North-End-April-19-2023-Championship,,71c144a6
ENG-Championship,2223,2023-04-19 Watford-Cardiff City,Championship,43,Wed,2023-04-19,19:45,Watford,1–3,Cardiff City,17005,Vicarage Road Stadium,Jarred Gillett,/en/matches/fba159a2/Watford-Cardiff-City-April-19-2023-Championship,,fba159a2
ENG-Championship,2223,2023-04-22 Birmingham City-Blackpool,Championship,44,Sat,2023-04-22,15:00,Birmingham City,0–1,Blackpool,16636,St Andrew's Trillion Trophy Stadium,Keith Stroud,/en/matches/230de0c9/Birmingham-City-Blackpool-April-22-2023-Championship,,230de0c9
ENG-Championship,2223,2023-04-22 Bristol City-Rotherham United,Championship,44,Sat,2023-04-22,15:00,Bristol City,2–1,Rotherham United,19350,Ashton Gate Stadium,Joshua Smith,/en/matches/7885b309/Bristol-City-Rotherham-United-April-22-2023-Championship,,7885b309
ENG-Championship,2223,2023-04-22 Burnley-QPR,Championship,44,Sat,2023-04-22,15:00,Burnley,1–2,QPR,20027,Turf Moor,Dean Whitestone,/en/matches/7ac5a3b0/Burnley-Queens-Park-Rangers-April-22-2023-Championship,,7ac5a3b0
ENG-Championship,2223,2023-04-22 Cardiff City-Stoke City,Championship,44,Sat,2023-04-22,15:00,Cardiff City,1–1,Stoke City,20058,Cardiff City Stadium,Andrew Davies,/en/matches/9a33a511/Cardiff-City-Stoke-City-April-22-2023-Championship,,9a33a511
ENG-Championship,2223,2023-04-22 Coventry City-Reading,Championship,44,Sat,2023-04-22,15:00,Coventry City,2–1,Reading,23694,Coventry Building Society Arena,Matt Donohue,/en/matches/8c81aea6/Coventry-City-Reading-April-22-2023-Championship,,8c81aea6
ENG-Championship,2223,2023-04-22 Hull City-Watford,Championship,44,Sat,2023-04-22,15:00,Hull City,1–0,Watford,20666,MKM Stadium,Oliver Langford,/en/matches/d4a99a4a/Hull-City-Watford-April-22-2023-Championship,,d4a99a4a
ENG-Championship,2223,2023-04-22 Norwich City-Swansea City,Championship,44,Sat,2023-04-22,15:00,Norwich City,0–3,Swansea City,26135,Carrow Road,David Webb,/en/matches/8adc40a9/Norwich-City-Swansea-City-April-22-2023-Championship,,8adc40a9
ENG-Championship,2223,2023-04-22 Preston North End-Blackburn Rovers,Championship,44,Sat,2023-04-22,17:30,Preston North End,1–1,Blackburn Rovers,20721,Deepdale Stadium,Robert Jones,/en/matches/b4117605/Preston-North-End-Blackburn-Rovers-April-22-2023-Championship,,b4117605
ENG-Championship,2223,2023-04-22 Wigan Athletic-Millwall,Championship,44,Sat,2023-04-22,15:00,Wigan Athletic,2–1,Millwall,10858,The DW Stadium,Robert Madley,/en/matches/6dae2843/Wigan-Athletic-Millwall-April-22-2023-Championship,,6dae2843
ENG-Championship,2223,2023-04-23 West Brom-Sunderland,Championship,44,Sun,2023-04-23,12:00,West Brom,1–2,Sunderland,24764,The Hawthorns,John Busby,/en/matches/53044117/West-Bromwich-Albion-Sunderland-April-23-2023-Championship,,53044117
ENG-Championship,2223,2023-04-24 Luton Town-Middlesbrough,Championship,44,Mon,2023-04-24,20:00,Luton Town,2–1,Middlesbrough,10063,Kenilworth Road Stadium,Graham Scott,/en/matches/e0734d75/Luton-Town-Middlesbrough-April-24-2023-Championship,,e0734d75
ENG-Championship,2223,2023-04-25 Blackburn Rovers-Burnley,Championship,38,Tue,2023-04-25,20:00,Blackburn Rovers,0–1,Burnley,18166,Ewood Park,Tim Robinson,/en/matches/6aded76e/Blackburn-Rovers-Burnley-April-25-2023-Championship,,6aded76e
ENG-Championship,2223,2023-04-26 Sheffield United-West Brom,Championship,38,Wed,2023-04-26,20:00,Sheffield United,2–0,West Brom,30050,Bramall Lane,Dean Whitestone,/en/matches/b38bbcff/Sheffield-United-West-Bromwich-Albion-April-26-2023-Championship,,b38bbcff
ENG-Championship,2223,2023-04-27 Rotherham United-Cardiff City,Championship,38,Thu,2023-04-27,20:00,Rotherham United,1–2,Cardiff City,10219,AESSEAL New York Stadium,Oliver Langford,/en/matches/7eb7d487/Rotherham-United-Cardiff-City-April-27-2023-Championship,,7eb7d487
ENG-Championship,2223,2023-04-28 Blackpool-Millwall,Championship,45,Fri,2023-04-28,20:00,Blackpool,2–3,Millwall,12191,Bloomfield Road,Matt Donohue,/en/matches/94de4ae5/Blackpool-Millwall-April-28-2023-Championship,,94de4ae5
ENG-Championship,2223,2023-04-29 Bristol City-Burnley,Championship,45,Sat,2023-04-29,15:00,Bristol City,1–2,Burnley,24065,Ashton Gate Stadium,David Webb,/en/matches/009ce4e9/Bristol-City-Burnley-April-29-2023-Championship,,009ce4e9
ENG-Championship,2223,2023-04-29 Coventry City-Birmingham City,Championship,45,Sat,2023-04-29,15:00,Coventry City,2–0,Birmingham City,30175,Coventry Building Society Arena,James Linington,/en/matches/cb65fe8a/Coventry-City-Birmingham-City-April-29-2023-Championship,,cb65fe8a
ENG-Championship,2223,2023-04-29 Hull City-Swansea City,Championship,45,Sat,2023-04-29,15:00,Hull City,1–1,Swansea City,23036,MKM Stadium,Geoff Eltringham,/en/matches/7cddc441/Hull-City-Swansea-City-April-29-2023-Championship,,7cddc441
ENG-Championship,2223,2023-04-29 Reading-Wigan Athletic,Championship,45,Sat,2023-04-29,15:00,Reading,1–1,Wigan Athletic,21919,Select Car Leasing Stadium,Andrew Davies,/en/matches/7ee9e18a/Reading-Wigan-Athletic-April-29-2023-Championship,,7ee9e18a
ENG-Championship,2223,2023-04-29 Sheffield United-Preston North End,Championship,45,Sat,2023-04-29,15:00,Sheffield United,4–1,Preston North End,30780,Bramall Lane,Stephen Martin,/en/matches/5457dd07/Sheffield-United-Preston-North-End-April-29-2023-Championship,,5457dd07
ENG-Championship,2223,2023-04-29 Stoke City-QPR,Championship,45,Sat,2023-04-29,15:00,Stoke City,0–1,QPR,22486,Bet365 Stadium,Leigh Doughty,/en/matches/f10a0a2b/Stoke-City-Queens-Park-Rangers-April-29-2023-Championship,,f10a0a2b
ENG-Championship,2223,2023-04-29 Sunderland-Watford,Championship,45,Sat,2023-04-29,15:00,Sunderland,2–2,Watford,44944,Stadium of Light,Gavin Ward,/en/matches/66b0be66/Sunderland-Watford-April-29-2023-Championship,,66b0be66
ENG-Championship,2223,2023-04-29 West Brom-Norwich City,Championship,45,Sat,2023-04-29,17:30,West Brom,2–1,Norwich City,24638,The Hawthorns,Robert Madley,/en/matches/8900aa02/West-Bromwich-Albion-Norwich-City-April-29-2023-Championship,,8900aa02
ENG-Championship,2223,2023-04-30 Cardiff City-Huddersfield Town,Championship,45,Sun,2023-04-30,12:00,Cardiff City,1–2,Huddersfield Town,26804,Cardiff City Stadium,Michael Salisbury,/en/matches/1295b0aa/Cardiff-City-Huddersfield-Town-April-30-2023-Championship,,1295b0aa
ENG-Championship,2223,2023-05-01 Blackburn Rovers-Luton Town,Championship,45,Mon,2023-05-01,17:30,Blackburn Rovers,1–1,Luton Town,17261,Ewood Park,Darren England,/en/matches/7e29b60f/Blackburn-Rovers-Luton-Town-May-1-2023-Championship,,7e29b60f
ENG-Championship,2223,2023-05-01 Rotherham United-Middlesbrough,Championship,45,Mon,2023-05-01,13:00,Rotherham United,1–0,Middlesbrough,11508,AESSEAL New York Stadium,Keith Stroud,/en/matches/d580c995/Rotherham-United-Middlesbrough-May-1-2023-Championship,,d580c995
ENG-Championship,2223,2023-05-04 Huddersfield Town-Sheffield United,Championship,44,Thu,2023-05-04,19:45,Huddersfield Town,1–0,Sheffield United,20172,The John Smith's Stadium,John Busby,/en/matches/9c94d725/Huddersfield-Town-Sheffield-United-May-4-2023-Championship,,9c94d725
ENG-Championship,2223,2023-05-08 Birmingham City-Sheffield United,Championship,46,Mon,2023-05-08,15:00,Birmingham City,1–2,Sheffield United,18853,St Andrew's Trillion Trophy Stadium,David Webb,/en/matches/b0ce3ee0/Birmingham-City-Sheffield-United-May-8-2023-Championship,,b0ce3ee0
ENG-Championship,2223,2023-05-08 Burnley-Cardiff City,Championship,46,Mon,2023-05-08,15:00,Burnley,3–0,Cardiff City,21594,Turf Moor,Matt Donohue,/en/matches/feb8f66f/Burnley-Cardiff-City-May-8-2023-Championship,,feb8f66f
ENG-Championship,2223,2023-05-08 Huddersfield Town-Reading,Championship,46,Mon,2023-05-08,15:00,Huddersfield Town,2–0,Reading,21585,The John Smith's Stadium,Joshua Smith,/en/matches/78a42547/Huddersfield-Town-Reading-May-8-2023-Championship,,78a42547
ENG-Championship,2223,2023-05-08 Luton Town-Hull City,Championship,46,Mon,2023-05-08,15:00,Luton Town,0–0,Hull City,10061,Kenilworth Road Stadium,James Linington,/en/matches/11c86cc8/Luton-Town-Hull-City-May-8-2023-Championship,,11c86cc8
ENG-Championship,2223,2023-05-08 Middlesbrough-Coventry City,Championship,46,Mon,2023-05-08,15:00,Middlesbrough,1–1,Coventry City,32187,Riverside Stadium,John Busby,/en/matches/ef64f2f0/Middlesbrough-Coventry-City-May-8-2023-Championship,,ef64f2f0
ENG-Championship,2223,2023-05-08 Millwall-Blackburn Rovers,Championship,46,Mon,2023-05-08,15:00,Millwall,3–4,Blackburn Rovers,17588,The Den,Craig Pawson,/en/matches/a5ee3f2e/Millwall-Blackburn-Rovers-May-8-2023-Championship,,a5ee3f2e
ENG-Championship,2223,2023-05-08 Norwich City-Blackpool,Championship,46,Mon,2023-05-08,15:00,Norwich City,0–1,Blackpool,26147,Carrow Road,James Bell,/en/matches/e5443add/Norwich-City-Blackpool-May-8-2023-Championship,,e5443add
ENG-Championship,2223,2023-05-08 Preston North End-Sunderland,Championship,46,Mon,2023-05-08,15:00,Preston North End,0–3,Sunderland,21177,Deepdale Stadium,Robert Madley,/en/matches/03ef0296/Preston-North-End-Sunderland-May-8-2023-Championship,,03ef0296
ENG-Championship,2223,2023-05-08 QPR-Bristol City,Championship,46,Mon,2023-05-08,15:00,QPR,0–2,Bristol City,17335,Kiyan Prince Foundation Stadium,Andy Woolmer,/en/matches/57e26fb0/Queens-Park-Rangers-Bristol-City-May-8-2023-Championship,,57e26fb0
ENG-Championship,2223,2023-05-08 Swansea City-West Brom,Championship,46,Mon,2023-05-08,15:00,Swansea City,3–2,West Brom,20294,Swansea.com Stadium,Keith Stroud,/en/matches/bf3acf17/Swansea-City-West-Bromwich-Albion-May-8-2023-Championship,,bf3acf17
ENG-Championship,2223,2023-05-08 Watford-Stoke City,Championship,46,Mon,2023-05-08,15:00,Watford,2–0,Stoke City,20100,Vicarage Road Stadium,Lewis Smith,/en/matches/10965228/Watford-Stoke-City-May-8-2023-Championship,,10965228
ENG-Championship,2223,2023-05-08 Wigan Athletic-Rotherham United,Championship,46,Mon,2023-05-08,15:00,Wigan Athletic,0–0,Rotherham United,17788,The DW Stadium,Tim Robinson,/en/matches/b688adb7/Wigan-Athletic-Rotherham-United-May-8-2023-Championship,,b688adb7
ENG-Championship,2223,2023-05-13 Sunderland-Luton Town,Promotion play-offs — Semi-finals,,Sat,2023-05-13,17:30,Sunderland,2–1,Luton Town,46060,Stadium of Light,Tim Robinson,/en/matches/cc45efca/Sunderland-Luton-Town-May-13-2023-Championship,Leg 1 of 2,cc45efca
ENG-Championship,2223,2023-05-14 Coventry City-Middlesbrough,Promotion play-offs — Semi-finals,,Sun,2023-05-14,12:00,Coventry City,0–0,Middlesbrough,28874,Coventry Building Society Arena,Robert Madley,/en/matches/f06587a0/Coventry-City-Middlesbrough-May-14-2023-Championship,Leg 1 of 2,f06587a0
ENG-Championship,2223,2023-05-16 Luton Town-Sunderland,Promotion play-offs — Semi-finals,,Tue,2023-05-16,20:00,Luton Town,2–0,Sunderland,10013,Kenilworth Road Stadium,Simon Hooper,/en/matches/1a587649/Luton-Town-Sunderland-May-16-2023-Championship,Leg 2 of 2; Luton Town won,1a587649
ENG-Championship,2223,2023-05-17 Middlesbrough-Coventry City,Promotion play-offs — Semi-finals,,Wed,2023-05-17,20:00,Middlesbrough,0–1,Coventry City,32154,Riverside Stadium,David Coote,/en/matches/f41aa3c8/Middlesbrough-Coventry-City-May-17-2023-Championship,Leg 2 of 2; Coventry City won,f41aa3c8
ENG-Championship,2223,2023-05-27 Coventry City-Luton Town,Promotion play-offs — Final,,Sat,2023-05-27,16:45,Coventry City,(5) 1–1 (6),Luton Town,85711,Wembley Stadium (1923) (Neutral Site),Michael Oliver,/en/matches/78ccd86d/Coventry-City-Luton-Town-May-27-2023-Championship,Luton Town won on penalty kicks following extra time,78ccd86d
