league,season,game,round,week,day,date,time,home_team,score,away_team,attendance,venue,referee,match_report,notes,game_id
ENG-Championship,2324,2023-08-04 Sheffield Weds-Southampton,Championship,1,Fri,2023-08-04,20:00,Sheffield Weds,1–2,Southampton,28558,Hillsborough Stadium,Robert Madley,/en/matches/bb5199b8/Sheffield-Wednesday-Southampton-August-4-2023-Championship,,bb5199b8
ENG-Championship,2324,2023-08-05 Blackburn Rovers-West Brom,Championship,1,Sat,2023-08-05,15:00,Blackburn Rovers,2–1,West Brom,16741,Ewood Park,Dean Whitestone,/en/matches/bc26816d/Blackburn-Rovers-West-Bromwich-Albion-August-5-2023-Championship,,bc26816d
ENG-Championship,2324,2023-08-05 Bristol City-Preston North End,Championship,1,Sat,2023-08-05,15:00,Bristol City,1–1,Preston North End,29359,Ashton Gate Stadium,David Webb,/en/matches/10ad359f/Bristol-City-Preston-North-End-August-5-2023-Championship,,10ad359f
ENG-Championship,2324,2023-08-05 Middlesbrough-Millwall,Championship,1,Sat,2023-08-05,15:00,Middlesbrough,0–1,Millwall,29359,Riverside Stadium,Gavin Ward,/en/matches/35af0ac1/Middlesbrough-Millwall-August-5-2023-Championship,,35af0ac1
ENG-Championship,2324,2023-08-05 Norwich City-Hull City,Championship,1,Sat,2023-08-05,15:00,Norwich City,2–1,Hull City,25892,Carrow Road,Keith Stroud,/en/matches/bdd69af0/Norwich-City-Hull-City-August-5-2023-Championship,,bdd69af0
ENG-Championship,2324,2023-08-05 Plymouth Argyle-Huddersfield Town,Championship,1,Sat,2023-08-05,15:00,Plymouth Argyle,3–1,Huddersfield Town,16446,Home Park,Matt Donohue,/en/matches/2d2715a5/Plymouth-Argyle-Huddersfield-Town-August-5-2023-Championship,,2d2715a5
ENG-Championship,2324,2023-08-05 Stoke City-Rotherham United,Championship,1,Sat,2023-08-05,15:00,Stoke City,4–1,Rotherham United,22601,Bet365 Stadium,John Busby,/en/matches/2fbf9d54/Stoke-City-Rotherham-United-August-5-2023-Championship,,2fbf9d54
ENG-Championship,2324,2023-08-05 Swansea City-Birmingham City,Championship,1,Sat,2023-08-05,15:00,Swansea City,1–1,Birmingham City,18051,Swansea.com Stadium,James Linington,/en/matches/ed42701c/Swansea-City-Birmingham-City-August-5-2023-Championship,,ed42701c
ENG-Championship,2324,2023-08-05 Watford-QPR,Championship,1,Sat,2023-08-05,15:00,Watford,4–0,QPR,20087,Vicarage Road Stadium,Thomas Bramall,/en/matches/74bd2fb3/Watford-Queens-Park-Rangers-August-5-2023-Championship,,74bd2fb3
ENG-Championship,2324,2023-08-06 Leeds United-Cardiff City,Championship,1,Sun,2023-08-06,14:30,Leeds United,2–2,Cardiff City,36368,Elland Road,Joshua Smith,/en/matches/29b786f2/Leeds-United-Cardiff-City-August-6-2023-Championship,,29b786f2
ENG-Championship,2324,2023-08-06 Leicester City-Coventry City,Championship,1,Sun,2023-08-06,12:00,Leicester City,2–1,Coventry City,31763,King Power Stadium,Darren Bond,/en/matches/5060c50b/Leicester-City-Coventry-City-August-6-2023-Championship,,5060c50b
ENG-Championship,2324,2023-08-06 Sunderland-Ipswich Town,Championship,1,Sun,2023-08-06,17:00,Sunderland,1–2,Ipswich Town,44407,Stadium of Light,Samuel Barrott,/en/matches/b5145cdb/Sunderland-Ipswich-Town-August-6-2023-Championship,,b5145cdb
ENG-Championship,2324,2023-08-12 Birmingham City-Leeds United,Championship,2,Sat,2023-08-12,15:00,Birmingham City,1–0,Leeds United,20451,St. Andrew's @ Knighthead Park,Tim Robinson,/en/matches/fab60a57/Birmingham-City-Leeds-United-August-12-2023-Championship,,fab60a57
ENG-Championship,2324,2023-08-12 Cardiff City-QPR,Championship,2,Sat,2023-08-12,15:00,Cardiff City,1–2,QPR,21230,Cardiff City Stadium,Oliver Langford,/en/matches/3bc6eea3/Cardiff-City-Queens-Park-Rangers-August-12-2023-Championship,,3bc6eea3
ENG-Championship,2324,2023-08-12 Coventry City-Middlesbrough,Championship,2,Sat,2023-08-12,12:30,Coventry City,3–0,Middlesbrough,24080,Coventry Building Society Arena,Dean Whitestone,/en/matches/31ae260a/Coventry-City-Middlesbrough-August-12-2023-Championship,,31ae260a
ENG-Championship,2324,2023-08-12 Huddersfield Town-Leicester City,Championship,2,Sat,2023-08-12,15:00,Huddersfield Town,0–1,Leicester City,19541,The John Smith's Stadium,David Webb,/en/matches/347f9fb7/Huddersfield-Town-Leicester-City-August-12-2023-Championship,,347f9fb7
ENG-Championship,2324,2023-08-12 Hull City-Sheffield Weds,Championship,2,Sat,2023-08-12,15:00,Hull City,4–2,Sheffield Weds,20410,MKM Stadium,Matt Donohue,/en/matches/97231601/Hull-City-Sheffield-Wednesday-August-12-2023-Championship,,97231601
ENG-Championship,2324,2023-08-12 Ipswich Town-Stoke City,Championship,2,Sat,2023-08-12,15:00,Ipswich Town,2–0,Stoke City,29006,Portman Road Stadium,Joshua Smith,/en/matches/5f5a77fe/Ipswich-Town-Stoke-City-August-12-2023-Championship,,5f5a77fe
ENG-Championship,2324,2023-08-12 Millwall-Bristol City,Championship,2,Sat,2023-08-12,15:00,Millwall,0–1,Bristol City,18905,The Den,Keith Stroud,/en/matches/ec971347/Millwall-Bristol-City-August-12-2023-Championship,,ec971347
ENG-Championship,2324,2023-08-12 Preston North End-Sunderland,Championship,2,Sat,2023-08-12,15:00,Preston North End,2–1,Sunderland,19892,Deepdale Stadium,James Linington,/en/matches/7e39b670/Preston-North-End-Sunderland-August-12-2023-Championship,,7e39b670
ENG-Championship,2324,2023-08-12 Rotherham United-Blackburn Rovers,Championship,2,Sat,2023-08-12,15:00,Rotherham United,2–2,Blackburn Rovers,10828,AESSEAL New York Stadium,Robert Madley,/en/matches/822062af/Rotherham-United-Blackburn-Rovers-August-12-2023-Championship,,822062af
ENG-Championship,2324,2023-08-12 Southampton-Norwich City,Championship,2,Sat,2023-08-12,15:00,Southampton,4–4,Norwich City,30113,St. Mary's Stadium,Darren England,/en/matches/972444ed/Southampton-Norwich-City-August-12-2023-Championship,,972444ed
ENG-Championship,2324,2023-08-12 Watford-Plymouth Argyle,Championship,2,Sat,2023-08-12,15:00,Watford,0–0,Plymouth Argyle,19446,Vicarage Road Stadium,Geoff Eltringham,/en/matches/5087a6fb/Watford-Plymouth-Argyle-August-12-2023-Championship,,5087a6fb
ENG-Championship,2324,2023-08-12 West Brom-Swansea City,Championship,2,Sat,2023-08-12,15:00,West Brom,3–2,Swansea City,24051,The Hawthorns,Samuel Barrott,/en/matches/393e530b/West-Bromwich-Albion-Swansea-City-August-12-2023-Championship,,393e530b
ENG-Championship,2324,2023-08-18 Leeds United-West Brom,Championship,3,Fri,2023-08-18,20:00,Leeds United,1–1,West Brom,33890,Elland Road,Matt Donohue,/en/matches/2aab44a3/Leeds-United-West-Bromwich-Albion-August-18-2023-Championship,,2aab44a3
ENG-Championship,2324,2023-08-19 Blackburn Rovers-Hull City,Championship,3,Sat,2023-08-19,15:00,Blackburn Rovers,1–2,Hull City,13943,Ewood Park,Oliver Langford,/en/matches/d62a0b33/Blackburn-Rovers-Hull-City-August-19-2023-Championship,,d62a0b33
ENG-Championship,2324,2023-08-19 Bristol City-Birmingham City,Championship,3,Sat,2023-08-19,15:00,Bristol City,0–2,Birmingham City,22397,Ashton Gate Stadium,Samuel Barrott,/en/matches/3d85862e/Bristol-City-Birmingham-City-August-19-2023-Championship,,3d85862e
ENG-Championship,2324,2023-08-19 Leicester City-Cardiff City,Championship,3,Sat,2023-08-19,15:00,Leicester City,2–1,Cardiff City,31595,King Power Stadium,Graham Scott,/en/matches/178ee4dc/Leicester-City-Cardiff-City-August-19-2023-Championship,,178ee4dc
ENG-Championship,2324,2023-08-19 Middlesbrough-Huddersfield Town,Championship,3,Sat,2023-08-19,15:00,Middlesbrough,1–1,Huddersfield Town,26257,Riverside Stadium,Joshua Smith,/en/matches/9004c7a9/Middlesbrough-Huddersfield-Town-August-19-2023-Championship,,9004c7a9
ENG-Championship,2324,2023-08-19 Plymouth Argyle-Southampton,Championship,3,Sat,2023-08-19,12:30,Plymouth Argyle,1–2,Southampton,16392,Home Park,David Webb,/en/matches/e1d08090/Plymouth-Argyle-Southampton-August-19-2023-Championship,,e1d08090
ENG-Championship,2324,2023-08-19 QPR-Ipswich Town,Championship,3,Sat,2023-08-19,15:00,QPR,0–1,Ipswich Town,16790,MATRADE Loftus Road Stadium,Geoff Eltringham,/en/matches/bf3a156d/Queens-Park-Rangers-Ipswich-Town-August-19-2023-Championship,,bf3a156d
ENG-Championship,2324,2023-08-19 Sheffield Weds-Preston North End,Championship,3,Sat,2023-08-19,15:00,Sheffield Weds,0–1,Preston North End,25138,Hillsborough Stadium,Jeremy Simpson,/en/matches/fb7149cd/Sheffield-Wednesday-Preston-North-End-August-19-2023-Championship,,fb7149cd
ENG-Championship,2324,2023-08-19 Stoke City-Watford,Championship,3,Sat,2023-08-19,15:00,Stoke City,1–0,Watford,21183,Bet365 Stadium,James Bell,/en/matches/2d00ca9d/Stoke-City-Watford-August-19-2023-Championship,,2d00ca9d
ENG-Championship,2324,2023-08-19 Sunderland-Rotherham United,Championship,3,Sat,2023-08-19,15:00,Sunderland,2–1,Rotherham United,40688,Stadium of Light,Gavin Ward,/en/matches/c024bdc6/Sunderland-Rotherham-United-August-19-2023-Championship,,c024bdc6
ENG-Championship,2324,2023-08-19 Swansea City-Coventry City,Championship,3,Sat,2023-08-19,15:00,Swansea City,1–1,Coventry City,16736,Swansea.com Stadium,Robert Madley,/en/matches/ad6427a4/Swansea-City-Coventry-City-August-19-2023-Championship,,ad6427a4
ENG-Championship,2324,2023-08-20 Norwich City-Millwall,Championship,3,Sun,2023-08-20,12:00,Norwich City,3–1,Millwall,26218,Carrow Road,Tony Harrington,/en/matches/236c81c2/Norwich-City-Millwall-August-20-2023-Championship,,236c81c2
ENG-Championship,2324,2023-08-25 Hull City-Bristol City,Championship,4,Fri,2023-08-25,19:30,Hull City,1–1,Bristol City,19491,MKM Stadium,James Linington,/en/matches/15254aac/Hull-City-Bristol-City-August-25-2023-Championship,,15254aac
ENG-Championship,2324,2023-08-26 Birmingham City-Plymouth Argyle,Championship,4,Sat,2023-08-26,15:00,Birmingham City,2–1,Plymouth Argyle,20685,St. Andrew's @ Knighthead Park,John Busby,/en/matches/6d67372d/Birmingham-City-Plymouth-Argyle-August-26-2023-Championship,,6d67372d
ENG-Championship,2324,2023-08-26 Cardiff City-Sheffield Weds,Championship,4,Sat,2023-08-26,15:00,Cardiff City,2–1,Sheffield Weds,21058,Cardiff City Stadium,Darren Bond,/en/matches/624d1bb4/Cardiff-City-Sheffield-Wednesday-August-26-2023-Championship,,624d1bb4
ENG-Championship,2324,2023-08-26 Coventry City-Sunderland,Championship,4,Sat,2023-08-26,15:00,Coventry City,0–0,Sunderland,25714,Coventry Building Society Arena,Keith Stroud,/en/matches/69496f69/Coventry-City-Sunderland-August-26-2023-Championship,,69496f69
ENG-Championship,2324,2023-08-26 Huddersfield Town-Norwich City,Championship,4,Sat,2023-08-26,15:00,Huddersfield Town,0–4,Norwich City,18708,The John Smith's Stadium,Dean Whitestone,/en/matches/18e9093f/Huddersfield-Town-Norwich-City-August-26-2023-Championship,,18e9093f
ENG-Championship,2324,2023-08-26 Ipswich Town-Leeds United,Championship,4,Sat,2023-08-26,15:00,Ipswich Town,3–4,Leeds United,29606,Portman Road Stadium,Robert Madley,/en/matches/12ec9f85/Ipswich-Town-Leeds-United-August-26-2023-Championship,,12ec9f85
ENG-Championship,2324,2023-08-26 Millwall-Stoke City,Championship,4,Sat,2023-08-26,15:00,Millwall,1–0,Stoke City,15254,The Den,David Webb,/en/matches/898710db/Millwall-Stoke-City-August-26-2023-Championship,,898710db
ENG-Championship,2324,2023-08-26 Preston North End-Swansea City,Championship,4,Sat,2023-08-26,15:00,Preston North End,2–1,Swansea City,14464,Deepdale Stadium,Joshua Smith,/en/matches/01919925/Preston-North-End-Swansea-City-August-26-2023-Championship,,01919925
ENG-Championship,2324,2023-08-26 Rotherham United-Leicester City,Championship,4,Sat,2023-08-26,15:00,Rotherham United,1–2,Leicester City,11418,AESSEAL New York Stadium,Simon Hooper,/en/matches/1758a955/Rotherham-United-Leicester-City-August-26-2023-Championship,,1758a955
ENG-Championship,2324,2023-08-26 Southampton-QPR,Championship,4,Sat,2023-08-26,15:00,Southampton,2–1,QPR,30401,St. Mary's Stadium,James Bell,/en/matches/f79f5721/Southampton-Queens-Park-Rangers-August-26-2023-Championship,,f79f5721
ENG-Championship,2324,2023-08-26 West Brom-Middlesbrough,Championship,4,Sat,2023-08-26,15:00,West Brom,4–2,Middlesbrough,23691,The Hawthorns,Jeremy Simpson,/en/matches/b35a63b3/West-Bromwich-Albion-Middlesbrough-August-26-2023-Championship,,b35a63b3
ENG-Championship,2324,2023-08-27 Watford-Blackburn Rovers,Championship,4,Sun,2023-08-27,12:00,Watford,0–1,Blackburn Rovers,17810,Vicarage Road Stadium,Gavin Ward,/en/matches/1fa0fa38/Watford-Blackburn-Rovers-August-27-2023-Championship,,1fa0fa38
ENG-Championship,2324,2023-09-02 Birmingham City-Millwall,Championship,5,Sat,2023-09-02,12:30,Birmingham City,1–1,Millwall,18710,St. Andrew's @ Knighthead Park,Joshua Smith,/en/matches/56b9395b/Birmingham-City-Millwall-September-2-2023-Championship,,56b9395b
ENG-Championship,2324,2023-09-02 Coventry City-Watford,Championship,5,Sat,2023-09-02,15:00,Coventry City,3–3,Watford,24539,Coventry Building Society Arena,David Webb,/en/matches/20c1e029/Coventry-City-Watford-September-2-2023-Championship,,20c1e029
ENG-Championship,2324,2023-09-02 Ipswich Town-Cardiff City,Championship,5,Sat,2023-09-02,15:00,Ipswich Town,3–2,Cardiff City,28011,Portman Road Stadium,Gavin Ward,/en/matches/848e95d4/Ipswich-Town-Cardiff-City-September-2-2023-Championship,,848e95d4
ENG-Championship,2324,2023-09-02 Leeds United-Sheffield Weds,Championship,5,Sat,2023-09-02,15:00,Leeds United,0–0,Sheffield Weds,36484,Elland Road,Dean Whitestone,/en/matches/ea6a2463/Leeds-United-Sheffield-Wednesday-September-2-2023-Championship,,ea6a2463
ENG-Championship,2324,2023-09-02 Leicester City-Hull City,Championship,5,Sat,2023-09-02,15:00,Leicester City,0–1,Hull City,31318,King Power Stadium,John Busby,/en/matches/9ee393c4/Leicester-City-Hull-City-September-2-2023-Championship,,9ee393c4
ENG-Championship,2324,2023-09-02 Middlesbrough-QPR,Championship,5,Sat,2023-09-02,15:00,Middlesbrough,0–2,QPR,25671,Riverside Stadium,Thomas Bramall,/en/matches/c2a1e90c/Middlesbrough-Queens-Park-Rangers-September-2-2023-Championship,,c2a1e90c
ENG-Championship,2324,2023-09-02 Plymouth Argyle-Blackburn Rovers,Championship,5,Sat,2023-09-02,15:00,Plymouth Argyle,3–0,Blackburn Rovers,16067,Home Park,Stephen Martin,/en/matches/a33f7013/Plymouth-Argyle-Blackburn-Rovers-September-2-2023-Championship,,a33f7013
ENG-Championship,2324,2023-09-02 Rotherham United-Norwich City,Championship,5,Sat,2023-09-02,15:00,Rotherham United,2–1,Norwich City,11016,AESSEAL New York Stadium,Samuel Barrott,/en/matches/52c47413/Rotherham-United-Norwich-City-September-2-2023-Championship,,52c47413
ENG-Championship,2324,2023-09-02 Stoke City-Preston North End,Championship,5,Sat,2023-09-02,15:00,Stoke City,0–2,Preston North End,22957,Bet365 Stadium,Matt Donohue,/en/matches/afbc717d/Stoke-City-Preston-North-End-September-2-2023-Championship,,afbc717d
ENG-Championship,2324,2023-09-02 Sunderland-Southampton,Championship,5,Sat,2023-09-02,12:30,Sunderland,5–0,Southampton,41459,Stadium of Light,David Coote,/en/matches/db573e76/Sunderland-Southampton-September-2-2023-Championship,,db573e76
ENG-Championship,2324,2023-09-02 Swansea City-Bristol City,Championship,5,Sat,2023-09-02,12:30,Swansea City,1–2,Bristol City,16676,Swansea.com Stadium,Oliver Langford,/en/matches/81a61e2a/Swansea-City-Bristol-City-September-2-2023-Championship,,81a61e2a
ENG-Championship,2324,2023-09-02 West Brom-Huddersfield Town,Championship,5,Sat,2023-09-02,15:00,West Brom,1–2,Huddersfield Town,23094,The Hawthorns,James Linington,/en/matches/ae60e34c/West-Bromwich-Albion-Huddersfield-Town-September-2-2023-Championship,,ae60e34c
ENG-Championship,2324,2023-09-15 Hull City-Coventry City,Championship,6,Fri,2023-09-15,19:45,Hull City,1–1,Coventry City,21888,MKM Stadium,Tony Harrington,/en/matches/3fd0cd8f/Hull-City-Coventry-City-September-15-2023-Championship,,3fd0cd8f
ENG-Championship,2324,2023-09-15 Southampton-Leicester City,Championship,6,Fri,2023-09-15,20:00,Southampton,1–4,Leicester City,28877,St. Mary's Stadium,Robert Madley,/en/matches/27f1c2ff/Southampton-Leicester-City-September-15-2023-Championship,,27f1c2ff
ENG-Championship,2324,2023-09-16 Blackburn Rovers-Middlesbrough,Championship,6,Sat,2023-09-16,15:00,Blackburn Rovers,2–1,Middlesbrough,16348,Ewood Park,James Bell,/en/matches/285d9c71/Blackburn-Rovers-Middlesbrough-September-16-2023-Championship,,285d9c71
ENG-Championship,2324,2023-09-16 Bristol City-West Brom,Championship,6,Sat,2023-09-16,15:00,Bristol City,0–0,West Brom,21836,Ashton Gate Stadium,Anthony Backhouse,/en/matches/5b21f7b2/Bristol-City-West-Bromwich-Albion-September-16-2023-Championship,,5b21f7b2
ENG-Championship,2324,2023-09-16 Cardiff City-Swansea City,Championship,6,Sat,2023-09-16,19:45,Cardiff City,2–0,Swansea City,28648,Cardiff City Stadium,Samuel Barrott,/en/matches/14f4307a/Cardiff-City-Swansea-City-September-16-2023-Championship,,14f4307a
ENG-Championship,2324,2023-09-16 Huddersfield Town-Rotherham United,Championship,6,Sat,2023-09-16,15:00,Huddersfield Town,2–0,Rotherham United,19050,The John Smith's Stadium,Jeremy Simpson,/en/matches/259dcfab/Huddersfield-Town-Rotherham-United-September-16-2023-Championship,,259dcfab
ENG-Championship,2324,2023-09-16 Norwich City-Stoke City,Championship,6,Sat,2023-09-16,15:00,Norwich City,1–0,Stoke City,25816,Carrow Road,Oliver Langford,/en/matches/c86ffca7/Norwich-City-Stoke-City-September-16-2023-Championship,,c86ffca7
ENG-Championship,2324,2023-09-16 Preston North End-Plymouth Argyle,Championship,6,Sat,2023-09-16,15:00,Preston North End,2–1,Plymouth Argyle,17542,Deepdale Stadium,Gavin Ward,/en/matches/40b06dcc/Preston-North-End-Plymouth-Argyle-September-16-2023-Championship,,40b06dcc
ENG-Championship,2324,2023-09-16 QPR-Sunderland,Championship,6,Sat,2023-09-16,15:00,QPR,1–3,Sunderland,16383,MATRADE Loftus Road Stadium,Dean Whitestone,/en/matches/d27727d0/Queens-Park-Rangers-Sunderland-September-16-2023-Championship,,d27727d0
ENG-Championship,2324,2023-09-16 Sheffield Weds-Ipswich Town,Championship,6,Sat,2023-09-16,15:00,Sheffield Weds,0–1,Ipswich Town,25938,Hillsborough Stadium,James Linington,/en/matches/6f1dae42/Sheffield-Wednesday-Ipswich-Town-September-16-2023-Championship,,6f1dae42
ENG-Championship,2324,2023-09-16 Watford-Birmingham City,Championship,6,Sat,2023-09-16,15:00,Watford,2–0,Birmingham City,18932,Vicarage Road Stadium,Keith Stroud,/en/matches/85e5d98d/Watford-Birmingham-City-September-16-2023-Championship,,85e5d98d
ENG-Championship,2324,2023-09-17 Millwall-Leeds United,Championship,6,Sun,2023-09-17,12:00,Millwall,0–3,Leeds United,17909,The Den,Chris Kavanagh,/en/matches/6c042870/Millwall-Leeds-United-September-17-2023-Championship,,6c042870
ENG-Championship,2324,2023-09-19 Bristol City-Plymouth Argyle,Championship,7,Tue,2023-09-19,19:45,Bristol City,4–1,Plymouth Argyle,23017,Ashton Gate Stadium,Matt Donohue,/en/matches/13c5139e/Bristol-City-Plymouth-Argyle-September-19-2023-Championship,,13c5139e
ENG-Championship,2324,2023-09-19 Cardiff City-Coventry City,Championship,7,Tue,2023-09-19,19:45,Cardiff City,3–2,Coventry City,18297,Cardiff City Stadium,Samuel Allison,/en/matches/a9143339/Cardiff-City-Coventry-City-September-19-2023-Championship,,a9143339
ENG-Championship,2324,2023-09-19 Preston North End-Birmingham City,Championship,7,Tue,2023-09-19,19:45,Preston North End,2–1,Birmingham City,15838,Deepdale Stadium,Dean Whitestone,/en/matches/cc93b1c1/Preston-North-End-Birmingham-City-September-19-2023-Championship,,cc93b1c1
ENG-Championship,2324,2023-09-19 QPR-Swansea City,Championship,7,Tue,2023-09-19,19:45,QPR,1–1,Swansea City,13367,MATRADE Loftus Road Stadium,Andrew Kitchen,/en/matches/cb9ae6e4/Queens-Park-Rangers-Swansea-City-September-19-2023-Championship,,cb9ae6e4
ENG-Championship,2324,2023-09-19 Sheffield Weds-Middlesbrough,Championship,7,Tue,2023-09-19,20:00,Sheffield Weds,1–1,Middlesbrough,22975,Hillsborough Stadium,David Webb,/en/matches/3ef9dbe0/Sheffield-Wednesday-Middlesbrough-September-19-2023-Championship,,3ef9dbe0
ENG-Championship,2324,2023-09-19 Southampton-Ipswich Town,Championship,7,Tue,2023-09-19,19:45,Southampton,0–1,Ipswich Town,27265,St. Mary's Stadium,Joshua Smith,/en/matches/1adabf99/Southampton-Ipswich-Town-September-19-2023-Championship,,1adabf99
ENG-Championship,2324,2023-09-20 Blackburn Rovers-Sunderland,Championship,7,Wed,2023-09-20,19:45,Blackburn Rovers,1–3,Sunderland,15621,Ewood Park,John Busby,/en/matches/988ead07/Blackburn-Rovers-Sunderland-September-20-2023-Championship,,988ead07
ENG-Championship,2324,2023-09-20 Huddersfield Town-Stoke City,Championship,7,Wed,2023-09-20,19:45,Huddersfield Town,2–2,Stoke City,18791,The John Smith's Stadium,Darren Bond,/en/matches/8722894c/Huddersfield-Town-Stoke-City-September-20-2023-Championship,,8722894c
ENG-Championship,2324,2023-09-20 Hull City-Leeds United,Championship,7,Wed,2023-09-20,19:45,Hull City,0–0,Leeds United,24221,MKM Stadium,Stephen Martin,/en/matches/51bbfe9e/Hull-City-Leeds-United-September-20-2023-Championship,,51bbfe9e
ENG-Championship,2324,2023-09-20 Millwall-Rotherham United,Championship,7,Wed,2023-09-20,19:45,Millwall,3–0,Rotherham United,12563,The Den,Geoff Eltringham,/en/matches/ab5f4cfa/Millwall-Rotherham-United-September-20-2023-Championship,,ab5f4cfa
ENG-Championship,2324,2023-09-20 Norwich City-Leicester City,Championship,7,Wed,2023-09-20,20:00,Norwich City,0–2,Leicester City,26277,Carrow Road,Graham Scott,/en/matches/a160b13d/Norwich-City-Leicester-City-September-20-2023-Championship,,a160b13d
ENG-Championship,2324,2023-09-20 Watford-West Brom,Championship,7,Wed,2023-09-20,19:45,Watford,2–2,West Brom,16742,Vicarage Road Stadium,Leigh Doughty,/en/matches/533069c6/Watford-West-Bromwich-Albion-September-20-2023-Championship,,533069c6
ENG-Championship,2324,2023-09-22 Birmingham City-QPR,Championship,8,Fri,2023-09-22,20:00,Birmingham City,0–0,QPR,19803,St. Andrew's @ Knighthead Park,Matt Donohue,/en/matches/f0e48792/Birmingham-City-Queens-Park-Rangers-September-22-2023-Championship,,f0e48792
ENG-Championship,2324,2023-09-23 Ipswich Town-Blackburn Rovers,Championship,8,Sat,2023-09-23,15:00,Ipswich Town,4–3,Blackburn Rovers,28792,Portman Road Stadium,Keith Stroud,/en/matches/df08d8fb/Ipswich-Town-Blackburn-Rovers-September-23-2023-Championship,,df08d8fb
ENG-Championship,2324,2023-09-23 Leeds United-Watford,Championship,8,Sat,2023-09-23,15:00,Leeds United,3–0,Watford,36236,Elland Road,Jeremy Simpson,/en/matches/c5f4ab83/Leeds-United-Watford-September-23-2023-Championship,,c5f4ab83
ENG-Championship,2324,2023-09-23 Leicester City-Bristol City,Championship,8,Sat,2023-09-23,15:00,Leicester City,1–0,Bristol City,31674,King Power Stadium,James Bell,/en/matches/aab0e1bd/Leicester-City-Bristol-City-September-23-2023-Championship,,aab0e1bd
ENG-Championship,2324,2023-09-23 Middlesbrough-Southampton,Championship,8,Sat,2023-09-23,15:00,Middlesbrough,2–1,Southampton,26141,Riverside Stadium,Tim Robinson,/en/matches/2c511d59/Middlesbrough-Southampton-September-23-2023-Championship,,2c511d59
ENG-Championship,2324,2023-09-23 Plymouth Argyle-Norwich City,Championship,8,Sat,2023-09-23,15:00,Plymouth Argyle,6–2,Norwich City,16469,Home Park,Andrew Kitchen,/en/matches/15c748f7/Plymouth-Argyle-Norwich-City-September-23-2023-Championship,,15c748f7
ENG-Championship,2324,2023-09-23 Rotherham United-Preston North End,Championship,8,Sat,2023-09-23,15:00,Rotherham United,1–1,Preston North End,11434,AESSEAL New York Stadium,Samuel Allison,/en/matches/c1249408/Rotherham-United-Preston-North-End-September-23-2023-Championship,,c1249408
ENG-Championship,2324,2023-09-23 Swansea City-Sheffield Weds,Championship,8,Sat,2023-09-23,15:00,Swansea City,3–0,Sheffield Weds,16865,Swansea.com Stadium,Anthony Backhouse,/en/matches/bc9c9eb5/Swansea-City-Sheffield-Wednesday-September-23-2023-Championship,,bc9c9eb5
ENG-Championship,2324,2023-09-23 West Brom-Millwall,Championship,8,Sat,2023-09-23,15:00,West Brom,0–0,Millwall,22325,The Hawthorns,Tom Nield,/en/matches/3232cc73/West-Bromwich-Albion-Millwall-September-23-2023-Championship,,3232cc73
ENG-Championship,2324,2023-09-24 Stoke City-Hull City,Championship,8,Sun,2023-09-24,12:00,Stoke City,1–3,Hull City,21142,Bet365 Stadium,Thomas Bramall,/en/matches/a96e5d44/Stoke-City-Hull-City-September-24-2023-Championship,,a96e5d44
ENG-Championship,2324,2023-09-24 Sunderland-Cardiff City,Championship,8,Sun,2023-09-24,15:00,Sunderland,0–1,Cardiff City,41581,Stadium of Light,Steve Martin,/en/matches/303ad16d/Sunderland-Cardiff-City-September-24-2023-Championship,,303ad16d
ENG-Championship,2324,2023-09-25 Coventry City-Huddersfield Town,Championship,8,Mon,2023-09-25,20:00,Coventry City,1–1,Huddersfield Town,22257,Coventry Building Society Arena,Oliver Langford,/en/matches/b11b8220/Coventry-City-Huddersfield-Town-September-25-2023-Championship,,b11b8220
ENG-Championship,2324,2023-09-29 Sheffield Weds-Sunderland,Championship,9,Fri,2023-09-29,20:00,Sheffield Weds,0–3,Sunderland,25987,Hillsborough Stadium,Samuel Barrott,/en/matches/8ecf97e4/Sheffield-Wednesday-Sunderland-September-29-2023-Championship,,8ecf97e4
ENG-Championship,2324,2023-09-30 Bristol City-Stoke City,Championship,9,Sat,2023-09-30,15:00,Bristol City,2–3,Stoke City,21117,Ashton Gate Stadium,Jeremy Simpson,/en/matches/cb120086/Bristol-City-Stoke-City-September-30-2023-Championship,,cb120086
ENG-Championship,2324,2023-09-30 Cardiff City-Rotherham United,Championship,9,Sat,2023-09-30,15:00,Cardiff City,2–0,Rotherham United,20136,Cardiff City Stadium,Leigh Doughty,/en/matches/7ad91782/Cardiff-City-Rotherham-United-September-30-2023-Championship,,7ad91782
ENG-Championship,2324,2023-09-30 Huddersfield Town-Ipswich Town,Championship,9,Sat,2023-09-30,15:00,Huddersfield Town,1–1,Ipswich Town,20000,The John Smith's Stadium,Geoff Eltringham,/en/matches/2d621c93/Huddersfield-Town-Ipswich-Town-September-30-2023-Championship,,2d621c93
ENG-Championship,2324,2023-09-30 Hull City-Plymouth Argyle,Championship,9,Sat,2023-09-30,15:00,Hull City,1–1,Plymouth Argyle,20312,MKM Stadium,David Webb,/en/matches/d764a10c/Hull-City-Plymouth-Argyle-September-30-2023-Championship,,d764a10c
ENG-Championship,2324,2023-09-30 Millwall-Swansea City,Championship,9,Sat,2023-09-30,15:00,Millwall,0–3,Swansea City,14803,The Den,John Busby,/en/matches/a29e57cd/Millwall-Swansea-City-September-30-2023-Championship,,a29e57cd
ENG-Championship,2324,2023-09-30 Norwich City-Birmingham City,Championship,9,Sat,2023-09-30,15:00,Norwich City,2–0,Birmingham City,26231,Carrow Road,Gavin Ward,/en/matches/1b327a34/Norwich-City-Birmingham-City-September-30-2023-Championship,,1b327a34
ENG-Championship,2324,2023-09-30 Preston North End-West Brom,Championship,9,Sat,2023-09-30,15:00,Preston North End,0–4,West Brom,16658,Deepdale Stadium,Joshua Smith,/en/matches/82fa5911/Preston-North-End-West-Bromwich-Albion-September-30-2023-Championship,,82fa5911
ENG-Championship,2324,2023-09-30 QPR-Coventry City,Championship,9,Sat,2023-09-30,15:00,QPR,1–3,Coventry City,16293,MATRADE Loftus Road Stadium,Tom Nield,/en/matches/904c6ce1/Queens-Park-Rangers-Coventry-City-September-30-2023-Championship,,904c6ce1
ENG-Championship,2324,2023-09-30 Southampton-Leeds United,Championship,9,Sat,2023-09-30,12:30,Southampton,3–1,Leeds United,30372,St. Mary's Stadium,John Brooks,/en/matches/702dd9db/Southampton-Leeds-United-September-30-2023-Championship,,702dd9db
ENG-Championship,2324,2023-09-30 Watford-Middlesbrough,Championship,9,Sat,2023-09-30,15:00,Watford,2–3,Middlesbrough,18446,Vicarage Road Stadium,Oliver Langford,/en/matches/13f7e0fe/Watford-Middlesbrough-September-30-2023-Championship,,13f7e0fe
ENG-Championship,2324,2023-10-01 Blackburn Rovers-Leicester City,Championship,9,Sun,2023-10-01,12:00,Blackburn Rovers,1–4,Leicester City,15937,Ewood Park,James Linington,/en/matches/5fa64df7/Blackburn-Rovers-Leicester-City-October-1-2023-Championship,,5fa64df7
ENG-Championship,2324,2023-10-03 Birmingham City-Huddersfield Town,Championship,10,Tue,2023-10-03,19:45,Birmingham City,4–1,Huddersfield Town,15944,St. Andrew's @ Knighthead Park,Samuel Allison,/en/matches/223cc359/Birmingham-City-Huddersfield-Town-October-3-2023-Championship,,223cc359
ENG-Championship,2324,2023-10-03 Ipswich Town-Hull City,Championship,10,Tue,2023-10-03,19:45,Ipswich Town,3–0,Hull City,27070,Portman Road Stadium,Matt Donohue,/en/matches/bc06a4f8/Ipswich-Town-Hull-City-October-3-2023-Championship,,bc06a4f8
ENG-Championship,2324,2023-10-03 Middlesbrough-Cardiff City,Championship,10,Tue,2023-10-03,19:45,Middlesbrough,2–0,Cardiff City,24276,Riverside Stadium,Andy Madley,/en/matches/3b4cfe0b/Middlesbrough-Cardiff-City-October-3-2023-Championship,,3b4cfe0b
ENG-Championship,2324,2023-10-03 Plymouth Argyle-Millwall,Championship,10,Tue,2023-10-03,19:45,Plymouth Argyle,0–2,Millwall,15891,Home Park,Oliver Langford,/en/matches/60618f32/Plymouth-Argyle-Millwall-October-3-2023-Championship,,60618f32
ENG-Championship,2324,2023-10-03 Stoke City-Southampton,Championship,10,Tue,2023-10-03,20:00,Stoke City,0–1,Southampton,20002,Bet365 Stadium,James Bell,/en/matches/296115a7/Stoke-City-Southampton-October-3-2023-Championship,,296115a7
ENG-Championship,2324,2023-10-03 West Brom-Sheffield Weds,Championship,10,Tue,2023-10-03,20:00,West Brom,1–0,Sheffield Weds,22558,The Hawthorns,John Busby,/en/matches/e22c3c77/West-Bromwich-Albion-Sheffield-Wednesday-October-3-2023-Championship,,e22c3c77
ENG-Championship,2324,2023-10-04 Coventry City-Blackburn Rovers,Championship,10,Wed,2023-10-04,19:45,Coventry City,1–0,Blackburn Rovers,22370,Coventry Building Society Arena,Jeremy Simpson,/en/matches/ec296c1c/Coventry-City-Blackburn-Rovers-October-4-2023-Championship,,ec296c1c
ENG-Championship,2324,2023-10-04 Leeds United-QPR,Championship,10,Wed,2023-10-04,19:45,Leeds United,1–0,QPR,32663,Elland Road,David Webb,/en/matches/5cc475a9/Leeds-United-Queens-Park-Rangers-October-4-2023-Championship,,5cc475a9
ENG-Championship,2324,2023-10-04 Leicester City-Preston North End,Championship,10,Wed,2023-10-04,19:45,Leicester City,3–0,Preston North End,30380,King Power Stadium,Thomas Bramall,/en/matches/183b0153/Leicester-City-Preston-North-End-October-4-2023-Championship,,183b0153
ENG-Championship,2324,2023-10-04 Rotherham United-Bristol City,Championship,10,Wed,2023-10-04,20:00,Rotherham United,1–2,Bristol City,9221,AESSEAL New York Stadium,Dean Whitestone,/en/matches/08620dfd/Rotherham-United-Bristol-City-October-4-2023-Championship,,08620dfd
ENG-Championship,2324,2023-10-04 Sunderland-Watford,Championship,10,Wed,2023-10-04,19:45,Sunderland,2–0,Watford,38120,Stadium of Light,Andrew Davies,/en/matches/37204d73/Sunderland-Watford-October-4-2023-Championship,,37204d73
ENG-Championship,2324,2023-10-04 Swansea City-Norwich City,Championship,10,Wed,2023-10-04,19:45,Swansea City,2–1,Norwich City,14512,Swansea.com Stadium,Tom Nield,/en/matches/96d0386c/Swansea-City-Norwich-City-October-4-2023-Championship,,96d0386c
ENG-Championship,2324,2023-10-06 Birmingham City-West Brom,Championship,11,Fri,2023-10-06,20:00,Birmingham City,3–1,West Brom,21495,St. Andrew's @ Knighthead Park,James Linington,/en/matches/70eea272/Birmingham-City-West-Bromwich-Albion-October-6-2023-Championship,,70eea272
ENG-Championship,2324,2023-10-07 Cardiff City-Watford,Championship,11,Sat,2023-10-07,15:00,Cardiff City,1–1,Watford,19804,Cardiff City Stadium,Gavin Ward,/en/matches/9a24e573/Cardiff-City-Watford-October-7-2023-Championship,,9a24e573
ENG-Championship,2324,2023-10-07 Coventry City-Norwich City,Championship,11,Sat,2023-10-07,15:00,Coventry City,1–1,Norwich City,26548,Coventry Building Society Arena,Dean Whitestone,/en/matches/ad39c5a4/Coventry-City-Norwich-City-October-7-2023-Championship,,ad39c5a4
ENG-Championship,2324,2023-10-07 Ipswich Town-Preston North End,Championship,11,Sat,2023-10-07,15:00,Ipswich Town,4–2,Preston North End,29018,Portman Road Stadium,David Webb,/en/matches/76627543/Ipswich-Town-Preston-North-End-October-7-2023-Championship,,76627543
ENG-Championship,2324,2023-10-07 Leeds United-Bristol City,Championship,11,Sat,2023-10-07,15:00,Leeds United,2–1,Bristol City,36386,Elland Road,Keith Stroud,/en/matches/6e6aae36/Leeds-United-Bristol-City-October-7-2023-Championship,,6e6aae36
ENG-Championship,2324,2023-10-07 Leicester City-Stoke City,Championship,11,Sat,2023-10-07,15:00,Leicester City,2–0,Stoke City,31589,King Power Stadium,Geoff Eltringham,/en/matches/417628f5/Leicester-City-Stoke-City-October-7-2023-Championship,,417628f5
ENG-Championship,2324,2023-10-07 Millwall-Hull City,Championship,11,Sat,2023-10-07,15:00,Millwall,2–2,Hull City,15204,The Den,Tim Robinson,/en/matches/9a10eef3/Millwall-Hull-City-October-7-2023-Championship,,9a10eef3
ENG-Championship,2324,2023-10-07 Plymouth Argyle-Swansea City,Championship,11,Sat,2023-10-07,15:00,Plymouth Argyle,1–3,Swansea City,16463,Home Park,Lewis Smith,/en/matches/f0b65534/Plymouth-Argyle-Swansea-City-October-7-2023-Championship,,f0b65534
ENG-Championship,2324,2023-10-07 QPR-Blackburn Rovers,Championship,11,Sat,2023-10-07,15:00,QPR,0–4,Blackburn Rovers,15376,MATRADE Loftus Road Stadium,Joshua Smith,/en/matches/9fef6ea0/Queens-Park-Rangers-Blackburn-Rovers-October-7-2023-Championship,,9fef6ea0
ENG-Championship,2324,2023-10-07 Sheffield Weds-Huddersfield Town,Championship,11,Sat,2023-10-07,15:00,Sheffield Weds,0–0,Huddersfield Town,26025,Hillsborough Stadium,Matt Donohue,/en/matches/c56c14db/Sheffield-Wednesday-Huddersfield-Town-October-7-2023-Championship,,c56c14db
ENG-Championship,2324,2023-10-07 Southampton-Rotherham United,Championship,11,Sat,2023-10-07,15:00,Southampton,1–1,Rotherham United,28404,St. Mary's Stadium,John Busby,/en/matches/3274ada7/Southampton-Rotherham-United-October-7-2023-Championship,,3274ada7
ENG-Championship,2324,2023-10-07 Sunderland-Middlesbrough,Championship,11,Sat,2023-10-07,12:30,Sunderland,0–4,Middlesbrough,43584,Stadium of Light,Jarred Gillett,/en/matches/d11e033a/Sunderland-Middlesbrough-October-7-2023-Championship,,d11e033a
ENG-Championship,2324,2023-10-21 Blackburn Rovers-Cardiff City,Championship,12,Sat,2023-10-21,15:00,Blackburn Rovers,1–0,Cardiff City,13572,Ewood Park,Robert Madley,/en/matches/d098d4ce/Blackburn-Rovers-Cardiff-City-October-21-2023-Championship,,d098d4ce
ENG-Championship,2324,2023-10-21 Bristol City-Coventry City,Championship,12,Sat,2023-10-21,15:00,Bristol City,1–0,Coventry City,22718,Ashton Gate Stadium,David Webb,/en/matches/8d667b81/Bristol-City-Coventry-City-October-21-2023-Championship,,8d667b81
ENG-Championship,2324,2023-10-21 Huddersfield Town-QPR,Championship,12,Sat,2023-10-21,15:00,Huddersfield Town,2–1,QPR,18010,The John Smith's Stadium,Gavin Ward,/en/matches/f25aad10/Huddersfield-Town-Queens-Park-Rangers-October-21-2023-Championship,,f25aad10
ENG-Championship,2324,2023-10-21 Hull City-Southampton,Championship,12,Sat,2023-10-21,15:00,Hull City,1–2,Southampton,21524,MKM Stadium,Geoff Eltringham,/en/matches/cff1948c/Hull-City-Southampton-October-21-2023-Championship,,cff1948c
ENG-Championship,2324,2023-10-21 Middlesbrough-Birmingham City,Championship,12,Sat,2023-10-21,15:00,Middlesbrough,1–0,Birmingham City,28449,Riverside Stadium,Rebecca Welch,/en/matches/9cf43d69/Middlesbrough-Birmingham-City-October-21-2023-Championship,,9cf43d69
ENG-Championship,2324,2023-10-21 Norwich City-Leeds United,Championship,12,Sat,2023-10-21,15:00,Norwich City,2–3,Leeds United,26758,Carrow Road,John Busby,/en/matches/bc397727/Norwich-City-Leeds-United-October-21-2023-Championship,,bc397727
ENG-Championship,2324,2023-10-21 Preston North End-Millwall,Championship,12,Sat,2023-10-21,12:30,Preston North End,1–1,Millwall,14427,Deepdale Stadium,Matt Donohue,/en/matches/c17cae40/Preston-North-End-Millwall-October-21-2023-Championship,,c17cae40
ENG-Championship,2324,2023-10-21 Stoke City-Sunderland,Championship,12,Sat,2023-10-21,15:00,Stoke City,2–1,Sunderland,25512,Bet365 Stadium,Graham Scott,/en/matches/21fb8322/Stoke-City-Sunderland-October-21-2023-Championship,,21fb8322
ENG-Championship,2324,2023-10-21 Swansea City-Leicester City,Championship,12,Sat,2023-10-21,15:00,Swansea City,1–3,Leicester City,18509,Swansea.com Stadium,Anthony Backhouse,/en/matches/dfe14a51/Swansea-City-Leicester-City-October-21-2023-Championship,,dfe14a51
ENG-Championship,2324,2023-10-21 Watford-Sheffield Weds,Championship,12,Sat,2023-10-21,15:00,Watford,1–0,Sheffield Weds,19102,Vicarage Road Stadium,Dean Whitestone,/en/matches/66169008/Watford-Sheffield-Wednesday-October-21-2023-Championship,,66169008
ENG-Championship,2324,2023-10-21 West Brom-Plymouth Argyle,Championship,12,Sat,2023-10-21,15:00,West Brom,0–0,Plymouth Argyle,24732,The Hawthorns,Stephen Martin,/en/matches/4f28a398/West-Bromwich-Albion-Plymouth-Argyle-October-21-2023-Championship,,4f28a398
ENG-Championship,2324,2023-10-24 Huddersfield Town-Cardiff City,Championship,13,Tue,2023-10-24,19:45,Huddersfield Town,0–4,Cardiff City,16780,The John Smith's Stadium,Anthony Backhouse,/en/matches/bacc8208/Huddersfield-Town-Cardiff-City-October-24-2023-Championship,,bacc8208
ENG-Championship,2324,2023-10-24 Leicester City-Sunderland,Championship,13,Tue,2023-10-24,20:00,Leicester City,1–0,Sunderland,30951,King Power Stadium,Keith Stroud,/en/matches/0556c60b/Leicester-City-Sunderland-October-24-2023-Championship,,0556c60b
ENG-Championship,2324,2023-10-24 Millwall-Blackburn Rovers,Championship,13,Tue,2023-10-24,19:45,Millwall,1–2,Blackburn Rovers,13834,The Den,Andrew Davies,/en/matches/d31113ba/Millwall-Blackburn-Rovers-October-24-2023-Championship,,d31113ba
ENG-Championship,2324,2023-10-24 Norwich City-Middlesbrough,Championship,13,Tue,2023-10-24,19:45,Norwich City,1–2,Middlesbrough,25585,Carrow Road,Simon Hooper,/en/matches/4e614268/Norwich-City-Middlesbrough-October-24-2023-Championship,,4e614268
ENG-Championship,2324,2023-10-24 Swansea City-Watford,Championship,13,Tue,2023-10-24,19:45,Swansea City,0–1,Watford,14698,Swansea.com Stadium,Andrew Kitchen,/en/matches/c928370a/Swansea-City-Watford-October-24-2023-Championship,,c928370a
ENG-Championship,2324,2023-10-24 West Brom-QPR,Championship,13,Tue,2023-10-24,20:00,West Brom,2–0,QPR,21749,The Hawthorns,James Bell,/en/matches/b46c1146/West-Bromwich-Albion-Queens-Park-Rangers-October-24-2023-Championship,,b46c1146
ENG-Championship,2324,2023-10-25 Birmingham City-Hull City,Championship,13,Wed,2023-10-25,19:45,Birmingham City,0–2,Hull City,19530,St. Andrew's @ Knighthead Park,John Busby,/en/matches/29a8cfd9/Birmingham-City-Hull-City-October-25-2023-Championship,,29a8cfd9
ENG-Championship,2324,2023-10-25 Bristol City-Ipswich Town,Championship,13,Wed,2023-10-25,19:45,Bristol City,0–1,Ipswich Town,22784,Ashton Gate Stadium,Joshua Smith,/en/matches/0786a56f/Bristol-City-Ipswich-Town-October-25-2023-Championship,,0786a56f
ENG-Championship,2324,2023-10-25 Plymouth Argyle-Sheffield Weds,Championship,13,Wed,2023-10-25,19:45,Plymouth Argyle,3–0,Sheffield Weds,16225,Home Park,James Linington,/en/matches/158fcc31/Plymouth-Argyle-Sheffield-Wednesday-October-25-2023-Championship,,158fcc31
ENG-Championship,2324,2023-10-25 Preston North End-Southampton,Championship,13,Wed,2023-10-25,19:45,Preston North End,2–2,Southampton,15346,Deepdale Stadium,Jeremy Simpson,/en/matches/11967963/Preston-North-End-Southampton-October-25-2023-Championship,,11967963
ENG-Championship,2324,2023-10-25 Rotherham United-Coventry City,Championship,13,Wed,2023-10-25,19:45,Rotherham United,2–0,Coventry City,10553,AESSEAL New York Stadium,Lewis Smith,/en/matches/9fb6aed5/Rotherham-United-Coventry-City-October-25-2023-Championship,,9fb6aed5
ENG-Championship,2324,2023-10-25 Stoke City-Leeds United,Championship,13,Wed,2023-10-25,20:00,Stoke City,1–0,Leeds United,25871,Bet365 Stadium,Paul Tierney,/en/matches/1b9faf24/Stoke-City-Leeds-United-October-25-2023-Championship,,1b9faf24
ENG-Championship,2324,2023-10-28 Blackburn Rovers-Swansea City,Championship,14,Sat,2023-10-28,15:00,Blackburn Rovers,0–1,Swansea City,13102,Ewood Park,Stephen Martin,/en/matches/d5cfc501/Blackburn-Rovers-Swansea-City-October-28-2023-Championship,,d5cfc501
ENG-Championship,2324,2023-10-28 Cardiff City-Bristol City,Championship,14,Sat,2023-10-28,15:00,Cardiff City,2–0,Bristol City,25803,Cardiff City Stadium,Darren England,/en/matches/b76c7065/Cardiff-City-Bristol-City-October-28-2023-Championship,,b76c7065
ENG-Championship,2324,2023-10-28 Hull City-Preston North End,Championship,14,Sat,2023-10-28,15:00,Hull City,1–0,Preston North End,24267,MKM Stadium,Lewis Smith,/en/matches/ce9fdac5/Hull-City-Preston-North-End-October-28-2023-Championship,,ce9fdac5
ENG-Championship,2324,2023-10-28 Ipswich Town-Plymouth Argyle,Championship,14,Sat,2023-10-28,15:00,Ipswich Town,3–2,Plymouth Argyle,29027,Portman Road Stadium,Gavin Ward,/en/matches/104d2548/Ipswich-Town-Plymouth-Argyle-October-28-2023-Championship,,104d2548
ENG-Championship,2324,2023-10-28 Leeds United-Huddersfield Town,Championship,14,Sat,2023-10-28,12:30,Leeds United,4–1,Huddersfield Town,36813,Elland Road,James Bell,/en/matches/0bc77cd5/Leeds-United-Huddersfield-Town-October-28-2023-Championship,,0bc77cd5
ENG-Championship,2324,2023-10-28 Middlesbrough-Stoke City,Championship,14,Sat,2023-10-28,15:00,Middlesbrough,0–2,Stoke City,26732,Riverside Stadium,Andrew Kitchen,/en/matches/fc8ed6c8/Middlesbrough-Stoke-City-October-28-2023-Championship,,fc8ed6c8
ENG-Championship,2324,2023-10-28 QPR-Leicester City,Championship,14,Sat,2023-10-28,15:00,QPR,1–2,Leicester City,17385,MATRADE Loftus Road Stadium,Leigh Doughty,/en/matches/c9cd60b8/Queens-Park-Rangers-Leicester-City-October-28-2023-Championship,,c9cd60b8
ENG-Championship,2324,2023-10-28 Southampton-Birmingham City,Championship,14,Sat,2023-10-28,12:30,Southampton,3–1,Birmingham City,28924,St. Mary's Stadium,David Webb,/en/matches/ec9cd8f9/Southampton-Birmingham-City-October-28-2023-Championship,,ec9cd8f9
ENG-Championship,2324,2023-10-28 Sunderland-Norwich City,Championship,14,Sat,2023-10-28,15:00,Sunderland,3–1,Norwich City,39871,Stadium of Light,Anthony Backhouse,/en/matches/2d364b37/Sunderland-Norwich-City-October-28-2023-Championship,,2d364b37
ENG-Championship,2324,2023-10-28 Watford-Millwall,Championship,14,Sat,2023-10-28,15:00,Watford,2–2,Millwall,18620,Vicarage Road Stadium,Keith Stroud,/en/matches/864a5b72/Watford-Millwall-October-28-2023-Championship,,864a5b72
ENG-Championship,2324,2023-10-29 Sheffield Weds-Rotherham United,Championship,14,Sun,2023-10-29,13:00,Sheffield Weds,2–0,Rotherham United,29038,Hillsborough Stadium,Andrew Davies,/en/matches/a4a3166b/Sheffield-Wednesday-Rotherham-United-October-29-2023-Championship,,a4a3166b
ENG-Championship,2324,2023-10-30 Coventry City-West Brom,Championship,14,Mon,2023-10-30,20:00,Coventry City,0–2,West Brom,23971,Coventry Building Society Arena,Peter Bankes,/en/matches/4376484e/Coventry-City-West-Bromwich-Albion-October-30-2023-Championship,,4376484e
ENG-Championship,2324,2023-11-03 Leicester City-Leeds United,Championship,15,Fri,2023-11-03,20:00,Leicester City,0–1,Leeds United,32011,King Power Stadium,Dean Whitestone,/en/matches/01edf7a3/Leicester-City-Leeds-United-November-3-2023-Championship,,01edf7a3
ENG-Championship,2324,2023-11-04 Birmingham City-Ipswich Town,Championship,15,Sat,2023-11-04,15:00,Birmingham City,2–2,Ipswich Town,20940,St. Andrew's @ Knighthead Park,Leigh Doughty,/en/matches/5ffeb8fb/Birmingham-City-Ipswich-Town-November-4-2023-Championship,,5ffeb8fb
ENG-Championship,2324,2023-11-04 Bristol City-Sheffield Weds,Championship,15,Sat,2023-11-04,15:00,Bristol City,1–0,Sheffield Weds,22322,Ashton Gate Stadium,Lewis Smith,/en/matches/7616e8b1/Bristol-City-Sheffield-Wednesday-November-4-2023-Championship,,7616e8b1
ENG-Championship,2324,2023-11-04 Huddersfield Town-Watford,Championship,15,Sat,2023-11-04,15:00,Huddersfield Town,0–0,Watford,18225,The John Smith's Stadium,Sunny Gill,/en/matches/44a4af82/Huddersfield-Town-Watford-November-4-2023-Championship,,44a4af82
ENG-Championship,2324,2023-11-04 Millwall-Southampton,Championship,15,Sat,2023-11-04,15:00,Millwall,0–1,Southampton,18905,The Den,James Linington,/en/matches/537a25e5/Millwall-Southampton-November-4-2023-Championship,,537a25e5
ENG-Championship,2324,2023-11-04 Plymouth Argyle-Middlesbrough,Championship,15,Sat,2023-11-04,15:00,Plymouth Argyle,3–3,Middlesbrough,16471,Home Park,Darren England,/en/matches/6f1a6fe5/Plymouth-Argyle-Middlesbrough-November-4-2023-Championship,,6f1a6fe5
ENG-Championship,2324,2023-11-04 Preston North End-Coventry City,Championship,15,Sat,2023-11-04,15:00,Preston North End,3–2,Coventry City,16716,Deepdale Stadium,Anthony Taylor,/en/matches/ee7eb224/Preston-North-End-Coventry-City-November-4-2023-Championship,,ee7eb224
ENG-Championship,2324,2023-11-04 Rotherham United-QPR,Championship,15,Sat,2023-11-04,15:00,Rotherham United,1–1,QPR,10199,AESSEAL New York Stadium,Samuel Barrott,/en/matches/5474d17b/Rotherham-United-Queens-Park-Rangers-November-4-2023-Championship,,5474d17b
ENG-Championship,2324,2023-11-04 Stoke City-Cardiff City,Championship,15,Sat,2023-11-04,15:00,Stoke City,0–0,Cardiff City,23089,Bet365 Stadium,Oliver Langford,/en/matches/acb31de3/Stoke-City-Cardiff-City-November-4-2023-Championship,,acb31de3
ENG-Championship,2324,2023-11-04 Swansea City-Sunderland,Championship,15,Sat,2023-11-04,15:00,Swansea City,0–0,Sunderland,16974,Swansea.com Stadium,Robert Madley,/en/matches/02e9a08c/Swansea-City-Sunderland-November-4-2023-Championship,,02e9a08c
ENG-Championship,2324,2023-11-04 West Brom-Hull City,Championship,15,Sat,2023-11-04,15:00,West Brom,3–1,Hull City,23333,The Hawthorns,Andrew Kitchen,/en/matches/ddbfd27b/West-Bromwich-Albion-Hull-City-November-4-2023-Championship,,ddbfd27b
ENG-Championship,2324,2023-11-05 Norwich City-Blackburn Rovers,Championship,15,Sun,2023-11-05,12:00,Norwich City,1–3,Blackburn Rovers,25696,Carrow Road,Joshua Smith,/en/matches/5c365549/Norwich-City-Blackburn-Rovers-November-5-2023-Championship,,5c365549
ENG-Championship,2324,2023-11-07 Rotherham United-Ipswich Town,Championship,12,Tue,2023-11-07,20:00,Rotherham United,2–2,Ipswich Town,10800,AESSEAL New York Stadium,Graham Scott,/en/matches/cd162978/Rotherham-United-Ipswich-Town-November-7-2023-Championship,,cd162978
ENG-Championship,2324,2023-11-10 Blackburn Rovers-Preston North End,Championship,16,Fri,2023-11-10,20:00,Blackburn Rovers,1–2,Preston North End,20596,Ewood Park,Thomas Bramall,/en/matches/254ac040/Blackburn-Rovers-Preston-North-End-November-10-2023-Championship,,254ac040
ENG-Championship,2324,2023-11-11 Cardiff City-Norwich City,Championship,16,Sat,2023-11-11,15:00,Cardiff City,2–3,Norwich City,21271,Cardiff City Stadium,Rebecca Welch,/en/matches/fe379ae5/Cardiff-City-Norwich-City-November-11-2023-Championship,,fe379ae5
ENG-Championship,2324,2023-11-11 Coventry City-Stoke City,Championship,16,Sat,2023-11-11,15:00,Coventry City,0–0,Stoke City,25003,Coventry Building Society Arena,Anthony Backhouse,/en/matches/09e50cba/Coventry-City-Stoke-City-November-11-2023-Championship,,09e50cba
ENG-Championship,2324,2023-11-11 Hull City-Huddersfield Town,Championship,16,Sat,2023-11-11,15:00,Hull City,1–0,Huddersfield Town,20630,MKM Stadium,Matt Donohue,/en/matches/7388182c/Hull-City-Huddersfield-Town-November-11-2023-Championship,,7388182c
ENG-Championship,2324,2023-11-11 Ipswich Town-Swansea City,Championship,16,Sat,2023-11-11,15:00,Ipswich Town,3–2,Swansea City,28925,Portman Road Stadium,Sunny Gill,/en/matches/5dd01892/Ipswich-Town-Swansea-City-November-11-2023-Championship,,5dd01892
ENG-Championship,2324,2023-11-11 Leeds United-Plymouth Argyle,Championship,16,Sat,2023-11-11,15:00,Leeds United,2–1,Plymouth Argyle,36718,Elland Road,Joshua Smith,/en/matches/293773d2/Leeds-United-Plymouth-Argyle-November-11-2023-Championship,,293773d2
ENG-Championship,2324,2023-11-11 Middlesbrough-Leicester City,Championship,16,Sat,2023-11-11,15:00,Middlesbrough,1–0,Leicester City,30042,Riverside Stadium,Oliver Langford,/en/matches/35d67a10/Middlesbrough-Leicester-City-November-11-2023-Championship,,35d67a10
ENG-Championship,2324,2023-11-11 QPR-Bristol City,Championship,16,Sat,2023-11-11,15:00,QPR,0–0,Bristol City,17540,MATRADE Loftus Road Stadium,Geoff Eltringham,/en/matches/d06ae105/Queens-Park-Rangers-Bristol-City-November-11-2023-Championship,,d06ae105
ENG-Championship,2324,2023-11-11 Sheffield Weds-Millwall,Championship,16,Sat,2023-11-11,15:00,Sheffield Weds,0–4,Millwall,25678,Hillsborough Stadium,Gavin Ward,/en/matches/60a2314a/Sheffield-Wednesday-Millwall-November-11-2023-Championship,,60a2314a
ENG-Championship,2324,2023-11-11 Southampton-West Brom,Championship,16,Sat,2023-11-11,15:00,Southampton,2–1,West Brom,30160,St. Mary's Stadium,Tom Nield,/en/matches/6b967504/Southampton-West-Bromwich-Albion-November-11-2023-Championship,,6b967504
ENG-Championship,2324,2023-11-11 Sunderland-Birmingham City,Championship,16,Sat,2023-11-11,12:30,Sunderland,3–1,Birmingham City,40922,Stadium of Light,Dean Whitestone,/en/matches/ef0f042c/Sunderland-Birmingham-City-November-11-2023-Championship,,ef0f042c
ENG-Championship,2324,2023-11-11 Watford-Rotherham United,Championship,16,Sat,2023-11-11,15:00,Watford,5–0,Rotherham United,17349,Vicarage Road Stadium,Stephen Martin,/en/matches/629a8fb9/Watford-Rotherham-United-November-11-2023-Championship,,629a8fb9
ENG-Championship,2324,2023-11-24 Rotherham United-Leeds United,Championship,17,Fri,2023-11-24,20:00,Rotherham United,1–1,Leeds United,11471,AESSEAL New York Stadium,Oliver Langford,/en/matches/38902dba/Rotherham-United-Leeds-United-November-24-2023-Championship,,38902dba
ENG-Championship,2324,2023-11-25 Birmingham City-Sheffield Weds,Championship,17,Sat,2023-11-25,15:00,Birmingham City,2–1,Sheffield Weds,20941,St. Andrew's @ Knighthead Park,Rebecca Welch,/en/matches/717dbdab/Birmingham-City-Sheffield-Wednesday-November-25-2023-Championship,,717dbdab
ENG-Championship,2324,2023-11-25 Bristol City-Middlesbrough,Championship,17,Sat,2023-11-25,15:00,Bristol City,3–2,Middlesbrough,21694,Ashton Gate Stadium,John Busby,/en/matches/41406425/Bristol-City-Middlesbrough-November-25-2023-Championship,,41406425
ENG-Championship,2324,2023-11-25 Huddersfield Town-Southampton,Championship,17,Sat,2023-11-25,15:00,Huddersfield Town,1–1,Southampton,19387,The John Smith's Stadium,David Webb,/en/matches/5f3ff379/Huddersfield-Town-Southampton-November-25-2023-Championship,,5f3ff379
ENG-Championship,2324,2023-11-25 Leicester City-Watford,Championship,17,Sat,2023-11-25,15:00,Leicester City,2–0,Watford,31577,King Power Stadium,Samuel Allison,/en/matches/6da77c36/Leicester-City-Watford-November-25-2023-Championship,,6da77c36
ENG-Championship,2324,2023-11-25 Millwall-Coventry City,Championship,17,Sat,2023-11-25,15:00,Millwall,0–3,Coventry City,18067,The Den,Darren England,/en/matches/f0eeb2f5/Millwall-Coventry-City-November-25-2023-Championship,,f0eeb2f5
ENG-Championship,2324,2023-11-25 Norwich City-QPR,Championship,17,Sat,2023-11-25,15:00,Norwich City,1–0,QPR,25650,Carrow Road,Stephen Martin,/en/matches/4d7127d1/Norwich-City-Queens-Park-Rangers-November-25-2023-Championship,,4d7127d1
ENG-Championship,2324,2023-11-25 Plymouth Argyle-Sunderland,Championship,17,Sat,2023-11-25,15:00,Plymouth Argyle,2–0,Sunderland,16457,Home Park,James Bell,/en/matches/c7223fe3/Plymouth-Argyle-Sunderland-November-25-2023-Championship,,c7223fe3
ENG-Championship,2324,2023-11-25 Preston North End-Cardiff City,Championship,17,Sat,2023-11-25,15:00,Preston North End,1–2,Cardiff City,14593,Deepdale Stadium,Robert Madley,/en/matches/c2a3e87b/Preston-North-End-Cardiff-City-November-25-2023-Championship,,c2a3e87b
ENG-Championship,2324,2023-11-25 Stoke City-Blackburn Rovers,Championship,17,Sat,2023-11-25,15:00,Stoke City,0–3,Blackburn Rovers,22652,Bet365 Stadium,Andrew Kitchen,/en/matches/329be1f2/Stoke-City-Blackburn-Rovers-November-25-2023-Championship,,329be1f2
ENG-Championship,2324,2023-11-25 Swansea City-Hull City,Championship,17,Sat,2023-11-25,15:00,Swansea City,2–2,Hull City,14864,Swansea.com Stadium,Dean Whitestone,/en/matches/4a6afe12/Swansea-City-Hull-City-November-25-2023-Championship,,4a6afe12
ENG-Championship,2324,2023-11-25 West Brom-Ipswich Town,Championship,17,Sat,2023-11-25,17:30,West Brom,2–0,Ipswich Town,24001,The Hawthorns,Gavin Ward,/en/matches/4b40cfec/West-Bromwich-Albion-Ipswich-Town-November-25-2023-Championship,,4b40cfec
ENG-Championship,2324,2023-11-28 Cardiff City-West Brom,Championship,18,Tue,2023-11-28,19:45,Cardiff City,0–1,West Brom,18248,Cardiff City Stadium,Joshua Smith,/en/matches/e62e78c8/Cardiff-City-West-Bromwich-Albion-November-28-2023-Championship,,e62e78c8
ENG-Championship,2324,2023-11-28 Coventry City-Plymouth Argyle,Championship,18,Tue,2023-11-28,19:45,Coventry City,1–0,Plymouth Argyle,22790,Coventry Building Society Arena,Andrew Davies,/en/matches/c52805c6/Coventry-City-Plymouth-Argyle-November-28-2023-Championship,,c52805c6
ENG-Championship,2324,2023-11-28 Hull City-Rotherham United,Championship,18,Tue,2023-11-28,19:45,Hull City,4–1,Rotherham United,19766,MKM Stadium,Rebecca Welch,/en/matches/bf2e6470/Hull-City-Rotherham-United-November-28-2023-Championship,,bf2e6470
ENG-Championship,2324,2023-11-28 Middlesbrough-Preston North End,Championship,18,Tue,2023-11-28,19:45,Middlesbrough,4–0,Preston North End,24502,Riverside Stadium,Andrew Kitchen,/en/matches/62c0ccb0/Middlesbrough-Preston-North-End-November-28-2023-Championship,,62c0ccb0
ENG-Championship,2324,2023-11-28 QPR-Stoke City,Championship,18,Tue,2023-11-28,19:45,QPR,4–2,Stoke City,16901,MATRADE Loftus Road Stadium,James Linington,/en/matches/316717de/Queens-Park-Rangers-Stoke-City-November-28-2023-Championship,,316717de
ENG-Championship,2324,2023-11-28 Watford-Norwich City,Championship,18,Tue,2023-11-28,20:00,Watford,3–2,Norwich City,16714,Vicarage Road Stadium,Simon Hooper,/en/matches/23239528/Watford-Norwich-City-November-28-2023-Championship,,23239528
ENG-Championship,2324,2023-11-29 Blackburn Rovers-Birmingham City,Championship,18,Wed,2023-11-29,19:45,Blackburn Rovers,4–2,Birmingham City,12693,Ewood Park,Leigh Doughty,/en/matches/c7fa7591/Blackburn-Rovers-Birmingham-City-November-29-2023-Championship,,c7fa7591
ENG-Championship,2324,2023-11-29 Ipswich Town-Millwall,Championship,18,Wed,2023-11-29,20:00,Ipswich Town,3–1,Millwall,27702,Portman Road Stadium,Thomas Bramall,/en/matches/d6b40f6f/Ipswich-Town-Millwall-November-29-2023-Championship,,d6b40f6f
ENG-Championship,2324,2023-11-29 Leeds United-Swansea City,Championship,18,Wed,2023-11-29,19:45,Leeds United,3–1,Swansea City,34905,Elland Road,Samuel Allison,/en/matches/3fc553c1/Leeds-United-Swansea-City-November-29-2023-Championship,,3fc553c1
ENG-Championship,2324,2023-11-29 Sheffield Weds-Leicester City,Championship,18,Wed,2023-11-29,19:45,Sheffield Weds,1–1,Leicester City,26036,Hillsborough Stadium,Samuel Barrott,/en/matches/4bea4810/Sheffield-Wednesday-Leicester-City-November-29-2023-Championship,,4bea4810
ENG-Championship,2324,2023-11-29 Southampton-Bristol City,Championship,18,Wed,2023-11-29,19:45,Southampton,1–0,Bristol City,28047,St. Mary's Stadium,Keith Stroud,/en/matches/7a3e7fc1/Southampton-Bristol-City-November-29-2023-Championship,,7a3e7fc1
ENG-Championship,2324,2023-11-29 Sunderland-Huddersfield Town,Championship,18,Wed,2023-11-29,19:45,Sunderland,1–2,Huddersfield Town,37728,Stadium of Light,Matt Donohue,/en/matches/90274f49/Sunderland-Huddersfield-Town-November-29-2023-Championship,,90274f49
ENG-Championship,2324,2023-12-01 Preston North End-QPR,Championship,19,Fri,2023-12-01,20:00,Preston North End,0–2,QPR,14280,Deepdale Stadium,Joshua Smith,/en/matches/ec028a69/Preston-North-End-Queens-Park-Rangers-December-1-2023-Championship,,ec028a69
ENG-Championship,2324,2023-12-02 Birmingham City-Rotherham United,Championship,19,Sat,2023-12-02,15:00,Birmingham City,0–0,Rotherham United,20748,St. Andrew's @ Knighthead Park,Andrew Davies,/en/matches/a1dcc7a2/Birmingham-City-Rotherham-United-December-2-2023-Championship,,a1dcc7a2
ENG-Championship,2324,2023-12-02 Hull City-Watford,Championship,19,Sat,2023-12-02,15:00,Hull City,1–2,Watford,20057,MKM Stadium,John Busby,/en/matches/82af1184/Hull-City-Watford-December-2-2023-Championship,,82af1184
ENG-Championship,2324,2023-12-02 Ipswich Town-Coventry City,Championship,19,Sat,2023-12-02,15:00,Ipswich Town,2–1,Coventry City,29378,Portman Road Stadium,Andrew Kitchen,/en/matches/b465c2ae/Ipswich-Town-Coventry-City-December-2-2023-Championship,,b465c2ae
ENG-Championship,2324,2023-12-02 Leeds United-Middlesbrough,Championship,19,Sat,2023-12-02,15:00,Leeds United,3–2,Middlesbrough,36812,Elland Road,Darren England,/en/matches/789e1600/Leeds-United-Middlesbrough-December-2-2023-Championship,,789e1600
ENG-Championship,2324,2023-12-02 Millwall-Sunderland,Championship,19,Sat,2023-12-02,15:00,Millwall,1–1,Sunderland,17815,The Den,James Linington,/en/matches/43ce5ca3/Millwall-Sunderland-December-2-2023-Championship,,43ce5ca3
ENG-Championship,2324,2023-12-02 Plymouth Argyle-Stoke City,Championship,19,Sat,2023-12-02,15:00,Plymouth Argyle,2–1,Stoke City,16371,Home Park,Samuel Barrott,/en/matches/870665ac/Plymouth-Argyle-Stoke-City-December-2-2023-Championship,,870665ac
ENG-Championship,2324,2023-12-02 Sheffield Weds-Blackburn Rovers,Championship,19,Sat,2023-12-02,15:00,Sheffield Weds,3–1,Blackburn Rovers,24507,Hillsborough Stadium,David Webb,/en/matches/5eaeec05/Sheffield-Wednesday-Blackburn-Rovers-December-2-2023-Championship,,5eaeec05
ENG-Championship,2324,2023-12-02 Southampton-Cardiff City,Championship,19,Sat,2023-12-02,15:00,Southampton,2–0,Cardiff City,28659,St. Mary's Stadium,James Bell,/en/matches/3aa56639/Southampton-Cardiff-City-December-2-2023-Championship,,3aa56639
ENG-Championship,2324,2023-12-02 Swansea City-Huddersfield Town,Championship,19,Sat,2023-12-02,15:00,Swansea City,1–1,Huddersfield Town,14725,Swansea.com Stadium,Steve Martin,/en/matches/eaef7661/Swansea-City-Huddersfield-Town-December-2-2023-Championship,,eaef7661
ENG-Championship,2324,2023-12-02 West Brom-Leicester City,Championship,19,Sat,2023-12-02,12:30,West Brom,1–2,Leicester City,24382,The Hawthorns,Tim Robinson,/en/matches/dbdccdf9/West-Bromwich-Albion-Leicester-City-December-2-2023-Championship,,dbdccdf9
ENG-Championship,2324,2023-12-03 Bristol City-Norwich City,Championship,19,Sun,2023-12-03,13:30,Bristol City,1–2,Norwich City,20424,Ashton Gate Stadium,Gavin Ward,/en/matches/59d10eb0/Bristol-City-Norwich-City-December-3-2023-Championship,,59d10eb0
ENG-Championship,2324,2023-12-08 Coventry City-Birmingham City,Championship,20,Fri,2023-12-08,20:00,Coventry City,2–0,Birmingham City,26729,Coventry Building Society Arena,Samuel Allison,/en/matches/ca335bfb/Coventry-City-Birmingham-City-December-8-2023-Championship,,ca335bfb
ENG-Championship,2324,2023-12-09 Blackburn Rovers-Leeds United,Championship,20,Sat,2023-12-09,12:30,Blackburn Rovers,0–2,Leeds United,20963,Ewood Park,Robert Madley,/en/matches/fd1dd311/Blackburn-Rovers-Leeds-United-December-9-2023-Championship,,fd1dd311
ENG-Championship,2324,2023-12-09 Cardiff City-Millwall,Championship,20,Sat,2023-12-09,15:00,Cardiff City,1–0,Millwall,19426,Cardiff City Stadium,Andrew Kitchen,/en/matches/0025a68e/Cardiff-City-Millwall-December-9-2023-Championship,,0025a68e
ENG-Championship,2324,2023-12-09 Huddersfield Town-Bristol City,Championship,20,Sat,2023-12-09,15:00,Huddersfield Town,1–1,Bristol City,17429,The John Smith's Stadium,Andrew Davies,/en/matches/9f9446e1/Huddersfield-Town-Bristol-City-December-9-2023-Championship,,9f9446e1
ENG-Championship,2324,2023-12-09 Leicester City-Plymouth Argyle,Championship,20,Sat,2023-12-09,15:00,Leicester City,4–0,Plymouth Argyle,31265,King Power Stadium,Sunny Gill,/en/matches/72e20bb7/Leicester-City-Plymouth-Argyle-December-9-2023-Championship,,72e20bb7
ENG-Championship,2324,2023-12-09 Middlesbrough-Ipswich Town,Championship,20,Sat,2023-12-09,15:00,Middlesbrough,0–2,Ipswich Town,27960,Riverside Stadium,Dean Whitestone,/en/matches/b7c0db39/Middlesbrough-Ipswich-Town-December-9-2023-Championship,,b7c0db39
ENG-Championship,2324,2023-12-09 Norwich City-Preston North End,Championship,20,Sat,2023-12-09,15:00,Norwich City,0–0,Preston North End,25761,Carrow Road,Oliver Langford,/en/matches/14152640/Norwich-City-Preston-North-End-December-9-2023-Championship,,14152640
ENG-Championship,2324,2023-12-09 QPR-Hull City,Championship,20,Sat,2023-12-09,15:00,QPR,2–0,Hull City,16967,MATRADE Loftus Road Stadium,James Bell,/en/matches/8f2d4278/Queens-Park-Rangers-Hull-City-December-9-2023-Championship,,8f2d4278
ENG-Championship,2324,2023-12-09 Rotherham United-Swansea City,Championship,20,Sat,2023-12-09,15:00,Rotherham United,1–2,Swansea City,9414,AESSEAL New York Stadium,Joshua Smith,/en/matches/255322ba/Rotherham-United-Swansea-City-December-9-2023-Championship,,255322ba
ENG-Championship,2324,2023-12-09 Stoke City-Sheffield Weds,Championship,20,Sat,2023-12-09,15:00,Stoke City,0–1,Sheffield Weds,22347,Bet365 Stadium,David Coote,/en/matches/1b30c4ef/Stoke-City-Sheffield-Wednesday-December-9-2023-Championship,,1b30c4ef
ENG-Championship,2324,2023-12-09 Sunderland-West Brom,Championship,20,Sat,2023-12-09,12:30,Sunderland,2–1,West Brom,40101,Stadium of Light,Darren Bond,/en/matches/c572fddd/Sunderland-West-Bromwich-Albion-December-9-2023-Championship,,c572fddd
ENG-Championship,2324,2023-12-09 Watford-Southampton,Championship,20,Sat,2023-12-09,15:00,Watford,1–1,Southampton,19797,Vicarage Road Stadium,Geoff Eltringham,/en/matches/a140dde9/Watford-Southampton-December-9-2023-Championship,,a140dde9
ENG-Championship,2324,2023-12-12 Blackburn Rovers-Bristol City,Championship,21,Tue,2023-12-12,19:45,Blackburn Rovers,2–1,Bristol City,11092,Ewood Park,James Linington,/en/matches/4a81369b/Blackburn-Rovers-Bristol-City-December-12-2023-Championship,,4a81369b
ENG-Championship,2324,2023-12-12 Huddersfield Town-Preston North End,Championship,21,Tue,2023-12-12,19:45,Huddersfield Town,1–3,Preston North End,17549,The John Smith's Stadium,John Busby,/en/matches/eb75c228/Huddersfield-Town-Preston-North-End-December-12-2023-Championship,,eb75c228
ENG-Championship,2324,2023-12-12 Rotherham United-West Brom,Championship,21,Tue,2023-12-12,19:45,Rotherham United,0–2,West Brom,9567,AESSEAL New York Stadium,Samuel Barrott,/en/matches/6ac1c276/Rotherham-United-West-Bromwich-Albion-December-12-2023-Championship,,6ac1c276
ENG-Championship,2324,2023-12-12 Stoke City-Swansea City,Championship,21,Tue,2023-12-12,19:45,Stoke City,1–1,Swansea City,18555,Bet365 Stadium,David Webb,/en/matches/2b84dbda/Stoke-City-Swansea-City-December-12-2023-Championship,,2b84dbda
ENG-Championship,2324,2023-12-12 Sunderland-Leeds United,Championship,21,Tue,2023-12-12,20:00,Sunderland,1–0,Leeds United,40531,Stadium of Light,Dean Whitestone,/en/matches/b0ceaa69/Sunderland-Leeds-United-December-12-2023-Championship,,b0ceaa69
ENG-Championship,2324,2023-12-12 Watford-Ipswich Town,Championship,21,Tue,2023-12-12,19:45,Watford,1–2,Ipswich Town,18109,Vicarage Road Stadium,Darren England,/en/matches/123c4733/Watford-Ipswich-Town-December-12-2023-Championship,,123c4733
ENG-Championship,2324,2023-12-13 Cardiff City-Birmingham City,Championship,21,Wed,2023-12-13,19:45,Cardiff City,0–1,Birmingham City,17669,Cardiff City Stadium,Stephen Martin,/en/matches/56fef867/Cardiff-City-Birmingham-City-December-13-2023-Championship,,56fef867
ENG-Championship,2324,2023-12-13 Coventry City-Southampton,Championship,21,Wed,2023-12-13,19:45,Coventry City,1–1,Southampton,23996,Coventry Building Society Arena,Ben Toner,/en/matches/770ecb91/Coventry-City-Southampton-December-13-2023-Championship,,770ecb91
ENG-Championship,2324,2023-12-13 Leicester City-Millwall,Championship,21,Wed,2023-12-13,19:45,Leicester City,3–2,Millwall,28960,King Power Stadium,Keith Stroud,/en/matches/23f8d53e/Leicester-City-Millwall-December-13-2023-Championship,,23f8d53e
ENG-Championship,2324,2023-12-13 Middlesbrough-Hull City,Championship,21,Wed,2023-12-13,20:00,Middlesbrough,1–2,Hull City,24158,Riverside Stadium,Oliver Langford,/en/matches/4a451a77/Middlesbrough-Hull-City-December-13-2023-Championship,,4a451a77
ENG-Championship,2324,2023-12-13 Norwich City-Sheffield Weds,Championship,21,Wed,2023-12-13,19:45,Norwich City,3–1,Sheffield Weds,25521,Carrow Road,Matt Donohue,/en/matches/1e86e0f1/Norwich-City-Sheffield-Wednesday-December-13-2023-Championship,,1e86e0f1
ENG-Championship,2324,2023-12-13 QPR-Plymouth Argyle,Championship,21,Wed,2023-12-13,19:45,QPR,0–0,Plymouth Argyle,16339,MATRADE Loftus Road Stadium,Tony Harrington,/en/matches/96460b03/Queens-Park-Rangers-Plymouth-Argyle-December-13-2023-Championship,,96460b03
ENG-Championship,2324,2023-12-16 Bristol City-Sunderland,Championship,22,Sat,2023-12-16,15:00,Bristol City,1–0,Sunderland,22701,Ashton Gate Stadium,Steve Martin,/en/matches/7637712f/Bristol-City-Sunderland-December-16-2023-Championship,,7637712f
ENG-Championship,2324,2023-12-16 Hull City-Cardiff City,Championship,22,Sat,2023-12-16,15:00,Hull City,3–0,Cardiff City,20352,MKM Stadium,Keith Stroud,/en/matches/6b14e74f/Hull-City-Cardiff-City-December-16-2023-Championship,,6b14e74f
ENG-Championship,2324,2023-12-16 Ipswich Town-Norwich City,Championship,22,Sat,2023-12-16,12:30,Ipswich Town,2–2,Norwich City,29611,Portman Road Stadium,Joshua Smith,/en/matches/45f161d2/Ipswich-Town-Norwich-City-December-16-2023-Championship,,45f161d2
ENG-Championship,2324,2023-12-16 Leeds United-Coventry City,Championship,22,Sat,2023-12-16,15:00,Leeds United,1–1,Coventry City,36700,Elland Road,Geoff Eltringham,/en/matches/2d45672e/Leeds-United-Coventry-City-December-16-2023-Championship,,2d45672e
ENG-Championship,2324,2023-12-16 Millwall-Huddersfield Town,Championship,22,Sat,2023-12-16,15:00,Millwall,1–1,Huddersfield Town,15040,The Den,Darren Bond,/en/matches/e313dfd5/Millwall-Huddersfield-Town-December-16-2023-Championship,,e313dfd5
ENG-Championship,2324,2023-12-16 Plymouth Argyle-Rotherham United,Championship,22,Sat,2023-12-16,15:00,Plymouth Argyle,3–2,Rotherham United,16025,Home Park,Gavin Ward,/en/matches/18309441/Plymouth-Argyle-Rotherham-United-December-16-2023-Championship,,18309441
ENG-Championship,2324,2023-12-16 Preston North End-Watford,Championship,22,Sat,2023-12-16,15:00,Preston North End,1–5,Watford,14389,Deepdale Stadium,Sunny Gill,/en/matches/da0c1a91/Preston-North-End-Watford-December-16-2023-Championship,,da0c1a91
ENG-Championship,2324,2023-12-16 Sheffield Weds-QPR,Championship,22,Sat,2023-12-16,15:00,Sheffield Weds,2–1,QPR,24739,Hillsborough Stadium,Andrew Davies,/en/matches/8e6fa20c/Sheffield-Wednesday-Queens-Park-Rangers-December-16-2023-Championship,,8e6fa20c
ENG-Championship,2324,2023-12-16 Southampton-Blackburn Rovers,Championship,22,Sat,2023-12-16,15:00,Southampton,4–0,Blackburn Rovers,27545,St. Mary's Stadium,Graham Scott,/en/matches/488ad30a/Southampton-Blackburn-Rovers-December-16-2023-Championship,,488ad30a
ENG-Championship,2324,2023-12-16 Swansea City-Middlesbrough,Championship,22,Sat,2023-12-16,15:00,Swansea City,1–2,Middlesbrough,15084,Swansea.com Stadium,Matt Donohue,/en/matches/abc1b3ee/Swansea-City-Middlesbrough-December-16-2023-Championship,,abc1b3ee
ENG-Championship,2324,2023-12-17 West Brom-Stoke City,Championship,22,Sun,2023-12-17,12:00,West Brom,1–1,Stoke City,23298,The Hawthorns,Andrew Kitchen,/en/matches/295b1858/West-Bromwich-Albion-Stoke-City-December-17-2023-Championship,,295b1858
ENG-Championship,2324,2023-12-18 Birmingham City-Leicester City,Championship,22,Mon,2023-12-18,20:00,Birmingham City,2–3,Leicester City,20334,St. Andrew's @ Knighthead Park,David Webb,/en/matches/125313a9/Birmingham-City-Leicester-City-December-18-2023-Championship,,125313a9
ENG-Championship,2324,2023-12-22 Bristol City-Hull City,Championship,23,Fri,2023-12-22,19:45,Bristol City,3–2,Hull City,20816,Ashton Gate Stadium,Ben Toner,/en/matches/1e9c5508/Bristol-City-Hull-City-December-22-2023-Championship,,1e9c5508
ENG-Championship,2324,2023-12-22 Swansea City-Preston North End,Championship,23,Fri,2023-12-22,19:45,Swansea City,2–1,Preston North End,15098,Swansea.com Stadium,Robert Madley,/en/matches/ec75072d/Swansea-City-Preston-North-End-December-22-2023-Championship,,ec75072d
ENG-Championship,2324,2023-12-23 Blackburn Rovers-Watford,Championship,23,Sat,2023-12-23,15:00,Blackburn Rovers,1–2,Watford,17803,Ewood Park,Dean Whitestone,/en/matches/447f9a49/Blackburn-Rovers-Watford-December-23-2023-Championship,,447f9a49
ENG-Championship,2324,2023-12-23 Leeds United-Ipswich Town,Championship,23,Sat,2023-12-23,12:30,Leeds United,4–0,Ipswich Town,36758,Elland Road,Stephen Martin,/en/matches/a99d4378/Leeds-United-Ipswich-Town-December-23-2023-Championship,,a99d4378
ENG-Championship,2324,2023-12-23 Leicester City-Rotherham United,Championship,23,Sat,2023-12-23,15:00,Leicester City,3–0,Rotherham United,31175,King Power Stadium,Darren Bond,/en/matches/02aeefea/Leicester-City-Rotherham-United-December-23-2023-Championship,,02aeefea
ENG-Championship,2324,2023-12-23 Middlesbrough-West Brom,Championship,23,Sat,2023-12-23,15:00,Middlesbrough,1–0,West Brom,29145,Riverside Stadium,James Linington,/en/matches/ba718ace/Middlesbrough-West-Bromwich-Albion-December-23-2023-Championship,,ba718ace
ENG-Championship,2324,2023-12-23 Norwich City-Huddersfield Town,Championship,23,Sat,2023-12-23,15:00,Norwich City,2–0,Huddersfield Town,26067,Carrow Road,Thomas Kirk,/en/matches/e19fe2f4/Norwich-City-Huddersfield-Town-December-23-2023-Championship,,e19fe2f4
ENG-Championship,2324,2023-12-23 Plymouth Argyle-Birmingham City,Championship,23,Sat,2023-12-23,15:00,Plymouth Argyle,3–3,Birmingham City,16589,Home Park,Graham Scott,/en/matches/f3180bf5/Plymouth-Argyle-Birmingham-City-December-23-2023-Championship,,f3180bf5
ENG-Championship,2324,2023-12-23 QPR-Southampton,Championship,23,Sat,2023-12-23,15:00,QPR,0–1,Southampton,17745,MATRADE Loftus Road Stadium,Oliver Langford,/en/matches/1a9c69db/Queens-Park-Rangers-Southampton-December-23-2023-Championship,,1a9c69db
ENG-Championship,2324,2023-12-23 Sheffield Weds-Cardiff City,Championship,23,Sat,2023-12-23,15:00,Sheffield Weds,1–2,Cardiff City,26009,Hillsborough Stadium,Samuel Barrott,/en/matches/9bb2d52d/Sheffield-Wednesday-Cardiff-City-December-23-2023-Championship,,9bb2d52d
ENG-Championship,2324,2023-12-23 Stoke City-Millwall,Championship,23,Sat,2023-12-23,15:00,Stoke City,0–0,Millwall,21409,Bet365 Stadium,Geoff Eltringham,/en/matches/cc0c19f9/Stoke-City-Millwall-December-23-2023-Championship,,cc0c19f9
ENG-Championship,2324,2023-12-23 Sunderland-Coventry City,Championship,23,Sat,2023-12-23,15:00,Sunderland,0–3,Coventry City,41216,Stadium of Light,Matt Donohue,/en/matches/89c57f52/Sunderland-Coventry-City-December-23-2023-Championship,,89c57f52
ENG-Championship,2324,2023-12-26 Birmingham City-Stoke City,Championship,24,Tue,2023-12-26,17:15,Birmingham City,1–3,Stoke City,21640,St. Andrew's @ Knighthead Park,Robert Madley,/en/matches/7c1251bf/Birmingham-City-Stoke-City-December-26-2023-Championship,,7c1251bf
ENG-Championship,2324,2023-12-26 Cardiff City-Plymouth Argyle,Championship,24,Tue,2023-12-26,15:00,Cardiff City,2–2,Plymouth Argyle,23583,Cardiff City Stadium,Andrew Davies,/en/matches/bc0bc17b/Cardiff-City-Plymouth-Argyle-December-26-2023-Championship,,bc0bc17b
ENG-Championship,2324,2023-12-26 Coventry City-Sheffield Weds,Championship,24,Tue,2023-12-26,15:00,Coventry City,2–0,Sheffield Weds,29208,Coventry Building Society Arena,Oliver Langford,/en/matches/3979fdaf/Coventry-City-Sheffield-Wednesday-December-26-2023-Championship,,3979fdaf
ENG-Championship,2324,2023-12-26 Huddersfield Town-Blackburn Rovers,Championship,24,Tue,2023-12-26,15:00,Huddersfield Town,3–0,Blackburn Rovers,20516,The John Smith's Stadium,Darren England,/en/matches/242b3d36/Huddersfield-Town-Blackburn-Rovers-December-26-2023-Championship,,242b3d36
ENG-Championship,2324,2023-12-26 Hull City-Sunderland,Championship,24,Tue,2023-12-26,15:00,Hull City,0–1,Sunderland,24420,MKM Stadium,Sunny Gill,/en/matches/1163e4dd/Hull-City-Sunderland-December-26-2023-Championship,,1163e4dd
ENG-Championship,2324,2023-12-26 Ipswich Town-Leicester City,Championship,24,Tue,2023-12-26,19:45,Ipswich Town,1–1,Leicester City,29410,Portman Road Stadium,Samuel Barrott,/en/matches/e7c181a4/Ipswich-Town-Leicester-City-December-26-2023-Championship,,e7c181a4
ENG-Championship,2324,2023-12-26 Millwall-QPR,Championship,24,Tue,2023-12-26,13:00,Millwall,2–0,QPR,17432,The Den,Thomas Bramall,/en/matches/eb6128b4/Millwall-Queens-Park-Rangers-December-26-2023-Championship,,eb6128b4
ENG-Championship,2324,2023-12-26 Preston North End-Leeds United,Championship,24,Tue,2023-12-26,12:30,Preston North End,2–1,Leeds United,21816,Deepdale Stadium,Joshua Smith,/en/matches/7e4e5ea5/Preston-North-End-Leeds-United-December-26-2023-Championship,,7e4e5ea5
ENG-Championship,2324,2023-12-26 Rotherham United-Middlesbrough,Championship,24,Tue,2023-12-26,15:00,Rotherham United,1–0,Middlesbrough,11487,AESSEAL New York Stadium,Andrew Kitchen,/en/matches/2bf17ab0/Rotherham-United-Middlesbrough-December-26-2023-Championship,,2bf17ab0
ENG-Championship,2324,2023-12-26 Southampton-Swansea City,Championship,24,Tue,2023-12-26,15:00,Southampton,5–0,Swansea City,30279,St. Mary's Stadium,Keith Stroud,/en/matches/63bb1999/Southampton-Swansea-City-December-26-2023-Championship,,63bb1999
ENG-Championship,2324,2023-12-26 Watford-Bristol City,Championship,24,Tue,2023-12-26,15:00,Watford,1–4,Bristol City,19626,Vicarage Road Stadium,John Busby,/en/matches/0179f86f/Watford-Bristol-City-December-26-2023-Championship,,0179f86f
ENG-Championship,2324,2023-12-26 West Brom-Norwich City,Championship,24,Tue,2023-12-26,15:00,West Brom,1–0,Norwich City,25086,The Hawthorns,James Bell,/en/matches/acae5747/West-Bromwich-Albion-Norwich-City-December-26-2023-Championship,,acae5747
ENG-Championship,2324,2023-12-29 Birmingham City-Bristol City,Championship,25,Fri,2023-12-29,19:45,Birmingham City,0–0,Bristol City,21231,St. Andrew's @ Knighthead Park,Geoff Eltringham,/en/matches/8c80e968/Birmingham-City-Bristol-City-December-29-2023-Championship,,8c80e968
ENG-Championship,2324,2023-12-29 Cardiff City-Leicester City,Championship,25,Fri,2023-12-29,19:45,Cardiff City,0–2,Leicester City,24656,Cardiff City Stadium,John Busby,/en/matches/f0db7e84/Cardiff-City-Leicester-City-December-29-2023-Championship,,f0db7e84
ENG-Championship,2324,2023-12-29 Coventry City-Swansea City,Championship,25,Fri,2023-12-29,19:45,Coventry City,2–2,Swansea City,25807,Coventry Building Society Arena,Thomas Kirk,/en/matches/1626facd/Coventry-City-Swansea-City-December-29-2023-Championship,,1626facd
ENG-Championship,2324,2023-12-29 Huddersfield Town-Middlesbrough,Championship,25,Fri,2023-12-29,19:45,Huddersfield Town,1–2,Middlesbrough,20045,The John Smith's Stadium,Ben Toner,/en/matches/3f6a798c/Huddersfield-Town-Middlesbrough-December-29-2023-Championship,,3f6a798c
ENG-Championship,2324,2023-12-29 Hull City-Blackburn Rovers,Championship,25,Fri,2023-12-29,19:45,Hull City,3–2,Blackburn Rovers,21876,MKM Stadium,Matt Donohue,/en/matches/bb0893c5/Hull-City-Blackburn-Rovers-December-29-2023-Championship,,bb0893c5
ENG-Championship,2324,2023-12-29 Ipswich Town-QPR,Championship,25,Fri,2023-12-29,19:45,Ipswich Town,0–0,QPR,29100,Portman Road Stadium,David Webb,/en/matches/fe74e044/Ipswich-Town-Queens-Park-Rangers-December-29-2023-Championship,,fe74e044
ENG-Championship,2324,2023-12-29 Millwall-Norwich City,Championship,25,Fri,2023-12-29,19:45,Millwall,1–0,Norwich City,17715,The Den,Dean Whitestone,/en/matches/e6f7f8f5/Millwall-Norwich-City-December-29-2023-Championship,,e6f7f8f5
ENG-Championship,2324,2023-12-29 Preston North End-Sheffield Weds,Championship,25,Fri,2023-12-29,19:45,Preston North End,0–1,Sheffield Weds,19763,Deepdale Stadium,Rebecca Welch,/en/matches/a965e50d/Preston-North-End-Sheffield-Wednesday-December-29-2023-Championship,,a965e50d
ENG-Championship,2324,2023-12-29 Rotherham United-Sunderland,Championship,25,Fri,2023-12-29,19:45,Rotherham United,1–1,Sunderland,11323,AESSEAL New York Stadium,Tony Harrington,/en/matches/04cf8f97/Rotherham-United-Sunderland-December-29-2023-Championship,,04cf8f97
ENG-Championship,2324,2023-12-29 Southampton-Plymouth Argyle,Championship,25,Fri,2023-12-29,18:00,Southampton,2–1,Plymouth Argyle,30559,St. Mary's Stadium,James Linington,/en/matches/18266904/Southampton-Plymouth-Argyle-December-29-2023-Championship,,18266904
ENG-Championship,2324,2023-12-29 Watford-Stoke City,Championship,25,Fri,2023-12-29,19:45,Watford,1–1,Stoke City,19643,Vicarage Road Stadium,Scott Oldham,/en/matches/e37811f5/Watford-Stoke-City-December-29-2023-Championship,,e37811f5
ENG-Championship,2324,2023-12-29 West Brom-Leeds United,Championship,25,Fri,2023-12-29,20:15,West Brom,1–0,Leeds United,25409,The Hawthorns,Graham Scott,/en/matches/143b4b7b/West-Bromwich-Albion-Leeds-United-December-29-2023-Championship,,143b4b7b
ENG-Championship,2324,2024-01-01 Blackburn Rovers-Rotherham United,Championship,26,Mon,2024-01-01,15:00,Blackburn Rovers,2–2,Rotherham United,13054,Ewood Park,Jarred Gillett,/en/matches/3cd0204f/Blackburn-Rovers-Rotherham-United-January-1-2024-Championship,,3cd0204f
ENG-Championship,2324,2024-01-01 Bristol City-Millwall,Championship,26,Mon,2024-01-01,15:00,Bristol City,0–1,Millwall,21755,Ashton Gate Stadium,Tom Nield,/en/matches/86121494/Bristol-City-Millwall-January-1-2024-Championship,,86121494
ENG-Championship,2324,2024-01-01 Leeds United-Birmingham City,Championship,26,Mon,2024-01-01,15:00,Leeds United,3–0,Birmingham City,36086,Elland Road,Keith Stroud,/en/matches/74628de0/Leeds-United-Birmingham-City-January-1-2024-Championship,,74628de0
ENG-Championship,2324,2024-01-01 Leicester City-Huddersfield Town,Championship,26,Mon,2024-01-01,15:00,Leicester City,4–1,Huddersfield Town,30407,King Power Stadium,Samuel Allison,/en/matches/c69e3501/Leicester-City-Huddersfield-Town-January-1-2024-Championship,,c69e3501
ENG-Championship,2324,2024-01-01 Middlesbrough-Coventry City,Championship,26,Mon,2024-01-01,15:00,Middlesbrough,1–3,Coventry City,28409,Riverside Stadium,David Webb,/en/matches/8e19d332/Middlesbrough-Coventry-City-January-1-2024-Championship,,8e19d332
ENG-Championship,2324,2024-01-01 Norwich City-Southampton,Championship,26,Mon,2024-01-01,15:00,Norwich City,1–1,Southampton,26467,Carrow Road,Darren England,/en/matches/85d008dc/Norwich-City-Southampton-January-1-2024-Championship,,85d008dc
ENG-Championship,2324,2024-01-01 Plymouth Argyle-Watford,Championship,26,Mon,2024-01-01,15:00,Plymouth Argyle,3–3,Watford,16355,Home Park,Robert Madley,/en/matches/1d15d895/Plymouth-Argyle-Watford-January-1-2024-Championship,,1d15d895
ENG-Championship,2324,2024-01-01 QPR-Cardiff City,Championship,26,Mon,2024-01-01,15:00,QPR,1–2,Cardiff City,16849,MATRADE Loftus Road Stadium,Andrew Kitchen,/en/matches/f68f79a6/Queens-Park-Rangers-Cardiff-City-January-1-2024-Championship,,f68f79a6
ENG-Championship,2324,2024-01-01 Sheffield Weds-Hull City,Championship,26,Mon,2024-01-01,17:15,Sheffield Weds,3–1,Hull City,27489,Hillsborough Stadium,Darren Bond,/en/matches/e39d7b0d/Sheffield-Wednesday-Hull-City-January-1-2024-Championship,,e39d7b0d
ENG-Championship,2324,2024-01-01 Stoke City-Ipswich Town,Championship,26,Mon,2024-01-01,15:00,Stoke City,0–0,Ipswich Town,23121,Bet365 Stadium,James Bell,/en/matches/247d64ef/Stoke-City-Ipswich-Town-January-1-2024-Championship,,247d64ef
ENG-Championship,2324,2024-01-01 Sunderland-Preston North End,Championship,26,Mon,2024-01-01,12:30,Sunderland,2–0,Preston North End,42714,Stadium of Light,Oliver Langford,/en/matches/9cc67da6/Sunderland-Preston-North-End-January-1-2024-Championship,,9cc67da6
ENG-Championship,2324,2024-01-01 Swansea City-West Brom,Championship,26,Mon,2024-01-01,15:00,Swansea City,1–0,West Brom,16797,Swansea.com Stadium,Andrew Davies,/en/matches/f019cb45/Swansea-City-West-Bromwich-Albion-January-1-2024-Championship,,f019cb45
ENG-Championship,2324,2024-01-12 Hull City-Norwich City,Championship,27,Fri,2024-01-12,20:00,Hull City,1–2,Norwich City,24103,MKM Stadium,Andrew Kitchen,/en/matches/740f5137/Hull-City-Norwich-City-January-12-2024-Championship,,740f5137
ENG-Championship,2324,2024-01-13 Birmingham City-Swansea City,Championship,27,Sat,2024-01-13,15:00,Birmingham City,2–2,Swansea City,21116,St. Andrew's @ Knighthead Park,Matt Donohue,/en/matches/c92c4854/Birmingham-City-Swansea-City-January-13-2024-Championship,,c92c4854
ENG-Championship,2324,2024-01-13 Cardiff City-Leeds United,Championship,27,Sat,2024-01-13,15:00,Cardiff City,0–3,Leeds United,25991,Cardiff City Stadium,Oliver Langford,/en/matches/bb36599c/Cardiff-City-Leeds-United-January-13-2024-Championship,,bb36599c
ENG-Championship,2324,2024-01-13 Coventry City-Leicester City,Championship,27,Sat,2024-01-13,12:30,Coventry City,3–1,Leicester City,29914,Coventry Building Society Arena,Darren England,/en/matches/0bcc30ad/Coventry-City-Leicester-City-January-13-2024-Championship,,0bcc30ad
ENG-Championship,2324,2024-01-13 Huddersfield Town-Plymouth Argyle,Championship,27,Sat,2024-01-13,15:00,Huddersfield Town,1–1,Plymouth Argyle,20253,The John Smith's Stadium,Tom Nield,/en/matches/a1176618/Huddersfield-Town-Plymouth-Argyle-January-13-2024-Championship,,a1176618
ENG-Championship,2324,2024-01-13 Ipswich Town-Sunderland,Championship,27,Sat,2024-01-13,17:30,Ipswich Town,2–1,Sunderland,29291,Portman Road Stadium,Samuel Allison,/en/matches/5bad86e6/Ipswich-Town-Sunderland-January-13-2024-Championship,,5bad86e6
ENG-Championship,2324,2024-01-13 Millwall-Middlesbrough,Championship,27,Sat,2024-01-13,15:15,Millwall,1–3,Middlesbrough,16681,The Den,Andrew Davies,/en/matches/e83a4449/Millwall-Middlesbrough-January-13-2024-Championship,,e83a4449
ENG-Championship,2324,2024-01-13 Preston North End-Bristol City,Championship,27,Sat,2024-01-13,15:00,Preston North End,2–0,Bristol City,14929,Deepdale Stadium,Samuel Barrott,/en/matches/502ddf0f/Preston-North-End-Bristol-City-January-13-2024-Championship,,502ddf0f
ENG-Championship,2324,2024-01-13 Rotherham United-Stoke City,Championship,27,Sat,2024-01-13,15:00,Rotherham United,0–1,Stoke City,11002,AESSEAL New York Stadium,Keith Stroud,/en/matches/307a356e/Rotherham-United-Stoke-City-January-13-2024-Championship,,307a356e
ENG-Championship,2324,2024-01-13 Southampton-Sheffield Weds,Championship,27,Sat,2024-01-13,15:00,Southampton,4–0,Sheffield Weds,30189,St. Mary's Stadium,Lewis Smith,/en/matches/6e3faae4/Southampton-Sheffield-Wednesday-January-13-2024-Championship,,6e3faae4
ENG-Championship,2324,2024-01-13 West Brom-Blackburn Rovers,Championship,27,Sat,2024-01-13,15:00,West Brom,4–1,Blackburn Rovers,24409,The Hawthorns,Stephen Martin,/en/matches/c260b1c3/West-Bromwich-Albion-Blackburn-Rovers-January-13-2024-Championship,,c260b1c3
ENG-Championship,2324,2024-01-14 QPR-Watford,Championship,27,Sun,2024-01-14,12:00,QPR,1–2,Watford,17409,MATRADE Loftus Road Stadium,Simon Hooper,/en/matches/6bc33254/Queens-Park-Rangers-Watford-January-14-2024-Championship,,6bc33254
ENG-Championship,2324,2024-01-19 Sunderland-Hull City,Championship,28,Fri,2024-01-19,20:00,Sunderland,0–1,Hull City,40219,Stadium of Light,Robert Jones,/en/matches/b7284339/Sunderland-Hull-City-January-19-2024-Championship,,b7284339
ENG-Championship,2324,2024-01-20 Blackburn Rovers-Huddersfield Town,Championship,28,Sat,2024-01-20,15:00,Blackburn Rovers,1–1,Huddersfield Town,14529,Ewood Park,James Linington,/en/matches/6212f5b4/Blackburn-Rovers-Huddersfield-Town-January-20-2024-Championship,,6212f5b4
ENG-Championship,2324,2024-01-20 Bristol City-Watford,Championship,28,Sat,2024-01-20,15:00,Bristol City,1–1,Watford,23611,Ashton Gate Stadium,Andrew Kitchen,/en/matches/b84da411/Bristol-City-Watford-January-20-2024-Championship,,b84da411
ENG-Championship,2324,2024-01-20 Middlesbrough-Rotherham United,Championship,28,Sat,2024-01-20,15:00,Middlesbrough,1–1,Rotherham United,26140,Riverside Stadium,Darren Bond,/en/matches/20da6dcc/Middlesbrough-Rotherham-United-January-20-2024-Championship,,20da6dcc
ENG-Championship,2324,2024-01-20 Norwich City-West Brom,Championship,28,Sat,2024-01-20,15:00,Norwich City,2–0,West Brom,25180,Carrow Road,Sunny Gill,/en/matches/1df4975c/Norwich-City-West-Bromwich-Albion-January-20-2024-Championship,,1df4975c
ENG-Championship,2324,2024-01-20 Plymouth Argyle-Cardiff City,Championship,28,Sat,2024-01-20,15:00,Plymouth Argyle,3–1,Cardiff City,16471,Home Park,Mark Dwyer,/en/matches/fc5b9793/Plymouth-Argyle-Cardiff-City-January-20-2024-Championship,,fc5b9793
ENG-Championship,2324,2024-01-20 QPR-Millwall,Championship,28,Sat,2024-01-20,15:00,QPR,2–0,Millwall,17184,MATRADE Loftus Road Stadium,Lewis Smith,/en/matches/234eb307/Queens-Park-Rangers-Millwall-January-20-2024-Championship,,234eb307
ENG-Championship,2324,2024-01-20 Sheffield Weds-Coventry City,Championship,28,Sat,2024-01-20,15:00,Sheffield Weds,1–2,Coventry City,28129,Hillsborough Stadium,Anthony Backhouse,/en/matches/ae985f24/Sheffield-Wednesday-Coventry-City-January-20-2024-Championship,,ae985f24
ENG-Championship,2324,2024-01-20 Stoke City-Birmingham City,Championship,28,Sat,2024-01-20,15:00,Stoke City,1–2,Birmingham City,25058,Bet365 Stadium,Samuel Barrott,/en/matches/adb3e481/Stoke-City-Birmingham-City-January-20-2024-Championship,,adb3e481
ENG-Championship,2324,2024-01-20 Swansea City-Southampton,Championship,28,Sat,2024-01-20,12:30,Swansea City,1–3,Southampton,17356,Swansea.com Stadium,Oliver Langford,/en/matches/e16189d1/Swansea-City-Southampton-January-20-2024-Championship,,e16189d1
ENG-Championship,2324,2024-01-21 Leeds United-Preston North End,Championship,28,Sun,2024-01-21,12:00,Leeds United,2–1,Preston North End,36570,Elland Road,David Webb,/en/matches/1bc7234d/Leeds-United-Preston-North-End-January-21-2024-Championship,,1bc7234d
ENG-Championship,2324,2024-01-22 Leicester City-Ipswich Town,Championship,28,Mon,2024-01-22,20:00,Leicester City,1–1,Ipswich Town,31794,King Power Stadium,Joshua Smith,/en/matches/df46c29c/Leicester-City-Ipswich-Town-January-22-2024-Championship,,df46c29c
ENG-Championship,2324,2024-01-24 Leeds United-Norwich City,Championship,29,Wed,2024-01-24,19:45,Leeds United,1–0,Norwich City,34380,Elland Road,Matt Donohue,/en/matches/019a1541/Leeds-United-Norwich-City-January-24-2024-Championship,,019a1541
ENG-Championship,2324,2024-01-27 Millwall-Preston North End,Championship,29,Sat,2024-01-27,15:00,Millwall,1–1,Preston North End,14744,The Den,John Busby,/en/matches/bad3d7a1/Millwall-Preston-North-End-January-27-2024-Championship,,bad3d7a1
ENG-Championship,2324,2024-01-27 Sunderland-Stoke City,Championship,29,Sat,2024-01-27,15:00,Sunderland,3–1,Stoke City,41394,Stadium of Light,Andrew Davies,/en/matches/e1098cf2/Sunderland-Stoke-City-January-27-2024-Championship,,e1098cf2
ENG-Championship,2324,2024-01-28 QPR-Huddersfield Town,Championship,29,Sun,2024-01-28,13:30,QPR,1–1,Huddersfield Town,16483,MATRADE Loftus Road Stadium,Stephen Martin,/en/matches/e6e2d637/Queens-Park-Rangers-Huddersfield-Town-January-28-2024-Championship,,e6e2d637
ENG-Championship,2324,2024-01-30 Coventry City-Bristol City,Championship,29,Tue,2024-01-30,19:45,Coventry City,2–2,Bristol City,22724,Coventry Building Society Arena,Leigh Doughty,/en/matches/528d92a8/Coventry-City-Bristol-City-January-30-2024-Championship,,528d92a8
ENG-Championship,2324,2024-01-30 Leicester City-Swansea City,Championship,29,Tue,2024-01-30,19:45,Leicester City,3–1,Swansea City,28025,King Power Stadium,Keith Stroud,/en/matches/c3484b52/Leicester-City-Swansea-City-January-30-2024-Championship,,c3484b52
ENG-Championship,2324,2024-01-31 Sheffield Weds-Watford,Championship,29,Wed,2024-01-31,19:45,Sheffield Weds,0–0,Watford,22303,Hillsborough Stadium,Rebecca Welch,/en/matches/863c2abf/Sheffield-Wednesday-Watford-January-31-2024-Championship,,863c2abf
ENG-Championship,2324,2024-02-02 Bristol City-Leeds United,Championship,30,Fri,2024-02-02,20:00,Bristol City,0–1,Leeds United,25429,Ashton Gate Stadium,Stephen Martin,/en/matches/22986c68/Bristol-City-Leeds-United-February-2-2024-Championship,,22986c68
ENG-Championship,2324,2024-02-03 Blackburn Rovers-QPR,Championship,30,Sat,2024-02-03,15:00,Blackburn Rovers,1–2,QPR,12888,Ewood Park,Geoff Eltringham,/en/matches/588702ea/Blackburn-Rovers-Queens-Park-Rangers-February-3-2024-Championship,,588702ea
ENG-Championship,2324,2024-02-03 Huddersfield Town-Sheffield Weds,Championship,30,Sat,2024-02-03,15:00,Huddersfield Town,4–0,Sheffield Weds,21067,The John Smith's Stadium,Matt Donohue,/en/matches/e88ba1a4/Huddersfield-Town-Sheffield-Wednesday-February-3-2024-Championship,,e88ba1a4
ENG-Championship,2324,2024-02-03 Hull City-Millwall,Championship,30,Sat,2024-02-03,15:00,Hull City,1–0,Millwall,21486,MKM Stadium,Anthony Backhouse,/en/matches/a8f5a8fa/Hull-City-Millwall-February-3-2024-Championship,,a8f5a8fa
ENG-Championship,2324,2024-02-03 Norwich City-Coventry City,Championship,30,Sat,2024-02-03,15:00,Norwich City,2–1,Coventry City,26306,Carrow Road,Gavin Ward,/en/matches/f5f29df7/Norwich-City-Coventry-City-February-3-2024-Championship,,f5f29df7
ENG-Championship,2324,2024-02-03 Preston North End-Ipswich Town,Championship,30,Sat,2024-02-03,15:00,Preston North End,3–2,Ipswich Town,17313,Deepdale Stadium,Graham Scott,/en/matches/58ee366b/Preston-North-End-Ipswich-Town-February-3-2024-Championship,,58ee366b
ENG-Championship,2324,2024-02-03 Rotherham United-Southampton,Championship,30,Sat,2024-02-03,15:00,Rotherham United,0–2,Southampton,11179,AESSEAL New York Stadium,Sunny Gill,/en/matches/3972e204/Rotherham-United-Southampton-February-3-2024-Championship,,3972e204
ENG-Championship,2324,2024-02-03 Stoke City-Leicester City,Championship,30,Sat,2024-02-03,15:00,Stoke City,0–5,Leicester City,22657,Bet365 Stadium,Lewis Smith,/en/matches/f51a832b/Stoke-City-Leicester-City-February-3-2024-Championship,,f51a832b
ENG-Championship,2324,2024-02-03 Swansea City-Plymouth Argyle,Championship,30,Sat,2024-02-03,15:00,Swansea City,0–1,Plymouth Argyle,16965,Swansea.com Stadium,Samuel Allison,/en/matches/d1653138/Swansea-City-Plymouth-Argyle-February-3-2024-Championship,,d1653138
ENG-Championship,2324,2024-02-03 Watford-Cardiff City,Championship,30,Sat,2024-02-03,15:00,Watford,0–1,Cardiff City,19739,Vicarage Road Stadium,John Busby,/en/matches/c2126b04/Watford-Cardiff-City-February-3-2024-Championship,,c2126b04
ENG-Championship,2324,2024-02-03 West Brom-Birmingham City,Championship,30,Sat,2024-02-03,15:00,West Brom,1–0,Birmingham City,24353,The Hawthorns,David Webb,/en/matches/a94e9ef5/West-Bromwich-Albion-Birmingham-City-February-3-2024-Championship,,a94e9ef5
ENG-Championship,2324,2024-02-04 Middlesbrough-Sunderland,Championship,30,Sun,2024-02-04,12:00,Middlesbrough,1–1,Sunderland,31716,Riverside Stadium,Darren England,/en/matches/c9353098/Middlesbrough-Sunderland-February-4-2024-Championship,,c9353098
ENG-Championship,2324,2024-02-09 Sheffield Weds-Birmingham City,Championship,31,Fri,2024-02-09,20:00,Sheffield Weds,2–0,Birmingham City,25431,Hillsborough Stadium,Andrew Davies,/en/matches/f01f82bb/Sheffield-Wednesday-Birmingham-City-February-9-2024-Championship,,f01f82bb
ENG-Championship,2324,2024-02-10 Blackburn Rovers-Stoke City,Championship,31,Sat,2024-02-10,15:00,Blackburn Rovers,3–1,Stoke City,15104,Ewood Park,Gavin Ward,/en/matches/895483ec/Blackburn-Rovers-Stoke-City-February-10-2024-Championship,,895483ec
ENG-Championship,2324,2024-02-10 Cardiff City-Preston North End,Championship,31,Sat,2024-02-10,15:00,Cardiff City,0–2,Preston North End,18763,Cardiff City Stadium,Dean Whitestone,/en/matches/4a37773b/Cardiff-City-Preston-North-End-February-10-2024-Championship,,4a37773b
ENG-Championship,2324,2024-02-10 Hull City-Swansea City,Championship,31,Sat,2024-02-10,15:00,Hull City,0–1,Swansea City,21017,MKM Stadium,Geoff Eltringham,/en/matches/4a91dc34/Hull-City-Swansea-City-February-10-2024-Championship,,4a91dc34
ENG-Championship,2324,2024-02-10 Ipswich Town-West Brom,Championship,31,Sat,2024-02-10,12:30,Ipswich Town,2–2,West Brom,29016,Portman Road Stadium,David Coote,/en/matches/b6a9c63d/Ipswich-Town-West-Bromwich-Albion-February-10-2024-Championship,,b6a9c63d
ENG-Championship,2324,2024-02-10 Leeds United-Rotherham United,Championship,31,Sat,2024-02-10,15:00,Leeds United,3–0,Rotherham United,35261,Elland Road,Andy Madley,/en/matches/eefbfafe/Leeds-United-Rotherham-United-February-10-2024-Championship,,eefbfafe
ENG-Championship,2324,2024-02-10 Middlesbrough-Bristol City,Championship,31,Sat,2024-02-10,15:00,Middlesbrough,1–2,Bristol City,24881,Riverside Stadium,Samuel Allison,/en/matches/f21f4e26/Middlesbrough-Bristol-City-February-10-2024-Championship,,f21f4e26
ENG-Championship,2324,2024-02-10 QPR-Norwich City,Championship,31,Sat,2024-02-10,15:00,QPR,2–2,Norwich City,17831,MATRADE Loftus Road Stadium,Ben Toner,/en/matches/3bb53ade/Queens-Park-Rangers-Norwich-City-February-10-2024-Championship,,3bb53ade
ENG-Championship,2324,2024-02-10 Southampton-Huddersfield Town,Championship,31,Sat,2024-02-10,15:00,Southampton,5–3,Huddersfield Town,29863,St. Mary's Stadium,David Webb,/en/matches/b7bcfa2e/Southampton-Huddersfield-Town-February-10-2024-Championship,,b7bcfa2e
ENG-Championship,2324,2024-02-10 Sunderland-Plymouth Argyle,Championship,31,Sat,2024-02-10,15:00,Sunderland,3–1,Plymouth Argyle,41269,Stadium of Light,Anthony Backhouse,/en/matches/78d0398c/Sunderland-Plymouth-Argyle-February-10-2024-Championship,,78d0398c
ENG-Championship,2324,2024-02-10 Watford-Leicester City,Championship,31,Sat,2024-02-10,15:00,Watford,1–2,Leicester City,20597,Vicarage Road Stadium,Oliver Langford,/en/matches/a0e943fb/Watford-Leicester-City-February-10-2024-Championship,,a0e943fb
ENG-Championship,2324,2024-02-11 Coventry City-Millwall,Championship,31,Sun,2024-02-11,12:00,Coventry City,2–1,Millwall,24168,Coventry Building Society Arena,Andrew Kitchen,/en/matches/9de7d115/Coventry-City-Millwall-February-11-2024-Championship,,9de7d115
ENG-Championship,2324,2024-02-13 Birmingham City-Blackburn Rovers,Championship,32,Tue,2024-02-13,19:45,Birmingham City,1–0,Blackburn Rovers,18117,St. Andrew's @ Knighthead Park,Thomas Kirk,/en/matches/1e759cfd/Birmingham-City-Blackburn-Rovers-February-13-2024-Championship,,1e759cfd
ENG-Championship,2324,2024-02-13 Bristol City-Southampton,Championship,32,Tue,2024-02-13,20:00,Bristol City,3–1,Southampton,24661,Ashton Gate Stadium,Matt Donohue,/en/matches/ab404043/Bristol-City-Southampton-February-13-2024-Championship,,ab404043
ENG-Championship,2324,2024-02-13 Leicester City-Sheffield Weds,Championship,32,Tue,2024-02-13,19:45,Leicester City,2–0,Sheffield Weds,31550,King Power Stadium,Tom Nield,/en/matches/01f668c2/Leicester-City-Sheffield-Wednesday-February-13-2024-Championship,,01f668c2
ENG-Championship,2324,2024-02-13 Norwich City-Watford,Championship,32,Tue,2024-02-13,19:45,Norwich City,4–2,Watford,25325,Carrow Road,Stuart Attwell,/en/matches/427dcd7e/Norwich-City-Watford-February-13-2024-Championship,,427dcd7e
ENG-Championship,2324,2024-02-13 Rotherham United-Hull City,Championship,32,Tue,2024-02-13,19:45,Rotherham United,1–2,Hull City,10668,AESSEAL New York Stadium,Leigh Doughty,/en/matches/4afca8a6/Rotherham-United-Hull-City-February-13-2024-Championship,,4afca8a6
ENG-Championship,2324,2024-02-13 Swansea City-Leeds United,Championship,32,Tue,2024-02-13,19:45,Swansea City,0–4,Leeds United,17897,Swansea.com Stadium,David Webb,/en/matches/1a098447/Swansea-City-Leeds-United-February-13-2024-Championship,,1a098447
ENG-Championship,2324,2024-02-13 West Brom-Cardiff City,Championship,32,Tue,2024-02-13,20:00,West Brom,2–0,Cardiff City,23541,The Hawthorns,Rebecca Welch,/en/matches/773f8407/West-Bromwich-Albion-Cardiff-City-February-13-2024-Championship,,773f8407
ENG-Championship,2324,2024-02-14 Huddersfield Town-Sunderland,Championship,32,Wed,2024-02-14,19:45,Huddersfield Town,1–0,Sunderland,19550,The John Smith's Stadium,Gavin Ward,/en/matches/79b30a36/Huddersfield-Town-Sunderland-February-14-2024-Championship,,79b30a36
ENG-Championship,2324,2024-02-14 Millwall-Ipswich Town,Championship,32,Wed,2024-02-14,20:00,Millwall,0–4,Ipswich Town,15890,The Den,Samuel Barrott,/en/matches/2532c6b7/Millwall-Ipswich-Town-February-14-2024-Championship,,2532c6b7
ENG-Championship,2324,2024-02-14 Plymouth Argyle-Coventry City,Championship,32,Wed,2024-02-14,19:45,Plymouth Argyle,2–2,Coventry City,16799,Home Park,Keith Stroud,/en/matches/91a56a4e/Plymouth-Argyle-Coventry-City-February-14-2024-Championship,,91a56a4e
ENG-Championship,2324,2024-02-14 Preston North End-Middlesbrough,Championship,32,Wed,2024-02-14,19:45,Preston North End,2–1,Middlesbrough,15282,Deepdale Stadium,Tony Harrington,/en/matches/087a18be/Preston-North-End-Middlesbrough-February-14-2024-Championship,,087a18be
ENG-Championship,2324,2024-02-14 Stoke City-QPR,Championship,32,Wed,2024-02-14,19:45,Stoke City,1–0,QPR,19307,Bet365 Stadium,Andrew Kitchen,/en/matches/c7512d1f/Stoke-City-Queens-Park-Rangers-February-14-2024-Championship,,c7512d1f
ENG-Championship,2324,2024-02-16 West Brom-Southampton,Championship,33,Fri,2024-02-16,20:00,West Brom,0–2,Southampton,25066,The Hawthorns,Samuel Allison,/en/matches/0ab6f782/West-Bromwich-Albion-Southampton-February-16-2024-Championship,,0ab6f782
ENG-Championship,2324,2024-02-17 Birmingham City-Sunderland,Championship,33,Sat,2024-02-17,15:00,Birmingham City,2–1,Sunderland,27449,St. Andrew's @ Knighthead Park,Steve Martin,/en/matches/089a9a01/Birmingham-City-Sunderland-February-17-2024-Championship,,089a9a01
ENG-Championship,2324,2024-02-17 Bristol City-QPR,Championship,33,Sat,2024-02-17,15:00,Bristol City,0–1,QPR,23619,Ashton Gate Stadium,Samuel Barrott,/en/matches/743cf6f2/Bristol-City-Queens-Park-Rangers-February-17-2024-Championship,,743cf6f2
ENG-Championship,2324,2024-02-17 Huddersfield Town-Hull City,Championship,33,Sat,2024-02-17,15:00,Huddersfield Town,1–2,Hull City,19947,The John Smith's Stadium,Rebecca Welch,/en/matches/e7514147/Huddersfield-Town-Hull-City-February-17-2024-Championship,,e7514147
ENG-Championship,2324,2024-02-17 Leicester City-Middlesbrough,Championship,33,Sat,2024-02-17,15:00,Leicester City,1–2,Middlesbrough,31487,King Power Stadium,Chris Kavanagh,/en/matches/5b050d0b/Leicester-City-Middlesbrough-February-17-2024-Championship,,5b050d0b
ENG-Championship,2324,2024-02-17 Millwall-Sheffield Weds,Championship,33,Sat,2024-02-17,15:00,Millwall,0–2,Sheffield Weds,17041,The Den,Geoff Eltringham,/en/matches/de81d5f6/Millwall-Sheffield-Wednesday-February-17-2024-Championship,,de81d5f6
ENG-Championship,2324,2024-02-17 Norwich City-Cardiff City,Championship,33,Sat,2024-02-17,15:00,Norwich City,4–1,Cardiff City,25902,Carrow Road,Darren Bond,/en/matches/54a6229e/Norwich-City-Cardiff-City-February-17-2024-Championship,,54a6229e
ENG-Championship,2324,2024-02-17 Plymouth Argyle-Leeds United,Championship,33,Sat,2024-02-17,12:30,Plymouth Argyle,0–2,Leeds United,16818,Home Park,Matt Donohue,/en/matches/685b1b84/Plymouth-Argyle-Leeds-United-February-17-2024-Championship,,685b1b84
ENG-Championship,2324,2024-02-17 Preston North End-Blackburn Rovers,Championship,33,Sat,2024-02-17,15:00,Preston North End,2–2,Blackburn Rovers,20924,Deepdale Stadium,David Webb,/en/matches/100907dc/Preston-North-End-Blackburn-Rovers-February-17-2024-Championship,,100907dc
ENG-Championship,2324,2024-02-17 Rotherham United-Watford,Championship,33,Sat,2024-02-17,15:00,Rotherham United,0–1,Watford,10143,AESSEAL New York Stadium,Andrew Kitchen,/en/matches/ac03220c/Rotherham-United-Watford-February-17-2024-Championship,,ac03220c
ENG-Championship,2324,2024-02-17 Stoke City-Coventry City,Championship,33,Sat,2024-02-17,15:00,Stoke City,0–1,Coventry City,22866,Bet365 Stadium,James Bell,/en/matches/62ae973b/Stoke-City-Coventry-City-February-17-2024-Championship,,62ae973b
ENG-Championship,2324,2024-02-17 Swansea City-Ipswich Town,Championship,33,Sat,2024-02-17,15:00,Swansea City,1–2,Ipswich Town,16647,Swansea.com Stadium,John Busby,/en/matches/ecea0ca9/Swansea-City-Ipswich-Town-February-17-2024-Championship,,ecea0ca9
ENG-Championship,2324,2024-02-20 Cardiff City-Blackburn Rovers,Championship,29,Tue,2024-02-20,19:45,Cardiff City,0–0,Blackburn Rovers,17131,Cardiff City Stadium,Leigh Doughty,/en/matches/31b38338/Cardiff-City-Blackburn-Rovers-February-20-2024-Championship,,31b38338
ENG-Championship,2324,2024-02-20 Ipswich Town-Rotherham United,Championship,29,Tue,2024-02-20,19:45,Ipswich Town,4–3,Rotherham United,28026,Portman Road Stadium,Keith Stroud,/en/matches/a5d799f1/Ipswich-Town-Rotherham-United-February-20-2024-Championship,,a5d799f1
ENG-Championship,2324,2024-02-20 Plymouth Argyle-West Brom,Championship,29,Tue,2024-02-20,19:45,Plymouth Argyle,0–3,West Brom,16310,Home Park,Tom Nield,/en/matches/43feef12/Plymouth-Argyle-West-Bromwich-Albion-February-20-2024-Championship,,43feef12
ENG-Championship,2324,2024-02-20 Southampton-Hull City,Championship,29,Tue,2024-02-20,19:45,Southampton,1–2,Hull City,26834,St. Mary's Stadium,Oliver Langford,/en/matches/af8a79d7/Southampton-Hull-City-February-20-2024-Championship,,af8a79d7
ENG-Championship,2324,2024-02-23 Coventry City-Preston North End,Championship,34,Fri,2024-02-23,19:45,Coventry City,0–3,Preston North End,24500,Coventry Building Society Arena,Andrew Davies,/en/matches/965d01d3/Coventry-City-Preston-North-End-February-23-2024-Championship,,965d01d3
ENG-Championship,2324,2024-02-23 Leeds United-Leicester City,Championship,34,Fri,2024-02-23,20:00,Leeds United,3–1,Leicester City,36954,Elland Road,Craig Pawson,/en/matches/1b878f1f/Leeds-United-Leicester-City-February-23-2024-Championship,,1b878f1f
ENG-Championship,2324,2024-02-24 Blackburn Rovers-Norwich City,Championship,34,Sat,2024-02-24,15:00,Blackburn Rovers,1–1,Norwich City,12956,Ewood Park,Oliver Langford,/en/matches/53312183/Blackburn-Rovers-Norwich-City-February-24-2024-Championship,,53312183
ENG-Championship,2324,2024-02-24 Cardiff City-Stoke City,Championship,34,Sat,2024-02-24,15:00,Cardiff City,2–1,Stoke City,18976,Cardiff City Stadium,Anthony Backhouse,/en/matches/e51c5e7f/Cardiff-City-Stoke-City-February-24-2024-Championship,,e51c5e7f
ENG-Championship,2324,2024-02-24 Hull City-West Brom,Championship,34,Sat,2024-02-24,12:30,Hull City,1–1,West Brom,22654,MKM Stadium,Stephen Martin,/en/matches/7b85ade7/Hull-City-West-Bromwich-Albion-February-24-2024-Championship,,7b85ade7
ENG-Championship,2324,2024-02-24 Ipswich Town-Birmingham City,Championship,34,Sat,2024-02-24,15:00,Ipswich Town,3–1,Birmingham City,29363,Portman Road Stadium,Gavin Ward,/en/matches/e146f93a/Ipswich-Town-Birmingham-City-February-24-2024-Championship,,e146f93a
ENG-Championship,2324,2024-02-24 Middlesbrough-Plymouth Argyle,Championship,34,Sat,2024-02-24,15:00,Middlesbrough,0–2,Plymouth Argyle,25578,Riverside Stadium,Sunny Gill,/en/matches/b3f851cc/Middlesbrough-Plymouth-Argyle-February-24-2024-Championship,,b3f851cc
ENG-Championship,2324,2024-02-24 QPR-Rotherham United,Championship,34,Sat,2024-02-24,15:00,QPR,2–1,Rotherham United,16351,MATRADE Loftus Road Stadium,Matt Donohue,/en/matches/c758f191/Queens-Park-Rangers-Rotherham-United-February-24-2024-Championship,,c758f191
ENG-Championship,2324,2024-02-24 Sheffield Weds-Bristol City,Championship,34,Sat,2024-02-24,15:00,Sheffield Weds,2–1,Bristol City,26328,Hillsborough Stadium,Thomas Kirk,/en/matches/395db6d2/Sheffield-Wednesday-Bristol-City-February-24-2024-Championship,,395db6d2
ENG-Championship,2324,2024-02-24 Southampton-Millwall,Championship,34,Sat,2024-02-24,15:00,Southampton,1–2,Millwall,30629,St. Mary's Stadium,Thomas Bramall,/en/matches/4e83541f/Southampton-Millwall-February-24-2024-Championship,,4e83541f
ENG-Championship,2324,2024-02-24 Sunderland-Swansea City,Championship,34,Sat,2024-02-24,15:00,Sunderland,1–2,Swansea City,41777,Stadium of Light,Keith Stroud,/en/matches/ac3ed1ba/Sunderland-Swansea-City-February-24-2024-Championship,,ac3ed1ba
ENG-Championship,2324,2024-02-24 Watford-Huddersfield Town,Championship,34,Sat,2024-02-24,15:00,Watford,1–2,Huddersfield Town,18970,Vicarage Road Stadium,Ben Toner,/en/matches/c573197d/Watford-Huddersfield-Town-February-24-2024-Championship,,c573197d
ENG-Championship,2324,2024-03-01 West Brom-Coventry City,Championship,35,Fri,2024-03-01,20:00,West Brom,2–1,Coventry City,24839,The Hawthorns,Lewis Smith,/en/matches/4db419ee/West-Bromwich-Albion-Coventry-City-March-1-2024-Championship,,4db419ee
ENG-Championship,2324,2024-03-02 Birmingham City-Southampton,Championship,35,Sat,2024-03-02,15:00,Birmingham City,3–4,Southampton,21611,St. Andrew's @ Knighthead Park,James Bell,/en/matches/7cc46fc3/Birmingham-City-Southampton-March-2-2024-Championship,,7cc46fc3
ENG-Championship,2324,2024-03-02 Bristol City-Cardiff City,Championship,35,Sat,2024-03-02,12:30,Bristol City,0–1,Cardiff City,24035,Ashton Gate Stadium,Samuel Allison,/en/matches/75c35e79/Bristol-City-Cardiff-City-March-2-2024-Championship,,75c35e79
ENG-Championship,2324,2024-03-02 Huddersfield Town-Leeds United,Championship,35,Sat,2024-03-02,12:30,Huddersfield Town,1–1,Leeds United,22351,The John Smith's Stadium,Andrew Kitchen,/en/matches/3ba0560a/Huddersfield-Town-Leeds-United-March-2-2024-Championship,,3ba0560a
ENG-Championship,2324,2024-03-02 Leicester City-QPR,Championship,35,Sat,2024-03-02,15:00,Leicester City,1–2,QPR,31439,King Power Stadium,Andrew Davies,/en/matches/ab2ff3b6/Leicester-City-Queens-Park-Rangers-March-2-2024-Championship,,ab2ff3b6
ENG-Championship,2324,2024-03-02 Millwall-Watford,Championship,35,Sat,2024-03-02,15:00,Millwall,1–0,Watford,17847,The Den,Gavin Ward,/en/matches/0a752645/Millwall-Watford-March-2-2024-Championship,,0a752645
ENG-Championship,2324,2024-03-02 Norwich City-Sunderland,Championship,35,Sat,2024-03-02,15:00,Norwich City,1–0,Sunderland,26668,Carrow Road,Thomas Kirk,/en/matches/90355075/Norwich-City-Sunderland-March-2-2024-Championship,,90355075
ENG-Championship,2324,2024-03-02 Plymouth Argyle-Ipswich Town,Championship,35,Sat,2024-03-02,15:00,Plymouth Argyle,0–2,Ipswich Town,16871,Home Park,Joshua Smith,/en/matches/9ba0b2e5/Plymouth-Argyle-Ipswich-Town-March-2-2024-Championship,,9ba0b2e5
ENG-Championship,2324,2024-03-02 Preston North End-Hull City,Championship,35,Sat,2024-03-02,15:00,Preston North End,0–0,Hull City,16997,Deepdale Stadium,Thomas Bramall,/en/matches/de9845ea/Preston-North-End-Hull-City-March-2-2024-Championship,,de9845ea
ENG-Championship,2324,2024-03-02 Rotherham United-Sheffield Weds,Championship,35,Sat,2024-03-02,15:00,Rotherham United,0–1,Sheffield Weds,11541,AESSEAL New York Stadium,David Webb,/en/matches/d3a81341/Rotherham-United-Sheffield-Wednesday-March-2-2024-Championship,,d3a81341
ENG-Championship,2324,2024-03-02 Stoke City-Middlesbrough,Championship,35,Sat,2024-03-02,15:00,Stoke City,2–0,Middlesbrough,21673,Bet365 Stadium,John Busby,/en/matches/0daaa0b8/Stoke-City-Middlesbrough-March-2-2024-Championship,,0daaa0b8
ENG-Championship,2324,2024-03-02 Swansea City-Blackburn Rovers,Championship,35,Sat,2024-03-02,15:00,Swansea City,2–1,Blackburn Rovers,15369,Swansea.com Stadium,Rebecca Welch,/en/matches/5d2085e4/Swansea-City-Blackburn-Rovers-March-2-2024-Championship,,5d2085e4
ENG-Championship,2324,2024-03-05 Blackburn Rovers-Millwall,Championship,36,Tue,2024-03-05,19:45,Blackburn Rovers,1–1,Millwall,11711,Ewood Park,Jeremy Simpson,/en/matches/fea44b41/Blackburn-Rovers-Millwall-March-5-2024-Championship,,fea44b41
ENG-Championship,2324,2024-03-05 Coventry City-Rotherham United,Championship,36,Tue,2024-03-05,19:45,Coventry City,5–0,Rotherham United,22092,Coventry Building Society Arena,John Busby,/en/matches/24c5f8b9/Coventry-City-Rotherham-United-March-5-2024-Championship,,24c5f8b9
ENG-Championship,2324,2024-03-05 Hull City-Birmingham City,Championship,36,Tue,2024-03-05,19:45,Hull City,1–1,Birmingham City,20398,MKM Stadium,Keith Stroud,/en/matches/449c33e6/Hull-City-Birmingham-City-March-5-2024-Championship,,449c33e6
ENG-Championship,2324,2024-03-05 Ipswich Town-Bristol City,Championship,36,Tue,2024-03-05,20:00,Ipswich Town,3–2,Bristol City,28001,Portman Road Stadium,David Webb,/en/matches/94a92334/Ipswich-Town-Bristol-City-March-5-2024-Championship,,94a92334
ENG-Championship,2324,2024-03-05 Leeds United-Stoke City,Championship,36,Tue,2024-03-05,19:45,Leeds United,1–0,Stoke City,36118,Elland Road,Oliver Langford,/en/matches/b38c790a/Leeds-United-Stoke-City-March-5-2024-Championship,,b38c790a
ENG-Championship,2324,2024-03-05 Sheffield Weds-Plymouth Argyle,Championship,36,Tue,2024-03-05,19:45,Sheffield Weds,1–0,Plymouth Argyle,23037,Hillsborough Stadium,Stephen Martin,/en/matches/d2f7c28e/Sheffield-Wednesday-Plymouth-Argyle-March-5-2024-Championship,,d2f7c28e
ENG-Championship,2324,2024-03-05 Sunderland-Leicester City,Championship,36,Tue,2024-03-05,19:45,Sunderland,0–1,Leicester City,40293,Stadium of Light,Sunny Gill,/en/matches/f4cf1c04/Sunderland-Leicester-City-March-5-2024-Championship,,f4cf1c04
ENG-Championship,2324,2024-03-06 Cardiff City-Huddersfield Town,Championship,36,Wed,2024-03-06,19:45,Cardiff City,1–0,Huddersfield Town,17243,Cardiff City Stadium,Matt Donohue,/en/matches/65d3f84f/Cardiff-City-Huddersfield-Town-March-6-2024-Championship,,65d3f84f
ENG-Championship,2324,2024-03-06 Middlesbrough-Norwich City,Championship,36,Wed,2024-03-06,19:45,Middlesbrough,3–1,Norwich City,23545,Riverside Stadium,Robert Madley,/en/matches/791174e0/Middlesbrough-Norwich-City-March-6-2024-Championship,,791174e0
ENG-Championship,2324,2024-03-06 QPR-West Brom,Championship,36,Wed,2024-03-06,20:00,QPR,2–2,West Brom,16818,MATRADE Loftus Road Stadium,Geoff Eltringham,/en/matches/12e19b52/Queens-Park-Rangers-West-Bromwich-Albion-March-6-2024-Championship,,12e19b52
ENG-Championship,2324,2024-03-06 Watford-Swansea City,Championship,36,Wed,2024-03-06,19:45,Watford,1–1,Swansea City,16440,Vicarage Road Stadium,Tom Nield,/en/matches/0497271e/Watford-Swansea-City-March-6-2024-Championship,,0497271e
ENG-Championship,2324,2024-03-08 Sheffield Weds-Leeds United,Championship,37,Fri,2024-03-08,20:00,Sheffield Weds,0–2,Leeds United,30032,Hillsborough Stadium,Samuel Allison,/en/matches/153f4f22/Sheffield-Wednesday-Leeds-United-March-8-2024-Championship,,153f4f22
ENG-Championship,2324,2024-03-09 Blackburn Rovers-Plymouth Argyle,Championship,37,Sat,2024-03-09,15:00,Blackburn Rovers,1–1,Plymouth Argyle,14108,Ewood Park,Andrew Kitchen,/en/matches/72f62336/Blackburn-Rovers-Plymouth-Argyle-March-9-2024-Championship,,72f62336
ENG-Championship,2324,2024-03-09 Cardiff City-Ipswich Town,Championship,37,Sat,2024-03-09,12:30,Cardiff City,2–1,Ipswich Town,21771,Cardiff City Stadium,Oliver Langford,/en/matches/944df765/Cardiff-City-Ipswich-Town-March-9-2024-Championship,,944df765
ENG-Championship,2324,2024-03-09 Hull City-Leicester City,Championship,37,Sat,2024-03-09,15:00,Hull City,2–2,Leicester City,24605,MKM Stadium,Samuel Barrott,/en/matches/e4fdec2a/Hull-City-Leicester-City-March-9-2024-Championship,,e4fdec2a
ENG-Championship,2324,2024-03-09 Millwall-Birmingham City,Championship,37,Sat,2024-03-09,15:00,Millwall,1–0,Birmingham City,17008,The Den,Darren Bond,/en/matches/dec9d694/Millwall-Birmingham-City-March-9-2024-Championship,,dec9d694
ENG-Championship,2324,2024-03-09 Norwich City-Rotherham United,Championship,37,Sat,2024-03-09,15:00,Norwich City,5–0,Rotherham United,26111,Carrow Road,Charles Breakspear,/en/matches/1dc5d9e4/Norwich-City-Rotherham-United-March-9-2024-Championship,,1dc5d9e4
ENG-Championship,2324,2024-03-09 Preston North End-Stoke City,Championship,37,Sat,2024-03-09,15:00,Preston North End,1–2,Stoke City,17253,Deepdale Stadium,Joshua Smith,/en/matches/365e01ef/Preston-North-End-Stoke-City-March-9-2024-Championship,,365e01ef
ENG-Championship,2324,2024-03-09 QPR-Middlesbrough,Championship,37,Sat,2024-03-09,15:00,QPR,0–2,Middlesbrough,16689,MATRADE Loftus Road Stadium,Leigh Doughty,/en/matches/986ef038/Queens-Park-Rangers-Middlesbrough-March-9-2024-Championship,,986ef038
ENG-Championship,2324,2024-03-09 Southampton-Sunderland,Championship,37,Sat,2024-03-09,15:00,Southampton,4–2,Sunderland,30869,St. Mary's Stadium,Stuart Attwell,/en/matches/57c459c7/Southampton-Sunderland-March-9-2024-Championship,,57c459c7
ENG-Championship,2324,2024-03-09 Watford-Coventry City,Championship,37,Sat,2024-03-09,15:00,Watford,1–2,Coventry City,18907,Vicarage Road Stadium,Robert Madley,/en/matches/7d720470/Watford-Coventry-City-March-9-2024-Championship,,7d720470
ENG-Championship,2324,2024-03-10 Bristol City-Swansea City,Championship,37,Sun,2024-03-10,12:30,Bristol City,1–0,Swansea City,20995,Ashton Gate Stadium,Matt Donohue,/en/matches/912ad9bc/Bristol-City-Swansea-City-March-10-2024-Championship,,912ad9bc
ENG-Championship,2324,2024-03-10 Huddersfield Town-West Brom,Championship,37,Sun,2024-03-10,12:00,Huddersfield Town,1–4,West Brom,19383,The John Smith's Stadium,David Webb,/en/matches/1fcfe03c/Huddersfield-Town-West-Bromwich-Albion-March-10-2024-Championship,,1fcfe03c
ENG-Championship,2324,2024-03-12 Birmingham City-Middlesbrough,Championship,29,Tue,2024-03-12,19:45,Birmingham City,0–1,Middlesbrough,17829,St. Andrew's @ Knighthead Park,Andrew Davies,/en/matches/1547a75c/Birmingham-City-Middlesbrough-March-12-2024-Championship,,1547a75c
ENG-Championship,2324,2024-03-16 Birmingham City-Watford,Championship,38,Sat,2024-03-16,15:00,Birmingham City,0–1,Watford,21266,St. Andrew's @ Knighthead Park,Matt Donohue,/en/matches/afdbc1ff/Birmingham-City-Watford-March-16-2024-Championship,,afdbc1ff
ENG-Championship,2324,2024-03-16 Ipswich Town-Sheffield Weds,Championship,38,Sat,2024-03-16,15:00,Ipswich Town,6–0,Sheffield Weds,29325,Portman Road Stadium,Leigh Doughty,/en/matches/3b89385c/Ipswich-Town-Sheffield-Wednesday-March-16-2024-Championship,,3b89385c
ENG-Championship,2324,2024-03-16 Middlesbrough-Blackburn Rovers,Championship,38,Sat,2024-03-16,15:00,Middlesbrough,0–0,Blackburn Rovers,25554,Riverside Stadium,Keith Stroud,/en/matches/054d1565/Middlesbrough-Blackburn-Rovers-March-16-2024-Championship,,054d1565
ENG-Championship,2324,2024-03-16 Plymouth Argyle-Preston North End,Championship,38,Sat,2024-03-16,15:00,Plymouth Argyle,0–1,Preston North End,16646,Home Park,John Busby,/en/matches/6bba9d5d/Plymouth-Argyle-Preston-North-End-March-16-2024-Championship,,6bba9d5d
ENG-Championship,2324,2024-03-16 Rotherham United-Huddersfield Town,Championship,38,Sat,2024-03-16,15:00,Rotherham United,0–0,Huddersfield Town,11033,AESSEAL New York Stadium,Joshua Smith,/en/matches/162b5e59/Rotherham-United-Huddersfield-Town-March-16-2024-Championship,,162b5e59
ENG-Championship,2324,2024-03-16 Stoke City-Norwich City,Championship,38,Sat,2024-03-16,15:00,Stoke City,0–3,Norwich City,21887,Bet365 Stadium,Gavin Ward,/en/matches/59ce8948/Stoke-City-Norwich-City-March-16-2024-Championship,,59ce8948
ENG-Championship,2324,2024-03-16 Sunderland-QPR,Championship,38,Sat,2024-03-16,15:00,Sunderland,0–0,QPR,41478,Stadium of Light,Oliver Langford,/en/matches/f4ff16f6/Sunderland-Queens-Park-Rangers-March-16-2024-Championship,,f4ff16f6
ENG-Championship,2324,2024-03-16 Swansea City-Cardiff City,Championship,38,Sat,2024-03-16,12:30,Swansea City,2–0,Cardiff City,20005,Swansea.com Stadium,David Webb,/en/matches/42d8cd14/Swansea-City-Cardiff-City-March-16-2024-Championship,,42d8cd14
ENG-Championship,2324,2024-03-16 West Brom-Bristol City,Championship,38,Sat,2024-03-16,15:00,West Brom,2–0,Bristol City,25254,The Hawthorns,Tom Nield,/en/matches/f41d3300/West-Bromwich-Albion-Bristol-City-March-16-2024-Championship,,f41d3300
ENG-Championship,2324,2024-03-17 Leeds United-Millwall,Championship,38,Sun,2024-03-17,15:00,Leeds United,2–0,Millwall,34813,Elland Road,Stephen Martin,/en/matches/e87959ed/Leeds-United-Millwall-March-17-2024-Championship,,e87959ed
ENG-Championship,2324,2024-03-29 Blackburn Rovers-Ipswich Town,Championship,39,Fri,2024-03-29,17:30,Blackburn Rovers,0–1,Ipswich Town,18235,Ewood Park,Stuart Attwell,/en/matches/ae75c51d/Blackburn-Rovers-Ipswich-Town-March-29-2024-Championship,,ae75c51d
ENG-Championship,2324,2024-03-29 Bristol City-Leicester City,Championship,39,Fri,2024-03-29,12:30,Bristol City,1–0,Leicester City,25857,Ashton Gate Stadium,Andrew Kitchen,/en/matches/0571730b/Bristol-City-Leicester-City-March-29-2024-Championship,,0571730b
ENG-Championship,2324,2024-03-29 Cardiff City-Sunderland,Championship,39,Fri,2024-03-29,15:00,Cardiff City,0–2,Sunderland,22141,Cardiff City Stadium,Jeremy Simpson,/en/matches/37c41223/Cardiff-City-Sunderland-March-29-2024-Championship,,37c41223
ENG-Championship,2324,2024-03-29 Huddersfield Town-Coventry City,Championship,39,Fri,2024-03-29,15:00,Huddersfield Town,1–3,Coventry City,20530,The John Smith's Stadium,Adam Herczeg,/en/matches/66aedbad/Huddersfield-Town-Coventry-City-March-29-2024-Championship,,66aedbad
ENG-Championship,2324,2024-03-29 Hull City-Stoke City,Championship,39,Fri,2024-03-29,15:00,Hull City,0–2,Stoke City,24601,MKM Stadium,Graham Scott,/en/matches/18fab38c/Hull-City-Stoke-City-March-29-2024-Championship,,18fab38c
ENG-Championship,2324,2024-03-29 Millwall-West Brom,Championship,39,Fri,2024-03-29,13:00,Millwall,1–1,West Brom,17856,The Den,James Bell,/en/matches/dd5d4cca/Millwall-West-Bromwich-Albion-March-29-2024-Championship,,dd5d4cca
ENG-Championship,2324,2024-03-29 Norwich City-Plymouth Argyle,Championship,39,Fri,2024-03-29,15:00,Norwich City,2–1,Plymouth Argyle,26622,Carrow Road,James Linington,/en/matches/9f647412/Norwich-City-Plymouth-Argyle-March-29-2024-Championship,,9f647412
ENG-Championship,2324,2024-03-29 Preston North End-Rotherham United,Championship,39,Fri,2024-03-29,15:00,Preston North End,3–0,Rotherham United,15470,Deepdale Stadium,Stephen Martin,/en/matches/d335c631/Preston-North-End-Rotherham-United-March-29-2024-Championship,,d335c631
ENG-Championship,2324,2024-03-29 QPR-Birmingham City,Championship,39,Fri,2024-03-29,15:00,QPR,2–1,Birmingham City,17170,MATRADE Loftus Road Stadium,Joshua Smith,/en/matches/36050771/Queens-Park-Rangers-Birmingham-City-March-29-2024-Championship,,36050771
ENG-Championship,2324,2024-03-29 Sheffield Weds-Swansea City,Championship,39,Fri,2024-03-29,15:00,Sheffield Weds,1–1,Swansea City,28301,Hillsborough Stadium,Geoff Eltringham,/en/matches/2c9e2c62/Sheffield-Wednesday-Swansea-City-March-29-2024-Championship,,2c9e2c62
ENG-Championship,2324,2024-03-29 Southampton-Middlesbrough,Championship,39,Fri,2024-03-29,15:00,Southampton,1–1,Middlesbrough,30470,St. Mary's Stadium,Matt Donohue,/en/matches/141a7e8e/Southampton-Middlesbrough-March-29-2024-Championship,,141a7e8e
ENG-Championship,2324,2024-03-29 Watford-Leeds United,Championship,39,Fri,2024-03-29,20:00,Watford,2–2,Leeds United,20236,Vicarage Road Stadium,David Webb,/en/matches/ba84b7ad/Watford-Leeds-United-March-29-2024-Championship,,ba84b7ad
ENG-Championship,2324,2024-04-01 Birmingham City-Preston North End,Championship,40,Mon,2024-04-01,15:00,Birmingham City,1–0,Preston North End,24511,St. Andrew's @ Knighthead Park,Oliver Langford,/en/matches/9b193e8d/Birmingham-City-Preston-North-End-April-1-2024-Championship,,9b193e8d
ENG-Championship,2324,2024-04-01 Coventry City-Cardiff City,Championship,40,Mon,2024-04-01,15:00,Coventry City,1–2,Cardiff City,28529,Coventry Building Society Arena,Leigh Doughty,/en/matches/cf88ff31/Coventry-City-Cardiff-City-April-1-2024-Championship,,cf88ff31
ENG-Championship,2324,2024-04-01 Ipswich Town-Southampton,Championship,40,Mon,2024-04-01,17:30,Ipswich Town,3–2,Southampton,29393,Portman Road Stadium,Michael Salisbury,/en/matches/621ded9b/Ipswich-Town-Southampton-April-1-2024-Championship,,621ded9b
ENG-Championship,2324,2024-04-01 Leeds United-Hull City,Championship,40,Mon,2024-04-01,20:00,Leeds United,3–1,Hull City,36747,Elland Road,Joshua Smith,/en/matches/e669279a/Leeds-United-Hull-City-April-1-2024-Championship,,e669279a
ENG-Championship,2324,2024-04-01 Leicester City-Norwich City,Championship,40,Mon,2024-04-01,12:30,Leicester City,3–1,Norwich City,31825,King Power Stadium,Darren Bond,/en/matches/a6aa254b/Leicester-City-Norwich-City-April-1-2024-Championship,,a6aa254b
ENG-Championship,2324,2024-04-01 Middlesbrough-Sheffield Weds,Championship,40,Mon,2024-04-01,15:00,Middlesbrough,2–0,Sheffield Weds,27893,Riverside Stadium,Matt Donohue,/en/matches/48cd75bf/Middlesbrough-Sheffield-Wednesday-April-1-2024-Championship,,48cd75bf
ENG-Championship,2324,2024-04-01 Plymouth Argyle-Bristol City,Championship,40,Mon,2024-04-01,15:00,Plymouth Argyle,0–1,Bristol City,16866,Home Park,Keith Stroud,/en/matches/25912316/Plymouth-Argyle-Bristol-City-April-1-2024-Championship,,25912316
ENG-Championship,2324,2024-04-01 Rotherham United-Millwall,Championship,40,Mon,2024-04-01,15:00,Rotherham United,2–1,Millwall,9803,AESSEAL New York Stadium,Alex Chilowicz,/en/matches/5cecaa60/Rotherham-United-Millwall-April-1-2024-Championship,,5cecaa60
ENG-Championship,2324,2024-04-01 Stoke City-Huddersfield Town,Championship,40,Mon,2024-04-01,15:00,Stoke City,1–1,Huddersfield Town,23917,Bet365 Stadium,Rebecca Welch,/en/matches/02dd39c2/Stoke-City-Huddersfield-Town-April-1-2024-Championship,,02dd39c2
ENG-Championship,2324,2024-04-01 Sunderland-Blackburn Rovers,Championship,40,Mon,2024-04-01,15:00,Sunderland,1–5,Blackburn Rovers,42019,Stadium of Light,John Busby,/en/matches/874fbf11/Sunderland-Blackburn-Rovers-April-1-2024-Championship,,874fbf11
ENG-Championship,2324,2024-04-01 Swansea City-QPR,Championship,40,Mon,2024-04-01,15:00,Swansea City,0–1,QPR,19704,Swansea.com Stadium,Samuel Allison,/en/matches/1c7a906c/Swansea-City-Queens-Park-Rangers-April-1-2024-Championship,,1c7a906c
ENG-Championship,2324,2024-04-01 West Brom-Watford,Championship,40,Mon,2024-04-01,15:00,West Brom,2–2,Watford,24173,The Hawthorns,Gavin Ward,/en/matches/bf937c53/West-Bromwich-Albion-Watford-April-1-2024-Championship,,bf937c53
ENG-Championship,2324,2024-04-05 Rotherham United-Plymouth Argyle,Championship,41,Fri,2024-04-05,20:00,Rotherham United,0–1,Plymouth Argyle,9863,AESSEAL New York Stadium,Oliver Langford,/en/matches/37b55cd2/Rotherham-United-Plymouth-Argyle-April-5-2024-Championship,,37b55cd2
ENG-Championship,2324,2024-04-06 Blackburn Rovers-Southampton,Championship,41,Sat,2024-04-06,15:00,Blackburn Rovers,0–0,Southampton,15679,Ewood Park,Craig Pawson,/en/matches/b3a6a842/Blackburn-Rovers-Southampton-April-6-2024-Championship,,b3a6a842
ENG-Championship,2324,2024-04-06 Cardiff City-Hull City,Championship,41,Sat,2024-04-06,15:00,Cardiff City,1–3,Hull City,20688,Cardiff City Stadium,John Busby,/en/matches/8279c524/Cardiff-City-Hull-City-April-6-2024-Championship,,8279c524
ENG-Championship,2324,2024-04-06 Coventry City-Leeds United,Championship,41,Sat,2024-04-06,15:00,Coventry City,2–1,Leeds United,30232,Coventry Building Society Arena,Tom Nield,/en/matches/160c1cea/Coventry-City-Leeds-United-April-6-2024-Championship,,160c1cea
ENG-Championship,2324,2024-04-06 Huddersfield Town-Millwall,Championship,41,Sat,2024-04-06,15:00,Huddersfield Town,1–0,Millwall,18569,The John Smith's Stadium,James Linington,/en/matches/1e663015/Huddersfield-Town-Millwall-April-6-2024-Championship,,1e663015
ENG-Championship,2324,2024-04-06 Leicester City-Birmingham City,Championship,41,Sat,2024-04-06,15:00,Leicester City,2–1,Birmingham City,31825,King Power Stadium,David Webb,/en/matches/e3f830c0/Leicester-City-Birmingham-City-April-6-2024-Championship,,e3f830c0
ENG-Championship,2324,2024-04-06 Middlesbrough-Swansea City,Championship,41,Sat,2024-04-06,15:00,Middlesbrough,2–0,Swansea City,24780,Riverside Stadium,Rebecca Welch,/en/matches/6249ca13/Middlesbrough-Swansea-City-April-6-2024-Championship,,6249ca13
ENG-Championship,2324,2024-04-06 Norwich City-Ipswich Town,Championship,41,Sat,2024-04-06,12:30,Norwich City,1–0,Ipswich Town,27001,Carrow Road,Matt Donohue,/en/matches/59356263/Norwich-City-Ipswich-Town-April-6-2024-Championship,,59356263
ENG-Championship,2324,2024-04-06 QPR-Sheffield Weds,Championship,41,Sat,2024-04-06,15:00,QPR,0–2,Sheffield Weds,16579,MATRADE Loftus Road Stadium,Graham Scott,/en/matches/7e1dc963/Queens-Park-Rangers-Sheffield-Wednesday-April-6-2024-Championship,,7e1dc963
ENG-Championship,2324,2024-04-06 Stoke City-West Brom,Championship,41,Sat,2024-04-06,15:00,Stoke City,2–2,West Brom,22339,Bet365 Stadium,Andrew Kitchen,/en/matches/75003402/Stoke-City-West-Bromwich-Albion-April-6-2024-Championship,,75003402
ENG-Championship,2324,2024-04-06 Sunderland-Bristol City,Championship,41,Sat,2024-04-06,15:00,Sunderland,0–0,Bristol City,40298,Stadium of Light,Leigh Doughty,/en/matches/5c845674/Sunderland-Bristol-City-April-6-2024-Championship,,5c845674
ENG-Championship,2324,2024-04-06 Watford-Preston North End,Championship,41,Sat,2024-04-06,15:00,Watford,0–0,Preston North End,19374,Vicarage Road Stadium,James Bell,/en/matches/19140a42/Watford-Preston-North-End-April-6-2024-Championship,,19140a42
ENG-Championship,2324,2024-04-09 Leeds United-Sunderland,Championship,42,Tue,2024-04-09,20:00,Leeds United,0–0,Sunderland,36793,Elland Road,Tim Robinson,/en/matches/c4069757/Leeds-United-Sunderland-April-9-2024-Championship,,c4069757
ENG-Championship,2324,2024-04-09 Millwall-Leicester City,Championship,42,Tue,2024-04-09,19:45,Millwall,1–0,Leicester City,14889,The Den,Sunny Gill,/en/matches/b9af3662/Millwall-Leicester-City-April-9-2024-Championship,,b9af3662
ENG-Championship,2324,2024-04-09 Plymouth Argyle-QPR,Championship,42,Tue,2024-04-09,19:45,Plymouth Argyle,1–1,QPR,16928,Home Park,Jeremy Simpson,/en/matches/cd969a3a/Plymouth-Argyle-Queens-Park-Rangers-April-9-2024-Championship,,cd969a3a
ENG-Championship,2324,2024-04-09 Preston North End-Huddersfield Town,Championship,42,Tue,2024-04-09,19:45,Preston North End,4–1,Huddersfield Town,14698,Deepdale Stadium,Lewis Smith,/en/matches/5a912a43/Preston-North-End-Huddersfield-Town-April-9-2024-Championship,,5a912a43
ENG-Championship,2324,2024-04-09 Sheffield Weds-Norwich City,Championship,42,Tue,2024-04-09,19:45,Sheffield Weds,2–2,Norwich City,28516,Hillsborough Stadium,Chris Kavanagh,/en/matches/426437d4/Sheffield-Wednesday-Norwich-City-April-9-2024-Championship,,426437d4
ENG-Championship,2324,2024-04-09 Southampton-Coventry City,Championship,42,Tue,2024-04-09,19:45,Southampton,2–1,Coventry City,28564,St. Mary's Stadium,James Linington,/en/matches/5ac330c5/Southampton-Coventry-City-April-9-2024-Championship,,5ac330c5
ENG-Championship,2324,2024-04-10 Birmingham City-Cardiff City,Championship,42,Wed,2024-04-10,19:45,Birmingham City,0–1,Cardiff City,20894,St. Andrew's @ Knighthead Park,Samuel Allison,/en/matches/4fd821cd/Birmingham-City-Cardiff-City-April-10-2024-Championship,,4fd821cd
ENG-Championship,2324,2024-04-10 Bristol City-Blackburn Rovers,Championship,42,Wed,2024-04-10,19:45,Bristol City,5–0,Blackburn Rovers,19672,Ashton Gate Stadium,Robert Madley,/en/matches/f810c74e/Bristol-City-Blackburn-Rovers-April-10-2024-Championship,,f810c74e
ENG-Championship,2324,2024-04-10 Hull City-Middlesbrough,Championship,42,Wed,2024-04-10,20:00,Hull City,2–2,Middlesbrough,21934,MKM Stadium,Gavin Ward,/en/matches/1b7faf76/Hull-City-Middlesbrough-April-10-2024-Championship,,1b7faf76
ENG-Championship,2324,2024-04-10 Ipswich Town-Watford,Championship,42,Wed,2024-04-10,19:45,Ipswich Town,0–0,Watford,28589,Portman Road Stadium,Samuel Barrott,/en/matches/2a696866/Ipswich-Town-Watford-April-10-2024-Championship,,2a696866
ENG-Championship,2324,2024-04-10 Swansea City-Stoke City,Championship,42,Wed,2024-04-10,20:00,Swansea City,3–0,Stoke City,14692,Swansea.com Stadium,Keith Stroud,/en/matches/b1e2a1c5/Swansea-City-Stoke-City-April-10-2024-Championship,,b1e2a1c5
ENG-Championship,2324,2024-04-10 West Brom-Rotherham United,Championship,42,Wed,2024-04-10,20:00,West Brom,2–0,Rotherham United,22331,The Hawthorns,Geoff Eltringham,/en/matches/9dfa25a4/West-Bromwich-Albion-Rotherham-United-April-10-2024-Championship,,9dfa25a4
ENG-Championship,2324,2024-04-12 Plymouth Argyle-Leicester City,Championship,43,Fri,2024-04-12,20:00,Plymouth Argyle,1–0,Leicester City,16861,Home Park,Robert Jones,/en/matches/853208b2/Plymouth-Argyle-Leicester-City-April-12-2024-Championship,,853208b2
ENG-Championship,2324,2024-04-13 Birmingham City-Coventry City,Championship,43,Sat,2024-04-13,15:00,Birmingham City,3–0,Coventry City,26811,St. Andrew's @ Knighthead Park,Thomas Bramall,/en/matches/eecbb205/Birmingham-City-Coventry-City-April-13-2024-Championship,,eecbb205
ENG-Championship,2324,2024-04-13 Bristol City-Huddersfield Town,Championship,43,Sat,2024-04-13,15:00,Bristol City,1–1,Huddersfield Town,21003,Ashton Gate Stadium,Rebecca Welch,/en/matches/6f3a7737/Bristol-City-Huddersfield-Town-April-13-2024-Championship,,6f3a7737
ENG-Championship,2324,2024-04-13 Hull City-QPR,Championship,43,Sat,2024-04-13,15:00,Hull City,3–0,QPR,21225,MKM Stadium,Tom Nield,/en/matches/a0abaee2/Hull-City-Queens-Park-Rangers-April-13-2024-Championship,,a0abaee2
ENG-Championship,2324,2024-04-13 Ipswich Town-Middlesbrough,Championship,43,Sat,2024-04-13,15:00,Ipswich Town,1–1,Middlesbrough,28771,Portman Road Stadium,Samuel Allison,/en/matches/b81af9ba/Ipswich-Town-Middlesbrough-April-13-2024-Championship,,b81af9ba
ENG-Championship,2324,2024-04-13 Leeds United-Blackburn Rovers,Championship,43,Sat,2024-04-13,12:30,Leeds United,0–1,Blackburn Rovers,36518,Elland Road,James Bell,/en/matches/fb7cf1a0/Leeds-United-Blackburn-Rovers-April-13-2024-Championship,,fb7cf1a0
ENG-Championship,2324,2024-04-13 Millwall-Cardiff City,Championship,43,Sat,2024-04-13,15:00,Millwall,3–1,Cardiff City,17151,The Den,Will Finnie,/en/matches/c178c9b8/Millwall-Cardiff-City-April-13-2024-Championship,,c178c9b8
ENG-Championship,2324,2024-04-13 Preston North End-Norwich City,Championship,43,Sat,2024-04-13,15:00,Preston North End,0–1,Norwich City,16322,Deepdale Stadium,Andrew Kitchen,/en/matches/b01a9d49/Preston-North-End-Norwich-City-April-13-2024-Championship,,b01a9d49
ENG-Championship,2324,2024-04-13 Sheffield Weds-Stoke City,Championship,43,Sat,2024-04-13,15:00,Sheffield Weds,1–1,Stoke City,32041,Hillsborough Stadium,Stephen Martin,/en/matches/b6458606/Sheffield-Wednesday-Stoke-City-April-13-2024-Championship,,b6458606
ENG-Championship,2324,2024-04-13 Southampton-Watford,Championship,43,Sat,2024-04-13,15:00,Southampton,3–2,Watford,30347,St. Mary's Stadium,Joshua Smith,/en/matches/b225715c/Southampton-Watford-April-13-2024-Championship,,b225715c
ENG-Championship,2324,2024-04-13 Swansea City-Rotherham United,Championship,43,Sat,2024-04-13,15:00,Swansea City,1–0,Rotherham United,15327,Swansea.com Stadium,Leigh Doughty,/en/matches/0e3c0c0e/Swansea-City-Rotherham-United-April-13-2024-Championship,,0e3c0c0e
ENG-Championship,2324,2024-04-13 West Brom-Sunderland,Championship,43,Sat,2024-04-13,15:00,West Brom,0–1,Sunderland,25366,The Hawthorns,Matt Donohue,/en/matches/1689b5e0/West-Bromwich-Albion-Sunderland-April-13-2024-Championship,,1689b5e0
ENG-Championship,2324,2024-04-16 Southampton-Preston North End,Championship,36,Tue,2024-04-16,20:00,Southampton,3–0,Preston North End,27636,St. Mary's Stadium,Samuel Barrott,/en/matches/91b79954/Southampton-Preston-North-End-April-16-2024-Championship,,91b79954
ENG-Championship,2324,2024-04-20 Cardiff City-Southampton,Championship,44,Sat,2024-04-20,15:00,Cardiff City,2–1,Southampton,22372,Cardiff City Stadium,Oliver Langford,/en/matches/7c855362/Cardiff-City-Southampton-April-20-2024-Championship,,7c855362
ENG-Championship,2324,2024-04-20 Huddersfield Town-Swansea City,Championship,44,Sat,2024-04-20,15:00,Huddersfield Town,0–4,Swansea City,18935,The John Smith's Stadium,John Busby,/en/matches/7b988313/Huddersfield-Town-Swansea-City-April-20-2024-Championship,,7b988313
ENG-Championship,2324,2024-04-20 Leicester City-West Brom,Championship,44,Sat,2024-04-20,12:30,Leicester City,2–1,West Brom,31874,King Power Stadium,Thomas Bramall,/en/matches/e3ae5255/Leicester-City-West-Bromwich-Albion-April-20-2024-Championship,,e3ae5255
ENG-Championship,2324,2024-04-20 Norwich City-Bristol City,Championship,44,Sat,2024-04-20,15:00,Norwich City,1–1,Bristol City,26295,Carrow Road,Samuel Barrott,/en/matches/fa1d9e49/Norwich-City-Bristol-City-April-20-2024-Championship,,fa1d9e49
ENG-Championship,2324,2024-04-20 QPR-Preston North End,Championship,44,Sat,2024-04-20,17:15,QPR,1–0,Preston North End,16464,MATRADE Loftus Road Stadium,Gavin Ward,/en/matches/389b3d31/Queens-Park-Rangers-Preston-North-End-April-20-2024-Championship,,389b3d31
ENG-Championship,2324,2024-04-20 Rotherham United-Birmingham City,Championship,44,Sat,2024-04-20,15:00,Rotherham United,0–0,Birmingham City,11001,AESSEAL New York Stadium,Keith Stroud,/en/matches/336642c0/Rotherham-United-Birmingham-City-April-20-2024-Championship,,336642c0
ENG-Championship,2324,2024-04-20 Stoke City-Plymouth Argyle,Championship,44,Sat,2024-04-20,15:00,Stoke City,3–0,Plymouth Argyle,24674,Bet365 Stadium,Robert Madley,/en/matches/922aba42/Stoke-City-Plymouth-Argyle-April-20-2024-Championship,,922aba42
ENG-Championship,2324,2024-04-20 Sunderland-Millwall,Championship,44,Sat,2024-04-20,15:00,Sunderland,0–1,Millwall,40743,Stadium of Light,Anthony Backhouse,/en/matches/43e06651/Sunderland-Millwall-April-20-2024-Championship,,43e06651
ENG-Championship,2324,2024-04-20 Watford-Hull City,Championship,44,Sat,2024-04-20,15:00,Watford,0–0,Hull City,18753,Vicarage Road Stadium,Ben Toner,/en/matches/dbd2a99b/Watford-Hull-City-April-20-2024-Championship,,dbd2a99b
ENG-Championship,2324,2024-04-21 Blackburn Rovers-Sheffield Weds,Championship,44,Sun,2024-04-21,12:30,Blackburn Rovers,1–3,Sheffield Weds,21718,Ewood Park,Joshua Smith,/en/matches/a982f57a/Blackburn-Rovers-Sheffield-Wednesday-April-21-2024-Championship,,a982f57a
ENG-Championship,2324,2024-04-22 Middlesbrough-Leeds United,Championship,44,Mon,2024-04-22,20:00,Middlesbrough,3–4,Leeds United,29333,Riverside Stadium,Tony Harrington,/en/matches/187d6ae0/Middlesbrough-Leeds-United-April-22-2024-Championship,,187d6ae0
ENG-Championship,2324,2024-04-23 Leicester City-Southampton,Championship,38,Tue,2024-04-23,20:00,Leicester City,5–0,Southampton,31872,King Power Stadium,Robert Madley,/en/matches/f53caf47/Leicester-City-Southampton-April-23-2024-Championship,,f53caf47
ENG-Championship,2324,2024-04-24 Coventry City-Hull City,Championship,38,Wed,2024-04-24,19:45,Coventry City,2–3,Hull City,25023,Coventry Building Society Arena,Leigh Doughty,/en/matches/e159523b/Coventry-City-Hull-City-April-24-2024-Championship,,e159523b
ENG-Championship,2324,2024-04-26 QPR-Leeds United,Championship,45,Fri,2024-04-26,20:00,QPR,4–0,Leeds United,16677,MATRADE Loftus Road Stadium,Darren Bond,/en/matches/ac69f46a/Queens-Park-Rangers-Leeds-United-April-26-2024-Championship,,ac69f46a
ENG-Championship,2324,2024-04-27 Blackburn Rovers-Coventry City,Championship,45,Sat,2024-04-27,15:00,Blackburn Rovers,0–0,Coventry City,20026,Ewood Park,Anthony Backhouse,/en/matches/40911ca9/Blackburn-Rovers-Coventry-City-April-27-2024-Championship,,40911ca9
ENG-Championship,2324,2024-04-27 Bristol City-Rotherham United,Championship,45,Sat,2024-04-27,15:00,Bristol City,2–0,Rotherham United,22873,Ashton Gate Stadium,Charles Breakspear,/en/matches/8a1fb77c/Bristol-City-Rotherham-United-April-27-2024-Championship,,8a1fb77c
ENG-Championship,2324,2024-04-27 Cardiff City-Middlesbrough,Championship,45,Sat,2024-04-27,15:00,Cardiff City,1–4,Middlesbrough,22999,Cardiff City Stadium,Jeremy Simpson,/en/matches/cd97a083/Cardiff-City-Middlesbrough-April-27-2024-Championship,,cd97a083
ENG-Championship,2324,2024-04-27 Huddersfield Town-Birmingham City,Championship,45,Sat,2024-04-27,15:00,Huddersfield Town,1–1,Birmingham City,22001,The John Smith's Stadium,Matt Donohue,/en/matches/b8094904/Huddersfield-Town-Birmingham-City-April-27-2024-Championship,,b8094904
ENG-Championship,2324,2024-04-27 Hull City-Ipswich Town,Championship,45,Sat,2024-04-27,20:00,Hull City,3–3,Ipswich Town,24298,MKM Stadium,Andrew Kitchen,/en/matches/8b4fac05/Hull-City-Ipswich-Town-April-27-2024-Championship,,8b4fac05
ENG-Championship,2324,2024-04-27 Millwall-Plymouth Argyle,Championship,45,Sat,2024-04-27,15:00,Millwall,1–0,Plymouth Argyle,17863,The Den,Andrew Davies,/en/matches/4a626fb4/Millwall-Plymouth-Argyle-April-27-2024-Championship,,4a626fb4
ENG-Championship,2324,2024-04-27 Norwich City-Swansea City,Championship,45,Sat,2024-04-27,15:00,Norwich City,2–2,Swansea City,26429,Carrow Road,James Linington,/en/matches/69fe38ae/Norwich-City-Swansea-City-April-27-2024-Championship,,69fe38ae
ENG-Championship,2324,2024-04-27 Sheffield Weds-West Brom,Championship,45,Sat,2024-04-27,15:00,Sheffield Weds,3–0,West Brom,33295,Hillsborough Stadium,Graham Scott,/en/matches/0e04c686/Sheffield-Wednesday-West-Bromwich-Albion-April-27-2024-Championship,,0e04c686
ENG-Championship,2324,2024-04-27 Southampton-Stoke City,Championship,45,Sat,2024-04-27,15:00,Southampton,0–1,Stoke City,30584,St. Mary's Stadium,David Webb,/en/matches/9308878b/Southampton-Stoke-City-April-27-2024-Championship,,9308878b
ENG-Championship,2324,2024-04-27 Watford-Sunderland,Championship,45,Sat,2024-04-27,15:00,Watford,1–0,Sunderland,20712,Vicarage Road Stadium,Oliver Langford,/en/matches/5bce6041/Watford-Sunderland-April-27-2024-Championship,,5bce6041
ENG-Championship,2324,2024-04-29 Preston North End-Leicester City,Championship,45,Mon,2024-04-29,20:00,Preston North End,0–3,Leicester City,19641,Deepdale Stadium,Samuel Allison,/en/matches/ee9cde00/Preston-North-End-Leicester-City-April-29-2024-Championship,,ee9cde00
ENG-Championship,2324,2024-04-30 Coventry City-Ipswich Town,Championship,44,Tue,2024-04-30,20:00,Coventry City,1–2,Ipswich Town,26457,Coventry Building Society Arena,James Bell,/en/matches/942f991f/Coventry-City-Ipswich-Town-April-30-2024-Championship,,942f991f
ENG-Championship,2324,2024-05-04 Birmingham City-Norwich City,Championship,46,Sat,2024-05-04,12:30,Birmingham City,1–0,Norwich City,27680,St. Andrew's @ Knighthead Park,Oliver Langford,/en/matches/7a09b883/Birmingham-City-Norwich-City-May-4-2024-Championship,,7a09b883
ENG-Championship,2324,2024-05-04 Coventry City-QPR,Championship,46,Sat,2024-05-04,12:30,Coventry City,1–2,QPR,29102,Coventry Building Society Arena,Joshua Smith,/en/matches/3df107f6/Coventry-City-Queens-Park-Rangers-May-4-2024-Championship,,3df107f6
ENG-Championship,2324,2024-05-04 Ipswich Town-Huddersfield Town,Championship,46,Sat,2024-05-04,12:30,Ipswich Town,2–0,Huddersfield Town,29011,Portman Road Stadium,Simon Hooper,/en/matches/a22a89ec/Ipswich-Town-Huddersfield-Town-May-4-2024-Championship,,a22a89ec
ENG-Championship,2324,2024-05-04 Leeds United-Southampton,Championship,46,Sat,2024-05-04,12:30,Leeds United,1–2,Southampton,36766,Elland Road,Matt Donohue,/en/matches/35b6809d/Leeds-United-Southampton-May-4-2024-Championship,,35b6809d
ENG-Championship,2324,2024-05-04 Leicester City-Blackburn Rovers,Championship,46,Sat,2024-05-04,12:30,Leicester City,0–2,Blackburn Rovers,32117,King Power Stadium,Andrew Kitchen,/en/matches/6bc56228/Leicester-City-Blackburn-Rovers-May-4-2024-Championship,,6bc56228
ENG-Championship,2324,2024-05-04 Middlesbrough-Watford,Championship,46,Sat,2024-05-04,12:30,Middlesbrough,3–1,Watford,28289,Riverside Stadium,Keith Stroud,/en/matches/b54ec80e/Middlesbrough-Watford-May-4-2024-Championship,,b54ec80e
ENG-Championship,2324,2024-05-04 Plymouth Argyle-Hull City,Championship,46,Sat,2024-05-04,12:30,Plymouth Argyle,1–0,Hull City,16881,Home Park,Darren Bond,/en/matches/3dd36804/Plymouth-Argyle-Hull-City-May-4-2024-Championship,,3dd36804
ENG-Championship,2324,2024-05-04 Rotherham United-Cardiff City,Championship,46,Sat,2024-05-04,12:30,Rotherham United,5–2,Cardiff City,10547,AESSEAL New York Stadium,Andrew Davies,/en/matches/b4df4ed8/Rotherham-United-Cardiff-City-May-4-2024-Championship,,b4df4ed8
ENG-Championship,2324,2024-05-04 Stoke City-Bristol City,Championship,46,Sat,2024-05-04,12:30,Stoke City,4–0,Bristol City,28243,Bet365 Stadium,Samuel Barrott,/en/matches/58aa6e55/Stoke-City-Bristol-City-May-4-2024-Championship,,58aa6e55
ENG-Championship,2324,2024-05-04 Sunderland-Sheffield Weds,Championship,46,Sat,2024-05-04,12:30,Sunderland,0–2,Sheffield Weds,41222,Stadium of Light,Gavin Ward,/en/matches/aa96931e/Sunderland-Sheffield-Wednesday-May-4-2024-Championship,,aa96931e
ENG-Championship,2324,2024-05-04 Swansea City-Millwall,Championship,46,Sat,2024-05-04,12:30,Swansea City,0–1,Millwall,17661,Swansea.com Stadium,Geoff Eltringham,/en/matches/83a6dc21/Swansea-City-Millwall-May-4-2024-Championship,,83a6dc21
ENG-Championship,2324,2024-05-04 West Brom-Preston North End,Championship,46,Sat,2024-05-04,12:30,West Brom,3–0,Preston North End,25386,The Hawthorns,Steve Martin,/en/matches/1de12798/West-Bromwich-Albion-Preston-North-End-May-4-2024-Championship,,1de12798
ENG-Championship,2324,2024-05-12 Norwich City-Leeds United,Promotion play-offs — Semi-finals,,Sun,2024-05-12,12:00,Norwich City,0–0,Leeds United,26982,Carrow Road,Joshua Smith,/en/matches/4ca40ec1/Norwich-City-Leeds-United-May-12-2024-Championship,Leg 1 of 2,4ca40ec1
ENG-Championship,2324,2024-05-12 West Brom-Southampton,Promotion play-offs — Semi-finals,,Sun,2024-05-12,14:15,West Brom,0–0,Southampton,25367,The Hawthorns,Samuel Barrott,/en/matches/882e5566/West-Bromwich-Albion-Southampton-May-12-2024-Championship,Leg 1 of 2,882e5566
ENG-Championship,2324,2024-05-16 Leeds United-Norwich City,Promotion play-offs — Semi-finals,,Thu,2024-05-16,20:00,Leeds United,4–0,Norwich City,36384,Elland Road,Jarred Gillett,/en/matches/3d1b21b1/Leeds-United-Norwich-City-May-16-2024-Championship,Leg 2 of 2; Leeds United won,3d1b21b1
ENG-Championship,2324,2024-05-17 Southampton-West Brom,Promotion play-offs — Semi-finals,,Fri,2024-05-17,20:00,Southampton,3–1,West Brom,30712,St. Mary's Stadium,Tim Robinson,/en/matches/b1047caa/Southampton-West-Bromwich-Albion-May-17-2024-Championship,Leg 2 of 2; Southampton won,b1047caa
ENG-Championship,2324,2024-05-26 Leeds United-Southampton,Promotion play-offs — Final,,Sun,2024-05-26,15:00,Leeds United,0–1,Southampton,85862,Wembley Stadium connected by EE (Neutral Site),John Brooks,/en/matches/75957831/Leeds-United-Southampton-May-26-2024-Championship,,75957831
