league,season,game,round,week,day,date,time,home_team,score,away_team,attendance,venue,referee,match_report,notes,game_id
ENG-Championship,2526,2025-08-08 Birmingham City-Ipswich Town,Championship,1,Fri,2025-08-08,20:00,Birmingham City,1–1,Ipswich Town,27508,St Andrew's @ Knighthead Park,Andrew Kitchen,/en/matches/62ec73bf/Birmingham-City-Ipswich-Town-August-8-2025-Championship,,62ec73bf
ENG-Championship,2526,2025-08-09 Charlton Athletic-Watford,Championship,1,Sat,2025-08-09,12:30,Charlton Athletic,1–0,Watford,21778,The Valley,Stephen Martin,/en/matches/de8432fe/Charlton-Athletic-Watford-August-9-2025-Championship,,de8432fe
ENG-Championship,2526,2025-08-09 Coventry City-Hull City,Championship,1,Sat,2025-08-09,12:30,Coventry City,0–0,Hull City,29052,Coventry Building Society Arena,Robert Madley,/en/matches/6ce6113f/Coventry-City-Hull-City-August-9-2025-Championship,,6ce6113f
ENG-Championship,2526,2025-08-09 Middlesbrough-Swansea City,Championship,1,Sat,2025-08-09,15:00,Middlesbrough,1–0,Swansea City,26035,Riverside Stadium,Farai Hallam,/en/matches/807c47c8/Middlesbrough-Swansea-City-August-9-2025-Championship,,807c47c8
ENG-Championship,2526,2025-08-09 Norwich City-Millwall,Championship,1,Sat,2025-08-09,15:00,Norwich City,1–2,Millwall,26546,Carrow Road,Adam Herczeg,/en/matches/76678d3e/Norwich-City-Millwall-August-9-2025-Championship,,76678d3e
ENG-Championship,2526,2025-08-09 Oxford United-Portsmouth,Championship,1,Sat,2025-08-09,15:00,Oxford United,0–1,Portsmouth,11492,The Kassam Stadium,Dean Whitestone,/en/matches/e0a688cf/Oxford-United-Portsmouth-August-9-2025-Championship,,e0a688cf
ENG-Championship,2526,2025-08-09 QPR-Preston North End,Championship,1,Sat,2025-08-09,15:00,QPR,1–1,Preston North End,16804,MATRADE Loftus Road Stadium,Oliver Langford,/en/matches/a7c1105b/Queens-Park-Rangers-Preston-North-End-August-9-2025-Championship,,a7c1105b
ENG-Championship,2526,2025-08-09 Sheffield United-Bristol City,Championship,1,Sat,2025-08-09,17:30,Sheffield United,1–4,Bristol City,28033,Bramall Lane,Joshua Smith,/en/matches/dad77f96/Sheffield-United-Bristol-City-August-9-2025-Championship,,dad77f96
ENG-Championship,2526,2025-08-09 Southampton-Wrexham,Championship,1,Sat,2025-08-09,12:30,Southampton,2–1,Wrexham,30970,St Mary's Stadium,James Bell,/en/matches/196ec160/Southampton-Wrexham-August-9-2025-Championship,,196ec160
ENG-Championship,2526,2025-08-09 Stoke City-Derby County,Championship,1,Sat,2025-08-09,15:00,Stoke City,3–1,Derby County,25746,bet365 Stadium,Elliot Bell,/en/matches/8a4cfa0f/Stoke-City-Derby-County-August-9-2025-Championship,,8a4cfa0f
ENG-Championship,2526,2025-08-09 West Brom-Blackburn Rovers,Championship,1,Sat,2025-08-09,15:00,West Brom,1–0,Blackburn Rovers,24653,The Hawthorns,David Webb,/en/matches/9962f9e0/West-Bromwich-Albion-Blackburn-Rovers-August-9-2025-Championship,,9962f9e0
ENG-Championship,2526,2025-08-10 Leicester City-Sheffield Weds,Championship,1,Sun,2025-08-10,16:30,Leicester City,2–1,Sheffield Weds,31102,King Power Stadium,Matt Donohue,/en/matches/979f6d19/Leicester-City-Sheffield-Wednesday-August-10-2025-Championship,,979f6d19
ENG-Championship,2526,2025-08-16 Blackburn Rovers-Birmingham City,Championship,2,Sat,2025-08-16,15:00,Blackburn Rovers,1–2,Birmingham City,19552,Ewood Park,Oliver Langford,/en/matches/4b2b86e0/Blackburn-Rovers-Birmingham-City-August-16-2025-Championship,,4b2b86e0
ENG-Championship,2526,2025-08-16 Bristol City-Charlton Athletic,Championship,2,Sat,2025-08-16,15:00,Bristol City,0–0,Charlton Athletic,24721,Ashton Gate Stadium,Ben Speedie,/en/matches/012dda51/Bristol-City-Charlton-Athletic-August-16-2025-Championship,,012dda51
ENG-Championship,2526,2025-08-16 Derby County-Coventry City,Championship,2,Sat,2025-08-16,12:30,Derby County,3–5,Coventry City,30465,Pride Park Stadium,Anthony Backhouse,/en/matches/99ab3fd0/Derby-County-Coventry-City-August-16-2025-Championship,,99ab3fd0
ENG-Championship,2526,2025-08-16 Millwall-Middlesbrough,Championship,2,Sat,2025-08-16,15:00,Millwall,0–3,Middlesbrough,18021,The Den,Tom Nield,/en/matches/a25379b6/Millwall-Middlesbrough-August-16-2025-Championship,,a25379b6
ENG-Championship,2526,2025-08-16 Portsmouth-Norwich City,Championship,2,Sat,2025-08-16,12:30,Portsmouth,1–2,Norwich City,20382,Fratton Park,Stephen Martin,/en/matches/e55bf0cc/Portsmouth-Norwich-City-August-16-2025-Championship,,e55bf0cc
ENG-Championship,2526,2025-08-16 Preston North End-Leicester City,Championship,2,Sat,2025-08-16,15:00,Preston North End,2–1,Leicester City,16797,Deepdale Stadium,Gavin Ward,/en/matches/c6c5e2ab/Preston-North-End-Leicester-City-August-16-2025-Championship,,c6c5e2ab
ENG-Championship,2526,2025-08-16 Sheffield Weds-Stoke City,Championship,2,Sat,2025-08-16,15:00,Sheffield Weds,0–3,Stoke City,21683,Hillsborough Stadium,Lewis Smith,/en/matches/d954743c/Sheffield-Wednesday-Stoke-City-August-16-2025-Championship,,d954743c
ENG-Championship,2526,2025-08-16 Swansea City-Sheffield United,Championship,2,Sat,2025-08-16,15:00,Swansea City,1–0,Sheffield United,15816,Swansea.com Stadium,Thomas Kirk,/en/matches/feec81d2/Swansea-City-Sheffield-United-August-16-2025-Championship,,feec81d2
ENG-Championship,2526,2025-08-16 Watford-QPR,Championship,2,Sat,2025-08-16,15:00,Watford,2–1,QPR,19517,Vicarage Road Stadium,Tony Harrington,/en/matches/27ffc8bb/Watford-Queens-Park-Rangers-August-16-2025-Championship,,27ffc8bb
ENG-Championship,2526,2025-08-16 Wrexham-West Brom,Championship,2,Sat,2025-08-16,12:30,Wrexham,2–3,West Brom,10656,STōK Racecourse,John Busby,/en/matches/27d9ee0c/Wrexham-West-Bromwich-Albion-August-16-2025-Championship,,27d9ee0c
ENG-Championship,2526,2025-08-17 Hull City-Oxford United,Championship,2,Sun,2025-08-17,15:00,Hull City,3–2,Oxford United,20667,MKM Stadium,Andrew Kitchen,/en/matches/878e04d7/Hull-City-Oxford-United-August-17-2025-Championship,,878e04d7
ENG-Championship,2526,2025-08-17 Ipswich Town-Southampton,Championship,2,Sun,2025-08-17,12:00,Ipswich Town,1–1,Southampton,29128,Portman Road Stadium,Robert Madley,/en/matches/b56bbdcb/Ipswich-Town-Southampton-August-17-2025-Championship,,b56bbdcb
ENG-Championship,2526,2025-08-22 Derby County-Bristol City,Championship,3,Fri,2025-08-22,20:00,Derby County,1–1,Bristol City,27849,Pride Park Stadium,David Webb,/en/matches/313aee40/Derby-County-Bristol-City-August-22-2025-Championship,,313aee40
ENG-Championship,2526,2025-08-23 Birmingham City-Oxford United,Championship,3,Sat,2025-08-23,15:00,Birmingham City,1–0,Oxford United,27342,St Andrew's @ Knighthead Park,Robert Jones,/en/matches/2e146d54/Birmingham-City-Oxford-United-August-23-2025-Championship,,2e146d54
ENG-Championship,2526,2025-08-23 Charlton Athletic-Leicester City,Championship,3,Sat,2025-08-23,12:30,Charlton Athletic,0–1,Leicester City,22183,The Valley,Dean Whitestone,/en/matches/95f6776f/Charlton-Athletic-Leicester-City-August-23-2025-Championship,,95f6776f
ENG-Championship,2526,2025-08-23 Coventry City-QPR,Championship,3,Sat,2025-08-23,15:00,Coventry City,7–1,QPR,29015,Coventry Building Society Arena,Adam Herczeg,/en/matches/49832beb/Coventry-City-Queens-Park-Rangers-August-23-2025-Championship,,49832beb
ENG-Championship,2526,2025-08-23 Hull City-Blackburn Rovers,Championship,3,Sat,2025-08-23,12:30,Hull City,0–3,Blackburn Rovers,20518,MKM Stadium,Tom Nield,/en/matches/a3fd77f5/Hull-City-Blackburn-Rovers-August-23-2025-Championship,,a3fd77f5
ENG-Championship,2526,2025-08-23 Norwich City-Middlesbrough,Championship,3,Sat,2025-08-23,15:00,Norwich City,1–2,Middlesbrough,26381,Carrow Road,Leigh Doughty,/en/matches/23c42719/Norwich-City-Middlesbrough-August-23-2025-Championship,,23c42719
ENG-Championship,2526,2025-08-23 Preston North End-Ipswich Town,Championship,3,Sat,2025-08-23,15:00,Preston North End,1–0,Ipswich Town,18381,Deepdale Stadium,Matt Donohue,/en/matches/18a4b97c/Preston-North-End-Ipswich-Town-August-23-2025-Championship,,18a4b97c
ENG-Championship,2526,2025-08-23 Sheffield United-Millwall,Championship,3,Sat,2025-08-23,15:00,Sheffield United,0–1,Millwall,26835,Bramall Lane,John Busby,/en/matches/2f205c14/Sheffield-United-Millwall-August-23-2025-Championship,,2f205c14
ENG-Championship,2526,2025-08-23 Southampton-Stoke City,Championship,3,Sat,2025-08-23,15:00,Southampton,1–2,Stoke City,28922,St Mary's Stadium,Joshua Smith,/en/matches/f717aa01/Southampton-Stoke-City-August-23-2025-Championship,,f717aa01
ENG-Championship,2526,2025-08-23 Swansea City-Watford,Championship,3,Sat,2025-08-23,12:30,Swansea City,1–1,Watford,15543,Swansea.com Stadium,Stephen Martin,/en/matches/de0ea40a/Swansea-City-Watford-August-23-2025-Championship,,de0ea40a
ENG-Championship,2526,2025-08-23 West Brom-Portsmouth,Championship,3,Sat,2025-08-23,15:00,West Brom,1–1,Portsmouth,24818,The Hawthorns,Elliot Bell,/en/matches/5538b930/West-Bromwich-Albion-Portsmouth-August-23-2025-Championship,,5538b930
ENG-Championship,2526,2025-08-23 Wrexham-Sheffield Weds,Championship,3,Sat,2025-08-23,15:00,Wrexham,2–2,Sheffield Weds,10628,STōK Racecourse,Farai Hallam,/en/matches/61610194/Wrexham-Sheffield-Wednesday-August-23-2025-Championship,,61610194
ENG-Championship,2526,2025-08-29 Leicester City-Birmingham City,Championship,4,Fri,2025-08-29,20:00,Leicester City,2–0,Birmingham City,30971,King Power Stadium,Joshua Smith,/en/matches/df48f148/Leicester-City-Birmingham-City-August-29-2025-Championship,,df48f148
ENG-Championship,2526,2025-08-30 Blackburn Rovers-Norwich City,Championship,4,Sat,2025-08-30,15:00,Blackburn Rovers,0–2,Norwich City,13580,Ewood Park,Ben Speedie,/en/matches/db6bd038/Blackburn-Rovers-Norwich-City-August-30-2025-Championship,,db6bd038
ENG-Championship,2526,2025-08-30 Bristol City-Hull City,Championship,4,Sat,2025-08-30,15:00,Bristol City,4–2,Hull City,21385,Ashton Gate Stadium,Gavin Ward,/en/matches/154982fd/Bristol-City-Hull-City-August-30-2025-Championship,,154982fd
ENG-Championship,2526,2025-08-30 Ipswich Town-Derby County,Championship,4,Sat,2025-08-30,15:00,Ipswich Town,2–2,Derby County,29155,Portman Road Stadium,Leigh Doughty,/en/matches/777a2d96/Ipswich-Town-Derby-County-August-30-2025-Championship,,777a2d96
ENG-Championship,2526,2025-08-30 Middlesbrough-Sheffield United,Championship,4,Sat,2025-08-30,12:30,Middlesbrough,1–0,Sheffield United,26610,Riverside Stadium,Lewis Smith,/en/matches/6fc667b3/Middlesbrough-Sheffield-United-August-30-2025-Championship,,6fc667b3
ENG-Championship,2526,2025-08-30 Millwall-Wrexham,Championship,4,Sat,2025-08-30,15:00,Millwall,0–2,Wrexham,17877,The Den,Thomas Kirk,/en/matches/db8d6712/Millwall-Wrexham-August-30-2025-Championship,,db8d6712
ENG-Championship,2526,2025-08-30 Oxford United-Coventry City,Championship,4,Sat,2025-08-30,15:00,Oxford United,2–2,Coventry City,11279,The Kassam Stadium,Ruebyn Ricardo,/en/matches/9d5118d8/Oxford-United-Coventry-City-August-30-2025-Championship,,9d5118d8
ENG-Championship,2526,2025-08-30 Portsmouth-Preston North End,Championship,4,Sat,2025-08-30,15:00,Portsmouth,1–0,Preston North End,20226,Fratton Park,Tony Harrington,/en/matches/8606c671/Portsmouth-Preston-North-End-August-30-2025-Championship,,8606c671
ENG-Championship,2526,2025-08-30 QPR-Charlton Athletic,Championship,4,Sat,2025-08-30,12:30,QPR,3–1,Charlton Athletic,16875,MATRADE Loftus Road Stadium,Andrew Kitchen,/en/matches/60cdaebc/Queens-Park-Rangers-Charlton-Athletic-August-30-2025-Championship,,60cdaebc
ENG-Championship,2526,2025-08-30 Sheffield Weds-Swansea City,Championship,4,Sat,2025-08-30,15:00,Sheffield Weds,0–2,Swansea City,19740,Hillsborough Stadium,Anthony Backhouse,/en/matches/a3388958/Sheffield-Wednesday-Swansea-City-August-30-2025-Championship,,a3388958
ENG-Championship,2526,2025-08-30 Stoke City-West Brom,Championship,4,Sat,2025-08-30,12:30,Stoke City,0–1,West Brom,35328,bet365 Stadium,Matt Donohue,/en/matches/aaa0c560/Stoke-City-West-Bromwich-Albion-August-30-2025-Championship,,aaa0c560
ENG-Championship,2526,2025-08-30 Watford-Southampton,Championship,4,Sat,2025-08-30,15:00,Watford,2–2,Southampton,19075,Vicarage Road Stadium,Farai Hallam,/en/matches/4f25f2cb/Watford-Southampton-August-30-2025-Championship,,4f25f2cb
ENG-Championship,2526,2025-09-12 Ipswich Town-Sheffield United,Championship,5,Fri,2025-09-12,20:00,Ipswich Town,5–0,Sheffield United,28012,Portman Road Stadium,Farai Hallam,/en/matches/2fab0776/Ipswich-Town-Sheffield-United-September-12-2025-Championship,,2fab0776
ENG-Championship,2526,2025-09-13 Charlton Athletic-Millwall,Championship,5,Sat,2025-09-13,12:30,Charlton Athletic,1–1,Millwall,23293,The Valley,Robert Madley,/en/matches/45524162/Charlton-Athletic-Millwall-September-13-2025-Championship,,45524162
ENG-Championship,2526,2025-09-13 Coventry City-Norwich City,Championship,5,Sat,2025-09-13,15:00,Coventry City,1–1,Norwich City,30547,Coventry Building Society Arena,Gavin Ward,/en/matches/192db4e6/Coventry-City-Norwich-City-September-13-2025-Championship,,192db4e6
ENG-Championship,2526,2025-09-13 Oxford United-Leicester City,Championship,5,Sat,2025-09-13,12:30,Oxford United,2–2,Leicester City,11362,The Kassam Stadium,Ben Toner,/en/matches/51cf5d35/Oxford-United-Leicester-City-September-13-2025-Championship,,51cf5d35
ENG-Championship,2526,2025-09-13 Preston North End-Middlesbrough,Championship,5,Sat,2025-09-13,12:30,Preston North End,2–2,Middlesbrough,19391,Deepdale Stadium,Thomas Kirk,/en/matches/8706e9a9/Preston-North-End-Middlesbrough-September-13-2025-Championship,,8706e9a9
ENG-Championship,2526,2025-09-13 Sheffield Weds-Bristol City,Championship,5,Sat,2025-09-13,15:00,Sheffield Weds,0–3,Bristol City,20003,Hillsborough Stadium,Tom Nield,/en/matches/22b338f3/Sheffield-Wednesday-Bristol-City-September-13-2025-Championship,,22b338f3
ENG-Championship,2526,2025-09-13 Stoke City-Birmingham City,Championship,5,Sat,2025-09-13,15:00,Stoke City,1–0,Birmingham City,24676,bet365 Stadium,Michael Salisbury,/en/matches/73809f67/Stoke-City-Birmingham-City-September-13-2025-Championship,,73809f67
ENG-Championship,2526,2025-09-13 Swansea City-Hull City,Championship,5,Sat,2025-09-13,15:00,Swansea City,2–2,Hull City,15152,Swansea.com Stadium,David Webb,/en/matches/a272fb26/Swansea-City-Hull-City-September-13-2025-Championship,,a272fb26
ENG-Championship,2526,2025-09-13 Watford-Blackburn Rovers,Championship,5,Sat,2025-09-13,15:00,Watford,0–1,Blackburn Rovers,17964,Vicarage Road Stadium,Dean Whitestone,/en/matches/25382c74/Watford-Blackburn-Rovers-September-13-2025-Championship,,25382c74
ENG-Championship,2526,2025-09-13 West Brom-Derby County,Championship,5,Sat,2025-09-13,15:00,West Brom,0–1,Derby County,25596,The Hawthorns,Ruebyn Ricardo,/en/matches/e700317f/West-Bromwich-Albion-Derby-County-September-13-2025-Championship,,e700317f
ENG-Championship,2526,2025-09-13 Wrexham-QPR,Championship,5,Sat,2025-09-13,15:00,Wrexham,1–3,QPR,10608,STōK Racecourse,Ben Speedie,/en/matches/33a82215/Wrexham-Queens-Park-Rangers-September-13-2025-Championship,,33a82215
ENG-Championship,2526,2025-09-14 Southampton-Portsmouth,Championship,5,Sun,2025-09-14,12:00,Southampton,0–0,Portsmouth,30889,St Mary's Stadium,Matt Donohue,/en/matches/dc0c2d39/Southampton-Portsmouth-September-14-2025-Championship,,dc0c2d39
ENG-Championship,2526,2025-09-19 Middlesbrough-West Brom,Championship,6,Fri,2025-09-19,20:00,Middlesbrough,2–1,West Brom,27803,Riverside Stadium,Andrew Kitchen,/en/matches/5d8ba3d9/Middlesbrough-West-Bromwich-Albion-September-19-2025-Championship,,5d8ba3d9
ENG-Championship,2526,2025-09-20 Birmingham City-Swansea City,Championship,6,Sat,2025-09-20,12:30,Birmingham City,1–0,Swansea City,27441,St Andrew's @ Knighthead Park,John Busby,/en/matches/c8396500/Birmingham-City-Swansea-City-September-20-2025-Championship,,c8396500
ENG-Championship,2526,2025-09-20 Derby County-Preston North End,Championship,6,Sat,2025-09-20,15:00,Derby County,0–1,Preston North End,29143,Pride Park Stadium,Lewis Smith,/en/matches/5b898266/Derby-County-Preston-North-End-September-20-2025-Championship,,5b898266
ENG-Championship,2526,2025-09-20 Hull City-Southampton,Championship,6,Sat,2025-09-20,15:00,Hull City,3–1,Southampton,22085,MKM Stadium,Anthony Backhouse,/en/matches/f0e46b73/Hull-City-Southampton-September-20-2025-Championship,,f0e46b73
ENG-Championship,2526,2025-09-20 Leicester City-Coventry City,Championship,6,Sat,2025-09-20,12:30,Leicester City,0–0,Coventry City,30857,King Power Stadium,Oliver Langford,/en/matches/a3f5a140/Leicester-City-Coventry-City-September-20-2025-Championship,,a3f5a140
ENG-Championship,2526,2025-09-20 Norwich City-Wrexham,Championship,6,Sat,2025-09-20,15:00,Norwich City,2–3,Wrexham,26201,Carrow Road,David Webb,/en/matches/5e69fe9a/Norwich-City-Wrexham-September-20-2025-Championship,,5e69fe9a
ENG-Championship,2526,2025-09-20 Portsmouth-Sheffield Weds,Championship,6,Sat,2025-09-20,15:00,Portsmouth,0–2,Sheffield Weds,20225,Fratton Park,Ruebyn Ricardo,/en/matches/7650f050/Portsmouth-Sheffield-Wednesday-September-20-2025-Championship,,7650f050
ENG-Championship,2526,2025-09-20 QPR-Stoke City,Championship,6,Sat,2025-09-20,12:30,QPR,1–0,Stoke City,16481,MATRADE Loftus Road Stadium,Tim Robinson,/en/matches/7ae70aef/Queens-Park-Rangers-Stoke-City-September-20-2025-Championship,,7ae70aef
ENG-Championship,2526,2025-09-20 Sheffield United-Charlton Athletic,Championship,6,Sat,2025-09-20,15:00,Sheffield United,0–1,Charlton Athletic,30165,Bramall Lane,Ben Toner,/en/matches/0d169928/Sheffield-United-Charlton-Athletic-September-20-2025-Championship,,0d169928
ENG-Championship,2526,2025-09-21 Bristol City-Oxford United,Championship,6,Sun,2025-09-21,15:00,Bristol City,1–3,Oxford United,23440,Ashton Gate Stadium,John Brooks,/en/matches/c2e9e741/Bristol-City-Oxford-United-September-21-2025-Championship,,c2e9e741
ENG-Championship,2526,2025-09-22 Millwall-Watford,Championship,6,Mon,2025-09-22,20:00,Millwall,1–0,Watford,14586,The Den,Joshua Smith,/en/matches/a0d4b2d4/Millwall-Watford-September-22-2025-Championship,,a0d4b2d4
ENG-Championship,2526,2025-09-26 West Brom-Leicester City,Championship,7,Fri,2025-09-26,20:00,West Brom,1–1,Leicester City,24235,The Hawthorns,Stephen Martin,/en/matches/d4c5438f/West-Bromwich-Albion-Leicester-City-September-26-2025-Championship,,d4c5438f
ENG-Championship,2526,2025-09-27 Charlton Athletic-Blackburn Rovers,Championship,7,Sat,2025-09-27,15:00,Charlton Athletic,3–0,Blackburn Rovers,19004,The Valley,Anthony Backhouse,/en/matches/41fd947d/Charlton-Athletic-Blackburn-Rovers-September-27-2025-Championship,,41fd947d
ENG-Championship,2526,2025-09-27 Coventry City-Birmingham City,Championship,7,Sat,2025-09-27,12:30,Coventry City,3–0,Birmingham City,30585,Coventry Building Society Arena,Thomas Kirk,/en/matches/11ec2b3a/Coventry-City-Birmingham-City-September-27-2025-Championship,,11ec2b3a
ENG-Championship,2526,2025-09-27 Ipswich Town-Portsmouth,Championship,7,Sat,2025-09-27,15:00,Ipswich Town,2–1,Portsmouth,29141,Portman Road Stadium,Andrew Kitchen,/en/matches/d738a108/Ipswich-Town-Portsmouth-September-27-2025-Championship,,d738a108
ENG-Championship,2526,2025-09-27 Oxford United-Sheffield United,Championship,7,Sat,2025-09-27,15:00,Oxford United,0–1,Sheffield United,11352,The Kassam Stadium,Ben Speedie,/en/matches/59f6614d/Oxford-United-Sheffield-United-September-27-2025-Championship,,59f6614d
ENG-Championship,2526,2025-09-27 Preston North End-Bristol City,Championship,7,Sat,2025-09-27,15:00,Preston North End,0–0,Bristol City,15295,Deepdale Stadium,Robert Madley,/en/matches/91125bfb/Preston-North-End-Bristol-City-September-27-2025-Championship,,91125bfb
ENG-Championship,2526,2025-09-27 Sheffield Weds-QPR,Championship,7,Sat,2025-09-27,15:00,Sheffield Weds,1–1,QPR,20132,Hillsborough Stadium,John Brooks,/en/matches/ecb2f6b7/Sheffield-Wednesday-Queens-Park-Rangers-September-27-2025-Championship,,ecb2f6b7
ENG-Championship,2526,2025-09-27 Southampton-Middlesbrough,Championship,7,Sat,2025-09-27,15:00,Southampton,1–1,Middlesbrough,28605,St Mary's Stadium,Farai Hallam,/en/matches/237f0e44/Southampton-Middlesbrough-September-27-2025-Championship,,237f0e44
ENG-Championship,2526,2025-09-27 Stoke City-Norwich City,Championship,7,Sat,2025-09-27,15:00,Stoke City,1–1,Norwich City,25148,bet365 Stadium,Elliot Bell,/en/matches/2c4aca8b/Stoke-City-Norwich-City-September-27-2025-Championship,,2c4aca8b
ENG-Championship,2526,2025-09-27 Swansea City-Millwall,Championship,7,Sat,2025-09-27,12:30,Swansea City,1–1,Millwall,14942,Swansea.com Stadium,Dean Whitestone,/en/matches/d858ff7f/Swansea-City-Millwall-September-27-2025-Championship,,d858ff7f
ENG-Championship,2526,2025-09-27 Watford-Hull City,Championship,7,Sat,2025-09-27,15:00,Watford,2–1,Hull City,17973,Vicarage Road Stadium,Oliver Langford,/en/matches/e38e84d1/Watford-Hull-City-September-27-2025-Championship,,e38e84d1
ENG-Championship,2526,2025-09-27 Wrexham-Derby County,Championship,7,Sat,2025-09-27,12:30,Wrexham,1–1,Derby County,10613,STōK Racecourse,Tom Nield,/en/matches/d4193835/Wrexham-Derby-County-September-27-2025-Championship,,d4193835
ENG-Championship,2526,2025-09-30 Birmingham City-Sheffield Weds,Championship,8,Tue,2025-09-30,19:45,Birmingham City,2–2,Sheffield Weds,27323,St Andrew's @ Knighthead Park,Matt Donohue,/en/matches/d7ab6ec7/Birmingham-City-Sheffield-Wednesday-September-30-2025-Championship,,d7ab6ec7
ENG-Championship,2526,2025-09-30 Blackburn Rovers-Swansea City,Championship,8,Tue,2025-09-30,19:45,Blackburn Rovers,1–2,Swansea City,11013,Ewood Park,Leigh Doughty,/en/matches/cd42a2ce/Blackburn-Rovers-Swansea-City-September-30-2025-Championship,,cd42a2ce
ENG-Championship,2526,2025-09-30 Bristol City-Ipswich Town,Championship,8,Tue,2025-09-30,19:45,Bristol City,1–1,Ipswich Town,23329,Ashton Gate Stadium,John Busby,/en/matches/090c1556/Bristol-City-Ipswich-Town-September-30-2025-Championship,,090c1556
ENG-Championship,2526,2025-09-30 Derby County-Charlton Athletic,Championship,8,Tue,2025-09-30,20:00,Derby County,1–1,Charlton Athletic,25966,Pride Park Stadium,Gavin Ward,/en/matches/b5dae5bc/Derby-County-Charlton-Athletic-September-30-2025-Championship,,b5dae5bc
ENG-Championship,2526,2025-09-30 Hull City-Preston North End,Championship,8,Tue,2025-09-30,19:45,Hull City,2–2,Preston North End,18624,MKM Stadium,Joshua Smith,/en/matches/1c182e6e/Hull-City-Preston-North-End-September-30-2025-Championship,,1c182e6e
ENG-Championship,2526,2025-09-30 Leicester City-Wrexham,Championship,8,Tue,2025-09-30,19:45,Leicester City,1–1,Wrexham,29357,King Power Stadium,Elliot Bell,/en/matches/14396ee7/Leicester-City-Wrexham-September-30-2025-Championship,,14396ee7
ENG-Championship,2526,2025-09-30 Middlesbrough-Stoke City,Championship,8,Tue,2025-09-30,19:45,Middlesbrough,0–0,Stoke City,24707,Riverside Stadium,David Webb,/en/matches/f686b4bb/Middlesbrough-Stoke-City-September-30-2025-Championship,,f686b4bb
ENG-Championship,2526,2025-09-30 Sheffield United-Southampton,Championship,8,Tue,2025-09-30,19:45,Sheffield United,1–2,Southampton,27053,Bramall Lane,Adam Herczeg,/en/matches/4b5b622a/Sheffield-United-Southampton-September-30-2025-Championship,,4b5b622a
ENG-Championship,2526,2025-10-01 Millwall-Coventry City,Championship,8,Wed,2025-10-01,19:45,Millwall,0–4,Coventry City,14802,The Den,Lewis Smith,/en/matches/75e401f1/Millwall-Coventry-City-October-1-2025-Championship,,75e401f1
ENG-Championship,2526,2025-10-01 Norwich City-West Brom,Championship,8,Wed,2025-10-01,19:45,Norwich City,0–1,West Brom,24640,Carrow Road,Samuel Allison,/en/matches/da5ec99a/Norwich-City-West-Bromwich-Albion-October-1-2025-Championship,,da5ec99a
ENG-Championship,2526,2025-10-01 Portsmouth-Watford,Championship,8,Wed,2025-10-01,19:45,Portsmouth,2–2,Watford,19646,Fratton Park,Ben Toner,/en/matches/5d427b10/Portsmouth-Watford-October-1-2025-Championship,,5d427b10
ENG-Championship,2526,2025-10-01 QPR-Oxford United,Championship,8,Wed,2025-10-01,20:00,QPR,0–0,Oxford United,15470,MATRADE Loftus Road Stadium,Ruebyn Ricardo,/en/matches/8132c2df/Queens-Park-Rangers-Oxford-United-October-1-2025-Championship,,8132c2df
ENG-Championship,2526,2025-10-03 Wrexham-Birmingham City,Championship,9,Fri,2025-10-03,20:00,Wrexham,1–1,Birmingham City,10669,STōK Racecourse,Robert Madley,/en/matches/a4da4787/Wrexham-Birmingham-City-October-3-2025-Championship,,a4da4787
ENG-Championship,2526,2025-10-04 Blackburn Rovers-Stoke City,Championship,9,Sat,2025-10-04,12:30,Blackburn Rovers,1–1,Stoke City,14751,Ewood Park,Ruebyn Ricardo,/en/matches/3e663231/Blackburn-Rovers-Stoke-City-October-4-2025-Championship,,3e663231
ENG-Championship,2526,2025-10-04 Bristol City-QPR,Championship,9,Sat,2025-10-04,15:00,Bristol City,1–2,QPR,24200,Ashton Gate Stadium,Edward Duckworth,/en/matches/362ba443/Bristol-City-Queens-Park-Rangers-October-4-2025-Championship,,362ba443
ENG-Championship,2526,2025-10-04 Derby County-Southampton,Championship,9,Sat,2025-10-04,15:00,Derby County,1–1,Southampton,29573,Pride Park Stadium,Oliver Langford,/en/matches/db00f779/Derby-County-Southampton-October-4-2025-Championship,,db00f779
ENG-Championship,2526,2025-10-04 Hull City-Sheffield United,Championship,9,Sat,2025-10-04,12:30,Hull City,1–0,Sheffield United,21030,MKM Stadium,Gavin Ward,/en/matches/b2a1ad63/Hull-City-Sheffield-United-October-4-2025-Championship,,b2a1ad63
ENG-Championship,2526,2025-10-04 Millwall-West Brom,Championship,9,Sat,2025-10-04,15:00,Millwall,3–0,West Brom,17865,The Den,Tim Robinson,/en/matches/1bedba00/Millwall-West-Bromwich-Albion-October-4-2025-Championship,,1bedba00
ENG-Championship,2526,2025-10-04 Portsmouth-Middlesbrough,Championship,9,Sat,2025-10-04,15:00,Portsmouth,1–0,Middlesbrough,20397,Fratton Park,Anthony Backhouse,/en/matches/494d7fe8/Portsmouth-Middlesbrough-October-4-2025-Championship,,494d7fe8
ENG-Championship,2526,2025-10-04 Preston North End-Charlton Athletic,Championship,9,Sat,2025-10-04,15:00,Preston North End,2–0,Charlton Athletic,14991,Deepdale Stadium,James Linington,/en/matches/97d4df50/Preston-North-End-Charlton-Athletic-October-4-2025-Championship,,97d4df50
ENG-Championship,2526,2025-10-04 Sheffield Weds-Coventry City,Championship,9,Sat,2025-10-04,12:30,Sheffield Weds,0–5,Coventry City,22224,Hillsborough Stadium,Adam Herczeg,/en/matches/1f1e68aa/Sheffield-Wednesday-Coventry-City-October-4-2025-Championship,,1f1e68aa
ENG-Championship,2526,2025-10-04 Swansea City-Leicester City,Championship,9,Sat,2025-10-04,15:00,Swansea City,1–3,Leicester City,16601,Swansea.com Stadium,David Webb,/en/matches/e91009b3/Swansea-City-Leicester-City-October-4-2025-Championship,,e91009b3
ENG-Championship,2526,2025-10-04 Watford-Oxford United,Championship,9,Sat,2025-10-04,15:00,Watford,2–1,Oxford United,19187,Vicarage Road Stadium,Lewis Smith,/en/matches/3d03cadc/Watford-Oxford-United-October-4-2025-Championship,,3d03cadc
ENG-Championship,2526,2025-10-05 Ipswich Town-Norwich City,Championship,9,Sun,2025-10-05,12:00,Ipswich Town,3–1,Norwich City,29809,Portman Road Stadium,Thomas Kirk,/en/matches/cccd99a0/Ipswich-Town-Norwich-City-October-5-2025-Championship,,cccd99a0
ENG-Championship,2526,2025-10-17 Middlesbrough-Ipswich Town,Championship,10,Fri,2025-10-17,20:00,Middlesbrough,2–1,Ipswich Town,27805,Riverside Stadium,Matt Donohue,/en/matches/14613a41/Middlesbrough-Ipswich-Town-October-17-2025-Championship,,14613a41
ENG-Championship,2526,2025-10-18 Birmingham City-Hull City,Championship,10,Sat,2025-10-18,15:00,Birmingham City,2–3,Hull City,27215,St Andrew's @ Knighthead Park,Ruebyn Ricardo,/en/matches/928e92a0/Birmingham-City-Hull-City-October-18-2025-Championship,,928e92a0
ENG-Championship,2526,2025-10-18 Charlton Athletic-Sheffield Weds,Championship,10,Sat,2025-10-18,15:00,Charlton Athletic,2–1,Sheffield Weds,23009,The Valley,Tom Reeves,/en/matches/f390e1cb/Charlton-Athletic-Sheffield-Wednesday-October-18-2025-Championship,,f390e1cb
ENG-Championship,2526,2025-10-18 Coventry City-Blackburn Rovers,Championship,10,Sat,2025-10-18,15:00,Coventry City,2–0,Blackburn Rovers,29606,Coventry Building Society Arena,Samuel Allison,/en/matches/85985028/Coventry-City-Blackburn-Rovers-October-18-2025-Championship,,85985028
ENG-Championship,2526,2025-10-18 Leicester City-Portsmouth,Championship,10,Sat,2025-10-18,19:45,Leicester City,1–1,Portsmouth,30496,King Power Stadium,Farai Hallam,/en/matches/31e91edc/Leicester-City-Portsmouth-October-18-2025-Championship,,31e91edc
ENG-Championship,2526,2025-10-18 Norwich City-Bristol City,Championship,10,Sat,2025-10-18,15:00,Norwich City,0–1,Bristol City,26249,Carrow Road,Tom Nield,/en/matches/666092ae/Norwich-City-Bristol-City-October-18-2025-Championship,,666092ae
ENG-Championship,2526,2025-10-18 Oxford United-Derby County,Championship,10,Sat,2025-10-18,12:30,Oxford United,1–0,Derby County,11197,The Kassam Stadium,Gavin Ward,/en/matches/92352ed0/Oxford-United-Derby-County-October-18-2025-Championship,,92352ed0
ENG-Championship,2526,2025-10-18 QPR-Millwall,Championship,10,Sat,2025-10-18,12:30,QPR,1–2,Millwall,17408,MATRADE Loftus Road Stadium,Adam Herczeg,/en/matches/ab85646b/Queens-Park-Rangers-Millwall-October-18-2025-Championship,,ab85646b
ENG-Championship,2526,2025-10-18 Sheffield United-Watford,Championship,10,Sat,2025-10-18,15:00,Sheffield United,1–0,Watford,27431,Bramall Lane,Robert Madley,/en/matches/0a7bd7e3/Sheffield-United-Watford-October-18-2025-Championship,,0a7bd7e3
ENG-Championship,2526,2025-10-18 Southampton-Swansea City,Championship,10,Sat,2025-10-18,12:30,Southampton,0–0,Swansea City,27256,St Mary's Stadium,Joshua Smith,/en/matches/14ea8edc/Southampton-Swansea-City-October-18-2025-Championship,,14ea8edc
ENG-Championship,2526,2025-10-18 Stoke City-Wrexham,Championship,10,Sat,2025-10-18,15:00,Stoke City,1–0,Wrexham,27254,bet365 Stadium,Thomas Bramall,/en/matches/977f5c10/Stoke-City-Wrexham-October-18-2025-Championship,,977f5c10
ENG-Championship,2526,2025-10-18 West Brom-Preston North End,Championship,10,Sat,2025-10-18,15:00,West Brom,2–1,Preston North End,24068,The Hawthorns,Andrew Kitchen,/en/matches/c807f4ec/West-Bromwich-Albion-Preston-North-End-October-18-2025-Championship,,c807f4ec
ENG-Championship,2526,2025-10-21 Blackburn Rovers-Sheffield United,Championship,11,Tue,2025-10-21,19:45,Blackburn Rovers,1–3,Sheffield United,12104,Ewood Park,David Webb,/en/matches/7dbf6eb3/Blackburn-Rovers-Sheffield-United-October-21-2025-Championship,,7dbf6eb3
ENG-Championship,2526,2025-10-21 Bristol City-Southampton,Championship,11,Tue,2025-10-21,20:00,Bristol City,3–1,Southampton,24219,Ashton Gate Stadium,Anthony Backhouse,/en/matches/4a797d69/Bristol-City-Southampton-October-21-2025-Championship,,4a797d69
ENG-Championship,2526,2025-10-21 Derby County-Norwich City,Championship,11,Tue,2025-10-21,19:45,Derby County,1–0,Norwich City,25844,Pride Park Stadium,Ben Toner,/en/matches/a2ff8567/Derby-County-Norwich-City-October-21-2025-Championship,,a2ff8567
ENG-Championship,2526,2025-10-21 Hull City-Leicester City,Championship,11,Tue,2025-10-21,19:45,Hull City,2–1,Leicester City,20211,MKM Stadium,Matt Donohue,/en/matches/5d79d1e5/Hull-City-Leicester-City-October-21-2025-Championship,,5d79d1e5
ENG-Championship,2526,2025-10-21 Ipswich Town-Charlton Athletic,Championship,11,Tue,2025-10-21,19:45,Ipswich Town,0–3,Charlton Athletic,28006,Portman Road Stadium,Farai Hallam,/en/matches/7a9fefe9/Ipswich-Town-Charlton-Athletic-October-21-2025-Championship,,7a9fefe9
ENG-Championship,2526,2025-10-21 Millwall-Stoke City,Championship,11,Tue,2025-10-21,19:45,Millwall,2–0,Stoke City,13792,The Den,James Linington,/en/matches/99cbe1e9/Millwall-Stoke-City-October-21-2025-Championship,,99cbe1e9
ENG-Championship,2526,2025-10-21 Portsmouth-Coventry City,Championship,11,Tue,2025-10-21,19:45,Portsmouth,1–2,Coventry City,20321,Fratton Park,Gavin Ward,/en/matches/90adc828/Portsmouth-Coventry-City-October-21-2025-Championship,,90adc828
ENG-Championship,2526,2025-10-21 Preston North End-Birmingham City,Championship,11,Tue,2025-10-21,19:45,Preston North End,0–1,Birmingham City,16857,Deepdale Stadium,Lewis Smith,/en/matches/003245cf/Preston-North-End-Birmingham-City-October-21-2025-Championship,,003245cf
ENG-Championship,2526,2025-10-22 Sheffield Weds-Middlesbrough,Championship,11,Wed,2025-10-22,20:00,Sheffield Weds,0–1,Middlesbrough,21578,Hillsborough Stadium,Thomas Kirk,/en/matches/98753047/Sheffield-Wednesday-Middlesbrough-October-22-2025-Championship,,98753047
ENG-Championship,2526,2025-10-22 Swansea City-QPR,Championship,11,Wed,2025-10-22,19:45,Swansea City,0–1,QPR,14254,Swansea.com Stadium,John Busby,/en/matches/e41d70b4/Swansea-City-Queens-Park-Rangers-October-22-2025-Championship,,e41d70b4
ENG-Championship,2526,2025-10-22 Watford-West Brom,Championship,11,Wed,2025-10-22,19:45,Watford,2–1,West Brom,17308,Vicarage Road Stadium,Leigh Doughty,/en/matches/d935c52d/Watford-West-Bromwich-Albion-October-22-2025-Championship,,d935c52d
ENG-Championship,2526,2025-10-22 Wrexham-Oxford United,Championship,11,Wed,2025-10-22,19:45,Wrexham,1–0,Oxford United,10547,STōK Racecourse,Elliot Bell,/en/matches/caf43929/Wrexham-Oxford-United-October-22-2025-Championship,,caf43929
ENG-Championship,2526,2025-10-24 Preston North End-Sheffield United,Championship,12,Fri,2025-10-24,20:00,Preston North End,3–2,Sheffield United,16542,Deepdale Stadium,Farai Hallam,/en/matches/3bea2b2d/Preston-North-End-Sheffield-United-October-24-2025-Championship,,3bea2b2d
ENG-Championship,2526,2025-10-25 Blackburn Rovers-Southampton,Championship,12,Sat,2025-10-25,15:00,Blackburn Rovers,2–1,Southampton,13686,Ewood Park,Robert Madley,/en/matches/fac45ec4/Blackburn-Rovers-Southampton-October-25-2025-Championship,,fac45ec4
ENG-Championship,2526,2025-10-25 Bristol City-Birmingham City,Championship,12,Sat,2025-10-25,15:00,Bristol City,1–0,Birmingham City,24923,Ashton Gate Stadium,James Linington,/en/matches/3c73a409/Bristol-City-Birmingham-City-October-25-2025-Championship,,3c73a409
ENG-Championship,2526,2025-10-25 Coventry City-Watford,Championship,12,Sat,2025-10-25,12:30,Coventry City,3–1,Watford,30109,Coventry Building Society Arena,Dean Whitestone,/en/matches/ccbed1e9/Coventry-City-Watford-October-25-2025-Championship,,ccbed1e9
ENG-Championship,2526,2025-10-25 Derby County-QPR,Championship,12,Sat,2025-10-25,15:00,Derby County,1–0,QPR,28931,Pride Park Stadium,Elliot Bell,/en/matches/c5619b30/Derby-County-Queens-Park-Rangers-October-25-2025-Championship,,c5619b30
ENG-Championship,2526,2025-10-25 Hull City-Charlton Athletic,Championship,12,Sat,2025-10-25,15:00,Hull City,1–1,Charlton Athletic,20804,MKM Stadium,Andrew Kitchen,/en/matches/c6f0d91e/Hull-City-Charlton-Athletic-October-25-2025-Championship,,c6f0d91e
ENG-Championship,2526,2025-10-25 Ipswich Town-West Brom,Championship,12,Sat,2025-10-25,12:30,Ipswich Town,1–0,West Brom,28447,Portman Road Stadium,Joshua Smith,/en/matches/6694eea9/Ipswich-Town-West-Bromwich-Albion-October-25-2025-Championship,,6694eea9
ENG-Championship,2526,2025-10-25 Middlesbrough-Wrexham,Championship,12,Sat,2025-10-25,15:00,Middlesbrough,1–1,Wrexham,30046,Riverside Stadium,Stephen Martin,/en/matches/31ea7edc/Middlesbrough-Wrexham-October-25-2025-Championship,,31ea7edc
ENG-Championship,2526,2025-10-25 Millwall-Leicester City,Championship,12,Sat,2025-10-25,15:00,Millwall,1–0,Leicester City,18738,The Den,James Bell,/en/matches/f550c137/Millwall-Leicester-City-October-25-2025-Championship,,f550c137
ENG-Championship,2526,2025-10-25 Portsmouth-Stoke City,Championship,12,Sat,2025-10-25,12:30,Portsmouth,0–1,Stoke City,20164,Fratton Park,Thomas Kirk,/en/matches/45473e50/Portsmouth-Stoke-City-October-25-2025-Championship,,45473e50
ENG-Championship,2526,2025-10-25 Sheffield Weds-Oxford United,Championship,12,Sat,2025-10-25,15:00,Sheffield Weds,1–2,Oxford United,27261,Hillsborough Stadium,Paul Tierney,/en/matches/22ea637f/Sheffield-Wednesday-Oxford-United-October-25-2025-Championship,,22ea637f
ENG-Championship,2526,2025-10-25 Swansea City-Norwich City,Championship,12,Sat,2025-10-25,15:00,Swansea City,2–1,Norwich City,14729,Swansea.com Stadium,Adam Herczeg,/en/matches/ab621e40/Swansea-City-Norwich-City-October-25-2025-Championship,,ab621e40
ENG-Championship,2526,2025-10-31 Wrexham-Coventry City,Championship,13,Fri,2025-10-31,20:00,Wrexham,3–2,Coventry City,10617,STōK Racecourse,Anthony Backhouse,/en/matches/15255cf9/Wrexham-Coventry-City-October-31-2025-Championship,,15255cf9
ENG-Championship,2526,2025-11-01 Birmingham City-Portsmouth,Championship,13,Sat,2025-11-01,15:00,Birmingham City,4–0,Portsmouth,27903,St Andrew's @ Knighthead Park,Andrew Kitchen,/en/matches/89a72375/Birmingham-City-Portsmouth-November-1-2025-Championship,,89a72375
ENG-Championship,2526,2025-11-01 Charlton Athletic-Swansea City,Championship,13,Sat,2025-11-01,15:00,Charlton Athletic,1–1,Swansea City,20405,The Valley,David Webb,/en/matches/b1f76875/Charlton-Athletic-Swansea-City-November-1-2025-Championship,,b1f76875
ENG-Championship,2526,2025-11-01 Leicester City-Blackburn Rovers,Championship,13,Sat,2025-11-01,12:30,Leicester City,0–2,Blackburn Rovers,27925,King Power Stadium,Tom Nield,/en/matches/d2383343/Leicester-City-Blackburn-Rovers-November-1-2025-Championship,,d2383343
ENG-Championship,2526,2025-11-01 Norwich City-Hull City,Championship,13,Sat,2025-11-01,12:30,Norwich City,0–2,Hull City,25724,Carrow Road,Joshua Smith,/en/matches/2c04064a/Norwich-City-Hull-City-November-1-2025-Championship,,2c04064a
ENG-Championship,2526,2025-11-01 Oxford United-Millwall,Championship,13,Sat,2025-11-01,15:00,Oxford United,2–2,Millwall,11023,The Kassam Stadium,Farai Hallam,/en/matches/f555cd56/Oxford-United-Millwall-November-1-2025-Championship,,f555cd56
ENG-Championship,2526,2025-11-01 QPR-Ipswich Town,Championship,13,Sat,2025-11-01,15:00,QPR,1–4,Ipswich Town,17505,MATRADE Loftus Road Stadium,Samuel Allison,/en/matches/6aede2d3/Queens-Park-Rangers-Ipswich-Town-November-1-2025-Championship,,6aede2d3
ENG-Championship,2526,2025-11-01 Sheffield United-Derby County,Championship,13,Sat,2025-11-01,15:00,Sheffield United,1–3,Derby County,28473,Bramall Lane,Michael Salisbury,/en/matches/74461ab1/Sheffield-United-Derby-County-November-1-2025-Championship,,74461ab1
ENG-Championship,2526,2025-11-01 Southampton-Preston North End,Championship,13,Sat,2025-11-01,15:00,Southampton,0–2,Preston North End,27233,St Mary's Stadium,Matt Donohue,/en/matches/36d595e6/Southampton-Preston-North-End-November-1-2025-Championship,,36d595e6
ENG-Championship,2526,2025-11-01 Stoke City-Bristol City,Championship,13,Sat,2025-11-01,15:00,Stoke City,5–1,Bristol City,23241,bet365 Stadium,James Bell,/en/matches/32ac98be/Stoke-City-Bristol-City-November-1-2025-Championship,,32ac98be
ENG-Championship,2526,2025-11-01 Watford-Middlesbrough,Championship,13,Sat,2025-11-01,15:00,Watford,3–0,Middlesbrough,19278,Vicarage Road Stadium,John Busby,/en/matches/c6de046b/Watford-Middlesbrough-November-1-2025-Championship,,c6de046b
ENG-Championship,2526,2025-11-01 West Brom-Sheffield Weds,Championship,13,Sat,2025-11-01,12:30,West Brom,0–0,Sheffield Weds,23622,The Hawthorns,Ben Toner,/en/matches/e0c047ce/West-Bromwich-Albion-Sheffield-Wednesday-November-1-2025-Championship,,e0c047ce
ENG-Championship,2526,2025-11-04 Birmingham City-Millwall,Championship,14,Tue,2025-11-04,19:45,Birmingham City,4–0,Millwall,25408,St Andrew's @ Knighthead Park,Gavin Ward,/en/matches/1c588127/Birmingham-City-Millwall-November-4-2025-Championship,,1c588127
ENG-Championship,2526,2025-11-04 Bristol City-Blackburn Rovers,Championship,14,Tue,2025-11-04,19:45,Bristol City,0–1,Blackburn Rovers,21499,Ashton Gate Stadium,Dean Whitestone,/en/matches/1d9716f7/Bristol-City-Blackburn-Rovers-November-4-2025-Championship,,1d9716f7
ENG-Championship,2526,2025-11-04 Charlton Athletic-West Brom,Championship,14,Tue,2025-11-04,19:45,Charlton Athletic,1–0,West Brom,17147,The Valley,Lewis Smith,/en/matches/84a8dbb9/Charlton-Athletic-West-Bromwich-Albion-November-4-2025-Championship,,84a8dbb9
ENG-Championship,2526,2025-11-04 Coventry City-Sheffield United,Championship,14,Tue,2025-11-04,20:00,Coventry City,3–1,Sheffield United,29589,Coventry Building Society Arena,James Linington,/en/matches/aa4e6d3a/Coventry-City-Sheffield-United-November-4-2025-Championship,,aa4e6d3a
ENG-Championship,2526,2025-11-04 Derby County-Hull City,Championship,14,Tue,2025-11-04,19:45,Derby County,2–1,Hull City,26391,Pride Park Stadium,Stephen Martin,/en/matches/ef39dc03/Derby-County-Hull-City-November-4-2025-Championship,,ef39dc03
ENG-Championship,2526,2025-11-04 Ipswich Town-Watford,Championship,14,Tue,2025-11-04,19:45,Ipswich Town,1–1,Watford,27184,Portman Road Stadium,David Webb,/en/matches/e45669dd/Ipswich-Town-Watford-November-4-2025-Championship,,e45669dd
ENG-Championship,2526,2025-11-04 Leicester City-Middlesbrough,Championship,14,Tue,2025-11-04,19:45,Leicester City,1–1,Middlesbrough,28389,King Power Stadium,Adam Herczeg,/en/matches/31460350/Leicester-City-Middlesbrough-November-4-2025-Championship,,31460350
ENG-Championship,2526,2025-11-04 Oxford United-Stoke City,Championship,14,Tue,2025-11-04,19:45,Oxford United,0–3,Stoke City,10362,The Kassam Stadium,Leigh Doughty,/en/matches/5985ae78/Oxford-United-Stoke-City-November-4-2025-Championship,,5985ae78
ENG-Championship,2526,2025-11-05 Portsmouth-Wrexham,Championship,14,Wed,2025-11-05,20:00,Portsmouth,0–0,Wrexham,19877,Fratton Park,Robert Madley,/en/matches/f6017194/Portsmouth-Wrexham-November-5-2025-Championship,,f6017194
ENG-Championship,2526,2025-11-05 Preston North End-Swansea City,Championship,14,Wed,2025-11-05,19:45,Preston North End,2–1,Swansea City,15911,Deepdale Stadium,Anthony Backhouse,/en/matches/fb837fb3/Preston-North-End-Swansea-City-November-5-2025-Championship,,fb837fb3
ENG-Championship,2526,2025-11-05 QPR-Southampton,Championship,14,Wed,2025-11-05,19:45,QPR,1–2,Southampton,16404,MATRADE Loftus Road Stadium,James Bell,/en/matches/d7d4d3c7/Queens-Park-Rangers-Southampton-November-5-2025-Championship,,d7d4d3c7
ENG-Championship,2526,2025-11-05 Sheffield Weds-Norwich City,Championship,14,Wed,2025-11-05,19:45,Sheffield Weds,1–1,Norwich City,28156,Hillsborough Stadium,Edward Duckworth,/en/matches/734d01d3/Sheffield-Wednesday-Norwich-City-November-5-2025-Championship,,734d01d3
ENG-Championship,2526,2025-11-07 Watford-Bristol City,Championship,15,Fri,2025-11-07,20:00,Watford,1–1,Bristol City,19574,Vicarage Road Stadium,Paul Tierney,/en/matches/ec434521/Watford-Bristol-City-November-7-2025-Championship,,ec434521
ENG-Championship,2526,2025-11-08 Blackburn Rovers-Derby County,Championship,15,Sat,2025-11-08,12:30,Blackburn Rovers,1–2,Derby County,20147,Ewood Park,Thomas Kirk,/en/matches/2e1090ed/Blackburn-Rovers-Derby-County-November-8-2025-Championship,,2e1090ed
ENG-Championship,2526,2025-11-08 Hull City-Portsmouth,Championship,15,Sat,2025-11-08,12:30,Hull City,3–2,Portsmouth,23205,MKM Stadium,Tom Nield,/en/matches/134a4f13/Hull-City-Portsmouth-November-8-2025-Championship,,134a4f13
ENG-Championship,2526,2025-11-08 Middlesbrough-Birmingham City,Championship,15,Sat,2025-11-08,15:00,Middlesbrough,2–1,Birmingham City,26378,Riverside Stadium,Samuel Allison,/en/matches/504cb606/Middlesbrough-Birmingham-City-November-8-2025-Championship,,504cb606
ENG-Championship,2526,2025-11-08 Millwall-Preston North End,Championship,15,Sat,2025-11-08,12:30,Millwall,1–1,Preston North End,15788,The Den,Stephen Martin,/en/matches/1df814c5/Millwall-Preston-North-End-November-8-2025-Championship,,1df814c5
ENG-Championship,2526,2025-11-08 Norwich City-Leicester City,Championship,15,Sat,2025-11-08,15:00,Norwich City,1–2,Leicester City,26213,Carrow Road,Dean Whitestone,/en/matches/a1be1d06/Norwich-City-Leicester-City-November-8-2025-Championship,,a1be1d06
ENG-Championship,2526,2025-11-08 Sheffield United-QPR,Championship,15,Sat,2025-11-08,15:00,Sheffield United,0–0,QPR,26529,Bramall Lane,Lewis Smith,/en/matches/1ecb0189/Sheffield-United-Queens-Park-Rangers-November-8-2025-Championship,,1ecb0189
ENG-Championship,2526,2025-11-08 Southampton-Sheffield Weds,Championship,15,Sat,2025-11-08,15:00,Southampton,3–1,Sheffield Weds,27607,St Mary's Stadium,Ruebyn Ricardo,/en/matches/5ba5d0e6/Southampton-Sheffield-Wednesday-November-8-2025-Championship,,5ba5d0e6
ENG-Championship,2526,2025-11-08 Stoke City-Coventry City,Championship,15,Sat,2025-11-08,15:00,Stoke City,0–1,Coventry City,27421,bet365 Stadium,John Busby,/en/matches/86a77712/Stoke-City-Coventry-City-November-8-2025-Championship,,86a77712
ENG-Championship,2526,2025-11-08 Swansea City-Ipswich Town,Championship,15,Sat,2025-11-08,15:00,Swansea City,1–4,Ipswich Town,16783,Swansea.com Stadium,Edward Duckworth,/en/matches/87de00eb/Swansea-City-Ipswich-Town-November-8-2025-Championship,,87de00eb
ENG-Championship,2526,2025-11-08 West Brom-Oxford United,Championship,15,Sat,2025-11-08,15:00,West Brom,2–1,Oxford United,22898,The Hawthorns,Jacob Miles,/en/matches/2a6b2512/West-Bromwich-Albion-Oxford-United-November-8-2025-Championship,,2a6b2512
ENG-Championship,2526,2025-11-08 Wrexham-Charlton Athletic,Championship,15,Sat,2025-11-08,15:00,Wrexham,1–0,Charlton Athletic,11873,STōK Racecourse,Leigh Doughty,/en/matches/6b37ac86/Wrexham-Charlton-Athletic-November-8-2025-Championship,,6b37ac86
ENG-Championship,2526,2025-11-21 Preston North End-Blackburn Rovers,Championship,16,Fri,2025-11-21,20:00,Preston North End,1–2,Blackburn Rovers,21635,Deepdale Stadium,Paul Tierney,/en/matches/5f6f50b5/Preston-North-End-Blackburn-Rovers-November-21-2025-Championship,,5f6f50b5
ENG-Championship,2526,2025-11-22 Birmingham City-Norwich City,Championship,16,Sat,2025-11-22,15:00,Birmingham City,4–1,Norwich City,28080,St Andrew's @ Knighthead Park,Anthony Backhouse,/en/matches/c10d3b11/Birmingham-City-Norwich-City-November-22-2025-Championship,,c10d3b11
ENG-Championship,2526,2025-11-22 Bristol City-Swansea City,Championship,16,Sat,2025-11-22,12:30,Bristol City,3–0,Swansea City,23842,Ashton Gate Stadium,Joshua Smith,/en/matches/719d4456/Bristol-City-Swansea-City-November-22-2025-Championship,,719d4456
ENG-Championship,2526,2025-11-22 Charlton Athletic-Southampton,Championship,16,Sat,2025-11-22,12:30,Charlton Athletic,1–5,Southampton,22708,The Valley,Stephen Martin,/en/matches/1d077c9a/Charlton-Athletic-Southampton-November-22-2025-Championship,,1d077c9a
ENG-Championship,2526,2025-11-22 Coventry City-West Brom,Championship,16,Sat,2025-11-22,12:30,Coventry City,3–2,West Brom,29216,Coventry Building Society Arena,Andrew Kitchen,/en/matches/69b9d3af/Coventry-City-West-Bromwich-Albion-November-22-2025-Championship,,69b9d3af
ENG-Championship,2526,2025-11-22 Derby County-Watford,Championship,16,Sat,2025-11-22,15:00,Derby County,2–3,Watford,29442,Pride Park Stadium,Gavin Ward,/en/matches/c482e6c6/Derby-County-Watford-November-22-2025-Championship,,c482e6c6
ENG-Championship,2526,2025-11-22 Ipswich Town-Wrexham,Championship,16,Sat,2025-11-22,15:00,Ipswich Town,0–0,Wrexham,29147,Portman Road Stadium,Dean Whitestone,/en/matches/0d8544ae/Ipswich-Town-Wrexham-November-22-2025-Championship,,0d8544ae
ENG-Championship,2526,2025-11-22 Leicester City-Stoke City,Championship,16,Sat,2025-11-22,15:00,Leicester City,2–1,Stoke City,29897,King Power Stadium,Matt Donohue,/en/matches/4c1e423f/Leicester-City-Stoke-City-November-22-2025-Championship,,4c1e423f
ENG-Championship,2526,2025-11-22 Oxford United-Middlesbrough,Championship,16,Sat,2025-11-22,15:00,Oxford United,1–1,Middlesbrough,11138,The Kassam Stadium,Ben Toner,/en/matches/8aabd136/Oxford-United-Middlesbrough-November-22-2025-Championship,,8aabd136
ENG-Championship,2526,2025-11-22 Portsmouth-Millwall,Championship,16,Sat,2025-11-22,15:00,Portsmouth,3–1,Millwall,20423,Fratton Park,Michael Salisbury,/en/matches/6b401bed/Portsmouth-Millwall-November-22-2025-Championship,,6b401bed
ENG-Championship,2526,2025-11-22 QPR-Hull City,Championship,16,Sat,2025-11-22,15:00,QPR,3–2,Hull City,16587,MATRADE Loftus Road Stadium,James Linington,/en/matches/4b92c24c/Queens-Park-Rangers-Hull-City-November-22-2025-Championship,,4b92c24c
ENG-Championship,2526,2025-11-23 Sheffield Weds-Sheffield United,Championship,16,Sun,2025-11-23,12:00,Sheffield Weds,0–3,Sheffield United,32740,Hillsborough Stadium,David Webb,/en/matches/7d9f28ae/Sheffield-Wednesday-Sheffield-United-November-23-2025-Championship,,7d9f28ae
ENG-Championship,2526,2025-11-25 Hull City-Ipswich Town,Championship,17,Tue,2025-11-25,19:45,Hull City,0–2,Ipswich Town,21271,MKM Stadium,Lewis Smith,/en/matches/ab147e4d/Hull-City-Ipswich-Town-November-25-2025-Championship,,ab147e4d
ENG-Championship,2526,2025-11-25 Middlesbrough-Coventry City,Championship,17,Tue,2025-11-25,19:45,Middlesbrough,2–4,Coventry City,26726,Riverside Stadium,Matt Donohue,/en/matches/8c8c23a0/Middlesbrough-Coventry-City-November-25-2025-Championship,,8c8c23a0
ENG-Championship,2526,2025-11-25 Norwich City-Oxford United,Championship,17,Tue,2025-11-25,19:45,Norwich City,1–1,Oxford United,24922,Carrow Road,Tom Reeves,/en/matches/8d72b825/Norwich-City-Oxford-United-November-25-2025-Championship,,8d72b825
ENG-Championship,2526,2025-11-25 Southampton-Leicester City,Championship,17,Tue,2025-11-25,20:00,Southampton,3–0,Leicester City,25921,St Mary's Stadium,Gavin Ward,/en/matches/e6a80974/Southampton-Leicester-City-November-25-2025-Championship,,e6a80974
ENG-Championship,2526,2025-11-25 Stoke City-Charlton Athletic,Championship,17,Tue,2025-11-25,19:45,Stoke City,3–0,Charlton Athletic,21105,bet365 Stadium,Tom Nield,/en/matches/c71bcb3e/Stoke-City-Charlton-Athletic-November-25-2025-Championship,,c71bcb3e
ENG-Championship,2526,2025-11-25 Swansea City-Derby County,Championship,17,Tue,2025-11-25,19:45,Swansea City,1–2,Derby County,14251,Swansea.com Stadium,Andrew Kitchen,/en/matches/99384f0c/Swansea-City-Derby-County-November-25-2025-Championship,,99384f0c
ENG-Championship,2526,2025-11-25 Watford-Preston North End,Championship,17,Tue,2025-11-25,19:45,Watford,1–1,Preston North End,16113,Vicarage Road Stadium,James Bell,/en/matches/a4d8a5fc/Watford-Preston-North-End-November-25-2025-Championship,,a4d8a5fc
ENG-Championship,2526,2025-11-26 Blackburn Rovers-QPR,Championship,17,Wed,2025-11-26,19:45,Blackburn Rovers,0–1,QPR,12460,Ewood Park,Adam Herczeg,/en/matches/4a0ac4c7/Blackburn-Rovers-Queens-Park-Rangers-November-26-2025-Championship,,4a0ac4c7
ENG-Championship,2526,2025-11-26 Millwall-Sheffield Weds,Championship,17,Wed,2025-11-26,19:45,Millwall,1–0,Sheffield Weds,13958,The Den,Jacob Miles,/en/matches/cacd819f/Millwall-Sheffield-Wednesday-November-26-2025-Championship,,cacd819f
ENG-Championship,2526,2025-11-26 Sheffield United-Portsmouth,Championship,17,Wed,2025-11-26,19:45,Sheffield United,3–0,Portsmouth,25785,Bramall Lane,Leigh Doughty,/en/matches/332ed82a/Sheffield-United-Portsmouth-November-26-2025-Championship,,332ed82a
ENG-Championship,2526,2025-11-26 West Brom-Birmingham City,Championship,17,Wed,2025-11-26,20:00,West Brom,1–1,Birmingham City,24282,The Hawthorns,Thomas Kirk,/en/matches/9f90ee58/West-Bromwich-Albion-Birmingham-City-November-26-2025-Championship,,9f90ee58
ENG-Championship,2526,2025-11-26 Wrexham-Bristol City,Championship,17,Wed,2025-11-26,19:45,Wrexham,2–0,Bristol City,10450,STōK Racecourse,Ruebyn Ricardo,/en/matches/095ab215/Wrexham-Bristol-City-November-26-2025-Championship,,095ab215
ENG-Championship,2526,2025-11-28 Oxford United-Ipswich Town,Championship,18,Fri,2025-11-28,20:00,Oxford United,2–1,Ipswich Town,11307,The Kassam Stadium,Matt Donohue,/en/matches/21bb53bd/Oxford-United-Ipswich-Town-November-28-2025-Championship,,21bb53bd
ENG-Championship,2526,2025-11-29 Coventry City-Charlton Athletic,Championship,18,Sat,2025-11-29,15:00,Coventry City,3–1,Charlton Athletic,31141,Coventry Building Society Arena,David Webb,/en/matches/b1c266f5/Coventry-City-Charlton-Athletic-November-29-2025-Championship,,b1c266f5
ENG-Championship,2526,2025-11-29 Leicester City-Sheffield United,Championship,18,Sat,2025-11-29,12:30,Leicester City,2–3,Sheffield United,28834,King Power Stadium,Anthony Backhouse,/en/matches/ef720827/Leicester-City-Sheffield-United-November-29-2025-Championship,,ef720827
ENG-Championship,2526,2025-11-29 Middlesbrough-Derby County,Championship,18,Sat,2025-11-29,15:00,Middlesbrough,2–1,Derby County,25402,Riverside Stadium,James Linington,/en/matches/639e6caa/Middlesbrough-Derby-County-November-29-2025-Championship,,639e6caa
ENG-Championship,2526,2025-11-29 Millwall-Southampton,Championship,18,Sat,2025-11-29,15:00,Millwall,3–2,Southampton,18732,The Den,Ben Toner,/en/matches/7e49e0c6/Millwall-Southampton-November-29-2025-Championship,,7e49e0c6
ENG-Championship,2526,2025-11-29 Norwich City-QPR,Championship,18,Sat,2025-11-29,15:00,Norwich City,3–1,QPR,25571,Carrow Road,Lewis Smith,/en/matches/c4356457/Norwich-City-Queens-Park-Rangers-November-29-2025-Championship,,c4356457
ENG-Championship,2526,2025-11-29 Portsmouth-Bristol City,Championship,18,Sat,2025-11-29,12:30,Portsmouth,0–1,Bristol City,20388,Fratton Park,Samuel Allison,/en/matches/18a7da9a/Portsmouth-Bristol-City-November-29-2025-Championship,,18a7da9a
ENG-Championship,2526,2025-11-29 Sheffield Weds-Preston North End,Championship,18,Sat,2025-11-29,15:00,Sheffield Weds,2–3,Preston North End,22652,Hillsborough Stadium,Oliver Langford,/en/matches/a4cc4538/Sheffield-Wednesday-Preston-North-End-November-29-2025-Championship,,a4cc4538
ENG-Championship,2526,2025-11-29 Stoke City-Hull City,Championship,18,Sat,2025-11-29,12:30,Stoke City,1–2,Hull City,22331,bet365 Stadium,Joshua Smith,/en/matches/ce253951/Stoke-City-Hull-City-November-29-2025-Championship,,ce253951
ENG-Championship,2526,2025-11-29 West Brom-Swansea City,Championship,18,Sat,2025-11-29,15:00,West Brom,3–2,Swansea City,22200,The Hawthorns,Tom Nield,/en/matches/c927caca/West-Bromwich-Albion-Swansea-City-November-29-2025-Championship,,c927caca
ENG-Championship,2526,2025-11-29 Wrexham-Blackburn Rovers,Championship,18,Sat,2025-11-29,15:00,Wrexham,1–1,Blackburn Rovers,10643,STōK Racecourse,Tom Reeves,/en/matches/f0cfebad/Wrexham-Blackburn-Rovers-November-29-2025-Championship,,f0cfebad
ENG-Championship,2526,2025-12-01 Birmingham City-Watford,Championship,18,Mon,2025-12-01,20:00,Birmingham City,2–1,Watford,26086,St Andrew's @ Knighthead Park,Adam Herczeg,/en/matches/d2e0f846/Birmingham-City-Watford-December-1-2025-Championship,,d2e0f846
ENG-Championship,2526,2025-12-02 Blackburn Rovers-Ipswich Town,Championship,6,Tue,2025-12-02,19:45,Blackburn Rovers,1–1,Ipswich Town,13142,Ewood Park,Oliver Langford,/en/matches/b53540cc/Blackburn-Rovers-Ipswich-Town-December-2-2025-Championship,,b53540cc
ENG-Championship,2526,2025-12-05 Hull City-Middlesbrough,Championship,19,Fri,2025-12-05,20:15,Hull City,1–4,Middlesbrough,21105,MKM Stadium,Dean Whitestone,/en/matches/6289ddb1/Hull-City-Middlesbrough-December-5-2025-Championship,,6289ddb1
ENG-Championship,2526,2025-12-06 Bristol City-Millwall,Championship,19,Sat,2025-12-06,15:00,Bristol City,0–1,Millwall,22587,Ashton Gate Stadium,Edward Duckworth,/en/matches/ae51858d/Bristol-City-Millwall-December-6-2025-Championship,,ae51858d
ENG-Championship,2526,2025-12-06 Derby County-Leicester City,Championship,19,Sat,2025-12-06,12:30,Derby County,1–3,Leicester City,30784,Pride Park Stadium,Joshua Smith,/en/matches/96098370/Derby-County-Leicester-City-December-6-2025-Championship,,96098370
ENG-Championship,2526,2025-12-06 Ipswich Town-Coventry City,Championship,19,Sat,2025-12-06,15:00,Ipswich Town,3–0,Coventry City,29025,Portman Road Stadium,Paul Tierney,/en/matches/7fabfd0f/Ipswich-Town-Coventry-City-December-6-2025-Championship,,7fabfd0f
ENG-Championship,2526,2025-12-06 Preston North End-Wrexham,Championship,19,Sat,2025-12-06,15:00,Preston North End,1–1,Wrexham,17842,Deepdale Stadium,Lewis Smith,/en/matches/7bdd8501/Preston-North-End-Wrexham-December-6-2025-Championship,,7bdd8501
ENG-Championship,2526,2025-12-06 QPR-West Brom,Championship,19,Sat,2025-12-06,15:00,QPR,3–1,West Brom,16745,MATRADE Loftus Road Stadium,Gavin Ward,/en/matches/27689c5b/Queens-Park-Rangers-West-Bromwich-Albion-December-6-2025-Championship,,27689c5b
ENG-Championship,2526,2025-12-06 Sheffield United-Stoke City,Championship,19,Sat,2025-12-06,15:00,Sheffield United,4–0,Stoke City,28044,Bramall Lane,Stephen Martin,/en/matches/65481e65/Sheffield-United-Stoke-City-December-6-2025-Championship,,65481e65
ENG-Championship,2526,2025-12-06 Southampton-Birmingham City,Championship,19,Sat,2025-12-06,15:00,Southampton,3–1,Birmingham City,29309,St Mary's Stadium,David Webb,/en/matches/834a9a73/Southampton-Birmingham-City-December-6-2025-Championship,,834a9a73
ENG-Championship,2526,2025-12-06 Swansea City-Oxford United,Championship,19,Sat,2025-12-06,15:00,Swansea City,2–0,Oxford United,17318,Swansea.com Stadium,Anthony Backhouse,/en/matches/e79bf70b/Swansea-City-Oxford-United-December-6-2025-Championship,,e79bf70b
ENG-Championship,2526,2025-12-06 Watford-Norwich City,Championship,19,Sat,2025-12-06,12:30,Watford,3–2,Norwich City,18871,Vicarage Road Stadium,Tom Nield,/en/matches/677bfe94/Watford-Norwich-City-December-6-2025-Championship,,677bfe94
ENG-Championship,2526,2025-12-09 Blackburn Rovers-Oxford United,Championship,20,Tue,2025-12-09,19:45,Blackburn Rovers,1–1,Oxford United,10255,Ewood Park,Leigh Doughty,/en/matches/5a010247/Blackburn-Rovers-Oxford-United-December-9-2025-Championship,,5a010247
ENG-Championship,2526,2025-12-09 Charlton Athletic-Middlesbrough,Championship,20,Tue,2025-12-09,19:45,Charlton Athletic,1–2,Middlesbrough,17258,The Valley,Oliver Langford,/en/matches/6da43fe9/Charlton-Athletic-Middlesbrough-December-9-2025-Championship,,6da43fe9
ENG-Championship,2526,2025-12-09 Preston North End-Coventry City,Championship,20,Tue,2025-12-09,19:45,Preston North End,1–1,Coventry City,18477,Deepdale Stadium,Ben Toner,/en/matches/70fc4843/Preston-North-End-Coventry-City-December-9-2025-Championship,,70fc4843
ENG-Championship,2526,2025-12-09 QPR-Birmingham City,Championship,20,Tue,2025-12-09,20:00,QPR,2–1,Birmingham City,14947,MATRADE Loftus Road Stadium,James Bell,/en/matches/a473b350/Queens-Park-Rangers-Birmingham-City-December-9-2025-Championship,,a473b350
ENG-Championship,2526,2025-12-09 Sheffield United-Norwich City,Championship,20,Tue,2025-12-09,19:45,Sheffield United,1–1,Norwich City,25577,Bramall Lane,Joshua Smith,/en/matches/f49050c9/Sheffield-United-Norwich-City-December-9-2025-Championship,,f49050c9
ENG-Championship,2526,2025-12-09 Southampton-West Brom,Championship,20,Tue,2025-12-09,19:45,Southampton,3–2,West Brom,26865,St Mary's Stadium,Samuel Allison,/en/matches/17953f8c/Southampton-West-Bromwich-Albion-December-9-2025-Championship,,17953f8c
ENG-Championship,2526,2025-12-09 Swansea City-Portsmouth,Championship,20,Tue,2025-12-09,19:45,Swansea City,1–0,Portsmouth,18163,Swansea.com Stadium,Tom Reeves,/en/matches/7a745c71/Swansea-City-Portsmouth-December-9-2025-Championship,,7a745c71
ENG-Championship,2526,2025-12-09 Watford-Sheffield Weds,Championship,20,Tue,2025-12-09,19:45,Watford,1–1,Sheffield Weds,16834,Vicarage Road Stadium,Dean Whitestone,/en/matches/965033bf/Watford-Sheffield-Wednesday-December-9-2025-Championship,,965033bf
ENG-Championship,2526,2025-12-10 Bristol City-Leicester City,Championship,20,Wed,2025-12-10,19:45,Bristol City,2–2,Leicester City,21397,Ashton Gate Stadium,James Linington,/en/matches/a19d924a/Bristol-City-Leicester-City-December-10-2025-Championship,,a19d924a
ENG-Championship,2526,2025-12-10 Derby County-Millwall,Championship,20,Wed,2025-12-10,19:45,Derby County,1–1,Millwall,24424,Pride Park Stadium,Thomas Kirk,/en/matches/76d51ae2/Derby-County-Millwall-December-10-2025-Championship,,76d51ae2
ENG-Championship,2526,2025-12-10 Hull City-Wrexham,Championship,20,Wed,2025-12-10,20:00,Hull City,2–0,Wrexham,19464,MKM Stadium,Andrew Kitchen,/en/matches/544e0f17/Hull-City-Wrexham-December-10-2025-Championship,,544e0f17
ENG-Championship,2526,2025-12-10 Ipswich Town-Stoke City,Championship,20,Wed,2025-12-10,19:45,Ipswich Town,1–0,Stoke City,27008,Portman Road Stadium,Adam Herczeg,/en/matches/819a01db/Ipswich-Town-Stoke-City-December-10-2025-Championship,,819a01db
ENG-Championship,2526,2025-12-12 West Brom-Sheffield United,Championship,21,Fri,2025-12-12,20:00,West Brom,2–0,Sheffield United,22217,The Hawthorns,Matt Donohue,/en/matches/22f3a433/West-Bromwich-Albion-Sheffield-United-December-12-2025-Championship,,22f3a433
ENG-Championship,2526,2025-12-13 Birmingham City-Charlton Athletic,Championship,21,Sat,2025-12-13,15:00,Birmingham City,1–1,Charlton Athletic,26822,St Andrew's @ Knighthead Park,Andrew Kitchen,/en/matches/a5c64221/Birmingham-City-Charlton-Athletic-December-13-2025-Championship,,a5c64221
ENG-Championship,2526,2025-12-13 Coventry City-Bristol City,Championship,21,Sat,2025-12-13,15:00,Coventry City,1–0,Bristol City,29505,Coventry Building Society Arena,Stephen Martin,/en/matches/733b2904/Coventry-City-Bristol-City-December-13-2025-Championship,,733b2904
ENG-Championship,2526,2025-12-13 Leicester City-Ipswich Town,Championship,21,Sat,2025-12-13,15:00,Leicester City,3–1,Ipswich Town,28942,King Power Stadium,Thomas Kirk,/en/matches/8257f09c/Leicester-City-Ipswich-Town-December-13-2025-Championship,,8257f09c
ENG-Championship,2526,2025-12-13 Middlesbrough-QPR,Championship,21,Sat,2025-12-13,15:00,Middlesbrough,3–1,QPR,24055,Riverside Stadium,David Webb,/en/matches/98df3e16/Middlesbrough-Queens-Park-Rangers-December-13-2025-Championship,,98df3e16
ENG-Championship,2526,2025-12-13 Millwall-Hull City,Championship,21,Sat,2025-12-13,15:00,Millwall,1–3,Hull City,16419,The Den,Gavin Ward,/en/matches/036d6a99/Millwall-Hull-City-December-13-2025-Championship,,036d6a99
ENG-Championship,2526,2025-12-13 Norwich City-Southampton,Championship,21,Sat,2025-12-13,12:30,Norwich City,2–1,Southampton,25627,Carrow Road,James Bell,/en/matches/302c233c/Norwich-City-Southampton-December-13-2025-Championship,,302c233c
ENG-Championship,2526,2025-12-13 Oxford United-Preston North End,Championship,21,Sat,2025-12-13,12:30,Oxford United,1–2,Preston North End,10379,The Kassam Stadium,James Linington,/en/matches/3cff1a49/Oxford-United-Preston-North-End-December-13-2025-Championship,,3cff1a49
ENG-Championship,2526,2025-12-13 Portsmouth-Blackburn Rovers,Championship,21,Sat,2025-12-13,15:00,Portsmouth,2–1,Blackburn Rovers,19652,Fratton Park,Tim Robinson,/en/matches/44809f97/Portsmouth-Blackburn-Rovers-December-13-2025-Championship,,44809f97
ENG-Championship,2526,2025-12-13 Stoke City-Swansea City,Championship,21,Sat,2025-12-13,12:30,Stoke City,2–1,Swansea City,23089,bet365 Stadium,Ruebyn Ricardo,/en/matches/b37fe248/Stoke-City-Swansea-City-December-13-2025-Championship,,b37fe248
ENG-Championship,2526,2025-12-13 Wrexham-Watford,Championship,21,Sat,2025-12-13,15:00,Wrexham,2–2,Watford,10667,STōK Racecourse,Jacob Miles,/en/matches/ae42b354/Wrexham-Watford-December-13-2025-Championship,,ae42b354
ENG-Championship,2526,2025-12-15 Sheffield Weds-Derby County,Championship,21,Mon,2025-12-15,20:00,Sheffield Weds,0–3,Derby County,23466,Hillsborough Stadium,Lewis Smith,/en/matches/0e215101/Sheffield-Wednesday-Derby-County-December-15-2025-Championship,,0e215101
ENG-Championship,2526,2025-12-19 Swansea City-Wrexham,Championship,22,Fri,2025-12-19,20:00,Swansea City,2–1,Wrexham,20368,Swansea.com Stadium,Oliver Langford,/en/matches/92856134/Swansea-City-Wrexham-December-19-2025-Championship,,92856134
ENG-Championship,2526,2025-12-20 Blackburn Rovers-Millwall,Championship,22,Sat,2025-12-20,12:30,Blackburn Rovers,2–0,Millwall,11657,Ewood Park,Samuel Allison,/en/matches/fb2ca51b/Blackburn-Rovers-Millwall-December-20-2025-Championship,,fb2ca51b
ENG-Championship,2526,2025-12-20 Bristol City-Middlesbrough,Championship,22,Sat,2025-12-20,15:00,Bristol City,2–0,Middlesbrough,24259,Ashton Gate Stadium,Anthony Backhouse,/en/matches/cb63f306/Bristol-City-Middlesbrough-December-20-2025-Championship,,cb63f306
ENG-Championship,2526,2025-12-20 Charlton Athletic-Oxford United,Championship,22,Sat,2025-12-20,15:00,Charlton Athletic,1–0,Oxford United,19594,The Valley,Elliot Bell,/en/matches/8e2df6bb/Charlton-Athletic-Oxford-United-December-20-2025-Championship,,8e2df6bb
ENG-Championship,2526,2025-12-20 Derby County-Portsmouth,Championship,22,Sat,2025-12-20,15:00,Derby County,1–1,Portsmouth,28877,Pride Park Stadium,Farai Hallam,/en/matches/de06c18d/Derby-County-Portsmouth-December-20-2025-Championship,,de06c18d
ENG-Championship,2526,2025-12-20 Hull City-West Brom,Championship,22,Sat,2025-12-20,15:00,Hull City,1–0,West Brom,21218,MKM Stadium,Ruebyn Ricardo,/en/matches/a47c2746/Hull-City-West-Bromwich-Albion-December-20-2025-Championship,,a47c2746
ENG-Championship,2526,2025-12-20 Ipswich Town-Sheffield Weds,Championship,22,Sat,2025-12-20,15:00,Ipswich Town,3–1,Sheffield Weds,28680,Portman Road Stadium,David Webb,/en/matches/0fde3a79/Ipswich-Town-Sheffield-Wednesday-December-20-2025-Championship,,0fde3a79
ENG-Championship,2526,2025-12-20 Preston North End-Norwich City,Championship,22,Sat,2025-12-20,12:30,Preston North End,1–1,Norwich City,14831,Deepdale Stadium,Stephen Martin,/en/matches/93015771/Preston-North-End-Norwich-City-December-20-2025-Championship,,93015771
ENG-Championship,2526,2025-12-20 QPR-Leicester City,Championship,22,Sat,2025-12-20,15:00,QPR,4–1,Leicester City,17500,MATRADE Loftus Road Stadium,Tom Nield,/en/matches/0e251290/Queens-Park-Rangers-Leicester-City-December-20-2025-Championship,,0e251290
ENG-Championship,2526,2025-12-20 Sheffield United-Birmingham City,Championship,22,Sat,2025-12-20,15:00,Sheffield United,3–0,Birmingham City,28271,Bramall Lane,Simon Hooper,/en/matches/5efa50dc/Sheffield-United-Birmingham-City-December-20-2025-Championship,,5efa50dc
ENG-Championship,2526,2025-12-20 Southampton-Coventry City,Championship,22,Sat,2025-12-20,12:30,Southampton,1–1,Coventry City,30584,St Mary's Stadium,Adam Herczeg,/en/matches/bba174c1/Southampton-Coventry-City-December-20-2025-Championship,,bba174c1
ENG-Championship,2526,2025-12-20 Watford-Stoke City,Championship,22,Sat,2025-12-20,15:00,Watford,1–0,Stoke City,19285,Vicarage Road Stadium,Ben Toner,/en/matches/1dc1fd1d/Watford-Stoke-City-December-20-2025-Championship,,1dc1fd1d
ENG-Championship,2526,2025-12-26 Birmingham City-Derby County,Championship,23,Fri,2025-12-26,12:30,Birmingham City,1–1,Derby County,28082,St Andrew's @ Knighthead Park,Ben Toner,/en/matches/ebf26c6d/Birmingham-City-Derby-County-December-26-2025-Championship,,ebf26c6d
ENG-Championship,2526,2025-12-26 Coventry City-Swansea City,Championship,23,Fri,2025-12-26,15:00,Coventry City,1–0,Swansea City,30139,Coventry Building Society Arena,Samuel Allison,/en/matches/b5232725/Coventry-City-Swansea-City-December-26-2025-Championship,,b5232725
ENG-Championship,2526,2025-12-26 Leicester City-Watford,Championship,23,Fri,2025-12-26,15:00,Leicester City,1–2,Watford,30485,King Power Stadium,Joshua Smith,/en/matches/0d8fefd8/Leicester-City-Watford-December-26-2025-Championship,,0d8fefd8
ENG-Championship,2526,2025-12-26 Middlesbrough-Blackburn Rovers,Championship,23,Fri,2025-12-26,15:00,Middlesbrough,0–0,Blackburn Rovers,31475,Riverside Stadium,James Bell,/en/matches/7a0bea18/Middlesbrough-Blackburn-Rovers-December-26-2025-Championship,,7a0bea18
ENG-Championship,2526,2025-12-26 Millwall-Ipswich Town,Championship,23,Fri,2025-12-26,13:00,Millwall,0–0,Ipswich Town,18843,The Den,Tim Robinson,/en/matches/fa75c6e2/Millwall-Ipswich-Town-December-26-2025-Championship,,fa75c6e2
ENG-Championship,2526,2025-12-26 Norwich City-Charlton Athletic,Championship,23,Fri,2025-12-26,15:00,Norwich City,1–0,Charlton Athletic,26594,Carrow Road,Matt Donohue,/en/matches/f9c27049/Norwich-City-Charlton-Athletic-December-26-2025-Championship,,f9c27049
ENG-Championship,2526,2025-12-26 Oxford United-Southampton,Championship,23,Fri,2025-12-26,15:00,Oxford United,2–1,Southampton,11500,The Kassam Stadium,Leigh Doughty,/en/matches/9a789f58/Oxford-United-Southampton-December-26-2025-Championship,,9a789f58
ENG-Championship,2526,2025-12-26 Portsmouth-QPR,Championship,23,Fri,2025-12-26,15:00,Portsmouth,1–1,QPR,20449,Fratton Park,James Linington,/en/matches/bc3ecb14/Portsmouth-Queens-Park-Rangers-December-26-2025-Championship,,bc3ecb14
ENG-Championship,2526,2025-12-26 Sheffield Weds-Hull City,Championship,23,Fri,2025-12-26,15:00,Sheffield Weds,2–2,Hull City,27929,Hillsborough Stadium,Stephen Martin,/en/matches/1462bf27/Sheffield-Wednesday-Hull-City-December-26-2025-Championship,,1462bf27
ENG-Championship,2526,2025-12-26 Stoke City-Preston North End,Championship,23,Fri,2025-12-26,15:00,Stoke City,0–0,Preston North End,26314,bet365 Stadium,Thomas Kirk,/en/matches/0a9ee0e5/Stoke-City-Preston-North-End-December-26-2025-Championship,,0a9ee0e5
ENG-Championship,2526,2025-12-26 West Brom-Bristol City,Championship,23,Fri,2025-12-26,15:00,West Brom,1–2,Bristol City,25050,The Hawthorns,Will Finnie,/en/matches/e11e3be1/West-Bromwich-Albion-Bristol-City-December-26-2025-Championship,,e11e3be1
ENG-Championship,2526,2025-12-26 Wrexham-Sheffield United,Championship,23,Fri,2025-12-26,17:30,Wrexham,5–3,Sheffield United,10611,STōK Racecourse,Andrew Kitchen,/en/matches/ffb09426/Wrexham-Sheffield-United-December-26-2025-Championship,,ffb09426
ENG-Championship,2526,2025-12-29 Birmingham City-Southampton,Championship,24,Mon,2025-12-29,20:15,Birmingham City,1–1,Southampton,27942,St Andrew's @ Knighthead Park,Matt Donohue,/en/matches/966f30f5/Birmingham-City-Southampton-December-29-2025-Championship,,966f30f5
ENG-Championship,2526,2025-12-29 Coventry City-Ipswich Town,Championship,24,Mon,2025-12-29,18:00,Coventry City,0–2,Ipswich Town,31213,Coventry Building Society Arena,Anthony Backhouse,/en/matches/a079fba0/Coventry-City-Ipswich-Town-December-29-2025-Championship,,a079fba0
ENG-Championship,2526,2025-12-29 Leicester City-Derby County,Championship,24,Mon,2025-12-29,19:45,Leicester City,2–1,Derby County,31354,King Power Stadium,Gavin Ward,/en/matches/6d651991/Leicester-City-Derby-County-December-29-2025-Championship,,6d651991
ENG-Championship,2526,2025-12-29 Middlesbrough-Hull City,Championship,24,Mon,2025-12-29,19:45,Middlesbrough,0–1,Hull City,31421,Riverside Stadium,Leigh Doughty,/en/matches/43a0afcd/Middlesbrough-Hull-City-December-29-2025-Championship,,43a0afcd
ENG-Championship,2526,2025-12-29 Millwall-Bristol City,Championship,24,Mon,2025-12-29,19:45,Millwall,2–1,Bristol City,18077,The Den,David Webb,/en/matches/d8b83251/Millwall-Bristol-City-December-29-2025-Championship,,d8b83251
ENG-Championship,2526,2025-12-29 Norwich City-Watford,Championship,24,Mon,2025-12-29,19:45,Norwich City,0–1,Watford,26553,Carrow Road,Matthew Corlett,/en/matches/0cfc7976/Norwich-City-Watford-December-29-2025-Championship,,0cfc7976
ENG-Championship,2526,2025-12-29 Oxford United-Swansea City,Championship,24,Mon,2025-12-29,19:45,Oxford United,0–1,Swansea City,11413,The Kassam Stadium,Adam Herczeg,/en/matches/c37a5ffc/Oxford-United-Swansea-City-December-29-2025-Championship,,c37a5ffc
ENG-Championship,2526,2025-12-29 Portsmouth-Charlton Athletic,Championship,24,Mon,2025-12-29,19:45,Portsmouth,2–1,Charlton Athletic,20401,Fratton Park,Paul Tierney,/en/matches/5eb36745/Portsmouth-Charlton-Athletic-December-29-2025-Championship,,5eb36745
ENG-Championship,2526,2025-12-29 Sheffield Weds-Blackburn Rovers,Championship,24,Mon,2025-12-29,19:45,Sheffield Weds,0–0,Blackburn Rovers,22532,Hillsborough Stadium,Oliver Langford,/en/matches/c482462b/Sheffield-Wednesday-Blackburn-Rovers-December-29-2025-Championship,,c482462b
ENG-Championship,2526,2025-12-29 Stoke City-Sheffield United,Championship,24,Mon,2025-12-29,19:45,Stoke City,1–2,Sheffield United,24206,bet365 Stadium,John Busby,/en/matches/eb97874f/Stoke-City-Sheffield-United-December-29-2025-Championship,,eb97874f
ENG-Championship,2526,2025-12-29 West Brom-QPR,Championship,24,Mon,2025-12-29,19:45,West Brom,2–1,QPR,23485,The Hawthorns,Lewis Smith,/en/matches/315d303a/West-Bromwich-Albion-Queens-Park-Rangers-December-29-2025-Championship,,315d303a
ENG-Championship,2526,2025-12-29 Wrexham-Preston North End,Championship,24,Mon,2025-12-29,19:45,Wrexham,2–1,Preston North End,10616,STōK Racecourse,Ruebyn Ricardo,/en/matches/3e70eaab/Wrexham-Preston-North-End-December-29-2025-Championship,,3e70eaab
ENG-Championship,2526,2026-01-01 Blackburn Rovers-Wrexham,Championship,25,Thu,2026-01-01,12:30,Blackburn Rovers,0–2,Wrexham,16494,Ewood Park,Thomas Kirk,/en/matches/07eefc14/Blackburn-Rovers-Wrexham-January-1-2026-Championship,,07eefc14
ENG-Championship,2526,2026-01-01 Bristol City-Portsmouth,Championship,25,Thu,2026-01-01,15:00,Bristol City,5–0,Portsmouth,24649,Ashton Gate Stadium,James Bell,/en/matches/483ba5a9/Bristol-City-Portsmouth-January-1-2026-Championship,,483ba5a9
ENG-Championship,2526,2026-01-01 Charlton Athletic-Coventry City,Championship,25,Thu,2026-01-01,15:00,Charlton Athletic,1–1,Coventry City,20789,The Valley,Joshua Smith,/en/matches/7b2706d3/Charlton-Athletic-Coventry-City-January-1-2026-Championship,,7b2706d3
ENG-Championship,2526,2026-01-01 Derby County-Middlesbrough,Championship,25,Thu,2026-01-01,15:00,Derby County,1–0,Middlesbrough,30266,Pride Park Stadium,Ruebyn Ricardo,/en/matches/ccece795/Derby-County-Middlesbrough-January-1-2026-Championship,,ccece795
ENG-Championship,2526,2026-01-01 Hull City-Stoke City,Championship,25,Thu,2026-01-01,15:00,Hull City,0–1,Stoke City,23152,MKM Stadium,Craig Pawson,/en/matches/2c136407/Hull-City-Stoke-City-January-1-2026-Championship,,2c136407
ENG-Championship,2526,2026-01-01 Ipswich Town-Oxford United,Championship,25,Thu,2026-01-01,15:00,Ipswich Town,2–1,Oxford United,28199,Portman Road Stadium,Will Finnie,/en/matches/bffbc27e/Ipswich-Town-Oxford-United-January-1-2026-Championship,,bffbc27e
ENG-Championship,2526,2026-01-01 Preston North End-Sheffield Weds,Championship,25,Thu,2026-01-01,15:00,Preston North End,3–0,Sheffield Weds,18069,Deepdale Stadium,Gavin Ward,/en/matches/0c0f969f/Preston-North-End-Sheffield-Wednesday-January-1-2026-Championship,,0c0f969f
ENG-Championship,2526,2026-01-01 QPR-Norwich City,Championship,25,Thu,2026-01-01,15:00,QPR,1–2,Norwich City,17452,MATRADE Loftus Road Stadium,Dean Whitestone,/en/matches/d365dab1/Queens-Park-Rangers-Norwich-City-January-1-2026-Championship,,d365dab1
ENG-Championship,2526,2026-01-01 Sheffield United-Leicester City,Championship,25,Thu,2026-01-01,17:30,Sheffield United,3–1,Leicester City,29644,Bramall Lane,Farai Hallam,/en/matches/d03bc893/Sheffield-United-Leicester-City-January-1-2026-Championship,,d03bc893
ENG-Championship,2526,2026-01-01 Southampton-Millwall,Championship,25,Thu,2026-01-01,15:00,Southampton,0–0,Millwall,30182,St Mary's Stadium,Tom Nield,/en/matches/b8ca4e01/Southampton-Millwall-January-1-2026-Championship,,b8ca4e01
ENG-Championship,2526,2026-01-01 Swansea City-West Brom,Championship,25,Thu,2026-01-01,15:00,Swansea City,1–0,West Brom,17416,Swansea.com Stadium,James Linington,/en/matches/b817cd94/Swansea-City-West-Bromwich-Albion-January-1-2026-Championship,,b817cd94
ENG-Championship,2526,2026-01-01 Watford-Birmingham City,Championship,25,Thu,2026-01-01,15:00,Watford,3–0,Birmingham City,20816,Vicarage Road Stadium,Lewis Smith,/en/matches/6fc0af47/Watford-Birmingham-City-January-1-2026-Championship,,6fc0af47
ENG-Championship,2526,2026-01-04 Birmingham City-Coventry City,Championship,26,Sun,2026-01-04,12:00,Birmingham City,3–2,Coventry City,27932,St Andrew's @ Knighthead Park,James Linington,/en/matches/4d4d7601/Birmingham-City-Coventry-City-January-4-2026-Championship,,4d4d7601
ENG-Championship,2526,2026-01-04 Blackburn Rovers-Charlton Athletic,Championship,26,Sun,2026-01-04,15:00,Blackburn Rovers,2–2,Charlton Athletic,11367,Ewood Park,David Webb,/en/matches/78887225/Blackburn-Rovers-Charlton-Athletic-January-4-2026-Championship,,78887225
ENG-Championship,2526,2026-01-04 Bristol City-Preston North End,Championship,26,Sun,2026-01-04,15:00,Bristol City,0–2,Preston North End,22409,Ashton Gate Stadium,Paul Tierney,/en/matches/ef076c6e/Bristol-City-Preston-North-End-January-4-2026-Championship,,ef076c6e
ENG-Championship,2526,2026-01-04 Derby County-Wrexham,Championship,26,Sun,2026-01-04,15:00,Derby County,1–2,Wrexham,29939,Pride Park Stadium,Matthew Corlett,/en/matches/a5762048/Derby-County-Wrexham-January-4-2026-Championship,,a5762048
ENG-Championship,2526,2026-01-04 Middlesbrough-Southampton,Championship,26,Sun,2026-01-04,15:00,Middlesbrough,4–0,Southampton,26077,Riverside Stadium,Oliver Langford,/en/matches/5b9dc653/Middlesbrough-Southampton-January-4-2026-Championship,,5b9dc653
ENG-Championship,2526,2026-01-04 Millwall-Swansea City,Championship,26,Sun,2026-01-04,15:00,Millwall,2–1,Swansea City,14242,The Den,John Busby,/en/matches/23180cba/Millwall-Swansea-City-January-4-2026-Championship,,23180cba
ENG-Championship,2526,2026-01-04 Norwich City-Stoke City,Championship,26,Sun,2026-01-04,15:00,Norwich City,0–2,Stoke City,25656,Carrow Road,Farai Hallam,/en/matches/91fb95d5/Norwich-City-Stoke-City-January-4-2026-Championship,,91fb95d5
ENG-Championship,2526,2026-01-04 QPR-Sheffield Weds,Championship,26,Sun,2026-01-04,12:00,QPR,3–0,Sheffield Weds,16327,MATRADE Loftus Road Stadium,Samuel Allison,/en/matches/9b919cbd/Queens-Park-Rangers-Sheffield-Wednesday-January-4-2026-Championship,,9b919cbd
ENG-Championship,2526,2026-01-05 Leicester City-West Brom,Championship,26,Mon,2026-01-05,20:00,Leicester City,2–1,West Brom,27130,King Power Stadium,Stephen Martin,/en/matches/1e56835b/Leicester-City-West-Bromwich-Albion-January-5-2026-Championship,,1e56835b
ENG-Championship,2526,2026-01-16 West Brom-Middlesbrough,Championship,27,Fri,2026-01-16,20:00,West Brom,2–3,Middlesbrough,23568,The Hawthorns,Joshua Smith,/en/matches/277b6bfb/West-Bromwich-Albion-Middlesbrough-January-16-2026-Championship,,277b6bfb
ENG-Championship,2526,2026-01-17 Charlton Athletic-Sheffield United,Championship,27,Sat,2026-01-17,15:00,Charlton Athletic,1–0,Sheffield United,19647,The Valley,Oliver Langford,/en/matches/09e3cacf/Charlton-Athletic-Sheffield-United-January-17-2026-Championship,,09e3cacf
ENG-Championship,2526,2026-01-17 Coventry City-Leicester City,Championship,27,Sat,2026-01-17,12:30,Coventry City,2–1,Leicester City,31410,Coventry Building Society Arena,Lewis Smith,/en/matches/3c71ddc2/Coventry-City-Leicester-City-January-17-2026-Championship,,3c71ddc2
ENG-Championship,2526,2026-01-17 Ipswich Town-Blackburn Rovers,Championship,27,Sat,2026-01-17,12:30,Ipswich Town,3–0,Blackburn Rovers,26715,Portman Road Stadium,Andrew Kitchen,/en/matches/b418f812/Ipswich-Town-Blackburn-Rovers-January-17-2026-Championship,,b418f812
ENG-Championship,2526,2026-01-17 Oxford United-Bristol City,Championship,27,Sat,2026-01-17,15:00,Oxford United,0–0,Bristol City,11160,The Kassam Stadium,Tim Robinson,/en/matches/6730c7b7/Oxford-United-Bristol-City-January-17-2026-Championship,,6730c7b7
ENG-Championship,2526,2026-01-17 Preston North End-Derby County,Championship,27,Sat,2026-01-17,15:00,Preston North End,0–1,Derby County,17641,Deepdale Stadium,Farai Hallam,/en/matches/2547eb94/Preston-North-End-Derby-County-January-17-2026-Championship,,2547eb94
ENG-Championship,2526,2026-01-17 Sheffield Weds-Portsmouth,Championship,27,Sat,2026-01-17,15:00,Sheffield Weds,0–1,Portsmouth,21351,Hillsborough Stadium,John Busby,/en/matches/1375a6b1/Sheffield-Wednesday-Portsmouth-January-17-2026-Championship,,1375a6b1
ENG-Championship,2526,2026-01-17 Southampton-Hull City,Championship,27,Sat,2026-01-17,15:00,Southampton,1–2,Hull City,27117,St Mary's Stadium,Samuel Allison,/en/matches/80e7c2c8/Southampton-Hull-City-January-17-2026-Championship,,80e7c2c8
ENG-Championship,2526,2026-01-17 Stoke City-QPR,Championship,27,Sat,2026-01-17,15:00,Stoke City,0–0,QPR,22045,bet365 Stadium,Matt Donohue,/en/matches/b5eb47ad/Stoke-City-Queens-Park-Rangers-January-17-2026-Championship,,b5eb47ad
ENG-Championship,2526,2026-01-17 Swansea City-Birmingham City,Championship,27,Sat,2026-01-17,17:30,Swansea City,1–1,Birmingham City,16753,Swansea.com Stadium,Tom Nield,/en/matches/d0d1f1af/Swansea-City-Birmingham-City-January-17-2026-Championship,,d0d1f1af
ENG-Championship,2526,2026-01-17 Watford-Millwall,Championship,27,Sat,2026-01-17,12:30,Watford,0–2,Millwall,19074,Vicarage Road Stadium,Ruebyn Ricardo,/en/matches/35b0475d/Watford-Millwall-January-17-2026-Championship,,35b0475d
ENG-Championship,2526,2026-01-17 Wrexham-Norwich City,Championship,27,Sat,2026-01-17,15:00,Wrexham,1–2,Norwich City,10650,STōK Racecourse,Will Finnie,/en/matches/8310657e/Wrexham-Norwich-City-January-17-2026-Championship,,8310657e
ENG-Championship,2526,2026-01-20 Charlton Athletic-Derby County,Championship,28,Tue,2026-01-20,19:45,Charlton Athletic,1–2,Derby County,16266,The Valley,James Linington,/en/matches/3af5226e/Charlton-Athletic-Derby-County-January-20-2026-Championship,,3af5226e
ENG-Championship,2526,2026-01-20 Coventry City-Millwall,Championship,28,Tue,2026-01-20,19:45,Coventry City,2–1,Millwall,28605,Coventry Building Society Arena,Andrew Kitchen,/en/matches/f5cf87a7/Coventry-City-Millwall-January-20-2026-Championship,,f5cf87a7
ENG-Championship,2526,2026-01-20 Ipswich Town-Bristol City,Championship,28,Tue,2026-01-20,19:45,Ipswich Town,2–0,Bristol City,25539,Portman Road Stadium,Dean Whitestone,/en/matches/6457d524/Ipswich-Town-Bristol-City-January-20-2026-Championship,,6457d524
ENG-Championship,2526,2026-01-20 Oxford United-QPR,Championship,28,Tue,2026-01-20,19:45,Oxford United,0–0,QPR,10478,The Kassam Stadium,Will Finnie,/en/matches/56551555/Oxford-United-Queens-Park-Rangers-January-20-2026-Championship,,56551555
ENG-Championship,2526,2026-01-20 Preston North End-Hull City,Championship,28,Tue,2026-01-20,19:45,Preston North End,0–3,Hull City,14174,Deepdale Stadium,Stephen Martin,/en/matches/7a840837/Preston-North-End-Hull-City-January-20-2026-Championship,,7a840837
ENG-Championship,2526,2026-01-20 Sheffield Weds-Birmingham City,Championship,28,Tue,2026-01-20,19:45,Sheffield Weds,0–2,Birmingham City,22396,Hillsborough Stadium,Leigh Doughty,/en/matches/41f9297f/Sheffield-Wednesday-Birmingham-City-January-20-2026-Championship,,41f9297f
ENG-Championship,2526,2026-01-20 Swansea City-Blackburn Rovers,Championship,28,Tue,2026-01-20,19:45,Swansea City,3–1,Blackburn Rovers,13897,Swansea.com Stadium,Anthony Backhouse,/en/matches/e3772444/Swansea-City-Blackburn-Rovers-January-20-2026-Championship,,e3772444
ENG-Championship,2526,2026-01-20 West Brom-Norwich City,Championship,28,Tue,2026-01-20,19:45,West Brom,0–5,Norwich City,21031,The Hawthorns,James Bell,/en/matches/41f3e7dd/West-Bromwich-Albion-Norwich-City-January-20-2026-Championship,,41f3e7dd
ENG-Championship,2526,2026-01-20 Wrexham-Leicester City,Championship,28,Tue,2026-01-20,20:00,Wrexham,1–1,Leicester City,10609,STōK Racecourse,Matt Donohue,/en/matches/3fda23a0/Wrexham-Leicester-City-January-20-2026-Championship,,3fda23a0
ENG-Championship,2526,2026-01-21 Southampton-Sheffield United,Championship,28,Wed,2026-01-21,19:45,Southampton,1–0,Sheffield United,24357,St Mary's Stadium,Thomas Kirk,/en/matches/bf0e9fe8/Southampton-Sheffield-United-January-21-2026-Championship,,bf0e9fe8
ENG-Championship,2526,2026-01-21 Stoke City-Middlesbrough,Championship,28,Wed,2026-01-21,20:00,Stoke City,1–2,Middlesbrough,20992,bet365 Stadium,Adam Herczeg,/en/matches/3d566b1b/Stoke-City-Middlesbrough-January-21-2026-Championship,,3d566b1b
ENG-Championship,2526,2026-01-21 Watford-Portsmouth,Championship,28,Wed,2026-01-21,19:45,Watford,1–1,Portsmouth,17577,Vicarage Road Stadium,Ben Toner,/en/matches/c094b943/Watford-Portsmouth-January-21-2026-Championship,,c094b943
ENG-Championship,2526,2026-01-23 Derby County-West Brom,Championship,29,Fri,2026-01-23,20:00,Derby County,1–1,West Brom,20099,Pride Park Stadium,Anthony Backhouse,/en/matches/0b92e6f8/Derby-County-West-Bromwich-Albion-January-23-2026-Championship,,0b92e6f8
ENG-Championship,2526,2026-01-24 Birmingham City-Stoke City,Championship,29,Sat,2026-01-24,15:00,Birmingham City,1–1,Stoke City,27904,St Andrew's @ Knighthead Park,James Bell,/en/matches/c97f34f7/Birmingham-City-Stoke-City-January-24-2026-Championship,,c97f34f7
ENG-Championship,2526,2026-01-24 Blackburn Rovers-Watford,Championship,29,Sat,2026-01-24,15:00,Blackburn Rovers,1–1,Watford,11640,Ewood Park,Adam Herczeg,/en/matches/2f7a1fc1/Blackburn-Rovers-Watford-January-24-2026-Championship,,2f7a1fc1
ENG-Championship,2526,2026-01-24 Bristol City-Sheffield Weds,Championship,29,Sat,2026-01-24,15:00,Bristol City,2–0,Sheffield Weds,23418,Ashton Gate Stadium,Ben Speedie,/en/matches/7b69fe7a/Bristol-City-Sheffield-Wednesday-January-24-2026-Championship,,7b69fe7a
ENG-Championship,2526,2026-01-24 Hull City-Swansea City,Championship,29,Sat,2026-01-24,15:00,Hull City,2–1,Swansea City,21912,MKM Stadium,Joshua Smith,/en/matches/51ac8d8d/Hull-City-Swansea-City-January-24-2026-Championship,,51ac8d8d
ENG-Championship,2526,2026-01-24 Leicester City-Oxford United,Championship,29,Sat,2026-01-24,15:00,Leicester City,1–2,Oxford United,30479,King Power Stadium,James Linington,/en/matches/7e5c6986/Leicester-City-Oxford-United-January-24-2026-Championship,,7e5c6986
ENG-Championship,2526,2026-01-24 Middlesbrough-Preston North End,Championship,29,Sat,2026-01-24,12:30,Middlesbrough,4–0,Preston North End,25723,Riverside Stadium,Andy Madley,/en/matches/f9833658/Middlesbrough-Preston-North-End-January-24-2026-Championship,,f9833658
ENG-Championship,2526,2026-01-24 Millwall-Charlton Athletic,Championship,29,Sat,2026-01-24,12:30,Millwall,4–0,Charlton Athletic,19004,The Den,Gavin Ward,/en/matches/69a3f8cd/Millwall-Charlton-Athletic-January-24-2026-Championship,,69a3f8cd
ENG-Championship,2526,2026-01-24 QPR-Wrexham,Championship,29,Sat,2026-01-24,15:00,QPR,2–3,Wrexham,17502,MATRADE Loftus Road Stadium,Oliver Langford,/en/matches/5eb935fe/Queens-Park-Rangers-Wrexham-January-24-2026-Championship,,5eb935fe
ENG-Championship,2526,2026-01-24 Sheffield United-Ipswich Town,Championship,29,Sat,2026-01-24,15:00,Sheffield United,3–1,Ipswich Town,28638,Bramall Lane,Tom Nield,/en/matches/d8a7f73c/Sheffield-United-Ipswich-Town-January-24-2026-Championship,,d8a7f73c
ENG-Championship,2526,2026-01-25 Portsmouth-Southampton,Championship,29,Sun,2026-01-25,12:00,Portsmouth,1–1,Southampton,20290,Fratton Park,Lewis Smith,/en/matches/40e233da/Portsmouth-Southampton-January-25-2026-Championship,,40e233da
ENG-Championship,2526,2026-01-26 Norwich City-Coventry City,Championship,29,Mon,2026-01-26,20:00,Norwich City,2–1,Coventry City,25452,Carrow Road,Thomas Kirk,/en/matches/758cb291/Norwich-City-Coventry-City-January-26-2026-Championship,,758cb291
ENG-Championship,2526,2026-01-30 Bristol City-Derby County,Championship,30,Fri,2026-01-30,20:00,Bristol City,0–5,Derby County,23512,Ashton Gate Stadium,Tom Nield,/en/matches/149767b3/Bristol-City-Derby-County-January-30-2026-Championship,,149767b3
ENG-Championship,2526,2026-01-31 Blackburn Rovers-Hull City,Championship,30,Sat,2026-01-31,15:00,Blackburn Rovers,0–1,Hull City,13769,Ewood Park,Thomas Bramall,/en/matches/60b43a5b/Blackburn-Rovers-Hull-City-January-31-2026-Championship,,60b43a5b
ENG-Championship,2526,2026-01-31 Ipswich Town-Preston North End,Championship,30,Sat,2026-01-31,15:00,Ipswich Town,1–1,Preston North End,27549,Portman Road Stadium,John Busby,/en/matches/1203067e/Ipswich-Town-Preston-North-End-January-31-2026-Championship,,1203067e
ENG-Championship,2526,2026-01-31 Leicester City-Charlton Athletic,Championship,30,Sat,2026-01-31,12:30,Leicester City,0–2,Charlton Athletic,28730,King Power Stadium,Andrew Kitchen,/en/matches/360ac629/Leicester-City-Charlton-Athletic-January-31-2026-Championship,,360ac629
ENG-Championship,2526,2026-01-31 Middlesbrough-Norwich City,Championship,30,Sat,2026-01-31,15:00,Middlesbrough,1–0,Norwich City,28616,Riverside Stadium,Ben Toner,/en/matches/c89339a4/Middlesbrough-Norwich-City-January-31-2026-Championship,,c89339a4
ENG-Championship,2526,2026-01-31 Millwall-Sheffield United,Championship,30,Sat,2026-01-31,15:00,Millwall,1–1,Sheffield United,18007,The Den,Lewis Smith,/en/matches/aa6c2d5c/Millwall-Sheffield-United-January-31-2026-Championship,,aa6c2d5c
ENG-Championship,2526,2026-01-31 Oxford United-Birmingham City,Championship,30,Sat,2026-01-31,15:00,Oxford United,0–2,Birmingham City,11509,The Kassam Stadium,Stephen Martin,/en/matches/3969fc3e/Oxford-United-Birmingham-City-January-31-2026-Championship,,3969fc3e
ENG-Championship,2526,2026-01-31 Portsmouth-West Brom,Championship,30,Sat,2026-01-31,15:00,Portsmouth,3–0,West Brom,20413,Fratton Park,Matt Donohue,/en/matches/25e0a4ee/Portsmouth-West-Bromwich-Albion-January-31-2026-Championship,,25e0a4ee
ENG-Championship,2526,2026-01-31 QPR-Coventry City,Championship,30,Sat,2026-01-31,15:00,QPR,2–1,Coventry City,17321,MATRADE Loftus Road Stadium,Joshua Smith,/en/matches/af189f63/Queens-Park-Rangers-Coventry-City-January-31-2026-Championship,,af189f63
ENG-Championship,2526,2026-01-31 Sheffield Weds-Wrexham,Championship,30,Sat,2026-01-31,12:30,Sheffield Weds,0–1,Wrexham,23297,Hillsborough Stadium,David Webb,/en/matches/4ead8b3c/Sheffield-Wednesday-Wrexham-January-31-2026-Championship,,4ead8b3c
ENG-Championship,2526,2026-01-31 Stoke City-Southampton,Championship,30,Sat,2026-01-31,12:30,Stoke City,0–2,Southampton,23529,bet365 Stadium,Farai Hallam,/en/matches/97c4b0ee/Stoke-City-Southampton-January-31-2026-Championship,,97c4b0ee
ENG-Championship,2526,2026-01-31 Watford-Swansea City,Championship,30,Sat,2026-01-31,15:00,Watford,0–2,Swansea City,18691,Vicarage Road Stadium,Matthew Corlett,/en/matches/6cf2912a/Watford-Swansea-City-January-31-2026-Championship,,6cf2912a
ENG-Championship,2526,2026-02-03 Blackburn Rovers-Sheffield Weds,Championship,19,Tue,2026-02-03,19:45,Blackburn Rovers,1–0,Sheffield Weds,12590,Ewood Park,Dean Whitestone,/en/matches/4754b6e2/Blackburn-Rovers-Sheffield-Wednesday-February-3-2026-Championship,,4754b6e2
ENG-Championship,2526,2026-02-03 Hull City-Watford,Championship,26,Tue,2026-02-03,19:45,Hull City,0–0,Watford,20441,MKM Stadium,Leigh Doughty,/en/matches/83a24dc0/Hull-City-Watford-February-3-2026-Championship,,83a24dc0
ENG-Championship,2526,2026-02-03 Sheffield United-Oxford United,Championship,26,Tue,2026-02-03,19:45,Sheffield United,3–1,Oxford United,26436,Bramall Lane,Anthony Backhouse,/en/matches/199b7001/Sheffield-United-Oxford-United-February-3-2026-Championship,,199b7001
ENG-Championship,2526,2026-02-06 Charlton Athletic-QPR,Championship,31,Fri,2026-02-06,20:01,Charlton Athletic,0–0,QPR,21290,The Valley,Tom Nield,/en/matches/c5903676/Charlton-Athletic-Queens-Park-Rangers-February-6-2026-Championship,,c5903676
ENG-Championship,2526,2026-02-07 Birmingham City-Leicester City,Championship,31,Sat,2026-02-07,15:01,Birmingham City,2–1,Leicester City,27886,St Andrew's @ Knighthead Park,John Busby,/en/matches/9adba899/Birmingham-City-Leicester-City-February-7-2026-Championship,,9adba899
ENG-Championship,2526,2026-02-07 Coventry City-Oxford United,Championship,31,Sat,2026-02-07,15:01,Coventry City,0–0,Oxford United,30218,Coventry Building Society Arena,Ruebyn Ricardo,/en/matches/d5a8f70a/Coventry-City-Oxford-United-February-7-2026-Championship,,d5a8f70a
ENG-Championship,2526,2026-02-07 Derby County-Ipswich Town,Championship,31,Sat,2026-02-07,12:31,Derby County,1–2,Ipswich Town,29498,Pride Park Stadium,Joshua Smith,/en/matches/d36d22ee/Derby-County-Ipswich-Town-February-7-2026-Championship,,d36d22ee
ENG-Championship,2526,2026-02-07 Hull City-Bristol City,Championship,31,Sat,2026-02-07,15:01,Hull City,2–3,Bristol City,20848,MKM Stadium,Oliver Langford,/en/matches/eb1f5363/Hull-City-Bristol-City-February-7-2026-Championship,,eb1f5363
ENG-Championship,2526,2026-02-07 Norwich City-Blackburn Rovers,Championship,31,Sat,2026-02-07,12:31,Norwich City,2–0,Blackburn Rovers,25628,Carrow Road,James Linington,/en/matches/a4cffc03/Norwich-City-Blackburn-Rovers-February-7-2026-Championship,,a4cffc03
ENG-Championship,2526,2026-02-07 Preston North End-Portsmouth,Championship,31,Sat,2026-02-07,15:01,Preston North End,1–0,Portsmouth,16034,Deepdale Stadium,Adam Herczeg,/en/matches/dbce0c2f/Preston-North-End-Portsmouth-February-7-2026-Championship,,dbce0c2f
ENG-Championship,2526,2026-02-07 Southampton-Watford,Championship,31,Sat,2026-02-07,12:31,Southampton,1–0,Watford,27721,St Mary's Stadium,Elliot Bell,/en/matches/032d3a5c/Southampton-Watford-February-7-2026-Championship,,032d3a5c
ENG-Championship,2526,2026-02-07 West Brom-Stoke City,Championship,31,Sat,2026-02-07,15:01,West Brom,0–0,Stoke City,23462,The Hawthorns,David Webb,/en/matches/d1d0fbef/West-Bromwich-Albion-Stoke-City-February-7-2026-Championship,,d1d0fbef
ENG-Championship,2526,2026-02-07 Wrexham-Millwall,Championship,31,Sat,2026-02-07,15:01,Wrexham,0–2,Millwall,10663,STōK Racecourse,Tim Robinson,/en/matches/85b55a33/Wrexham-Millwall-February-7-2026-Championship,,85b55a33
ENG-Championship,2526,2026-02-08 Swansea City-Sheffield Weds,Championship,31,Sun,2026-02-08,12:01,Swansea City,4–0,Sheffield Weds,16776,Swansea.com Stadium,Thomas Kirk,/en/matches/f29d21fc/Swansea-City-Sheffield-Wednesday-February-8-2026-Championship,,f29d21fc
ENG-Championship,2526,2026-02-09 Sheffield United-Middlesbrough,Championship,31,Mon,2026-02-09,20:01,Sheffield United,1–2,Middlesbrough,27764,Bramall Lane,Gavin Ward,/en/matches/3184a393/Sheffield-United-Middlesbrough-February-9-2026-Championship,,3184a393
ENG-Championship,2526,2026-02-10 Birmingham City-West Brom,Championship,32,Tue,2026-02-10,20:00,Birmingham City,0–0,West Brom,27307,St Andrew's @ Knighthead Park,Adam Herczeg,/en/matches/52edec6e/Birmingham-City-West-Bromwich-Albion-February-10-2026-Championship,,52edec6e
ENG-Championship,2526,2026-02-10 Leicester City-Southampton,Championship,32,Tue,2026-02-10,19:45,Leicester City,3–4,Southampton,25827,King Power Stadium,Ben Toner,/en/matches/319aae23/Leicester-City-Southampton-February-10-2026-Championship,,319aae23
ENG-Championship,2526,2026-02-10 Oxford United-Norwich City,Championship,32,Tue,2026-02-10,19:45,Oxford United,0–3,Norwich City,10211,The Kassam Stadium,Samuel Allison,/en/matches/8bbe1721/Oxford-United-Norwich-City-February-10-2026-Championship,,8bbe1721
ENG-Championship,2526,2026-02-11 Charlton Athletic-Stoke City,Championship,32,Wed,2026-02-11,19:45,Charlton Athletic,1–0,Stoke City,14836,The Valley,Anthony Backhouse,/en/matches/5ae0f4d4/Charlton-Athletic-Stoke-City-February-11-2026-Championship,,5ae0f4d4
ENG-Championship,2526,2026-02-14 Derby County-Swansea City,Championship,32,Sat,2026-02-14,15:00,Derby County,2–0,Swansea City,27841,Pride Park Stadium,Andrew Kitchen,/en/matches/49a26ac9/Derby-County-Swansea-City-February-14-2026-Championship,,49a26ac9
ENG-Championship,2526,2026-02-14 Portsmouth-Sheffield United,Championship,32,Sat,2026-02-14,15:00,Portsmouth,0–1,Sheffield United,20092,Fratton Park,James Linington,/en/matches/b3ebc8ca/Portsmouth-Sheffield-United-February-14-2026-Championship,,b3ebc8ca
ENG-Championship,2526,2026-02-14 Preston North End-Watford,Championship,32,Sat,2026-02-14,15:00,Preston North End,2–2,Watford,14611,Deepdale Stadium,Dean Whitestone,/en/matches/1bd005c5/Preston-North-End-Watford-February-14-2026-Championship,,1bd005c5
ENG-Championship,2526,2026-02-14 QPR-Blackburn Rovers,Championship,32,Sat,2026-02-14,15:00,QPR,1–3,Blackburn Rovers,16607,MATRADE Loftus Road Stadium,Stephen Martin,/en/matches/58cbc4d6/Queens-Park-Rangers-Blackburn-Rovers-February-14-2026-Championship,,58cbc4d6
ENG-Championship,2526,2026-02-14 Sheffield Weds-Millwall,Championship,32,Sat,2026-02-14,15:00,Sheffield Weds,1–2,Millwall,22488,Hillsborough Stadium,Edward Duckworth,/en/matches/aaec0e58/Sheffield-Wednesday-Millwall-February-14-2026-Championship,,aaec0e58
ENG-Championship,2526,2026-02-16 Coventry City-Middlesbrough,Championship,32,Mon,2026-02-16,20:00,Coventry City,3–1,Middlesbrough,30908,Coventry Building Society Arena,Thomas Bramall,/en/matches/c388ec7f/Coventry-City-Middlesbrough-February-16-2026-Championship,,c388ec7f
ENG-Championship,2526,2026-02-17 Bristol City-Wrexham,Championship,32,Tue,2026-02-17,19:45,Bristol City,2–2,Wrexham,22915,Ashton Gate Stadium,Ruebyn Ricardo,/en/matches/941131c4/Bristol-City-Wrexham-February-17-2026-Championship,,941131c4
ENG-Championship,2526,2026-02-17 Charlton Athletic-Portsmouth,Championship,19,Tue,2026-02-17,19:45,Charlton Athletic,1–3,Portsmouth,18713,The Valley,Leigh Doughty,/en/matches/46a90e08/Charlton-Athletic-Portsmouth-February-17-2026-Championship,,46a90e08
ENG-Championship,2526,2026-02-20 Blackburn Rovers-Preston North End,Championship,33,Fri,2026-02-20,20:00,Blackburn Rovers,1–0,Preston North End,19792,Ewood Park,Anthony Backhouse,/en/matches/a9842dd8/Blackburn-Rovers-Preston-North-End-February-20-2026-Championship,,a9842dd8
ENG-Championship,2526,2026-02-21 Hull City-QPR,Championship,33,Sat,2026-02-21,12:30,Hull City,1–3,QPR,21928,MKM Stadium,Andy Madley,/en/matches/7ea7d7ca/Hull-City-Queens-Park-Rangers-February-21-2026-Championship,,7ea7d7ca
ENG-Championship,2526,2026-02-21 Middlesbrough-Oxford United,Championship,33,Sat,2026-02-21,15:00,Middlesbrough,0–0,Oxford United,28918,Riverside Stadium,Oliver Langford,/en/matches/58fed8a9/Middlesbrough-Oxford-United-February-21-2026-Championship,,58fed8a9
ENG-Championship,2526,2026-02-21 Millwall-Portsmouth,Championship,33,Sat,2026-02-21,15:00,Millwall,1–3,Portsmouth,19153,The Den,Stephen Martin,/en/matches/b0876093/Millwall-Portsmouth-February-21-2026-Championship,,b0876093
ENG-Championship,2526,2026-02-21 Norwich City-Birmingham City,Championship,33,Sat,2026-02-21,15:00,Norwich City,1–2,Birmingham City,26537,Carrow Road,Farai Hallam,/en/matches/3a53c9ce/Norwich-City-Birmingham-City-February-21-2026-Championship,,3a53c9ce
ENG-Championship,2526,2026-02-21 Southampton-Charlton Athletic,Championship,33,Sat,2026-02-21,15:00,Southampton,1–1,Charlton Athletic,29476,St Mary's Stadium,John Busby,/en/matches/2ce7ead3/Southampton-Charlton-Athletic-February-21-2026-Championship,,2ce7ead3
ENG-Championship,2526,2026-02-21 Stoke City-Leicester City,Championship,33,Sat,2026-02-21,12:30,Stoke City,2–2,Leicester City,23997,bet365 Stadium,Gavin Ward,/en/matches/e06dc1b1/Stoke-City-Leicester-City-February-21-2026-Championship,,e06dc1b1
ENG-Championship,2526,2026-02-21 Swansea City-Bristol City,Championship,33,Sat,2026-02-21,12:30,Swansea City,1–0,Bristol City,18009,Swansea.com Stadium,Will Finnie,/en/matches/7f1f7ebd/Swansea-City-Bristol-City-February-21-2026-Championship,,7f1f7ebd
ENG-Championship,2526,2026-02-21 Watford-Derby County,Championship,33,Sat,2026-02-21,15:00,Watford,2–0,Derby County,19211,Vicarage Road Stadium,David Webb,/en/matches/4e427b55/Watford-Derby-County-February-21-2026-Championship,,4e427b55
ENG-Championship,2526,2026-02-21 West Brom-Coventry City,Championship,33,Sat,2026-02-21,12:30,West Brom,0–2,Coventry City,23479,The Hawthorns,James Linington,/en/matches/1dbd8303/West-Bromwich-Albion-Coventry-City-February-21-2026-Championship,,1dbd8303
ENG-Championship,2526,2026-02-21 Wrexham-Ipswich Town,Championship,33,Sat,2026-02-21,15:00,Wrexham,5–3,Ipswich Town,10610,STōK Racecourse,Leigh Doughty,/en/matches/10159dd6/Wrexham-Ipswich-Town-February-21-2026-Championship,,10159dd6
ENG-Championship,2526,2026-02-22 Sheffield United-Sheffield Weds,Championship,33,Sun,2026-02-22,12:00,Sheffield United,2–1,Sheffield Weds,30457,Bramall Lane,Joshua Smith,/en/matches/79fc81bb/Sheffield-United-Sheffield-Wednesday-February-22-2026-Championship,,79fc81bb
ENG-Championship,2526,2026-02-24 Blackburn Rovers-Bristol City,Championship,34,Tue,2026-02-24,19:45,Blackburn Rovers,1–2,Bristol City,10999,Ewood Park,Matt Donohue,/en/matches/b72568a1/Blackburn-Rovers-Bristol-City-February-24-2026-Championship,,b72568a1
ENG-Championship,2526,2026-02-24 Hull City-Derby County,Championship,34,Tue,2026-02-24,19:45,Hull City,4–2,Derby County,20391,MKM Stadium,Adam Herczeg,/en/matches/246db875/Hull-City-Derby-County-February-24-2026-Championship,,246db875
ENG-Championship,2526,2026-02-24 Middlesbrough-Leicester City,Championship,34,Tue,2026-02-24,19:45,Middlesbrough,1–1,Leicester City,26019,Riverside Stadium,Andrew Kitchen,/en/matches/e758313c/Middlesbrough-Leicester-City-February-24-2026-Championship,,e758313c
ENG-Championship,2526,2026-02-24 Southampton-QPR,Championship,34,Tue,2026-02-24,20:00,Southampton,5–0,QPR,26422,St Mary's Stadium,Oliver Langford,/en/matches/3e9a0db4/Southampton-Queens-Park-Rangers-February-24-2026-Championship,,3e9a0db4
ENG-Championship,2526,2026-02-24 Swansea City-Preston North End,Championship,34,Tue,2026-02-24,19:45,Swansea City,1–1,Preston North End,20233,Swansea.com Stadium,David Webb,/en/matches/08ef7f51/Swansea-City-Preston-North-End-February-24-2026-Championship,,08ef7f51
ENG-Championship,2526,2026-02-24 Watford-Ipswich Town,Championship,34,Tue,2026-02-24,19:45,Watford,0–2,Ipswich Town,18249,Vicarage Road Stadium,Ben Toner,/en/matches/2d0f8c63/Watford-Ipswich-Town-February-24-2026-Championship,,2d0f8c63
ENG-Championship,2526,2026-02-24 West Brom-Charlton Athletic,Championship,34,Tue,2026-02-24,19:45,West Brom,1–1,Charlton Athletic,20847,The Hawthorns,Samuel Allison,/en/matches/8bb8988d/West-Bromwich-Albion-Charlton-Athletic-February-24-2026-Championship,,8bb8988d
ENG-Championship,2526,2026-02-24 Wrexham-Portsmouth,Championship,34,Tue,2026-02-24,19:45,Wrexham,2–1,Portsmouth,10499,STōK Racecourse,Tom Reeves,/en/matches/520dec90/Wrexham-Portsmouth-February-24-2026-Championship,,520dec90
ENG-Championship,2526,2026-02-25 Millwall-Birmingham City,Championship,34,Wed,2026-02-25,19:45,Millwall,3–0,Birmingham City,16636,The Den,Dean Whitestone,/en/matches/2ede5322/Millwall-Birmingham-City-February-25-2026-Championship,,2ede5322
ENG-Championship,2526,2026-02-25 Norwich City-Sheffield Weds,Championship,34,Wed,2026-02-25,19:45,Norwich City,2–0,Sheffield Weds,25141,Carrow Road,Ruebyn Ricardo,/en/matches/dd029940/Norwich-City-Sheffield-Wednesday-February-25-2026-Championship,,dd029940
ENG-Championship,2526,2026-02-25 Sheffield United-Coventry City,Championship,34,Wed,2026-02-25,19:45,Sheffield United,1–2,Coventry City,27696,Bramall Lane,John Busby,/en/matches/9d74f210/Sheffield-United-Coventry-City-February-25-2026-Championship,,9d74f210
ENG-Championship,2526,2026-02-25 Stoke City-Oxford United,Championship,34,Wed,2026-02-25,20:00,Stoke City,2–1,Oxford United,20153,bet365 Stadium,James Linington,/en/matches/47bcf2fe/Stoke-City-Oxford-United-February-25-2026-Championship,,47bcf2fe
ENG-Championship,2526,2026-02-27 Bristol City-Watford,Championship,35,Fri,2026-02-27,20:00,Bristol City,1–2,Watford,21866,Ashton Gate Stadium,Lewis Smith,/en/matches/ddcd4813/Bristol-City-Watford-February-27-2026-Championship,,ddcd4813
ENG-Championship,2526,2026-02-28 Charlton Athletic-Wrexham,Championship,35,Sat,2026-02-28,15:00,Charlton Athletic,0–1,Wrexham,21844,The Valley,Farai Hallam,/en/matches/b9fd4438/Charlton-Athletic-Wrexham-February-28-2026-Championship,,b9fd4438
ENG-Championship,2526,2026-02-28 Coventry City-Stoke City,Championship,35,Sat,2026-02-28,15:00,Coventry City,2–1,Stoke City,31516,Coventry Building Society Arena,Andrew Kitchen,/en/matches/e29944f4/Coventry-City-Stoke-City-February-28-2026-Championship,,e29944f4
ENG-Championship,2526,2026-02-28 Derby County-Blackburn Rovers,Championship,35,Sat,2026-02-28,12:30,Derby County,3–1,Blackburn Rovers,27831,Pride Park Stadium,Leigh Doughty,/en/matches/63f64b3f/Derby-County-Blackburn-Rovers-February-28-2026-Championship,,63f64b3f
ENG-Championship,2526,2026-02-28 Ipswich Town-Swansea City,Championship,35,Sat,2026-02-28,15:00,Ipswich Town,3–0,Swansea City,27594,Portman Road Stadium,Anthony Backhouse,/en/matches/14ecbc54/Ipswich-Town-Swansea-City-February-28-2026-Championship,,14ecbc54
ENG-Championship,2526,2026-02-28 Leicester City-Norwich City,Championship,35,Sat,2026-02-28,12:30,Leicester City,0–2,Norwich City,29136,King Power Stadium,Adam Herczeg,/en/matches/1f60287a/Leicester-City-Norwich-City-February-28-2026-Championship,,1f60287a
ENG-Championship,2526,2026-02-28 Oxford United-West Brom,Championship,35,Sat,2026-02-28,15:00,Oxford United,2–1,West Brom,11054,The Kassam Stadium,Matthew Corlett,/en/matches/2f13747e/Oxford-United-West-Bromwich-Albion-February-28-2026-Championship,,2f13747e
ENG-Championship,2526,2026-02-28 Portsmouth-Hull City,Championship,35,Sat,2026-02-28,12:30,Portsmouth,0–1,Hull City,20228,Fratton Park,Samuel Allison,/en/matches/7918b743/Portsmouth-Hull-City-February-28-2026-Championship,,7918b743
ENG-Championship,2526,2026-02-28 Preston North End-Millwall,Championship,35,Sat,2026-02-28,15:00,Preston North End,0–2,Millwall,15489,Deepdale Stadium,Ben Toner,/en/matches/c8f544d0/Preston-North-End-Millwall-February-28-2026-Championship,,c8f544d0
ENG-Championship,2526,2026-02-28 QPR-Sheffield United,Championship,35,Sat,2026-02-28,15:00,QPR,0–2,Sheffield United,17376,MATRADE Loftus Road Stadium,Tom Nield,/en/matches/e61c5ba6/Queens-Park-Rangers-Sheffield-United-February-28-2026-Championship,,e61c5ba6
ENG-Championship,2526,2026-02-28 Sheffield Weds-Southampton,Championship,35,Sat,2026-02-28,15:00,Sheffield Weds,1–3,Southampton,23850,Hillsborough Stadium,Gavin Ward,/en/matches/4d111629/Sheffield-Wednesday-Southampton-February-28-2026-Championship,,4d111629
ENG-Championship,2526,2026-03-02 Birmingham City-Middlesbrough,Championship,35,Mon,2026-03-02,20:00,Birmingham City,1–3,Middlesbrough,26918,St Andrew's @ Knighthead Park,Thomas Kirk,/en/matches/d4579908/Birmingham-City-Middlesbrough-March-2-2026-Championship,,d4579908
ENG-Championship,2526,2026-03-03 Ipswich Town-Hull City,Championship,32,Tue,2026-03-03,19:45,Ipswich Town,1–0,Hull City,26103,Portman Road Stadium,Lewis Smith,/en/matches/7ebc7c6b/Ipswich-Town-Hull-City-March-3-2026-Championship,,7ebc7c6b
ENG-Championship,2526,2026-03-06 Preston North End-Oxford United,Championship,36,Fri,2026-03-06,20:00,Preston North End,1–3,Oxford United,14009,Deepdale Stadium,Andrew Kitchen,/en/matches/815e3428/Preston-North-End-Oxford-United-March-6-2026-Championship,,815e3428
ENG-Championship,2526,2026-03-07 Blackburn Rovers-Portsmouth,Championship,36,Sat,2026-03-07,12:30,Blackburn Rovers,1–1,Portsmouth,14100,Ewood Park,Tom Nield,/en/matches/4b5551ed/Blackburn-Rovers-Portsmouth-March-7-2026-Championship,,4b5551ed
ENG-Championship,2526,2026-03-07 Bristol City-Coventry City,Championship,36,Sat,2026-03-07,15:00,Bristol City,0–2,Coventry City,23492,Ashton Gate Stadium,Matt Donohue,/en/matches/1d980e84/Bristol-City-Coventry-City-March-7-2026-Championship,,1d980e84
ENG-Championship,2526,2026-03-07 Charlton Athletic-Birmingham City,Championship,36,Sat,2026-03-07,15:00,Charlton Athletic,1–0,Birmingham City,18541,The Valley,Samuel Allison,/en/matches/3ffd750b/Charlton-Athletic-Birmingham-City-March-7-2026-Championship,,3ffd750b
ENG-Championship,2526,2026-03-07 Derby County-Sheffield Weds,Championship,36,Sat,2026-03-07,15:00,Derby County,2–1,Sheffield Weds,30937,Pride Park Stadium,Oliver Langford,/en/matches/8441b3ee/Derby-County-Sheffield-Wednesday-March-7-2026-Championship,,8441b3ee
ENG-Championship,2526,2026-03-07 Hull City-Millwall,Championship,36,Sat,2026-03-07,12:30,Hull City,1–3,Millwall,21504,MKM Stadium,David Webb,/en/matches/6ddd0993/Hull-City-Millwall-March-7-2026-Championship,,6ddd0993
ENG-Championship,2526,2026-03-07 Ipswich Town-Leicester City,Championship,36,Sat,2026-03-07,15:00,Ipswich Town,1–1,Leicester City,28709,Portman Road Stadium,John Busby,/en/matches/8b19ad38/Ipswich-Town-Leicester-City-March-7-2026-Championship,,8b19ad38
ENG-Championship,2526,2026-03-07 Sheffield United-West Brom,Championship,36,Sat,2026-03-07,15:00,Sheffield United,1–1,West Brom,28307,Bramall Lane,Dean Whitestone,/en/matches/fe99fcf2/Sheffield-United-West-Bromwich-Albion-March-7-2026-Championship,,fe99fcf2
ENG-Championship,2526,2026-03-07 Swansea City-Stoke City,Championship,36,Sat,2026-03-07,15:00,Swansea City,2–0,Stoke City,16147,Swansea.com Stadium,Ruebyn Ricardo,/en/matches/509edf58/Swansea-City-Stoke-City-March-7-2026-Championship,,509edf58
ENG-Championship,2526,2026-03-08 QPR-Middlesbrough,Championship,36,Sun,2026-03-08,16:30,QPR,0–4,Middlesbrough,15940,MATRADE Loftus Road Stadium,Joshua Smith,/en/matches/2b1803b1/Queens-Park-Rangers-Middlesbrough-March-8-2026-Championship,,2b1803b1
ENG-Championship,2526,2026-03-10 Leicester City-Bristol City,Championship,37,Tue,2026-03-10,19:45,Leicester City,2–0,Bristol City,25476,King Power Stadium,Tom Nield,/en/matches/422a777e/Leicester-City-Bristol-City-March-10-2026-Championship,,422a777e
ENG-Championship,2526,2026-03-10 Millwall-Derby County,Championship,37,Tue,2026-03-10,19:45,Millwall,1–0,Derby County,15939,The Den,Matt Donohue,/en/matches/74a0284f/Millwall-Derby-County-March-10-2026-Championship,,74a0284f
ENG-Championship,2526,2026-03-10 Portsmouth-Swansea City,Championship,37,Tue,2026-03-10,19:45,Portsmouth,1–2,Swansea City,18508,Fratton Park,Gavin Ward,/en/matches/99dc9e83/Portsmouth-Swansea-City-March-10-2026-Championship,,99dc9e83
ENG-Championship,2526,2026-03-10 Sheffield Weds-Watford,Championship,37,Tue,2026-03-10,19:45,Sheffield Weds,1–1,Watford,19653,Hillsborough Stadium,Elliot Bell,/en/matches/836a51c4/Sheffield-Wednesday-Watford-March-10-2026-Championship,,836a51c4
ENG-Championship,2526,2026-03-10 Stoke City-Ipswich Town,Championship,37,Tue,2026-03-10,20:00,Stoke City,3–3,Ipswich Town,22330,bet365 Stadium,Thomas Kirk,/en/matches/f8cd1eb0/Stoke-City-Ipswich-Town-March-10-2026-Championship,,f8cd1eb0
ENG-Championship,2526,2026-03-10 Wrexham-Hull City,Championship,37,Tue,2026-03-10,19:45,Wrexham,1–2,Hull City,10502,STōK Racecourse,Stephen Martin,/en/matches/20de56e3/Wrexham-Hull-City-March-10-2026-Championship,,20de56e3
ENG-Championship,2526,2026-03-11 Birmingham City-QPR,Championship,37,Wed,2026-03-11,19:45,Birmingham City,1–0,QPR,25212,St Andrew's @ Knighthead Park,Anthony Backhouse,/en/matches/d4299a8c/Birmingham-City-Queens-Park-Rangers-March-11-2026-Championship,,d4299a8c
ENG-Championship,2526,2026-03-11 Coventry City-Preston North End,Championship,37,Wed,2026-03-11,20:00,Coventry City,3–0,Preston North End,27835,Coventry Building Society Arena,Lewis Smith,/en/matches/55517912/Coventry-City-Preston-North-End-March-11-2026-Championship,,55517912
ENG-Championship,2526,2026-03-11 Middlesbrough-Charlton Athletic,Championship,37,Wed,2026-03-11,19:45,Middlesbrough,0–1,Charlton Athletic,24668,Riverside Stadium,Adam Herczeg,/en/matches/3809d458/Middlesbrough-Charlton-Athletic-March-11-2026-Championship,,3809d458
ENG-Championship,2526,2026-03-11 Norwich City-Sheffield United,Championship,37,Wed,2026-03-11,19:45,Norwich City,2–1,Sheffield United,25503,Carrow Road,Ben Toner,/en/matches/08c5a50d/Norwich-City-Sheffield-United-March-11-2026-Championship,,08c5a50d
ENG-Championship,2526,2026-03-11 Oxford United-Blackburn Rovers,Championship,37,Wed,2026-03-11,19:45,Oxford United,1–0,Blackburn Rovers,9993,The Kassam Stadium,David Webb,/en/matches/18031c2a/Oxford-United-Blackburn-Rovers-March-11-2026-Championship,,18031c2a
ENG-Championship,2526,2026-03-11 West Brom-Southampton,Championship,37,Wed,2026-03-11,19:45,West Brom,1–1,Southampton,22127,The Hawthorns,Ben Speedie,/en/matches/f87a5451/West-Bromwich-Albion-Southampton-March-11-2026-Championship,,f87a5451
ENG-Championship,2526,2026-03-13 Wrexham-Swansea City,Championship,38,Fri,2026-03-13,20:00,Wrexham,2–0,Swansea City,10641,STōK Racecourse,Tom Nield,/en/matches/a59df901/Wrexham-Swansea-City-March-13-2026-Championship,,a59df901
ENG-Championship,2526,2026-03-14 Birmingham City-Sheffield United,Championship,38,Sat,2026-03-14,15:00,Birmingham City,1–1,Sheffield United,27588,St Andrew's @ Knighthead Park,Tim Robinson,/en/matches/3ef98625/Birmingham-City-Sheffield-United-March-14-2026-Championship,,3ef98625
ENG-Championship,2526,2026-03-14 Coventry City-Southampton,Championship,38,Sat,2026-03-14,12:30,Coventry City,1–2,Southampton,31281,Coventry Building Society Arena,Farai Hallam,/en/matches/42b82e53/Coventry-City-Southampton-March-14-2026-Championship,,42b82e53
ENG-Championship,2526,2026-03-14 Leicester City-QPR,Championship,38,Sat,2026-03-14,15:00,Leicester City,1–3,QPR,27494,King Power Stadium,Dean Whitestone,/en/matches/9ebb3bfc/Leicester-City-Queens-Park-Rangers-March-14-2026-Championship,,9ebb3bfc
ENG-Championship,2526,2026-03-14 Middlesbrough-Bristol City,Championship,38,Sat,2026-03-14,12:30,Middlesbrough,1–1,Bristol City,34988,Riverside Stadium,Stephen Martin,/en/matches/a47bebbf/Middlesbrough-Bristol-City-March-14-2026-Championship,,a47bebbf
ENG-Championship,2526,2026-03-14 Millwall-Blackburn Rovers,Championship,38,Sat,2026-03-14,15:00,Millwall,1–2,Blackburn Rovers,17802,The Den,Andrew Kitchen,/en/matches/56ded5d5/Millwall-Blackburn-Rovers-March-14-2026-Championship,,56ded5d5
ENG-Championship,2526,2026-03-14 Norwich City-Preston North End,Championship,38,Sat,2026-03-14,15:00,Norwich City,2–0,Preston North End,25285,Carrow Road,Gavin Ward,/en/matches/720b7c30/Norwich-City-Preston-North-End-March-14-2026-Championship,,720b7c30
ENG-Championship,2526,2026-03-14 Oxford United-Charlton Athletic,Championship,38,Sat,2026-03-14,12:30,Oxford United,1–1,Charlton Athletic,11325,The Kassam Stadium,Matt Donohue,/en/matches/a8e7cb72/Oxford-United-Charlton-Athletic-March-14-2026-Championship,,a8e7cb72
ENG-Championship,2526,2026-03-14 Sheffield Weds-Ipswich Town,Championship,38,Sat,2026-03-14,15:00,Sheffield Weds,0–2,Ipswich Town,23437,Hillsborough Stadium,Tom Reeves,/en/matches/c6b9e735/Sheffield-Wednesday-Ipswich-Town-March-14-2026-Championship,,c6b9e735
ENG-Championship,2526,2026-03-14 Stoke City-Watford,Championship,38,Sat,2026-03-14,15:00,Stoke City,3–1,Watford,22085,bet365 Stadium,Leigh Doughty,/en/matches/e87d299c/Stoke-City-Watford-March-14-2026-Championship,,e87d299c
ENG-Championship,2526,2026-03-14 West Brom-Hull City,Championship,38,Sat,2026-03-14,15:00,West Brom,3–0,Hull City,23245,The Hawthorns,Joshua Smith,/en/matches/9f215d4e/West-Bromwich-Albion-Hull-City-March-14-2026-Championship,,9f215d4e
ENG-Championship,2526,2026-03-16 Portsmouth-Derby County,Championship,38,Mon,2026-03-16,20:00,Portsmouth,0–1,Derby County,19253,Fratton Park,Anthony Backhouse,/en/matches/e5d822d0/Portsmouth-Derby-County-March-16-2026-Championship,,e5d822d0
ENG-Championship,2526,2026-03-17 Watford-Wrexham,Championship,36,Tue,2026-03-17,19:45,Watford,3–1,Wrexham,16378,Vicarage Road Stadium,Adam Herczeg,/en/matches/42a893f3/Watford-Wrexham-March-17-2026-Championship,,42a893f3
ENG-Championship,2526,2026-03-18 Southampton-Norwich City,Championship,36,Wed,2026-03-18,19:45,Southampton,1–0,Norwich City,26605,St Mary's Stadium,Lewis Smith,/en/matches/71e6f634/Southampton-Norwich-City-March-18-2026-Championship,,71e6f634
ENG-Championship,2526,2026-03-20 Preston North End-Stoke City,Championship,39,Fri,2026-03-20,20:00,Preston North End,3–1,Stoke City,16604,Deepdale Stadium,Farai Hallam,/en/matches/5784e64d/Preston-North-End-Stoke-City-March-20-2026-Championship,,5784e64d
ENG-Championship,2526,2026-03-21 Blackburn Rovers-Middlesbrough,Championship,39,Sat,2026-03-21,12:30,Blackburn Rovers,0–0,Middlesbrough,18959,Ewood Park,Oliver Langford,/en/matches/8218ea47/Blackburn-Rovers-Middlesbrough-March-21-2026-Championship,,8218ea47
ENG-Championship,2526,2026-03-21 Bristol City-West Brom,Championship,39,Sat,2026-03-21,15:00,Bristol City,0–1,West Brom,23659,Ashton Gate Stadium,Thomas Kirk,/en/matches/432e3c85/Bristol-City-West-Bromwich-Albion-March-21-2026-Championship,,432e3c85
ENG-Championship,2526,2026-03-21 Charlton Athletic-Norwich City,Championship,39,Sat,2026-03-21,15:00,Charlton Athletic,0–1,Norwich City,23008,The Valley,Will Finnie,/en/matches/daaebbac/Charlton-Athletic-Norwich-City-March-21-2026-Championship,,daaebbac
ENG-Championship,2526,2026-03-21 Derby County-Birmingham City,Championship,39,Sat,2026-03-21,12:30,Derby County,1–0,Birmingham City,29928,Pride Park Stadium,Gavin Ward,/en/matches/e5ad4298/Derby-County-Birmingham-City-March-21-2026-Championship,,e5ad4298
ENG-Championship,2526,2026-03-21 Hull City-Sheffield Weds,Championship,39,Sat,2026-03-21,15:00,Hull City,3–1,Sheffield Weds,22004,MKM Stadium,Dean Whitestone,/en/matches/7524547f/Hull-City-Sheffield-Wednesday-March-21-2026-Championship,,7524547f
ENG-Championship,2526,2026-03-21 Ipswich Town-Millwall,Championship,39,Sat,2026-03-21,12:30,Ipswich Town,1–1,Millwall,29129,Portman Road Stadium,Michael Salisbury,/en/matches/23bc533f/Ipswich-Town-Millwall-March-21-2026-Championship,,23bc533f
ENG-Championship,2526,2026-03-21 QPR-Portsmouth,Championship,39,Sat,2026-03-21,15:00,QPR,6–1,Portsmouth,16962,MATRADE Loftus Road Stadium,John Busby,/en/matches/a45e8679/Queens-Park-Rangers-Portsmouth-March-21-2026-Championship,,a45e8679
ENG-Championship,2526,2026-03-21 Sheffield United-Wrexham,Championship,39,Sat,2026-03-21,15:00,Sheffield United,1–2,Wrexham,27997,Bramall Lane,Samuel Allison,/en/matches/58d98378/Sheffield-United-Wrexham-March-21-2026-Championship,,58d98378
ENG-Championship,2526,2026-03-21 Southampton-Oxford United,Championship,39,Sat,2026-03-21,15:00,Southampton,2–0,Oxford United,30428,St Mary's Stadium,Ben Toner,/en/matches/149d7da1/Southampton-Oxford-United-March-21-2026-Championship,,149d7da1
ENG-Championship,2526,2026-03-21 Swansea City-Coventry City,Championship,39,Sat,2026-03-21,17:15,Swansea City,0–3,Coventry City,17732,Swansea.com Stadium,Stephen Martin,/en/matches/f7b63273/Swansea-City-Coventry-City-March-21-2026-Championship,,f7b63273
ENG-Championship,2526,2026-03-21 Watford-Leicester City,Championship,39,Sat,2026-03-21,15:00,Watford,0–0,Leicester City,19493,Vicarage Road Stadium,Joshua Smith,/en/matches/6b017c0f/Watford-Leicester-City-March-21-2026-Championship,,6b017c0f
ENG-Championship,2526,2026-04-03 Birmingham City-Blackburn Rovers,Championship,40,Fri,2026-04-03,15:00,Birmingham City,0–1,Blackburn Rovers,27842,St Andrew's @ Knighthead Park,John Busby,/en/matches/6ec77d2a/Birmingham-City-Blackburn-Rovers-April-3-2026-Championship,,6ec77d2a
ENG-Championship,2526,2026-04-03 Charlton Athletic-Bristol City,Championship,40,Fri,2026-04-03,15:00,Charlton Athletic,1–2,Bristol City,20925,The Valley,Ben Toner,/en/matches/0f1b0f9a/Charlton-Athletic-Bristol-City-April-3-2026-Championship,,0f1b0f9a
ENG-Championship,2526,2026-04-03 Coventry City-Derby County,Championship,40,Fri,2026-04-03,20:00,Coventry City,3–2,Derby County,31349,Coventry Building Society Arena,Tom Nield,/en/matches/42e7ecca/Coventry-City-Derby-County-April-3-2026-Championship,,42e7ecca
ENG-Championship,2526,2026-04-03 Leicester City-Preston North End,Championship,40,Fri,2026-04-03,15:00,Leicester City,2–2,Preston North End,28797,King Power Stadium,Ben Speedie,/en/matches/7ff5979f/Leicester-City-Preston-North-End-April-3-2026-Championship,,7ff5979f
ENG-Championship,2526,2026-04-03 Middlesbrough-Millwall,Championship,40,Fri,2026-04-03,12:30,Middlesbrough,1–2,Millwall,32100,Riverside Stadium,Anthony Backhouse,/en/matches/08314048/Middlesbrough-Millwall-April-3-2026-Championship,,08314048
ENG-Championship,2526,2026-04-03 Norwich City-Portsmouth,Championship,40,Fri,2026-04-03,15:00,Norwich City,1–1,Portsmouth,26613,Carrow Road,Stephen Martin,/en/matches/9e1c194e/Norwich-City-Portsmouth-April-3-2026-Championship,,9e1c194e
ENG-Championship,2526,2026-04-03 Oxford United-Hull City,Championship,40,Fri,2026-04-03,15:00,Oxford United,1–1,Hull City,11477,The Kassam Stadium,Oliver Langford,/en/matches/2d6472f0/Oxford-United-Hull-City-April-3-2026-Championship,,2d6472f0
ENG-Championship,2526,2026-04-03 QPR-Watford,Championship,40,Fri,2026-04-03,15:00,QPR,2–1,Watford,17532,MATRADE Loftus Road Stadium,Ruebyn Ricardo,/en/matches/05decd7d/Queens-Park-Rangers-Watford-April-3-2026-Championship,,05decd7d
ENG-Championship,2526,2026-04-03 Sheffield United-Swansea City,Championship,40,Fri,2026-04-03,15:00,Sheffield United,3–3,Swansea City,26457,Bramall Lane,Dean Whitestone,/en/matches/657d7dde/Sheffield-United-Swansea-City-April-3-2026-Championship,,657d7dde
ENG-Championship,2526,2026-04-03 Stoke City-Sheffield Weds,Championship,40,Fri,2026-04-03,15:00,Stoke City,2–0,Sheffield Weds,25450,bet365 Stadium,Michael Salisbury,/en/matches/0eeef770/Stoke-City-Sheffield-Wednesday-April-3-2026-Championship,,0eeef770
ENG-Championship,2526,2026-04-03 West Brom-Wrexham,Championship,40,Fri,2026-04-03,15:00,West Brom,2–2,Wrexham,25927,The Hawthorns,Robert Madley,/en/matches/06ebdf35/West-Bromwich-Albion-Wrexham-April-3-2026-Championship,,06ebdf35
ENG-Championship,2526,2026-04-06 Blackburn Rovers-West Brom,Championship,41,Mon,2026-04-06,15:00,Blackburn Rovers,0–0,West Brom,21581,Ewood Park,Robert Jones,/en/matches/2fdc9de4/Blackburn-Rovers-West-Bromwich-Albion-April-6-2026-Championship,,2fdc9de4
ENG-Championship,2526,2026-04-06 Bristol City-Sheffield United,Championship,41,Mon,2026-04-06,15:00,Bristol City,1–0,Sheffield United,21858,Ashton Gate Stadium,Lewis Smith,/en/matches/59aa7edb/Bristol-City-Sheffield-United-April-6-2026-Championship,,59aa7edb
ENG-Championship,2526,2026-04-06 Derby County-Stoke City,Championship,41,Mon,2026-04-06,15:00,Derby County,2–0,Stoke City,31095,Pride Park Stadium,Elliot Bell,/en/matches/caa3f808/Derby-County-Stoke-City-April-6-2026-Championship,,caa3f808
ENG-Championship,2526,2026-04-06 Hull City-Coventry City,Championship,41,Mon,2026-04-06,20:00,Hull City,0–0,Coventry City,22507,MKM Stadium,David Webb,/en/matches/2926ad5d/Hull-City-Coventry-City-April-6-2026-Championship,,2926ad5d
ENG-Championship,2526,2026-04-06 Ipswich Town-Birmingham City,Championship,41,Mon,2026-04-06,15:00,Ipswich Town,2–1,Birmingham City,29381,Portman Road Stadium,Adam Herczeg,/en/matches/4be4b3e2/Ipswich-Town-Birmingham-City-April-6-2026-Championship,,4be4b3e2
ENG-Championship,2526,2026-04-06 Millwall-Norwich City,Championship,41,Mon,2026-04-06,13:00,Millwall,1–2,Norwich City,18855,The Den,Samuel Allison,/en/matches/8a955328/Millwall-Norwich-City-April-6-2026-Championship,,8a955328
ENG-Championship,2526,2026-04-06 Portsmouth-Oxford United,Championship,41,Mon,2026-04-06,12:30,Portsmouth,2–2,Oxford United,20356,Fratton Park,Joshua Smith,/en/matches/e202c01a/Portsmouth-Oxford-United-April-6-2026-Championship,,e202c01a
ENG-Championship,2526,2026-04-06 Preston North End-QPR,Championship,41,Mon,2026-04-06,15:00,Preston North End,1–1,QPR,15046,Deepdale Stadium,Thomas Kirk,/en/matches/651728d0/Preston-North-End-Queens-Park-Rangers-April-6-2026-Championship,,651728d0
ENG-Championship,2526,2026-04-06 Sheffield Weds-Leicester City,Championship,41,Mon,2026-04-06,15:00,Sheffield Weds,1–1,Leicester City,24223,Hillsborough Stadium,Oliver Langford,/en/matches/f29ce9eb/Sheffield-Wednesday-Leicester-City-April-6-2026-Championship,,f29ce9eb
ENG-Championship,2526,2026-04-06 Swansea City-Middlesbrough,Championship,41,Mon,2026-04-06,17:30,Swansea City,2–2,Middlesbrough,18168,Swansea.com Stadium,Matt Donohue,/en/matches/f01a5d45/Swansea-City-Middlesbrough-April-6-2026-Championship,,f01a5d45
ENG-Championship,2526,2026-04-06 Watford-Charlton Athletic,Championship,41,Mon,2026-04-06,15:00,Watford,1–1,Charlton Athletic,19961,Vicarage Road Stadium,Andrew Kitchen,/en/matches/a78812dd/Watford-Charlton-Athletic-April-6-2026-Championship,,a78812dd
ENG-Championship,2526,2026-04-07 Wrexham-Southampton,Championship,41,Tue,2026-04-07,20:00,Wrexham,1–5,Southampton,10547,STōK Racecourse,Gavin Ward,/en/matches/61db599b/Wrexham-Southampton-April-7-2026-Championship,,61db599b
ENG-Championship,2526,2026-04-10 West Brom-Millwall,Championship,42,Fri,2026-04-10,20:00,West Brom,0–0,Millwall,23447,The Hawthorns,Lewis Smith,/en/matches/372ee734/West-Bromwich-Albion-Millwall-April-10-2026-Championship,,372ee734
ENG-Championship,2526,2026-04-11 Charlton Athletic-Preston North End,Championship,42,Sat,2026-04-11,15:00,Charlton Athletic,1–2,Preston North End,18902,The Valley,John Busby,/en/matches/2b189d61/Charlton-Athletic-Preston-North-End-April-11-2026-Championship,,2b189d61
ENG-Championship,2526,2026-04-11 Coventry City-Sheffield Weds,Championship,42,Sat,2026-04-11,12:30,Coventry City,0–0,Sheffield Weds,31647,Coventry Building Society Arena,Matt Donohue,/en/matches/305dc6ab/Coventry-City-Sheffield-Wednesday-April-11-2026-Championship,,305dc6ab
ENG-Championship,2526,2026-04-11 Leicester City-Swansea City,Championship,42,Sat,2026-04-11,15:00,Leicester City,0–1,Swansea City,27386,King Power Stadium,Samuel Allison,/en/matches/d039f25b/Leicester-City-Swansea-City-April-11-2026-Championship,,d039f25b
ENG-Championship,2526,2026-04-11 Middlesbrough-Portsmouth,Championship,42,Sat,2026-04-11,15:00,Middlesbrough,0–1,Portsmouth,27017,Riverside Stadium,Thomas Kirk,/en/matches/0da0c1e3/Middlesbrough-Portsmouth-April-11-2026-Championship,,0da0c1e3
ENG-Championship,2526,2026-04-11 Norwich City-Ipswich Town,Championship,42,Sat,2026-04-11,12:30,Norwich City,0–2,Ipswich Town,26826,Carrow Road,Anthony Backhouse,/en/matches/751f647a/Norwich-City-Ipswich-Town-April-11-2026-Championship,,751f647a
ENG-Championship,2526,2026-04-11 Oxford United-Watford,Championship,42,Sat,2026-04-11,15:00,Oxford United,2–0,Watford,11223,The Kassam Stadium,Stephen Martin,/en/matches/83948e54/Oxford-United-Watford-April-11-2026-Championship,,83948e54
ENG-Championship,2526,2026-04-11 QPR-Bristol City,Championship,42,Sat,2026-04-11,12:30,QPR,0–0,Bristol City,16745,MATRADE Loftus Road Stadium,Edward Duckworth,/en/matches/9a25eceb/Queens-Park-Rangers-Bristol-City-April-11-2026-Championship,,9a25eceb
ENG-Championship,2526,2026-04-11 Sheffield United-Hull City,Championship,42,Sat,2026-04-11,15:00,Sheffield United,2–1,Hull City,27850,Bramall Lane,John Brooks,/en/matches/34c8676a/Sheffield-United-Hull-City-April-11-2026-Championship,,34c8676a
ENG-Championship,2526,2026-04-11 Southampton-Derby County,Championship,42,Sat,2026-04-11,15:00,Southampton,2–1,Derby County,31206,St Mary's Stadium,Andrew Kitchen,/en/matches/202faf8b/Southampton-Derby-County-April-11-2026-Championship,,202faf8b
ENG-Championship,2526,2026-04-11 Stoke City-Blackburn Rovers,Championship,42,Sat,2026-04-11,15:00,Stoke City,1–1,Blackburn Rovers,22718,bet365 Stadium,Robert Madley,/en/matches/4d45f330/Stoke-City-Blackburn-Rovers-April-11-2026-Championship,,4d45f330
ENG-Championship,2526,2026-04-12 Birmingham City-Wrexham,Championship,42,Sun,2026-04-12,12:00,Birmingham City,2–0,Wrexham,28054,St Andrew's @ Knighthead Park,David Webb,/en/matches/b5fae7c8/Birmingham-City-Wrexham-April-12-2026-Championship,,b5fae7c8
ENG-Championship,2526,2026-04-14 Portsmouth-Ipswich Town,Championship,26,Tue,2026-04-14,20:00,Portsmouth,2–0,Ipswich Town,20251,Fratton Park,Farai Hallam,/en/matches/b464cd8e/Portsmouth-Ipswich-Town-April-14-2026-Championship,,b464cd8e
ENG-Championship,2526,2026-04-14 Southampton-Blackburn Rovers,Championship,45,Tue,2026-04-14,20:00,Southampton,3–0,Blackburn Rovers,25571,St Mary's Stadium,Joshua Smith,/en/matches/1c73e57b/Southampton-Blackburn-Rovers-April-14-2026-Championship,,1c73e57b
ENG-Championship,2526,2026-04-17 Blackburn Rovers-Coventry City,Championship,43,Fri,2026-04-17,20:00,Blackburn Rovers,1–1,Coventry City,19657,Ewood Park,Lewis Smith,/en/matches/368fb387/Blackburn-Rovers-Coventry-City-April-17-2026-Championship,,368fb387
ENG-Championship,2526,2026-04-18 Bristol City-Norwich City,Championship,43,Sat,2026-04-18,15:00,Bristol City,2–4,Norwich City,23149,Ashton Gate Stadium,Ruebyn Ricardo,/en/matches/af125235/Bristol-City-Norwich-City-April-18-2026-Championship,,af125235
ENG-Championship,2526,2026-04-18 Derby County-Oxford United,Championship,43,Sat,2026-04-18,12:30,Derby County,1–0,Oxford United,29281,Pride Park Stadium,Samuel Allison,/en/matches/fcfedc5e/Derby-County-Oxford-United-April-18-2026-Championship,,fcfedc5e
ENG-Championship,2526,2026-04-18 Hull City-Birmingham City,Championship,43,Sat,2026-04-18,15:00,Hull City,1–1,Birmingham City,22706,MKM Stadium,Stephen Martin,/en/matches/3c3b88c8/Hull-City-Birmingham-City-April-18-2026-Championship,,3c3b88c8
ENG-Championship,2526,2026-04-18 Millwall-QPR,Championship,43,Sat,2026-04-18,12:30,Millwall,2–0,QPR,18934,The Den,Tom Nield,/en/matches/9315e267/Millwall-Queens-Park-Rangers-April-18-2026-Championship,,9315e267
ENG-Championship,2526,2026-04-18 Portsmouth-Leicester City,Championship,43,Sat,2026-04-18,12:30,Portsmouth,1–0,Leicester City,20344,Fratton Park,Gavin Ward,/en/matches/8aa772d0/Portsmouth-Leicester-City-April-18-2026-Championship,,8aa772d0
ENG-Championship,2526,2026-04-18 Preston North End-West Brom,Championship,43,Sat,2026-04-18,15:00,Preston North End,0–2,West Brom,17996,Deepdale Stadium,Joshua Smith,/en/matches/9f9cfcfa/Preston-North-End-West-Bromwich-Albion-April-18-2026-Championship,,9f9cfcfa
ENG-Championship,2526,2026-04-18 Sheffield Weds-Charlton Athletic,Championship,43,Sat,2026-04-18,15:00,Sheffield Weds,1–1,Charlton Athletic,23538,Hillsborough Stadium,Thomas Parsons,/en/matches/07e4aad0/Sheffield-Wednesday-Charlton-Athletic-April-18-2026-Championship,,07e4aad0
ENG-Championship,2526,2026-04-18 Swansea City-Southampton,Championship,43,Sat,2026-04-18,15:00,Swansea City,1–2,Southampton,17776,Swansea.com Stadium,Oliver Langford,/en/matches/0a5f32d8/Swansea-City-Southampton-April-18-2026-Championship,,0a5f32d8
ENG-Championship,2526,2026-04-18 Watford-Sheffield United,Championship,43,Sat,2026-04-18,15:00,Watford,0–2,Sheffield United,18495,Vicarage Road Stadium,John Busby,/en/matches/0ac3955f/Watford-Sheffield-United-April-18-2026-Championship,,0ac3955f
ENG-Championship,2526,2026-04-18 Wrexham-Stoke City,Championship,43,Sat,2026-04-18,15:00,Wrexham,2–0,Stoke City,10633,STōK Racecourse,Adam Herczeg,/en/matches/6def3a4f/Wrexham-Stoke-City-April-18-2026-Championship,,6def3a4f
ENG-Championship,2526,2026-04-19 Ipswich Town-Middlesbrough,Championship,43,Sun,2026-04-19,12:00,Ipswich Town,2–2,Middlesbrough,29684,Portman Road Stadium,Jarred Gillett,/en/matches/96aa1c6a/Ipswich-Town-Middlesbrough-April-19-2026-Championship,,96aa1c6a
ENG-Championship,2526,2026-04-21 Coventry City-Portsmouth,Championship,44,Tue,2026-04-21,19:45,Coventry City,5–1,Portsmouth,31182,Coventry Building Society Arena,Andrew Kitchen,/en/matches/fd34823b/Coventry-City-Portsmouth-April-21-2026-Championship,,fd34823b
ENG-Championship,2526,2026-04-21 Leicester City-Hull City,Championship,44,Tue,2026-04-21,19:45,Leicester City,2–2,Hull City,27834,King Power Stadium,Thomas Kirk,/en/matches/8bc6686f/Leicester-City-Hull-City-April-21-2026-Championship,,8bc6686f
ENG-Championship,2526,2026-04-21 Norwich City-Derby County,Championship,44,Tue,2026-04-21,19:45,Norwich City,2–1,Derby County,25058,Carrow Road,Tom Reeves,/en/matches/8dba4328/Norwich-City-Derby-County-April-21-2026-Championship,,8dba4328
ENG-Championship,2526,2026-04-21 Oxford United-Wrexham,Championship,44,Tue,2026-04-21,19:45,Oxford United,0–1,Wrexham,11128,The Kassam Stadium,Matt Donohue,/en/matches/1e6f9a2b/Oxford-United-Wrexham-April-21-2026-Championship,,1e6f9a2b
ENG-Championship,2526,2026-04-21 QPR-Swansea City,Championship,44,Tue,2026-04-21,19:45,QPR,1–2,Swansea City,13835,MATRADE Loftus Road Stadium,Leigh Doughty,/en/matches/bc70c763/Queens-Park-Rangers-Swansea-City-April-21-2026-Championship,,bc70c763
ENG-Championship,2526,2026-04-21 Southampton-Bristol City,Championship,44,Tue,2026-04-21,19:45,Southampton,2–2,Bristol City,28446,St Mary's Stadium,Elliot Bell,/en/matches/4b06be6d/Southampton-Bristol-City-April-21-2026-Championship,,4b06be6d
ENG-Championship,2526,2026-04-21 Stoke City-Millwall,Championship,44,Tue,2026-04-21,19:45,Stoke City,1–3,Millwall,20961,bet365 Stadium,Joshua Smith,/en/matches/999b0658/Stoke-City-Millwall-April-21-2026-Championship,,999b0658
ENG-Championship,2526,2026-04-21 West Brom-Watford,Championship,44,Tue,2026-04-21,19:45,West Brom,3–0,Watford,22805,The Hawthorns,Anthony Backhouse,/en/matches/39c868c0/West-Bromwich-Albion-Watford-April-21-2026-Championship,,39c868c0
ENG-Championship,2526,2026-04-22 Birmingham City-Preston North End,Championship,44,Wed,2026-04-22,19:45,Birmingham City,2–1,Preston North End,23798,St Andrew's @ Knighthead Park,Ben Toner,/en/matches/e32897c3/Birmingham-City-Preston-North-End-April-22-2026-Championship,,e32897c3
ENG-Championship,2526,2026-04-22 Charlton Athletic-Ipswich Town,Championship,44,Wed,2026-04-22,19:45,Charlton Athletic,1–2,Ipswich Town,19706,The Valley,Robert Madley,/en/matches/b2289c27/Charlton-Athletic-Ipswich-Town-April-22-2026-Championship,,b2289c27
ENG-Championship,2526,2026-04-22 Middlesbrough-Sheffield Weds,Championship,44,Wed,2026-04-22,19:45,Middlesbrough,1–0,Sheffield Weds,25245,Riverside Stadium,David Webb,/en/matches/2aa945ce/Middlesbrough-Sheffield-Wednesday-April-22-2026-Championship,,2aa945ce
ENG-Championship,2526,2026-04-22 Sheffield United-Blackburn Rovers,Championship,44,Wed,2026-04-22,19:45,Sheffield United,1–3,Blackburn Rovers,25987,Bramall Lane,Farai Hallam,/en/matches/5cbafe88/Sheffield-United-Blackburn-Rovers-April-22-2026-Championship,,5cbafe88
ENG-Championship,2526,2026-04-24 Leicester City-Millwall,Championship,45,Fri,2026-04-24,20:00,Leicester City,1–1,Millwall,28729,King Power Stadium,Farai Hallam,/en/matches/fa74f807/Leicester-City-Millwall-April-24-2026-Championship,,fa74f807
ENG-Championship,2526,2026-04-25 Birmingham City-Bristol City,Championship,45,Sat,2026-04-25,15:00,Birmingham City,2–1,Bristol City,27210,St Andrew's @ Knighthead Park,Robert Jones,/en/matches/6101754a/Birmingham-City-Bristol-City-April-25-2026-Championship,,6101754a
ENG-Championship,2526,2026-04-25 Charlton Athletic-Hull City,Championship,45,Sat,2026-04-25,12:30,Charlton Athletic,2–1,Hull City,20671,The Valley,Tom Nield,/en/matches/e812d6a4/Charlton-Athletic-Hull-City-April-25-2026-Championship,,e812d6a4
ENG-Championship,2526,2026-04-25 Middlesbrough-Watford,Championship,45,Sat,2026-04-25,12:30,Middlesbrough,5–1,Watford,27482,Riverside Stadium,Adam Herczeg,/en/matches/a5b67369/Middlesbrough-Watford-April-25-2026-Championship,,a5b67369
ENG-Championship,2526,2026-04-25 Norwich City-Swansea City,Championship,45,Sat,2026-04-25,15:00,Norwich City,1–1,Swansea City,26454,Carrow Road,Thomas Parsons,/en/matches/a3c3c525/Norwich-City-Swansea-City-April-25-2026-Championship,,a3c3c525
ENG-Championship,2526,2026-04-25 Oxford United-Sheffield Weds,Championship,45,Sat,2026-04-25,15:00,Oxford United,4–1,Sheffield Weds,12476,The Kassam Stadium,Robert Madley,/en/matches/35dda67c/Oxford-United-Sheffield-Wednesday-April-25-2026-Championship,,35dda67c
ENG-Championship,2526,2026-04-25 QPR-Derby County,Championship,45,Sat,2026-04-25,15:00,QPR,2–3,Derby County,17131,MATRADE Loftus Road Stadium,John Busby,/en/matches/a671fc8a/Queens-Park-Rangers-Derby-County-April-25-2026-Championship,,a671fc8a
ENG-Championship,2526,2026-04-25 Sheffield United-Preston North End,Championship,45,Sat,2026-04-25,15:00,Sheffield United,2–3,Preston North End,27115,Bramall Lane,Andrew Kitchen,/en/matches/7625e876/Sheffield-United-Preston-North-End-April-25-2026-Championship,,7625e876
ENG-Championship,2526,2026-04-25 Stoke City-Portsmouth,Championship,45,Sat,2026-04-25,15:00,Stoke City,1–3,Portsmouth,24894,bet365 Stadium,David Webb,/en/matches/95143881/Stoke-City-Portsmouth-April-25-2026-Championship,,95143881
ENG-Championship,2526,2026-04-25 West Brom-Ipswich Town,Championship,45,Sat,2026-04-25,12:30,West Brom,0–0,Ipswich Town,25318,The Hawthorns,Matt Donohue,/en/matches/42449c68/West-Bromwich-Albion-Ipswich-Town-April-25-2026-Championship,,42449c68
ENG-Championship,2526,2026-04-26 Coventry City-Wrexham,Championship,45,Sun,2026-04-26,12:00,Coventry City,3–1,Wrexham,31003,Coventry Building Society Arena,Samuel Allison,/en/matches/141d3e38/Coventry-City-Wrexham-April-26-2026-Championship,,141d3e38
ENG-Championship,2526,2026-04-28 Southampton-Ipswich Town,Championship,40,Tue,2026-04-28,19:45,Southampton,2–2,Ipswich Town,31180,St Mary's Stadium,Thomas Kirk,/en/matches/b3d2be6f/Southampton-Ipswich-Town-April-28-2026-Championship,,b3d2be6f
ENG-Championship,2526,2026-05-02 Blackburn Rovers-Leicester City,Championship,46,Sat,2026-05-02,12:30,Blackburn Rovers,0–1,Leicester City,19436,Ewood Park,Leigh Doughty,/en/matches/42595492/Blackburn-Rovers-Leicester-City-May-2-2026-Championship,,42595492
ENG-Championship,2526,2026-05-02 Bristol City-Stoke City,Championship,46,Sat,2026-05-02,12:30,Bristol City,2–0,Stoke City,24671,Ashton Gate Stadium,Ben Toner,/en/matches/a6844dcf/Bristol-City-Stoke-City-May-2-2026-Championship,,a6844dcf
ENG-Championship,2526,2026-05-02 Derby County-Sheffield United,Championship,46,Sat,2026-05-02,12:30,Derby County,1–2,Sheffield United,32538,Pride Park Stadium,Tom Nield,/en/matches/4eae6a28/Derby-County-Sheffield-United-May-2-2026-Championship,,4eae6a28
ENG-Championship,2526,2026-05-02 Hull City-Norwich City,Championship,46,Sat,2026-05-02,12:30,Hull City,2–1,Norwich City,24616,MKM Stadium,Joshua Smith,/en/matches/d30bb0cc/Hull-City-Norwich-City-May-2-2026-Championship,,d30bb0cc
ENG-Championship,2526,2026-05-02 Ipswich Town-QPR,Championship,46,Sat,2026-05-02,12:30,Ipswich Town,3–0,QPR,29636,Portman Road Stadium,Gavin Ward,/en/matches/1627a3e7/Ipswich-Town-Queens-Park-Rangers-May-2-2026-Championship,,1627a3e7
ENG-Championship,2526,2026-05-02 Millwall-Oxford United,Championship,46,Sat,2026-05-02,12:30,Millwall,2–0,Oxford United,18043,The Den,Anthony Backhouse,/en/matches/79be70e7/Millwall-Oxford-United-May-2-2026-Championship,,79be70e7
ENG-Championship,2526,2026-05-02 Portsmouth-Birmingham City,Championship,46,Sat,2026-05-02,12:30,Portsmouth,1–1,Birmingham City,20478,Fratton Park,John Brooks,/en/matches/a8f5799c/Portsmouth-Birmingham-City-May-2-2026-Championship,,a8f5799c
ENG-Championship,2526,2026-05-02 Preston North End-Southampton,Championship,46,Sat,2026-05-02,12:30,Preston North End,1–3,Southampton,20085,Deepdale Stadium,Stephen Martin,/en/matches/c7ff8e80/Preston-North-End-Southampton-May-2-2026-Championship,,c7ff8e80
ENG-Championship,2526,2026-05-02 Sheffield Weds-West Brom,Championship,46,Sat,2026-05-02,12:30,Sheffield Weds,2–1,West Brom,33750,Hillsborough Stadium,Lewis Smith,/en/matches/37bd4795/Sheffield-Wednesday-West-Bromwich-Albion-May-2-2026-Championship,,37bd4795
ENG-Championship,2526,2026-05-02 Swansea City-Charlton Athletic,Championship,46,Sat,2026-05-02,12:30,Swansea City,3–1,Charlton Athletic,19245,Swansea.com Stadium,Will Finnie,/en/matches/14f65e75/Swansea-City-Charlton-Athletic-May-2-2026-Championship,,14f65e75
ENG-Championship,2526,2026-05-02 Watford-Coventry City,Championship,46,Sat,2026-05-02,12:30,Watford,0–4,Coventry City,19174,Vicarage Road Stadium,Ruebyn Ricardo,/en/matches/207751c7/Watford-Coventry-City-May-2-2026-Championship,,207751c7
ENG-Championship,2526,2026-05-02 Wrexham-Middlesbrough,Championship,46,Sat,2026-05-02,12:30,Wrexham,2–2,Middlesbrough,10716,STōK Racecourse,Oliver Langford,/en/matches/935e5eff/Wrexham-Middlesbrough-May-2-2026-Championship,,935e5eff
ENG-Championship,2526,2026-05-08 Hull City-Millwall,Promotion play-offs — Semi-finals,,Fri,2026-05-08,20:00,Hull City,0–0,Millwall,24623,MKM Stadium,Gavin Ward,/en/matches/7b3e4a0a/Hull-City-Millwall-May-8-2026-Championship,Leg 1 of 2,7b3e4a0a
ENG-Championship,2526,2026-05-09 Middlesbrough-Southampton,Promotion play-offs — Semi-finals,,Sat,2026-05-09,12:30,Middlesbrough,0–0,Southampton,32045,Riverside Stadium,Farai Hallam,/en/matches/eb4035b3/Middlesbrough-Southampton-May-9-2026-Championship,Leg 1 of 2,eb4035b3
ENG-Championship,2526,2026-05-11 Millwall-Hull City,Promotion play-offs — Semi-finals,,Mon,2026-05-11,20:00,Millwall,0–2,Hull City,17768,The Den,Samuel Barrott,/en/matches/23b3d786/Millwall-Hull-City-May-11-2026-Championship,Leg 2 of 2; Hull City won,23b3d786
ENG-Championship,2526,2026-05-12 Southampton-Middlesbrough,Promotion play-offs — Semi-finals,,Tue,2026-05-12,20:00,Southampton,2–1,Middlesbrough,30277,St Mary's Stadium,Andy Madley,/en/matches/fd862aaa/Southampton-Middlesbrough-May-12-2026-Championship,Leg 2 of 2; Southampton won; Required Extra Time,fd862aaa
ENG-Championship,2526,2026-05-23 Hull City-Middlesbrough,Promotion play-offs — Final,,Sat,2026-05-23,15:30,Hull City,1–0,Middlesbrough,84506,Wembley Stadium connected by EE (Neutral Site),Jarred Gillett,/en/matches/0b4565b9/Hull-City-Middlesbrough-May-23-2026-Championship,,0b4565b9
