league,season,game,round,week,day,date,time,home_team,score,away_team,attendance,venue,referee,match_report,notes,game_id
ENG-Championship,2021,2020-09-11 Watford-Middlesbrough,Championship,1,Fri,2020-09-11,19:45,Watford,1–0,Middlesbrough,,Vicarage Road Stadium,Keith Stroud,/en/matches/d6924442/Watford-Middlesbrough-September-11-2020-Championship,,d6924442
ENG-Championship,2021,2020-09-12 Barnsley-Luton Town,Championship,1,Sat,2020-09-12,15:00,Barnsley,0–1,Luton Town,,Oakwell Stadium,Jarred Gillett,/en/matches/07fe27fe/Barnsley-Luton-Town-September-12-2020-Championship,,07fe27fe
ENG-Championship,2021,2020-09-12 Birmingham City-Brentford,Championship,1,Sat,2020-09-12,12:30,Birmingham City,1–0,Brentford,,St Andrew's Trillion Trophy Stadium,Tony Harrington,/en/matches/4552ca1e/Birmingham-City-Brentford-September-12-2020-Championship,,4552ca1e
ENG-Championship,2021,2020-09-12 Bournemouth-Blackburn Rovers,Championship,1,Sat,2020-09-12,15:00,Bournemouth,3–2,Blackburn Rovers,,Vitality Stadium,Gavin Ward,/en/matches/eda1548c/Bournemouth-Blackburn-Rovers-September-12-2020-Championship,,eda1548c
ENG-Championship,2021,2020-09-12 Bristol City-Coventry City,Championship,1,Sat,2020-09-12,15:00,Bristol City,2–1,Coventry City,,Ashton Gate Stadium,John Brooks,/en/matches/44fd0754/Bristol-City-Coventry-City-September-12-2020-Championship,,44fd0754
ENG-Championship,2021,2020-09-12 Cardiff City-Sheffield Weds,Championship,1,Sat,2020-09-12,15:00,Cardiff City,0–2,Sheffield Weds,,Cardiff City Stadium,Andy Madley,/en/matches/1a631de1/Cardiff-City-Sheffield-Wednesday-September-12-2020-Championship,,1a631de1
ENG-Championship,2021,2020-09-12 Derby County-Reading,Championship,1,Sat,2020-09-12,15:00,Derby County,0–2,Reading,,iPro Stadium,Darren Bond,/en/matches/10366a70/Derby-County-Reading-September-12-2020-Championship,,10366a70
ENG-Championship,2021,2020-09-12 Huddersfield Town-Norwich City,Championship,1,Sat,2020-09-12,15:00,Huddersfield Town,0–1,Norwich City,,The John Smith's Stadium,Geoff Eltringham,/en/matches/67f845ae/Huddersfield-Town-Norwich-City-September-12-2020-Championship,,67f845ae
ENG-Championship,2021,2020-09-12 Millwall-Stoke City,Championship,1,Sat,2020-09-12,15:00,Millwall,0–0,Stoke City,,The Den,Jeremy Simpson,/en/matches/f543ca5c/Millwall-Stoke-City-September-12-2020-Championship,,f543ca5c
ENG-Championship,2021,2020-09-12 Preston North End-Swansea City,Championship,1,Sat,2020-09-12,15:00,Preston North End,0–1,Swansea City,,Deepdale Stadium,Robert Jones,/en/matches/d098a3bd/Preston-North-End-Swansea-City-September-12-2020-Championship,,d098a3bd
ENG-Championship,2021,2020-09-12 QPR-Nottingham Forest,Championship,1,Sat,2020-09-12,15:00,QPR,2–0,Nottingham Forest,,Kiyan Prince Foundation Stadium,Tim Robinson,/en/matches/e1321748/Queens-Park-Rangers-Nottingham-Forest-September-12-2020-Championship,,e1321748
ENG-Championship,2021,2020-09-12 Wycombe Wanderers-Rotherham United,Championship,1,Sat,2020-09-12,12:30,Wycombe Wanderers,0–1,Rotherham United,,Adams Park,James Linington,/en/matches/bea3d062/Wycombe-Wanderers-Rotherham-United-September-12-2020-Championship,,bea3d062
ENG-Championship,2021,2020-09-18 Coventry City-QPR,Championship,2,Fri,2020-09-18,19:45,Coventry City,3–2,QPR,,St Andrew's Trillion Trophy Stadium,Steve Martin,/en/matches/b6475c68/Coventry-City-Queens-Park-Rangers-September-18-2020-Championship,,b6475c68
ENG-Championship,2021,2020-09-19 Blackburn Rovers-Wycombe Wanderers,Championship,2,Sat,2020-09-19,15:00,Blackburn Rovers,5–0,Wycombe Wanderers,,Ewood Park,Peter Bankes,/en/matches/73572b14/Blackburn-Rovers-Wycombe-Wanderers-September-19-2020-Championship,,73572b14
ENG-Championship,2021,2020-09-19 Brentford-Huddersfield Town,Championship,2,Sat,2020-09-19,15:00,Brentford,3–0,Huddersfield Town,,Brentford Community Stadium,Craig Pawson,/en/matches/0cda1522/Brentford-Huddersfield-Town-September-19-2020-Championship,,0cda1522
ENG-Championship,2021,2020-09-19 Luton Town-Derby County,Championship,2,Sat,2020-09-19,15:00,Luton Town,2–1,Derby County,,Kenilworth Road Stadium,Dean Whitestone,/en/matches/060fc5fb/Luton-Town-Derby-County-September-19-2020-Championship,,060fc5fb
ENG-Championship,2021,2020-09-19 Middlesbrough-Bournemouth,Championship,2,Sat,2020-09-19,15:00,Middlesbrough,1–1,Bournemouth,1000,Riverside Stadium,Matt Donohue,/en/matches/c02be602/Middlesbrough-Bournemouth-September-19-2020-Championship,,c02be602
ENG-Championship,2021,2020-09-19 Norwich City-Preston North End,Championship,2,Sat,2020-09-19,15:00,Norwich City,2–2,Preston North End,,Carrow Road,John Brooks,/en/matches/57b45aaa/Norwich-City-Preston-North-End-September-19-2020-Championship,,57b45aaa
ENG-Championship,2021,2020-09-19 Nottingham Forest-Cardiff City,Championship,2,Sat,2020-09-19,12:30,Nottingham Forest,0–2,Cardiff City,,The City Ground,James Linington,/en/matches/c91c66f0/Nottingham-Forest-Cardiff-City-September-19-2020-Championship,,c91c66f0
ENG-Championship,2021,2020-09-19 Reading-Barnsley,Championship,2,Sat,2020-09-19,15:00,Reading,2–0,Barnsley,,Madejski Stadium,Tim Robinson,/en/matches/5a4eb92e/Reading-Barnsley-September-19-2020-Championship,,5a4eb92e
ENG-Championship,2021,2020-09-19 Rotherham United-Millwall,Championship,2,Sat,2020-09-19,15:00,Rotherham United,0–1,Millwall,,New York Stadium,Leigh Doughty,/en/matches/3e7fe98f/Rotherham-United-Millwall-September-19-2020-Championship,,3e7fe98f
ENG-Championship,2021,2020-09-19 Sheffield Weds-Watford,Championship,2,Sat,2020-09-19,15:00,Sheffield Weds,0–0,Watford,,Hillsborough Stadium,Jarred Gillett,/en/matches/442b2817/Sheffield-Wednesday-Watford-September-19-2020-Championship,,442b2817
ENG-Championship,2021,2020-09-19 Swansea City-Birmingham City,Championship,2,Sat,2020-09-19,15:00,Swansea City,0–0,Birmingham City,,Liberty Stadium,Gavin Ward,/en/matches/710a1bb7/Swansea-City-Birmingham-City-September-19-2020-Championship,,710a1bb7
ENG-Championship,2021,2020-09-20 Stoke City-Bristol City,Championship,2,Sun,2020-09-20,14:00,Stoke City,0–2,Bristol City,,Bet365 Stadium,Oliver Langford,/en/matches/154acfb5/Stoke-City-Bristol-City-September-20-2020-Championship,,154acfb5
ENG-Championship,2021,2020-09-25 Huddersfield Town-Nottingham Forest,Championship,3,Fri,2020-09-25,19:45,Huddersfield Town,1–0,Nottingham Forest,,The John Smith's Stadium,Oliver Langford,/en/matches/1c579aef/Huddersfield-Town-Nottingham-Forest-September-25-2020-Championship,,1c579aef
ENG-Championship,2021,2020-09-26 Barnsley-Coventry City,Championship,3,Sat,2020-09-26,15:00,Barnsley,0–0,Coventry City,,Oakwell Stadium,Joshua Smith,/en/matches/3aab9d2e/Barnsley-Coventry-City-September-26-2020-Championship,,3aab9d2e
ENG-Championship,2021,2020-09-26 Birmingham City-Rotherham United,Championship,3,Sat,2020-09-26,15:00,Birmingham City,1–1,Rotherham United,,St Andrew's Trillion Trophy Stadium,Andy Madley,/en/matches/b0a60291/Birmingham-City-Rotherham-United-September-26-2020-Championship,,b0a60291
ENG-Championship,2021,2020-09-26 Cardiff City-Reading,Championship,3,Sat,2020-09-26,15:00,Cardiff City,1–2,Reading,,Cardiff City Stadium,David Webb,/en/matches/e1838ba2/Cardiff-City-Reading-September-26-2020-Championship,,e1838ba2
ENG-Championship,2021,2020-09-26 Derby County-Blackburn Rovers,Championship,3,Sat,2020-09-26,15:00,Derby County,0–4,Blackburn Rovers,,iPro Stadium,Andy Woolmer,/en/matches/c3b502f4/Derby-County-Blackburn-Rovers-September-26-2020-Championship,,c3b502f4
ENG-Championship,2021,2020-09-26 Millwall-Brentford,Championship,3,Sat,2020-09-26,15:00,Millwall,1–1,Brentford,,The Den,David Coote,/en/matches/f8fd46a9/Millwall-Brentford-September-26-2020-Championship,,f8fd46a9
ENG-Championship,2021,2020-09-26 Preston North End-Stoke City,Championship,3,Sat,2020-09-26,15:00,Preston North End,0–1,Stoke City,,Deepdale Stadium,Matt Donohue,/en/matches/5c03826c/Preston-North-End-Stoke-City-September-26-2020-Championship,,5c03826c
ENG-Championship,2021,2020-09-26 QPR-Middlesbrough,Championship,3,Sat,2020-09-26,15:00,QPR,1–1,Middlesbrough,,Kiyan Prince Foundation Stadium,Dean Whitestone,/en/matches/e3dfba8d/Queens-Park-Rangers-Middlesbrough-September-26-2020-Championship,,e3dfba8d
ENG-Championship,2021,2020-09-26 Watford-Luton Town,Championship,3,Sat,2020-09-26,12:30,Watford,1–0,Luton Town,,Vicarage Road Stadium,John Brooks,/en/matches/82a1a3c0/Watford-Luton-Town-September-26-2020-Championship,,82a1a3c0
ENG-Championship,2021,2020-09-26 Wycombe Wanderers-Swansea City,Championship,3,Sat,2020-09-26,12:30,Wycombe Wanderers,0–2,Swansea City,,Adams Park,Geoff Eltringham,/en/matches/e934a1db/Wycombe-Wanderers-Swansea-City-September-26-2020-Championship,,e934a1db
ENG-Championship,2021,2020-09-27 Bournemouth-Norwich City,Championship,3,Sun,2020-09-27,16:00,Bournemouth,1–0,Norwich City,,Vitality Stadium,James Linington,/en/matches/28c4d56a/Bournemouth-Norwich-City-September-27-2020-Championship,,28c4d56a
ENG-Championship,2021,2020-09-27 Bristol City-Sheffield Weds,Championship,3,Sun,2020-09-27,13:00,Bristol City,2–0,Sheffield Weds,,Ashton Gate Stadium,Tony Harrington,/en/matches/56d60375/Bristol-City-Sheffield-Wednesday-September-27-2020-Championship,,56d60375
ENG-Championship,2021,2020-10-02 Coventry City-Bournemouth,Championship,4,Fri,2020-10-02,19:45,Coventry City,1–3,Bournemouth,,St Andrew's Trillion Trophy Stadium,Jarred Gillett,/en/matches/e5922a88/Coventry-City-Bournemouth-October-2-2020-Championship,,e5922a88
ENG-Championship,2021,2020-10-03 Blackburn Rovers-Cardiff City,Championship,4,Sat,2020-10-03,15:00,Blackburn Rovers,0–0,Cardiff City,,Ewood Park,Darren Bond,/en/matches/29a6f2a9/Blackburn-Rovers-Cardiff-City-October-3-2020-Championship,,29a6f2a9
ENG-Championship,2021,2020-10-03 Luton Town-Wycombe Wanderers,Championship,4,Sat,2020-10-03,15:00,Luton Town,2–0,Wycombe Wanderers,,Kenilworth Road Stadium,Graham Scott,/en/matches/6d86b9fc/Luton-Town-Wycombe-Wanderers-October-3-2020-Championship,,6d86b9fc
ENG-Championship,2021,2020-10-03 Middlesbrough-Barnsley,Championship,4,Sat,2020-10-03,15:00,Middlesbrough,2–1,Barnsley,,Riverside Stadium,Oliver Langford,/en/matches/e13716ab/Middlesbrough-Barnsley-October-3-2020-Championship,,e13716ab
ENG-Championship,2021,2020-10-03 Norwich City-Derby County,Championship,4,Sat,2020-10-03,12:30,Norwich City,0–1,Derby County,,Carrow Road,Stuart Attwell,/en/matches/f0cddafb/Norwich-City-Derby-County-October-3-2020-Championship,,f0cddafb
ENG-Championship,2021,2020-10-03 Nottingham Forest-Bristol City,Championship,4,Sat,2020-10-03,15:00,Nottingham Forest,1–2,Bristol City,,The City Ground,Keith Stroud,/en/matches/52a89fe3/Nottingham-Forest-Bristol-City-October-3-2020-Championship,,52a89fe3
ENG-Championship,2021,2020-10-03 Reading-Watford,Championship,4,Sat,2020-10-03,15:00,Reading,1–0,Watford,,Madejski Stadium,Gavin Ward,/en/matches/9223adca/Reading-Watford-October-3-2020-Championship,,9223adca
ENG-Championship,2021,2020-10-03 Rotherham United-Huddersfield Town,Championship,4,Sat,2020-10-03,15:00,Rotherham United,1–1,Huddersfield Town,,New York Stadium,Andy Woolmer,/en/matches/1491f9bd/Rotherham-United-Huddersfield-Town-October-3-2020-Championship,,1491f9bd
ENG-Championship,2021,2020-10-03 Sheffield Weds-QPR,Championship,4,Sat,2020-10-03,15:00,Sheffield Weds,1–1,QPR,,Hillsborough Stadium,Michael Salisbury,/en/matches/92dbd78b/Sheffield-Wednesday-Queens-Park-Rangers-October-3-2020-Championship,,92dbd78b
ENG-Championship,2021,2020-10-03 Swansea City-Millwall,Championship,4,Sat,2020-10-03,15:00,Swansea City,2–1,Millwall,,Liberty Stadium,Steve Martin,/en/matches/33927e7a/Swansea-City-Millwall-October-3-2020-Championship,,33927e7a
ENG-Championship,2021,2020-10-04 Brentford-Preston North End,Championship,4,Sun,2020-10-04,15:00 (14:00),Brentford,2–4,Preston North End,,Brentford Community Stadium,Dean Whitestone,/en/matches/788c7b90/Brentford-Preston-North-End-October-4-2020-Championship,,788c7b90
ENG-Championship,2021,2020-10-04 Stoke City-Birmingham City,Championship,4,Sun,2020-10-04,15:00,Stoke City,1–1,Birmingham City,,Bet365 Stadium,John Brooks,/en/matches/1031d215/Stoke-City-Birmingham-City-October-4-2020-Championship,,1031d215
ENG-Championship,2021,2020-10-16 Derby County-Watford,Championship,5,Fri,2020-10-16,19:45,Derby County,0–1,Watford,,iPro Stadium,Geoff Eltringham,/en/matches/42a7e70a/Derby-County-Watford-October-16-2020-Championship,,42a7e70a
ENG-Championship,2021,2020-10-17 Barnsley-Bristol City,Championship,5,Sat,2020-10-17,15:00,Barnsley,2–2,Bristol City,,Oakwell Stadium,Leigh Doughty,/en/matches/e2d810fd/Barnsley-Bristol-City-October-17-2020-Championship,,e2d810fd
ENG-Championship,2021,2020-10-17 Birmingham City-Sheffield Weds,Championship,5,Sat,2020-10-17,15:00,Birmingham City,0–1,Sheffield Weds,,St Andrew's Trillion Trophy Stadium,Graham Scott,/en/matches/79b3e493/Birmingham-City-Sheffield-Wednesday-October-17-2020-Championship,,79b3e493
ENG-Championship,2021,2020-10-17 Blackburn Rovers-Nottingham Forest,Championship,5,Sat,2020-10-17,15:00,Blackburn Rovers,0–1,Nottingham Forest,,Ewood Park,Jarred Gillett,/en/matches/f43858d7/Blackburn-Rovers-Nottingham-Forest-October-17-2020-Championship,,f43858d7
ENG-Championship,2021,2020-10-17 Bournemouth-QPR,Championship,5,Sat,2020-10-17,15:00,Bournemouth,0–0,QPR,,Vitality Stadium,John Brooks,/en/matches/131e5140/Bournemouth-Queens-Park-Rangers-October-17-2020-Championship,,131e5140
ENG-Championship,2021,2020-10-17 Brentford-Coventry City,Championship,5,Sat,2020-10-17,15:00,Brentford,2–0,Coventry City,,Brentford Community Stadium,Andy Woolmer,/en/matches/55487e5f/Brentford-Coventry-City-October-17-2020-Championship,,55487e5f
ENG-Championship,2021,2020-10-17 Luton Town-Stoke City,Championship,5,Sat,2020-10-17,15:00,Luton Town,0–2,Stoke City,,Kenilworth Road Stadium,Jeremy Simpson,/en/matches/0a9b8c43/Luton-Town-Stoke-City-October-17-2020-Championship,,0a9b8c43
ENG-Championship,2021,2020-10-17 Middlesbrough-Reading,Championship,5,Sat,2020-10-17,15:00,Middlesbrough,0–0,Reading,,Riverside Stadium,Darren Bond,/en/matches/0469125c/Middlesbrough-Reading-October-17-2020-Championship,,0469125c
ENG-Championship,2021,2020-10-17 Rotherham United-Norwich City,Championship,5,Sat,2020-10-17,15:00,Rotherham United,1–2,Norwich City,,New York Stadium,David Webb,/en/matches/e4657f4a/Rotherham-United-Norwich-City-October-17-2020-Championship,,e4657f4a
ENG-Championship,2021,2020-10-17 Swansea City-Huddersfield Town,Championship,5,Sat,2020-10-17,15:00,Swansea City,1–2,Huddersfield Town,,Liberty Stadium,Tony Harrington,/en/matches/7f837081/Swansea-City-Huddersfield-Town-October-17-2020-Championship,,7f837081
ENG-Championship,2021,2020-10-17 Wycombe Wanderers-Millwall,Championship,5,Sat,2020-10-17,15:00,Wycombe Wanderers,1–2,Millwall,,Adams Park,Andy Madley,/en/matches/c8aeae8a/Wycombe-Wanderers-Millwall-October-17-2020-Championship,,c8aeae8a
ENG-Championship,2021,2020-10-18 Preston North End-Cardiff City,Championship,5,Sun,2020-10-18,12:00,Preston North End,0–1,Cardiff City,,Deepdale Stadium,Keith Stroud,/en/matches/c69f9207/Preston-North-End-Cardiff-City-October-18-2020-Championship,,c69f9207
ENG-Championship,2021,2020-10-20 Bristol City-Middlesbrough,Championship,6,Tue,2020-10-20,19:45,Bristol City,0–1,Middlesbrough,,Ashton Gate Stadium,Tim Robinson,/en/matches/2098acb8/Bristol-City-Middlesbrough-October-20-2020-Championship,,2098acb8
ENG-Championship,2021,2020-10-20 Coventry City-Swansea City,Championship,6,Tue,2020-10-20,19:45,Coventry City,1–1,Swansea City,,St Andrew's Trillion Trophy Stadium,Keith Stroud,/en/matches/56917a87/Coventry-City-Swansea-City-October-20-2020-Championship,,56917a87
ENG-Championship,2021,2020-10-20 Huddersfield Town-Derby County,Championship,6,Tue,2020-10-20,19:45,Huddersfield Town,1–0,Derby County,,The John Smith's Stadium,David Webb,/en/matches/0945acbd/Huddersfield-Town-Derby-County-October-20-2020-Championship,,0945acbd
ENG-Championship,2021,2020-10-20 Millwall-Luton Town,Championship,6,Tue,2020-10-20,19:45,Millwall,2–0,Luton Town,,The Den,Tony Harrington,/en/matches/8e42dd10/Millwall-Luton-Town-October-20-2020-Championship,,8e42dd10
ENG-Championship,2021,2020-10-20 Norwich City-Birmingham City,Championship,6,Tue,2020-10-20,19:45,Norwich City,1–0,Birmingham City,,Carrow Road,Oliver Langford,/en/matches/592b0412/Norwich-City-Birmingham-City-October-20-2020-Championship,,592b0412
ENG-Championship,2021,2020-10-20 Nottingham Forest-Rotherham United,Championship,6,Tue,2020-10-20,19:45,Nottingham Forest,1–1,Rotherham United,,The City Ground,Steve Martin,/en/matches/cebdcb26/Nottingham-Forest-Rotherham-United-October-20-2020-Championship,,cebdcb26
ENG-Championship,2021,2020-10-20 Reading-Wycombe Wanderers,Championship,6,Tue,2020-10-20,20:00,Reading,1–0,Wycombe Wanderers,,Madejski Stadium,Andrew Davies,/en/matches/a92c3c91/Reading-Wycombe-Wanderers-October-20-2020-Championship,,a92c3c91
ENG-Championship,2021,2020-10-21 Cardiff City-Bournemouth,Championship,6,Wed,2020-10-21,19:45,Cardiff City,1–1,Bournemouth,,Cardiff City Stadium,Simon Hooper,/en/matches/67ee6837/Cardiff-City-Bournemouth-October-21-2020-Championship,,67ee6837
ENG-Championship,2021,2020-10-21 QPR-Preston North End,Championship,6,Wed,2020-10-21,19:45,QPR,0–2,Preston North End,,Kiyan Prince Foundation Stadium,Kevin Friend,/en/matches/a72f6581/Queens-Park-Rangers-Preston-North-End-October-21-2020-Championship,,a72f6581
ENG-Championship,2021,2020-10-21 Sheffield Weds-Brentford,Championship,6,Wed,2020-10-21,19:45,Sheffield Weds,1–2,Brentford,,Hillsborough Stadium,Darren Bond,/en/matches/ef830863/Sheffield-Wednesday-Brentford-October-21-2020-Championship,,ef830863
ENG-Championship,2021,2020-10-21 Stoke City-Barnsley,Championship,6,Wed,2020-10-21,19:45,Stoke City,2–2,Barnsley,,Bet365 Stadium,Michael Salisbury,/en/matches/750b8c80/Stoke-City-Barnsley-October-21-2020-Championship,,750b8c80
ENG-Championship,2021,2020-10-21 Watford-Blackburn Rovers,Championship,6,Wed,2020-10-21,19:45,Watford,3–1,Blackburn Rovers,,Vicarage Road Stadium,Andy Woolmer,/en/matches/5c1a2e6a/Watford-Blackburn-Rovers-October-21-2020-Championship,,5c1a2e6a
ENG-Championship,2021,2020-10-23 Nottingham Forest-Derby County,Championship,7,Fri,2020-10-23,19:45,Nottingham Forest,1–1,Derby County,,The City Ground,Tony Harrington,/en/matches/654b613d/Nottingham-Forest-Derby-County-October-23-2020-Championship,,654b613d
ENG-Championship,2021,2020-10-24 Bristol City-Swansea City,Championship,7,Sat,2020-10-24,15:00,Bristol City,1–1,Swansea City,,Ashton Gate Stadium,Oliver Langford,/en/matches/434a6822/Bristol-City-Swansea-City-October-24-2020-Championship,,434a6822
ENG-Championship,2021,2020-10-24 Cardiff City-Middlesbrough,Championship,7,Sat,2020-10-24,15:00,Cardiff City,1–1,Middlesbrough,,Cardiff City Stadium,John Brooks,/en/matches/daafba44/Cardiff-City-Middlesbrough-October-24-2020-Championship,,daafba44
ENG-Championship,2021,2020-10-24 Coventry City-Blackburn Rovers,Championship,7,Sat,2020-10-24,15:00,Coventry City,0–4,Blackburn Rovers,,St Andrew's Trillion Trophy Stadium,Darren England,/en/matches/a4d66d63/Coventry-City-Blackburn-Rovers-October-24-2020-Championship,,a4d66d63
ENG-Championship,2021,2020-10-24 Huddersfield Town-Preston North End,Championship,7,Sat,2020-10-24,15:00,Huddersfield Town,1–2,Preston North End,,The John Smith's Stadium,Joshua Smith,/en/matches/5cb5d882/Huddersfield-Town-Preston-North-End-October-24-2020-Championship,,5cb5d882
ENG-Championship,2021,2020-10-24 Millwall-Barnsley,Championship,7,Sat,2020-10-24,15:00,Millwall,1–1,Barnsley,,The Den,Andrew Davies,/en/matches/fd5ae5a3/Millwall-Barnsley-October-24-2020-Championship,,fd5ae5a3
ENG-Championship,2021,2020-10-24 Norwich City-Wycombe Wanderers,Championship,7,Sat,2020-10-24,15:00,Norwich City,2–1,Wycombe Wanderers,,Carrow Road,Gavin Ward,/en/matches/359cd543/Norwich-City-Wycombe-Wanderers-October-24-2020-Championship,,359cd543
ENG-Championship,2021,2020-10-24 QPR-Birmingham City,Championship,7,Sat,2020-10-24,15:00,QPR,0–0,Birmingham City,,Kiyan Prince Foundation Stadium,Simon Hooper,/en/matches/77678410/Queens-Park-Rangers-Birmingham-City-October-24-2020-Championship,,77678410
ENG-Championship,2021,2020-10-24 Reading-Rotherham United,Championship,7,Sat,2020-10-24,15:00,Reading,3–0,Rotherham United,,Madejski Stadium,Matt Donohue,/en/matches/92421b5f/Reading-Rotherham-United-October-24-2020-Championship,,92421b5f
ENG-Championship,2021,2020-10-24 Sheffield Weds-Luton Town,Championship,7,Sat,2020-10-24,15:00,Sheffield Weds,0–1,Luton Town,,Hillsborough Stadium,Geoff Eltringham,/en/matches/2ea4e2a7/Sheffield-Wednesday-Luton-Town-October-24-2020-Championship,,2ea4e2a7
ENG-Championship,2021,2020-10-24 Stoke City-Brentford,Championship,7,Sat,2020-10-24,15:00,Stoke City,3–2,Brentford,,Bet365 Stadium,Keith Stroud,/en/matches/16f00259/Stoke-City-Brentford-October-24-2020-Championship,,16f00259
ENG-Championship,2021,2020-10-24 Watford-Bournemouth,Championship,7,Sat,2020-10-24,12:30,Watford,1–1,Bournemouth,,Vicarage Road Stadium,Tim Robinson,/en/matches/5b9b2f7d/Watford-Bournemouth-October-24-2020-Championship,,5b9b2f7d
ENG-Championship,2021,2020-10-27 Barnsley-QPR,Championship,8,Tue,2020-10-27,19:00,Barnsley,3–0,QPR,,Oakwell Stadium,Andrew Davies,/en/matches/44c2e71a/Barnsley-Queens-Park-Rangers-October-27-2020-Championship,,44c2e71a
ENG-Championship,2021,2020-10-27 Blackburn Rovers-Reading,Championship,8,Tue,2020-10-27,19:45,Blackburn Rovers,2–4,Reading,,Ewood Park,David Coote,/en/matches/5a0470f7/Blackburn-Rovers-Reading-October-27-2020-Championship,,5a0470f7
ENG-Championship,2021,2020-10-27 Brentford-Norwich City,Championship,8,Tue,2020-10-27,19:45,Brentford,1–1,Norwich City,,Brentford Community Stadium,Jeremy Simpson,/en/matches/b00d0948/Brentford-Norwich-City-October-27-2020-Championship,,b00d0948
ENG-Championship,2021,2020-10-27 Middlesbrough-Coventry City,Championship,8,Tue,2020-10-27,19:45,Middlesbrough,2–0,Coventry City,,Riverside Stadium,David Webb,/en/matches/02a4d8ce/Middlesbrough-Coventry-City-October-27-2020-Championship,,02a4d8ce
ENG-Championship,2021,2020-10-27 Swansea City-Stoke City,Championship,8,Tue,2020-10-27,19:45,Swansea City,2–0,Stoke City,,Liberty Stadium,Andre Marriner,/en/matches/7ba618b5/Swansea-City-Stoke-City-October-27-2020-Championship,,7ba618b5
ENG-Championship,2021,2020-10-27 Wycombe Wanderers-Watford,Championship,8,Tue,2020-10-27,19:45,Wycombe Wanderers,1–1,Watford,,Adams Park,John Brooks,/en/matches/3997e4bb/Wycombe-Wanderers-Watford-October-27-2020-Championship,,3997e4bb
ENG-Championship,2021,2020-10-28 Birmingham City-Huddersfield Town,Championship,8,Wed,2020-10-28,19:45,Birmingham City,2–1,Huddersfield Town,,St Andrew's Trillion Trophy Stadium,Leigh Doughty,/en/matches/b1c93a72/Birmingham-City-Huddersfield-Town-October-28-2020-Championship,,b1c93a72
ENG-Championship,2021,2020-10-28 Bournemouth-Bristol City,Championship,8,Wed,2020-10-28,19:45,Bournemouth,1–0,Bristol City,,Vitality Stadium,Steve Martin,/en/matches/209a8405/Bournemouth-Bristol-City-October-28-2020-Championship,,209a8405
ENG-Championship,2021,2020-10-28 Derby County-Cardiff City,Championship,8,Wed,2020-10-28,19:45,Derby County,1–1,Cardiff City,,iPro Stadium,Oliver Langford,/en/matches/d8883eb2/Derby-County-Cardiff-City-October-28-2020-Championship,,d8883eb2
ENG-Championship,2021,2020-10-28 Luton Town-Nottingham Forest,Championship,8,Wed,2020-10-28,19:45,Luton Town,1–1,Nottingham Forest,,Kenilworth Road Stadium,Tim Robinson,/en/matches/f11652d1/Luton-Town-Nottingham-Forest-October-28-2020-Championship,,f11652d1
ENG-Championship,2021,2020-10-28 Preston North End-Millwall,Championship,8,Wed,2020-10-28,19:00,Preston North End,0–2,Millwall,,Deepdale Stadium,Darren Bond,/en/matches/a365c48f/Preston-North-End-Millwall-October-28-2020-Championship,,a365c48f
ENG-Championship,2021,2020-10-28 Rotherham United-Sheffield Weds,Championship,8,Wed,2020-10-28,19:45,Rotherham United,3–0,Sheffield Weds,,New York Stadium,Jarred Gillett,/en/matches/9a973d04/Rotherham-United-Sheffield-Wednesday-October-28-2020-Championship,,9a973d04
ENG-Championship,2021,2020-10-30 Coventry City-Reading,Championship,9,Fri,2020-10-30,19:45,Coventry City,3–2,Reading,,St Andrew's Trillion Trophy Stadium,David Webb,/en/matches/98e8a6b6/Coventry-City-Reading-October-30-2020-Championship,,98e8a6b6
ENG-Championship,2021,2020-10-31 Barnsley-Watford,Championship,9,Sat,2020-10-31,15:00,Barnsley,1–0,Watford,,Oakwell Stadium,Matt Donohue,/en/matches/8fc23218/Barnsley-Watford-October-31-2020-Championship,,8fc23218
ENG-Championship,2021,2020-10-31 Bournemouth-Derby County,Championship,9,Sat,2020-10-31,15:00,Bournemouth,1–1,Derby County,,Vitality Stadium,Robert Jones,/en/matches/2beb59e3/Bournemouth-Derby-County-October-31-2020-Championship,,2beb59e3
ENG-Championship,2021,2020-10-31 Bristol City-Norwich City,Championship,9,Sat,2020-10-31,12:30,Bristol City,1–3,Norwich City,,Ashton Gate Stadium,Jarred Gillett,/en/matches/4aeaa6a1/Bristol-City-Norwich-City-October-31-2020-Championship,,4aeaa6a1
ENG-Championship,2021,2020-10-31 Luton Town-Brentford,Championship,9,Sat,2020-10-31,15:00,Luton Town,0–3,Brentford,,Kenilworth Road Stadium,Michael Salisbury,/en/matches/2415b1d6/Luton-Town-Brentford-October-31-2020-Championship,,2415b1d6
ENG-Championship,2021,2020-10-31 Middlesbrough-Nottingham Forest,Championship,9,Sat,2020-10-31,15:00,Middlesbrough,1–0,Nottingham Forest,,Riverside Stadium,Lee Mason,/en/matches/d833bc74/Middlesbrough-Nottingham-Forest-October-31-2020-Championship,,d833bc74
ENG-Championship,2021,2020-10-31 Millwall-Huddersfield Town,Championship,9,Sat,2020-10-31,15:00,Millwall,0–3,Huddersfield Town,,The Den,Gavin Ward,/en/matches/f668dc0c/Millwall-Huddersfield-Town-October-31-2020-Championship,,f668dc0c
ENG-Championship,2021,2020-10-31 Preston North End-Birmingham City,Championship,9,Sat,2020-10-31,15:00,Preston North End,1–2,Birmingham City,,Deepdale Stadium,Tony Harrington,/en/matches/03c0c80d/Preston-North-End-Birmingham-City-October-31-2020-Championship,,03c0c80d
ENG-Championship,2021,2020-10-31 QPR-Cardiff City,Championship,9,Sat,2020-10-31,15:00,QPR,3–2,Cardiff City,,Kiyan Prince Foundation Stadium,Andy Woolmer,/en/matches/f85f8b1d/Queens-Park-Rangers-Cardiff-City-October-31-2020-Championship,,f85f8b1d
ENG-Championship,2021,2020-10-31 Stoke City-Rotherham United,Championship,9,Sat,2020-10-31,15:00,Stoke City,1–0,Rotherham United,,Bet365 Stadium,Darren Bond,/en/matches/9a6cc7b9/Stoke-City-Rotherham-United-October-31-2020-Championship,,9a6cc7b9
ENG-Championship,2021,2020-10-31 Swansea City-Blackburn Rovers,Championship,9,Sat,2020-10-31,15:00,Swansea City,2–0,Blackburn Rovers,,Liberty Stadium,Dean Whitestone,/en/matches/7e5f653c/Swansea-City-Blackburn-Rovers-October-31-2020-Championship,,7e5f653c
ENG-Championship,2021,2020-10-31 Wycombe Wanderers-Sheffield Weds,Championship,9,Sat,2020-10-31,15:00,Wycombe Wanderers,1–0,Sheffield Weds,,Adams Park,Keith Stroud,/en/matches/3f6bf49a/Wycombe-Wanderers-Sheffield-Wednesday-October-31-2020-Championship,,3f6bf49a
ENG-Championship,2021,2020-11-03 Blackburn Rovers-Middlesbrough,Championship,10,Tue,2020-11-03,19:45,Blackburn Rovers,0–0,Middlesbrough,,Ewood Park,David Webb,/en/matches/d2938e45/Blackburn-Rovers-Middlesbrough-November-3-2020-Championship,,d2938e45
ENG-Championship,2021,2020-11-03 Brentford-Swansea City,Championship,10,Tue,2020-11-03,19:00,Brentford,1–1,Swansea City,,Brentford Community Stadium,Steve Martin,/en/matches/a3061b69/Brentford-Swansea-City-November-3-2020-Championship,,a3061b69
ENG-Championship,2021,2020-11-03 Cardiff City-Barnsley,Championship,10,Tue,2020-11-03,19:45,Cardiff City,3–0,Barnsley,,Cardiff City Stadium,Dean Whitestone,/en/matches/940ef64b/Cardiff-City-Barnsley-November-3-2020-Championship,,940ef64b
ENG-Championship,2021,2020-11-03 Huddersfield Town-Bristol City,Championship,10,Tue,2020-11-03,19:00,Huddersfield Town,1–2,Bristol City,,The John Smith's Stadium,Peter Bankes,/en/matches/2366d2ce/Huddersfield-Town-Bristol-City-November-3-2020-Championship,,2366d2ce
ENG-Championship,2021,2020-11-03 Norwich City-Millwall,Championship,10,Tue,2020-11-03,19:00,Norwich City,0–0,Millwall,,Carrow Road,Tim Robinson,/en/matches/c3dc09ce/Norwich-City-Millwall-November-3-2020-Championship,,c3dc09ce
ENG-Championship,2021,2020-11-03 Sheffield Weds-Bournemouth,Championship,10,Tue,2020-11-03,19:00,Sheffield Weds,1–0,Bournemouth,,Hillsborough Stadium,Jeremy Simpson,/en/matches/7da24cda/Sheffield-Wednesday-Bournemouth-November-3-2020-Championship,,7da24cda
ENG-Championship,2021,2020-11-04 Birmingham City-Wycombe Wanderers,Championship,10,Wed,2020-11-04,19:45,Birmingham City,1–2,Wycombe Wanderers,,St Andrew's Trillion Trophy Stadium,Joshua Smith,/en/matches/c043538e/Birmingham-City-Wycombe-Wanderers-November-4-2020-Championship,,c043538e
ENG-Championship,2021,2020-11-04 Derby County-QPR,Championship,10,Wed,2020-11-04,19:45,Derby County,0–1,QPR,,iPro Stadium,Gavin Ward,/en/matches/373e8e1f/Derby-County-Queens-Park-Rangers-November-4-2020-Championship,,373e8e1f
ENG-Championship,2021,2020-11-04 Nottingham Forest-Coventry City,Championship,10,Wed,2020-11-04,19:45,Nottingham Forest,2–1,Coventry City,,The City Ground,Geoff Eltringham,/en/matches/e72344b8/Nottingham-Forest-Coventry-City-November-4-2020-Championship,,e72344b8
ENG-Championship,2021,2020-11-04 Reading-Preston North End,Championship,10,Wed,2020-11-04,19:00,Reading,0–3,Preston North End,,Madejski Stadium,John Brooks,/en/matches/e439ebf0/Reading-Preston-North-End-November-4-2020-Championship,,e439ebf0
ENG-Championship,2021,2020-11-04 Rotherham United-Luton Town,Championship,10,Wed,2020-11-04,19:45,Rotherham United,0–1,Luton Town,,New York Stadium,Andy Madley,/en/matches/e5f567a6/Rotherham-United-Luton-Town-November-4-2020-Championship,,e5f567a6
ENG-Championship,2021,2020-11-04 Watford-Stoke City,Championship,10,Wed,2020-11-04,19:00,Watford,3–2,Stoke City,,Vicarage Road Stadium,Andrew Davies,/en/matches/d380c020/Watford-Stoke-City-November-4-2020-Championship,,d380c020
ENG-Championship,2021,2020-11-06 Cardiff City-Bristol City,Championship,11,Fri,2020-11-06,18:00,Cardiff City,0–1,Bristol City,,Cardiff City Stadium,David Webb,/en/matches/70e0c3e5/Cardiff-City-Bristol-City-November-6-2020-Championship,,70e0c3e5
ENG-Championship,2021,2020-11-07 Birmingham City-Bournemouth,Championship,11,Sat,2020-11-07,15:00,Birmingham City,1–3,Bournemouth,,St Andrew's Trillion Trophy Stadium,Jarred Gillett,/en/matches/4d2e8f77/Birmingham-City-Bournemouth-November-7-2020-Championship,,4d2e8f77
ENG-Championship,2021,2020-11-07 Blackburn Rovers-QPR,Championship,11,Sat,2020-11-07,15:00,Blackburn Rovers,3–1,QPR,,Ewood Park,Tim Robinson,/en/matches/eba0d22f/Blackburn-Rovers-Queens-Park-Rangers-November-7-2020-Championship,,eba0d22f
ENG-Championship,2021,2020-11-07 Brentford-Middlesbrough,Championship,11,Sat,2020-11-07,15:00,Brentford,0–0,Middlesbrough,,Brentford Community Stadium,James Linington,/en/matches/e88490bf/Brentford-Middlesbrough-November-7-2020-Championship,,e88490bf
ENG-Championship,2021,2020-11-07 Derby County-Barnsley,Championship,11,Sat,2020-11-07,15:00,Derby County,0–2,Barnsley,,iPro Stadium,Leigh Doughty,/en/matches/113533c7/Derby-County-Barnsley-November-7-2020-Championship,,113533c7
ENG-Championship,2021,2020-11-07 Huddersfield Town-Luton Town,Championship,11,Sat,2020-11-07,15:00,Huddersfield Town,1–1,Luton Town,,The John Smith's Stadium,Oliver Langford,/en/matches/e0960aa1/Huddersfield-Town-Luton-Town-November-7-2020-Championship,,e0960aa1
ENG-Championship,2021,2020-11-07 Norwich City-Swansea City,Championship,11,Sat,2020-11-07,15:00,Norwich City,1–0,Swansea City,,Carrow Road,Darren England,/en/matches/4f094c6f/Norwich-City-Swansea-City-November-7-2020-Championship,,4f094c6f
ENG-Championship,2021,2020-11-07 Nottingham Forest-Wycombe Wanderers,Championship,11,Sat,2020-11-07,15:00,Nottingham Forest,2–0,Wycombe Wanderers,,The City Ground,Matt Donohue,/en/matches/d1718157/Nottingham-Forest-Wycombe-Wanderers-November-7-2020-Championship,,d1718157
ENG-Championship,2021,2020-11-07 Reading-Stoke City,Championship,11,Sat,2020-11-07,12:30,Reading,0–3,Stoke City,,Madejski Stadium,Keith Stroud,/en/matches/78208848/Reading-Stoke-City-November-7-2020-Championship,,78208848
ENG-Championship,2021,2020-11-07 Rotherham United-Preston North End,Championship,11,Sat,2020-11-07,15:00,Rotherham United,2–1,Preston North End,,New York Stadium,Andrew Davies,/en/matches/0b8bb03f/Rotherham-United-Preston-North-End-November-7-2020-Championship,,0b8bb03f
ENG-Championship,2021,2020-11-07 Sheffield Weds-Millwall,Championship,11,Sat,2020-11-07,15:00,Sheffield Weds,0–0,Millwall,,Hillsborough Stadium,Tony Harrington,/en/matches/b9d68822/Sheffield-Wednesday-Millwall-November-7-2020-Championship,,b9d68822
ENG-Championship,2021,2020-11-07 Watford-Coventry City,Championship,11,Sat,2020-11-07,15:00,Watford,3–2,Coventry City,,Vicarage Road Stadium,Simon Hooper,/en/matches/6abfde73/Watford-Coventry-City-November-7-2020-Championship,,6abfde73
ENG-Championship,2021,2020-11-20 Coventry City-Birmingham City,Championship,12,Fri,2020-11-20,19:45,Coventry City,0–0,Birmingham City,,St Andrew's Trillion Trophy Stadium,Oliver Langford,/en/matches/6d15cf97/Coventry-City-Birmingham-City-November-20-2020-Championship,,6d15cf97
ENG-Championship,2021,2020-11-21 Barnsley-Nottingham Forest,Championship,12,Sat,2020-11-21,15:00,Barnsley,2–0,Nottingham Forest,,Oakwell Stadium,Andy Woolmer,/en/matches/0c29de69/Barnsley-Nottingham-Forest-November-21-2020-Championship,,0c29de69
ENG-Championship,2021,2020-11-21 Bournemouth-Reading,Championship,12,Sat,2020-11-21,12:30,Bournemouth,4–2,Reading,,Vitality Stadium,Darren Bond,/en/matches/e87c96f9/Bournemouth-Reading-November-21-2020-Championship,,e87c96f9
ENG-Championship,2021,2020-11-21 Bristol City-Derby County,Championship,12,Sat,2020-11-21,15:00,Bristol City,1–0,Derby County,,Ashton Gate Stadium,Keith Stroud,/en/matches/d7c4f730/Bristol-City-Derby-County-November-21-2020-Championship,,d7c4f730
ENG-Championship,2021,2020-11-21 Luton Town-Blackburn Rovers,Championship,12,Sat,2020-11-21,15:00,Luton Town,1–1,Blackburn Rovers,,Kenilworth Road Stadium,Gavin Ward,/en/matches/7f770f40/Luton-Town-Blackburn-Rovers-November-21-2020-Championship,,7f770f40
ENG-Championship,2021,2020-11-21 Middlesbrough-Norwich City,Championship,12,Sat,2020-11-21,15:00,Middlesbrough,0–1,Norwich City,,Riverside Stadium,Tony Harrington,/en/matches/a85c883d/Middlesbrough-Norwich-City-November-21-2020-Championship,,a85c883d
ENG-Championship,2021,2020-11-21 Millwall-Cardiff City,Championship,12,Sat,2020-11-21,15:00,Millwall,1–1,Cardiff City,,The Den,Graham Scott,/en/matches/8584eb2f/Millwall-Cardiff-City-November-21-2020-Championship,,8584eb2f
ENG-Championship,2021,2020-11-21 Preston North End-Sheffield Weds,Championship,12,Sat,2020-11-21,15:00,Preston North End,1–0,Sheffield Weds,,Deepdale Stadium,David Webb,/en/matches/9cfa7ece/Preston-North-End-Sheffield-Wednesday-November-21-2020-Championship,,9cfa7ece
ENG-Championship,2021,2020-11-21 QPR-Watford,Championship,12,Sat,2020-11-21,15:00,QPR,1–1,Watford,,Kiyan Prince Foundation Stadium,Michael Salisbury,/en/matches/e213e6cf/Queens-Park-Rangers-Watford-November-21-2020-Championship,,e213e6cf
ENG-Championship,2021,2020-11-21 Stoke City-Huddersfield Town,Championship,12,Sat,2020-11-21,15:00,Stoke City,4–3,Huddersfield Town,,Bet365 Stadium,Jarred Gillett,/en/matches/3e7517c3/Stoke-City-Huddersfield-Town-November-21-2020-Championship,,3e7517c3
ENG-Championship,2021,2020-11-21 Swansea City-Rotherham United,Championship,12,Sat,2020-11-21,15:00,Swansea City,1–0,Rotherham United,,Liberty Stadium,Matt Donohue,/en/matches/5391cb15/Swansea-City-Rotherham-United-November-21-2020-Championship,,5391cb15
ENG-Championship,2021,2020-11-21 Wycombe Wanderers-Brentford,Championship,12,Sat,2020-11-21,15:00,Wycombe Wanderers,0–0,Brentford,,Adams Park,Lee Mason,/en/matches/2dc9653c/Wycombe-Wanderers-Brentford-November-21-2020-Championship,,2dc9653c
ENG-Championship,2021,2020-11-24 Barnsley-Brentford,Championship,13,Tue,2020-11-24,19:45,Barnsley,0–1,Brentford,,Oakwell Stadium,Darren Bond,/en/matches/da876490/Barnsley-Brentford-November-24-2020-Championship,,da876490
ENG-Championship,2021,2020-11-24 Bournemouth-Nottingham Forest,Championship,13,Tue,2020-11-24,20:00,Bournemouth,2–0,Nottingham Forest,,Vitality Stadium,Simon Hooper,/en/matches/c00d2ea3/Bournemouth-Nottingham-Forest-November-24-2020-Championship,,c00d2ea3
ENG-Championship,2021,2020-11-24 Luton Town-Birmingham City,Championship,13,Tue,2020-11-24,19:00,Luton Town,1–1,Birmingham City,,Kenilworth Road Stadium,David Webb,/en/matches/4c911c93/Luton-Town-Birmingham-City-November-24-2020-Championship,,4c911c93
ENG-Championship,2021,2020-11-24 Preston North End-Blackburn Rovers,Championship,13,Tue,2020-11-24,19:45,Preston North End,0–3,Blackburn Rovers,,Deepdale Stadium,Tony Harrington,/en/matches/d53e1eca/Preston-North-End-Blackburn-Rovers-November-24-2020-Championship,,d53e1eca
ENG-Championship,2021,2020-11-24 QPR-Rotherham United,Championship,13,Tue,2020-11-24,19:00,QPR,3–2,Rotherham United,,Kiyan Prince Foundation Stadium,Oliver Langford,/en/matches/55f44c4a/Queens-Park-Rangers-Rotherham-United-November-24-2020-Championship,,55f44c4a
ENG-Championship,2021,2020-11-24 Stoke City-Norwich City,Championship,13,Tue,2020-11-24,19:00,Stoke City,2–3,Norwich City,,Bet365 Stadium,Geoff Eltringham,/en/matches/093195ca/Stoke-City-Norwich-City-November-24-2020-Championship,,093195ca
ENG-Championship,2021,2020-11-24 Wycombe Wanderers-Huddersfield Town,Championship,13,Tue,2020-11-24,19:00,Wycombe Wanderers,0–0,Huddersfield Town,,Adams Park,Steve Martin,/en/matches/9a158105/Wycombe-Wanderers-Huddersfield-Town-November-24-2020-Championship,,9a158105
ENG-Championship,2021,2020-11-25 Bristol City-Watford,Championship,13,Wed,2020-11-25,19:45,Bristol City,0–0,Watford,,Ashton Gate Stadium,Dean Whitestone,/en/matches/f7c33e60/Bristol-City-Watford-November-25-2020-Championship,,f7c33e60
ENG-Championship,2021,2020-11-25 Coventry City-Cardiff City,Championship,13,Wed,2020-11-25,19:45,Coventry City,1–0,Cardiff City,,St Andrew's Trillion Trophy Stadium,Jeremy Simpson,/en/matches/c83807e6/Coventry-City-Cardiff-City-November-25-2020-Championship,,c83807e6
ENG-Championship,2021,2020-11-25 Middlesbrough-Derby County,Championship,13,Wed,2020-11-25,19:00,Middlesbrough,3–0,Derby County,,Riverside Stadium,Peter Bankes,/en/matches/a561bef3/Middlesbrough-Derby-County-November-25-2020-Championship,,a561bef3
ENG-Championship,2021,2020-11-25 Millwall-Reading,Championship,13,Wed,2020-11-25,19:00,Millwall,1–1,Reading,,The Den,Leigh Doughty,/en/matches/c71da81a/Millwall-Reading-November-25-2020-Championship,,c71da81a
ENG-Championship,2021,2020-11-25 Swansea City-Sheffield Weds,Championship,13,Wed,2020-11-25,19:45,Swansea City,1–1,Sheffield Weds,,Liberty Stadium,Andy Woolmer,/en/matches/4458721e/Swansea-City-Sheffield-Wednesday-November-25-2020-Championship,,4458721e
ENG-Championship,2021,2020-11-27 Brentford-QPR,Championship,14,Fri,2020-11-27,19:45,Brentford,2–1,QPR,,Brentford Community Stadium,Matt Donohue,/en/matches/8b48c43f/Brentford-Queens-Park-Rangers-November-27-2020-Championship,,8b48c43f
ENG-Championship,2021,2020-11-28 Birmingham City-Millwall,Championship,14,Sat,2020-11-28,15:00,Birmingham City,0–0,Millwall,,St Andrew's Trillion Trophy Stadium,Andy Woolmer,/en/matches/9f40ead8/Birmingham-City-Millwall-November-28-2020-Championship,,9f40ead8
ENG-Championship,2021,2020-11-28 Blackburn Rovers-Barnsley,Championship,14,Sat,2020-11-28,15:00,Blackburn Rovers,2–1,Barnsley,,Ewood Park,Andy Madley,/en/matches/9d0dc987/Blackburn-Rovers-Barnsley-November-28-2020-Championship,,9d0dc987
ENG-Championship,2021,2020-11-28 Cardiff City-Luton Town,Championship,14,Sat,2020-11-28,15:00,Cardiff City,4–0,Luton Town,,Cardiff City Stadium,Joshua Smith,/en/matches/4fc616a0/Cardiff-City-Luton-Town-November-28-2020-Championship,,4fc616a0
ENG-Championship,2021,2020-11-28 Derby County-Wycombe Wanderers,Championship,14,Sat,2020-11-28,15:00,Derby County,1–1,Wycombe Wanderers,,iPro Stadium,Oliver Langford,/en/matches/103ec406/Derby-County-Wycombe-Wanderers-November-28-2020-Championship,,103ec406
ENG-Championship,2021,2020-11-28 Huddersfield Town-Middlesbrough,Championship,14,Sat,2020-11-28,15:00,Huddersfield Town,3–2,Middlesbrough,,The John Smith's Stadium,John Brooks,/en/matches/9eba8ff0/Huddersfield-Town-Middlesbrough-November-28-2020-Championship,,9eba8ff0
ENG-Championship,2021,2020-11-28 Norwich City-Coventry City,Championship,14,Sat,2020-11-28,15:00,Norwich City,1–1,Coventry City,,Carrow Road,Keith Stroud,/en/matches/f5179c0e/Norwich-City-Coventry-City-November-28-2020-Championship,,f5179c0e
ENG-Championship,2021,2020-11-28 Reading-Bristol City,Championship,14,Sat,2020-11-28,12:30,Reading,3–1,Bristol City,,Madejski Stadium,Jeremy Simpson,/en/matches/2401a951/Reading-Bristol-City-November-28-2020-Championship,,2401a951
ENG-Championship,2021,2020-11-28 Rotherham United-Bournemouth,Championship,14,Sat,2020-11-28,15:00,Rotherham United,2–2,Bournemouth,,New York Stadium,Geoff Eltringham,/en/matches/2f3d87a8/Rotherham-United-Bournemouth-November-28-2020-Championship,,2f3d87a8
ENG-Championship,2021,2020-11-28 Sheffield Weds-Stoke City,Championship,14,Sat,2020-11-28,15:00,Sheffield Weds,0–0,Stoke City,,Hillsborough Stadium,Tim Robinson,/en/matches/2c26e3a2/Sheffield-Wednesday-Stoke-City-November-28-2020-Championship,,2c26e3a2
ENG-Championship,2021,2020-11-28 Watford-Preston North End,Championship,14,Sat,2020-11-28,15:00,Watford,4–1,Preston North End,,Vicarage Road Stadium,Jarred Gillett,/en/matches/52ea3f15/Watford-Preston-North-End-November-28-2020-Championship,,52ea3f15
ENG-Championship,2021,2020-11-29 Nottingham Forest-Swansea City,Championship,14,Sun,2020-11-29,12:00,Nottingham Forest,0–1,Swansea City,,The City Ground,Tony Harrington,/en/matches/9404d023/Nottingham-Forest-Swansea-City-November-29-2020-Championship,,9404d023
ENG-Championship,2021,2020-12-01 Birmingham City-Barnsley,Championship,15,Tue,2020-12-01,19:45,Birmingham City,1–2,Barnsley,,St Andrew's Trillion Trophy Stadium,Tony Harrington,/en/matches/dffac2d5/Birmingham-City-Barnsley-December-1-2020-Championship,,dffac2d5
ENG-Championship,2021,2020-12-01 Bournemouth-Preston North End,Championship,15,Tue,2020-12-01,19:45,Bournemouth,2–3,Preston North End,,Vitality Stadium,Gavin Ward,/en/matches/d583a848/Bournemouth-Preston-North-End-December-1-2020-Championship,,d583a848
ENG-Championship,2021,2020-12-01 Cardiff City-Huddersfield Town,Championship,15,Tue,2020-12-01,19:00,Cardiff City,3–0,Huddersfield Town,,Cardiff City Stadium,Kevin Friend,/en/matches/cb5ec958/Cardiff-City-Huddersfield-Town-December-1-2020-Championship,,cb5ec958
ENG-Championship,2021,2020-12-01 Derby County-Coventry City,Championship,15,Tue,2020-12-01,19:45,Derby County,1–1,Coventry City,,iPro Stadium,Dean Whitestone,/en/matches/97687843/Derby-County-Coventry-City-December-1-2020-Championship,,97687843
ENG-Championship,2021,2020-12-01 QPR-Bristol City,Championship,15,Tue,2020-12-01,19:45,QPR,1–2,Bristol City,,Kiyan Prince Foundation Stadium,James Linington,/en/matches/51cff0de/Queens-Park-Rangers-Bristol-City-December-1-2020-Championship,,51cff0de
ENG-Championship,2021,2020-12-01 Rotherham United-Brentford,Championship,15,Tue,2020-12-01,20:00,Rotherham United,0–2,Brentford,,New York Stadium,Tim Robinson,/en/matches/c1bdfe50/Rotherham-United-Brentford-December-1-2020-Championship,,c1bdfe50
ENG-Championship,2021,2020-12-02 Blackburn Rovers-Millwall,Championship,15,Wed,2020-12-02,19:45,Blackburn Rovers,2–1,Millwall,,Ewood Park,Michael Salisbury,/en/matches/5efbf7f4/Blackburn-Rovers-Millwall-December-2-2020-Championship,,5efbf7f4
ENG-Championship,2021,2020-12-02 Luton Town-Norwich City,Championship,15,Wed,2020-12-02,19:45,Luton Town,3–1,Norwich City,1000,Kenilworth Road Stadium,Darren England,/en/matches/23076dd8/Luton-Town-Norwich-City-December-2-2020-Championship,,23076dd8
ENG-Championship,2021,2020-12-02 Middlesbrough-Swansea City,Championship,15,Wed,2020-12-02,19:00,Middlesbrough,2–1,Swansea City,,Riverside Stadium,Keith Stroud,/en/matches/d4479e00/Middlesbrough-Swansea-City-December-2-2020-Championship,,d4479e00
ENG-Championship,2021,2020-12-02 Nottingham Forest-Watford,Championship,15,Wed,2020-12-02,19:45,Nottingham Forest,0–0,Watford,,The City Ground,David Webb,/en/matches/cae96301/Nottingham-Forest-Watford-December-2-2020-Championship,,cae96301
ENG-Championship,2021,2020-12-02 Sheffield Weds-Reading,Championship,15,Wed,2020-12-02,19:45,Sheffield Weds,1–1,Reading,,Hillsborough Stadium,Oliver Langford,/en/matches/93ed33a6/Sheffield-Wednesday-Reading-December-2-2020-Championship,,93ed33a6
ENG-Championship,2021,2020-12-02 Wycombe Wanderers-Stoke City,Championship,15,Wed,2020-12-02,19:45,Wycombe Wanderers,0–1,Stoke City,,Adams Park,Darren Bond,/en/matches/3edeb1db/Wycombe-Wanderers-Stoke-City-December-2-2020-Championship,,3edeb1db
ENG-Championship,2021,2020-12-04 Barnsley-Bournemouth,Championship,16,Fri,2020-12-04,17:30,Barnsley,0–4,Bournemouth,,Oakwell Stadium,Keith Stroud,/en/matches/bc3aca30/Barnsley-Bournemouth-December-4-2020-Championship,,bc3aca30
ENG-Championship,2021,2020-12-05 Brentford-Blackburn Rovers,Championship,16,Sat,2020-12-05,15:00,Brentford,2–2,Blackburn Rovers,2000,Brentford Community Stadium,Oliver Langford,/en/matches/775d2b6a/Brentford-Blackburn-Rovers-December-5-2020-Championship,,775d2b6a
ENG-Championship,2021,2020-12-05 Bristol City-Birmingham City,Championship,16,Sat,2020-12-05,15:00,Bristol City,0–1,Birmingham City,,Ashton Gate Stadium,John Brooks,/en/matches/ad586cc2/Bristol-City-Birmingham-City-December-5-2020-Championship,,ad586cc2
ENG-Championship,2021,2020-12-05 Coventry City-Rotherham United,Championship,16,Sat,2020-12-05,15:00,Coventry City,3–1,Rotherham United,,St Andrew's Trillion Trophy Stadium,David Webb,/en/matches/0c955152/Coventry-City-Rotherham-United-December-5-2020-Championship,,0c955152
ENG-Championship,2021,2020-12-05 Huddersfield Town-QPR,Championship,16,Sat,2020-12-05,15:00,Huddersfield Town,2–0,QPR,,The John Smith's Stadium,Dean Whitestone,/en/matches/b6b4426c/Huddersfield-Town-Queens-Park-Rangers-December-5-2020-Championship,,b6b4426c
ENG-Championship,2021,2020-12-05 Millwall-Derby County,Championship,16,Sat,2020-12-05,15:00,Millwall,0–1,Derby County,2000,The Den,Darren England,/en/matches/b70549c8/Millwall-Derby-County-December-5-2020-Championship,,b70549c8
ENG-Championship,2021,2020-12-05 Norwich City-Sheffield Weds,Championship,16,Sat,2020-12-05,15:00,Norwich City,2–1,Sheffield Weds,2000,Carrow Road,Jarred Gillett,/en/matches/788f178d/Norwich-City-Sheffield-Wednesday-December-5-2020-Championship,,788f178d
ENG-Championship,2021,2020-12-05 Preston North End-Wycombe Wanderers,Championship,16,Sat,2020-12-05,15:00,Preston North End,2–2,Wycombe Wanderers,,Deepdale Stadium,James Linington,/en/matches/fc147ad0/Preston-North-End-Wycombe-Wanderers-December-5-2020-Championship,,fc147ad0
ENG-Championship,2021,2020-12-05 Reading-Nottingham Forest,Championship,16,Sat,2020-12-05,12:30,Reading,2–0,Nottingham Forest,2000,Madejski Stadium,Gavin Ward,/en/matches/c54930a8/Reading-Nottingham-Forest-December-5-2020-Championship,,c54930a8
ENG-Championship,2021,2020-12-05 Stoke City-Middlesbrough,Championship,16,Sat,2020-12-05,15:00,Stoke City,1–0,Middlesbrough,,Bet365 Stadium,Jeremy Simpson,/en/matches/4292c27f/Stoke-City-Middlesbrough-December-5-2020-Championship,,4292c27f
ENG-Championship,2021,2020-12-05 Swansea City-Luton Town,Championship,16,Sat,2020-12-05,15:00,Swansea City,2–0,Luton Town,,Liberty Stadium,Leigh Doughty,/en/matches/f48f80e7/Swansea-City-Luton-Town-December-5-2020-Championship,,f48f80e7
ENG-Championship,2021,2020-12-05 Watford-Cardiff City,Championship,16,Sat,2020-12-05,15:00,Watford,0–1,Cardiff City,1973,Vicarage Road Stadium,Steve Martin,/en/matches/aa3b11ce/Watford-Cardiff-City-December-5-2020-Championship,,aa3b11ce
ENG-Championship,2021,2020-12-08 Coventry City-Luton Town,Championship,17,Tue,2020-12-08,19:45,Coventry City,0–0,Luton Town,,St Andrew's Trillion Trophy Stadium,Andy Woolmer,/en/matches/e56d7c36/Coventry-City-Luton-Town-December-8-2020-Championship,,e56d7c36
ENG-Championship,2021,2020-12-08 Huddersfield Town-Sheffield Weds,Championship,17,Tue,2020-12-08,19:45,Huddersfield Town,2–0,Sheffield Weds,,The John Smith's Stadium,Keith Stroud,/en/matches/3a748118/Huddersfield-Town-Sheffield-Wednesday-December-8-2020-Championship,,3a748118
ENG-Championship,2021,2020-12-08 Millwall-QPR,Championship,17,Tue,2020-12-08,19:45,Millwall,1–1,QPR,2000,The Den,Jarred Gillett,/en/matches/b44b9994/Millwall-Queens-Park-Rangers-December-8-2020-Championship,,b44b9994
ENG-Championship,2021,2020-12-08 Stoke City-Cardiff City,Championship,17,Tue,2020-12-08,19:45,Stoke City,1–2,Cardiff City,,Bet365 Stadium,Tony Harrington,/en/matches/36c5c68a/Stoke-City-Cardiff-City-December-8-2020-Championship,,36c5c68a
ENG-Championship,2021,2020-12-08 Swansea City-Bournemouth,Championship,17,Tue,2020-12-08,19:45,Swansea City,0–0,Bournemouth,,Liberty Stadium,Peter Bankes,/en/matches/021acf91/Swansea-City-Bournemouth-December-8-2020-Championship,,021acf91
ENG-Championship,2021,2020-12-08 Watford-Rotherham United,Championship,17,Tue,2020-12-08,19:45,Watford,2–0,Rotherham United,1976,Vicarage Road Stadium,Gavin Ward,/en/matches/d9c6b3a4/Watford-Rotherham-United-December-8-2020-Championship,,d9c6b3a4
ENG-Championship,2021,2020-12-09 Barnsley-Wycombe Wanderers,Championship,17,Wed,2020-12-09,19:45,Barnsley,2–1,Wycombe Wanderers,,Oakwell Stadium,Geoff Eltringham,/en/matches/81e1251d/Barnsley-Wycombe-Wanderers-December-9-2020-Championship,,81e1251d
ENG-Championship,2021,2020-12-09 Brentford-Derby County,Championship,17,Wed,2020-12-09,19:45,Brentford,0–0,Derby County,2000,Brentford Community Stadium,David Webb,/en/matches/24dbe71c/Brentford-Derby-County-December-9-2020-Championship,,24dbe71c
ENG-Championship,2021,2020-12-09 Bristol City-Blackburn Rovers,Championship,17,Wed,2020-12-09,19:45,Bristol City,1–0,Blackburn Rovers,,Ashton Gate Stadium,Steve Martin,/en/matches/b82dab2f/Bristol-City-Blackburn-Rovers-December-9-2020-Championship,,b82dab2f
ENG-Championship,2021,2020-12-09 Norwich City-Nottingham Forest,Championship,17,Wed,2020-12-09,19:45,Norwich City,2–1,Nottingham Forest,,Carrow Road,Darren Bond,/en/matches/84f6a8dd/Norwich-City-Nottingham-Forest-December-9-2020-Championship,,84f6a8dd
ENG-Championship,2021,2020-12-09 Preston North End-Middlesbrough,Championship,17,Wed,2020-12-09,19:00,Preston North End,3–0,Middlesbrough,,Deepdale Stadium,Andy Madley,/en/matches/b94e20be/Preston-North-End-Middlesbrough-December-9-2020-Championship,,b94e20be
ENG-Championship,2021,2020-12-09 Reading-Birmingham City,Championship,17,Wed,2020-12-09,19:45,Reading,1–2,Birmingham City,,Madejski Stadium,Tim Robinson,/en/matches/d82c2ed9/Reading-Birmingham-City-December-9-2020-Championship,,d82c2ed9
ENG-Championship,2021,2020-12-12 Birmingham City-Watford,Championship,18,Sat,2020-12-12,15:00,Birmingham City,0–1,Watford,,St Andrew's Trillion Trophy Stadium,Matt Donohue,/en/matches/728c2eb3/Birmingham-City-Watford-December-12-2020-Championship,,728c2eb3
ENG-Championship,2021,2020-12-12 Blackburn Rovers-Norwich City,Championship,18,Sat,2020-12-12,15:00,Blackburn Rovers,1–2,Norwich City,,Ewood Park,Dean Whitestone,/en/matches/ba87735c/Blackburn-Rovers-Norwich-City-December-12-2020-Championship,,ba87735c
ENG-Championship,2021,2020-12-12 Bournemouth-Huddersfield Town,Championship,18,Sat,2020-12-12,15:00,Bournemouth,5–0,Huddersfield Town,2000,Vitality Stadium,Oliver Langford,/en/matches/7b5fbaff/Bournemouth-Huddersfield-Town-December-12-2020-Championship,,7b5fbaff
ENG-Championship,2021,2020-12-12 Cardiff City-Swansea City,Championship,18,Sat,2020-12-12,12:30,Cardiff City,0–2,Swansea City,,Cardiff City Stadium,John Brooks,/en/matches/8348aaa1/Cardiff-City-Swansea-City-December-12-2020-Championship,,8348aaa1
ENG-Championship,2021,2020-12-12 Derby County-Stoke City,Championship,18,Sat,2020-12-12,15:00,Derby County,0–0,Stoke City,,iPro Stadium,Andy Woolmer,/en/matches/dbe1e05a/Derby-County-Stoke-City-December-12-2020-Championship,,dbe1e05a
ENG-Championship,2021,2020-12-12 Luton Town-Preston North End,Championship,18,Sat,2020-12-12,15:00,Luton Town,3–0,Preston North End,2000,Kenilworth Road Stadium,Jeremy Simpson,/en/matches/63dcdf1a/Luton-Town-Preston-North-End-December-12-2020-Championship,,63dcdf1a
ENG-Championship,2021,2020-12-12 Middlesbrough-Millwall,Championship,18,Sat,2020-12-12,15:00,Middlesbrough,3–0,Millwall,,Riverside Stadium,Darren Bond,/en/matches/927f253c/Middlesbrough-Millwall-December-12-2020-Championship,,927f253c
ENG-Championship,2021,2020-12-12 Nottingham Forest-Brentford,Championship,18,Sat,2020-12-12,15:00,Nottingham Forest,1–3,Brentford,,The City Ground,Geoff Eltringham,/en/matches/22bfba6b/Nottingham-Forest-Brentford-December-12-2020-Championship,,22bfba6b
ENG-Championship,2021,2020-12-12 QPR-Reading,Championship,18,Sat,2020-12-12,15:00,QPR,0–1,Reading,2000,Kiyan Prince Foundation Stadium,Tony Harrington,/en/matches/f24df0df/Queens-Park-Rangers-Reading-December-12-2020-Championship,,f24df0df
ENG-Championship,2021,2020-12-12 Rotherham United-Bristol City,Championship,18,Sat,2020-12-12,15:00,Rotherham United,2–0,Bristol City,,New York Stadium,Leigh Doughty,/en/matches/23a4a04a/Rotherham-United-Bristol-City-December-12-2020-Championship,,23a4a04a
ENG-Championship,2021,2020-12-12 Sheffield Weds-Barnsley,Championship,18,Sat,2020-12-12,15:00,Sheffield Weds,1–2,Barnsley,,Hillsborough Stadium,James Linington,/en/matches/2b55a050/Sheffield-Wednesday-Barnsley-December-12-2020-Championship,,2b55a050
ENG-Championship,2021,2020-12-12 Wycombe Wanderers-Coventry City,Championship,18,Sat,2020-12-12,15:00,Wycombe Wanderers,1–2,Coventry City,2000,Adams Park,Andrew Davies,/en/matches/7ebacc6f/Wycombe-Wanderers-Coventry-City-December-12-2020-Championship,,7ebacc6f
ENG-Championship,2021,2020-12-15 Barnsley-Preston North End,Championship,19,Tue,2020-12-15,19:45,Barnsley,2–1,Preston North End,,Oakwell Stadium,Dean Whitestone,/en/matches/8f228cbd/Barnsley-Preston-North-End-December-15-2020-Championship,,8f228cbd
ENG-Championship,2021,2020-12-15 Bournemouth-Wycombe Wanderers,Championship,19,Tue,2020-12-15,19:45,Bournemouth,1–0,Wycombe Wanderers,2000,Vitality Stadium,Matt Donohue,/en/matches/98972bdb/Bournemouth-Wycombe-Wanderers-December-15-2020-Championship,,98972bdb
ENG-Championship,2021,2020-12-15 Bristol City-Millwall,Championship,19,Tue,2020-12-15,19:45,Bristol City,0–2,Millwall,,Ashton Gate Stadium,David Webb,/en/matches/b6106dc4/Bristol-City-Millwall-December-15-2020-Championship,,b6106dc4
ENG-Championship,2021,2020-12-15 Nottingham Forest-Sheffield Weds,Championship,19,Tue,2020-12-15,19:45,Nottingham Forest,2–0,Sheffield Weds,,The City Ground,Steve Martin,/en/matches/8f6a6683/Nottingham-Forest-Sheffield-Wednesday-December-15-2020-Championship,,8f6a6683
ENG-Championship,2021,2020-12-15 QPR-Stoke City,Championship,19,Tue,2020-12-15,17:30,QPR,0–0,Stoke City,2000,Kiyan Prince Foundation Stadium,Keith Stroud,/en/matches/94913fce/Queens-Park-Rangers-Stoke-City-December-15-2020-Championship,,94913fce
ENG-Championship,2021,2020-12-15 Watford-Brentford,Championship,19,Tue,2020-12-15,20:00,Watford,1–1,Brentford,,Vicarage Road Stadium,James Linington,/en/matches/fb519055/Watford-Brentford-December-15-2020-Championship,,fb519055
ENG-Championship,2021,2020-12-16 Blackburn Rovers-Rotherham United,Championship,19,Wed,2020-12-16,19:45,Blackburn Rovers,2–1,Rotherham United,,Ewood Park,Jarred Gillett,/en/matches/51e292a2/Blackburn-Rovers-Rotherham-United-December-16-2020-Championship,,51e292a2
ENG-Championship,2021,2020-12-16 Cardiff City-Birmingham City,Championship,19,Wed,2020-12-16,19:00,Cardiff City,3–2,Birmingham City,,Cardiff City Stadium,Michael Salisbury,/en/matches/aefb06ef/Cardiff-City-Birmingham-City-December-16-2020-Championship,,aefb06ef
ENG-Championship,2021,2020-12-16 Coventry City-Huddersfield Town,Championship,19,Wed,2020-12-16,20:00,Coventry City,0–0,Huddersfield Town,,St Andrew's Trillion Trophy Stadium,Tim Robinson,/en/matches/99813e40/Coventry-City-Huddersfield-Town-December-16-2020-Championship,,99813e40
ENG-Championship,2021,2020-12-16 Derby County-Swansea City,Championship,19,Wed,2020-12-16,17:30,Derby County,2–0,Swansea City,,iPro Stadium,Gavin Ward,/en/matches/f24e03c3/Derby-County-Swansea-City-December-16-2020-Championship,,f24e03c3
ENG-Championship,2021,2020-12-16 Middlesbrough-Luton Town,Championship,19,Wed,2020-12-16,19:00,Middlesbrough,1–0,Luton Town,,Riverside Stadium,Andrew Davies,/en/matches/a1c1a8f0/Middlesbrough-Luton-Town-December-16-2020-Championship,,a1c1a8f0
ENG-Championship,2021,2020-12-16 Reading-Norwich City,Championship,19,Wed,2020-12-16,20:00,Reading,1–2,Norwich City,,Madejski Stadium,Geoff Eltringham,/en/matches/d5defc1b/Reading-Norwich-City-December-16-2020-Championship,,d5defc1b
ENG-Championship,2021,2020-12-18 Preston North End-Bristol City,Championship,20,Fri,2020-12-18,20:00,Preston North End,1–0,Bristol City,,Deepdale Stadium,Geoff Eltringham,/en/matches/e02cd028/Preston-North-End-Bristol-City-December-18-2020-Championship,,e02cd028
ENG-Championship,2021,2020-12-19 Birmingham City-Middlesbrough,Championship,20,Sat,2020-12-19,15:00,Birmingham City,1–4,Middlesbrough,,St Andrew's Trillion Trophy Stadium,Steve Martin,/en/matches/24ab7b9f/Birmingham-City-Middlesbrough-December-19-2020-Championship,,24ab7b9f
ENG-Championship,2021,2020-12-19 Brentford-Reading,Championship,20,Sat,2020-12-19,15:00,Brentford,3–1,Reading,,Brentford Community Stadium,Keith Stroud,/en/matches/d13b78bd/Brentford-Reading-December-19-2020-Championship,,d13b78bd
ENG-Championship,2021,2020-12-19 Huddersfield Town-Watford,Championship,20,Sat,2020-12-19,15:00,Huddersfield Town,2–0,Watford,,The John Smith's Stadium,Leigh Doughty,/en/matches/dca15e87/Huddersfield-Town-Watford-December-19-2020-Championship,,dca15e87
ENG-Championship,2021,2020-12-19 Luton Town-Bournemouth,Championship,20,Sat,2020-12-19,15:00,Luton Town,0–0,Bournemouth,,Kenilworth Road Stadium,Dean Whitestone,/en/matches/108799c2/Luton-Town-Bournemouth-December-19-2020-Championship,,108799c2
ENG-Championship,2021,2020-12-19 Millwall-Nottingham Forest,Championship,20,Sat,2020-12-19,15:00,Millwall,1–1,Nottingham Forest,,The Den,Oliver Langford,/en/matches/41935642/Millwall-Nottingham-Forest-December-19-2020-Championship,,41935642
ENG-Championship,2021,2020-12-19 Norwich City-Cardiff City,Championship,20,Sat,2020-12-19,12:30,Norwich City,2–0,Cardiff City,2000,Carrow Road,Tim Robinson,/en/matches/89a2821d/Norwich-City-Cardiff-City-December-19-2020-Championship,,89a2821d
ENG-Championship,2021,2020-12-19 Sheffield Weds-Coventry City,Championship,20,Sat,2020-12-19,15:00,Sheffield Weds,1–0,Coventry City,,Hillsborough Stadium,John Brooks,/en/matches/12cf3083/Sheffield-Wednesday-Coventry-City-December-19-2020-Championship,,12cf3083
ENG-Championship,2021,2020-12-19 Stoke City-Blackburn Rovers,Championship,20,Sat,2020-12-19,15:00,Stoke City,1–0,Blackburn Rovers,,Bet365 Stadium,David Webb,/en/matches/fa431ce0/Stoke-City-Blackburn-Rovers-December-19-2020-Championship,,fa431ce0
ENG-Championship,2021,2020-12-19 Swansea City-Barnsley,Championship,20,Sat,2020-12-19,15:00,Swansea City,2–0,Barnsley,,Liberty Stadium,Andrew Davies,/en/matches/c6ca85a0/Swansea-City-Barnsley-December-19-2020-Championship,,c6ca85a0
ENG-Championship,2021,2020-12-19 Wycombe Wanderers-QPR,Championship,20,Sat,2020-12-19,15:00,Wycombe Wanderers,1–1,QPR,,Adams Park,Gavin Ward,/en/matches/3c042360/Wycombe-Wanderers-Queens-Park-Rangers-December-19-2020-Championship,,3c042360
ENG-Championship,2021,2020-12-26 Barnsley-Huddersfield Town,Championship,21,Sat,2020-12-26,15:00,Barnsley,2–1,Huddersfield Town,,Oakwell Stadium,David Webb,/en/matches/909ace5e/Barnsley-Huddersfield-Town-December-26-2020-Championship,,909ace5e
ENG-Championship,2021,2020-12-26 Blackburn Rovers-Sheffield Weds,Championship,21,Sat,2020-12-26,15:00,Blackburn Rovers,1–1,Sheffield Weds,,Ewood Park,Tony Harrington,/en/matches/2ba938ce/Blackburn-Rovers-Sheffield-Wednesday-December-26-2020-Championship,,2ba938ce
ENG-Championship,2021,2020-12-26 Bristol City-Wycombe Wanderers,Championship,21,Sat,2020-12-26,15:00,Bristol City,2–1,Wycombe Wanderers,,Ashton Gate Stadium,Keith Stroud,/en/matches/7d80ddec/Bristol-City-Wycombe-Wanderers-December-26-2020-Championship,,7d80ddec
ENG-Championship,2021,2020-12-26 Cardiff City-Brentford,Championship,21,Sat,2020-12-26,15:00,Cardiff City,2–3,Brentford,,Cardiff City Stadium,Dean Whitestone,/en/matches/d68133c8/Cardiff-City-Brentford-December-26-2020-Championship,,d68133c8
ENG-Championship,2021,2020-12-26 Coventry City-Stoke City,Championship,21,Sat,2020-12-26,15:00,Coventry City,0–0,Stoke City,,St Andrew's Trillion Trophy Stadium,Jarred Gillett,/en/matches/0bf82169/Coventry-City-Stoke-City-December-26-2020-Championship,,0bf82169
ENG-Championship,2021,2020-12-26 Derby County-Preston North End,Championship,21,Sat,2020-12-26,15:00,Derby County,0–1,Preston North End,,iPro Stadium,Darren Bond,/en/matches/cfa3b03b/Derby-County-Preston-North-End-December-26-2020-Championship,,cfa3b03b
ENG-Championship,2021,2020-12-26 Nottingham Forest-Birmingham City,Championship,21,Sat,2020-12-26,15:00,Nottingham Forest,0–0,Birmingham City,,The City Ground,Jeremy Simpson,/en/matches/530f73a0/Nottingham-Forest-Birmingham-City-December-26-2020-Championship,,530f73a0
ENG-Championship,2021,2020-12-26 QPR-Swansea City,Championship,21,Sat,2020-12-26,15:00,QPR,0–2,Swansea City,,Kiyan Prince Foundation Stadium,Steve Martin,/en/matches/6e6b4119/Queens-Park-Rangers-Swansea-City-December-26-2020-Championship,,6e6b4119
ENG-Championship,2021,2020-12-26 Reading-Luton Town,Championship,21,Sat,2020-12-26,15:00,Reading,2–1,Luton Town,,Madejski Stadium,Matt Donohue,/en/matches/c7209c10/Reading-Luton-Town-December-26-2020-Championship,,c7209c10
ENG-Championship,2021,2020-12-26 Watford-Norwich City,Championship,21,Sat,2020-12-26,19:45,Watford,1–0,Norwich City,,Vicarage Road Stadium,John Brooks,/en/matches/6385f395/Watford-Norwich-City-December-26-2020-Championship,,6385f395
ENG-Championship,2021,2020-12-29 Birmingham City-Derby County,Championship,22,Tue,2020-12-29,17:30,Birmingham City,0–4,Derby County,,St Andrew's Trillion Trophy Stadium,Tony Harrington,/en/matches/3b2946ab/Birmingham-City-Derby-County-December-29-2020-Championship,,3b2946ab
ENG-Championship,2021,2020-12-29 Huddersfield Town-Blackburn Rovers,Championship,22,Tue,2020-12-29,19:45,Huddersfield Town,2–1,Blackburn Rovers,,The John Smith's Stadium,Matt Donohue,/en/matches/334608ff/Huddersfield-Town-Blackburn-Rovers-December-29-2020-Championship,,334608ff
ENG-Championship,2021,2020-12-29 Luton Town-Bristol City,Championship,22,Tue,2020-12-29,19:45,Luton Town,2–1,Bristol City,,Kenilworth Road Stadium,Gavin Ward,/en/matches/774d66d0/Luton-Town-Bristol-City-December-29-2020-Championship,,774d66d0
ENG-Championship,2021,2020-12-29 Norwich City-QPR,Championship,22,Tue,2020-12-29,19:45,Norwich City,1–1,QPR,,Carrow Road,Oliver Langford,/en/matches/c2a5fe53/Norwich-City-Queens-Park-Rangers-December-29-2020-Championship,,c2a5fe53
ENG-Championship,2021,2020-12-29 Preston North End-Coventry City,Championship,22,Tue,2020-12-29,19:45,Preston North End,2–0,Coventry City,,Deepdale Stadium,Keith Stroud,/en/matches/70a704c0/Preston-North-End-Coventry-City-December-29-2020-Championship,,70a704c0
ENG-Championship,2021,2020-12-29 Rotherham United-Barnsley,Championship,22,Tue,2020-12-29,19:45,Rotherham United,1–2,Barnsley,,New York Stadium,Steve Martin,/en/matches/1e8375af/Rotherham-United-Barnsley-December-29-2020-Championship,,1e8375af
ENG-Championship,2021,2020-12-29 Sheffield Weds-Middlesbrough,Championship,22,Tue,2020-12-29,19:00,Sheffield Weds,2–1,Middlesbrough,,Hillsborough Stadium,Geoff Eltringham,/en/matches/cd909cbe/Sheffield-Wednesday-Middlesbrough-December-29-2020-Championship,,cd909cbe
ENG-Championship,2021,2020-12-29 Stoke City-Nottingham Forest,Championship,22,Tue,2020-12-29,20:00,Stoke City,1–1,Nottingham Forest,,Bet365 Stadium,Dean Whitestone,/en/matches/7dffb337/Stoke-City-Nottingham-Forest-December-29-2020-Championship,,7dffb337
ENG-Championship,2021,2020-12-29 Wycombe Wanderers-Cardiff City,Championship,22,Tue,2020-12-29,19:45,Wycombe Wanderers,2–1,Cardiff City,,Adams Park,Leigh Doughty,/en/matches/eece8669/Wycombe-Wanderers-Cardiff-City-December-29-2020-Championship,,eece8669
ENG-Championship,2021,2020-12-30 Brentford-Bournemouth,Championship,22,Wed,2020-12-30,17:30,Brentford,2–1,Bournemouth,,Brentford Community Stadium,Jarred Gillett,/en/matches/8abb9ff8/Brentford-Bournemouth-December-30-2020-Championship,,8abb9ff8
ENG-Championship,2021,2020-12-30 Swansea City-Reading,Championship,22,Wed,2020-12-30,20:00,Swansea City,0–0,Reading,,Liberty Stadium,David Webb,/en/matches/9be19b83/Swansea-City-Reading-December-30-2020-Championship,,9be19b83
ENG-Championship,2021,2021-01-01 Sheffield Weds-Derby County,Championship,23,Fri,2021-01-01,17:30,Sheffield Weds,1–0,Derby County,,Hillsborough Stadium,Matt Donohue,/en/matches/4a1b650d/Sheffield-Wednesday-Derby-County-January-1-2021-Championship,,4a1b650d
ENG-Championship,2021,2021-01-02 Birmingham City-Blackburn Rovers,Championship,23,Sat,2021-01-02,15:00,Birmingham City,0–2,Blackburn Rovers,,St Andrew's Trillion Trophy Stadium,Gavin Ward,/en/matches/ddadddcd/Birmingham-City-Blackburn-Rovers-January-2-2021-Championship,,ddadddcd
ENG-Championship,2021,2021-01-02 Huddersfield Town-Reading,Championship,23,Sat,2021-01-02,15:00,Huddersfield Town,1–2,Reading,,The John Smith's Stadium,Jeremy Simpson,/en/matches/7cf6332d/Huddersfield-Town-Reading-January-2-2021-Championship,,7cf6332d
ENG-Championship,2021,2021-01-02 Millwall-Coventry City,Championship,23,Sat,2021-01-02,15:00,Millwall,1–2,Coventry City,,The Den,James Linington,/en/matches/23b10e68/Millwall-Coventry-City-January-2-2021-Championship,,23b10e68
ENG-Championship,2021,2021-01-02 Norwich City-Barnsley,Championship,23,Sat,2021-01-02,15:00,Norwich City,1–0,Barnsley,,Carrow Road,Michael Salisbury,/en/matches/1131a36f/Norwich-City-Barnsley-January-2-2021-Championship,,1131a36f
ENG-Championship,2021,2021-01-02 Preston North End-Nottingham Forest,Championship,23,Sat,2021-01-02,15:00,Preston North End,0–1,Nottingham Forest,,Deepdale Stadium,Tim Robinson,/en/matches/1f7fdfb4/Preston-North-End-Nottingham-Forest-January-2-2021-Championship,,1f7fdfb4
ENG-Championship,2021,2021-01-02 Stoke City-Bournemouth,Championship,23,Sat,2021-01-02,19:45,Stoke City,0–1,Bournemouth,,Bet365 Stadium,John Brooks,/en/matches/7a09e34f/Stoke-City-Bournemouth-January-2-2021-Championship,,7a09e34f
ENG-Championship,2021,2021-01-02 Swansea City-Watford,Championship,23,Sat,2021-01-02,15:00,Swansea City,2–1,Watford,,Liberty Stadium,Darren Bond,/en/matches/f0f268fa/Swansea-City-Watford-January-2-2021-Championship,,f0f268fa
ENG-Championship,2021,2021-01-02 Wycombe Wanderers-Middlesbrough,Championship,23,Sat,2021-01-02,15:00,Wycombe Wanderers,1–3,Middlesbrough,,Adams Park,Jarred Gillett,/en/matches/bd740b56/Wycombe-Wanderers-Middlesbrough-January-2-2021-Championship,,bd740b56
ENG-Championship,2021,2021-01-12 Bournemouth-Millwall,Championship,21,Tue,2021-01-12,19:45,Bournemouth,1–1,Millwall,,Vitality Stadium,Tim Robinson,/en/matches/6236947a/Bournemouth-Millwall-January-12-2021-Championship,,6236947a
ENG-Championship,2021,2021-01-12 Luton Town-QPR,Championship,23,Tue,2021-01-12,19:00,Luton Town,0–2,QPR,,Kenilworth Road Stadium,Andy Woolmer,/en/matches/d6ede2db/Luton-Town-Queens-Park-Rangers-January-12-2021-Championship,,d6ede2db
ENG-Championship,2021,2021-01-16 Barnsley-Swansea City,Championship,24,Sat,2021-01-16,19:45,Barnsley,0–2,Swansea City,,Oakwell Stadium,Jeremy Simpson,/en/matches/11bbc6bb/Barnsley-Swansea-City-January-16-2021-Championship,,11bbc6bb
ENG-Championship,2021,2021-01-16 Blackburn Rovers-Stoke City,Championship,24,Sat,2021-01-16,15:00,Blackburn Rovers,1–1,Stoke City,,Ewood Park,Geoff Eltringham,/en/matches/bdf7d2dd/Blackburn-Rovers-Stoke-City-January-16-2021-Championship,,bdf7d2dd
ENG-Championship,2021,2021-01-16 Bournemouth-Luton Town,Championship,24,Sat,2021-01-16,15:00,Bournemouth,0–1,Luton Town,,Vitality Stadium,David Webb,/en/matches/6d740b8d/Bournemouth-Luton-Town-January-16-2021-Championship,,6d740b8d
ENG-Championship,2021,2021-01-16 Bristol City-Preston North End,Championship,24,Sat,2021-01-16,15:00,Bristol City,2–0,Preston North End,,Ashton Gate Stadium,Dean Whitestone,/en/matches/49e77489/Bristol-City-Preston-North-End-January-16-2021-Championship,,49e77489
ENG-Championship,2021,2021-01-16 Cardiff City-Norwich City,Championship,24,Sat,2021-01-16,15:00,Cardiff City,1–2,Norwich City,,Cardiff City Stadium,Tony Harrington,/en/matches/ca75b2e9/Cardiff-City-Norwich-City-January-16-2021-Championship,,ca75b2e9
ENG-Championship,2021,2021-01-16 Derby County-Rotherham United,Championship,24,Sat,2021-01-16,15:00,Derby County,0–1,Rotherham United,,iPro Stadium,James Linington,/en/matches/6d667ec5/Derby-County-Rotherham-United-January-16-2021-Championship,,6d667ec5
ENG-Championship,2021,2021-01-16 Middlesbrough-Birmingham City,Championship,24,Sat,2021-01-16,12:30,Middlesbrough,0–1,Birmingham City,,Riverside Stadium,Darren England,/en/matches/0747548c/Middlesbrough-Birmingham-City-January-16-2021-Championship,,0747548c
ENG-Championship,2021,2021-01-16 Nottingham Forest-Millwall,Championship,24,Sat,2021-01-16,15:00,Nottingham Forest,3–1,Millwall,,The City Ground,Keith Stroud,/en/matches/f6961162/Nottingham-Forest-Millwall-January-16-2021-Championship,,f6961162
ENG-Championship,2021,2021-01-16 Watford-Huddersfield Town,Championship,24,Sat,2021-01-16,15:00,Watford,2–0,Huddersfield Town,,Vicarage Road Stadium,Michael Salisbury,/en/matches/17c33b54/Watford-Huddersfield-Town-January-16-2021-Championship,,17c33b54
ENG-Championship,2021,2021-01-19 Derby County-Bournemouth,Championship,25,Tue,2021-01-19,18:00,Derby County,1–0,Bournemouth,,iPro Stadium,Oliver Langford,/en/matches/f68ecdc3/Derby-County-Bournemouth-January-19-2021-Championship,,f68ecdc3
ENG-Championship,2021,2021-01-19 Reading-Coventry City,Championship,25,Tue,2021-01-19,18:00,Reading,3–0,Coventry City,,Madejski Stadium,Dean Whitestone,/en/matches/803c41dc/Reading-Coventry-City-January-19-2021-Championship,,803c41dc
ENG-Championship,2021,2021-01-19 Rotherham United-Stoke City,Championship,25,Tue,2021-01-19,19:45,Rotherham United,3–3,Stoke City,,New York Stadium,Matt Donohue,/en/matches/fa8a731d/Rotherham-United-Stoke-City-January-19-2021-Championship,,fa8a731d
ENG-Championship,2021,2021-01-19 Watford-Barnsley,Championship,25,Tue,2021-01-19,19:45,Watford,1–0,Barnsley,,Vicarage Road Stadium,Tim Robinson,/en/matches/d102e0dd/Watford-Barnsley-January-19-2021-Championship,,d102e0dd
ENG-Championship,2021,2021-01-20 Birmingham City-Preston North End,Championship,25,Wed,2021-01-20,19:45,Birmingham City,0–1,Preston North End,,St Andrew's Trillion Trophy Stadium,Tony Harrington,/en/matches/e5e59709/Birmingham-City-Preston-North-End-January-20-2021-Championship,,e5e59709
ENG-Championship,2021,2021-01-20 Brentford-Luton Town,Championship,25,Wed,2021-01-20,19:00,Brentford,1–0,Luton Town,,Brentford Community Stadium,Steve Martin,/en/matches/df537647/Brentford-Luton-Town-January-20-2021-Championship,,df537647
ENG-Championship,2021,2021-01-20 Cardiff City-QPR,Championship,25,Wed,2021-01-20,19:00,Cardiff City,0–1,QPR,,Cardiff City Stadium,Darren Bond,/en/matches/9f0d5783/Cardiff-City-Queens-Park-Rangers-January-20-2021-Championship,,9f0d5783
ENG-Championship,2021,2021-01-20 Huddersfield Town-Millwall,Championship,25,Wed,2021-01-20,19:00,Huddersfield Town,0–1,Millwall,,The John Smith's Stadium,Peter Bankes,/en/matches/a42352c0/Huddersfield-Town-Millwall-January-20-2021-Championship,,a42352c0
ENG-Championship,2021,2021-01-20 Norwich City-Bristol City,Championship,25,Wed,2021-01-20,18:00,Norwich City,2–0,Bristol City,,Carrow Road,James Linington,/en/matches/5cd37dcd/Norwich-City-Bristol-City-January-20-2021-Championship,,5cd37dcd
ENG-Championship,2021,2021-01-20 Nottingham Forest-Middlesbrough,Championship,25,Wed,2021-01-20,19:00,Nottingham Forest,1–2,Middlesbrough,,The City Ground,Andy Woolmer,/en/matches/fda1f98d/Nottingham-Forest-Middlesbrough-January-20-2021-Championship,,fda1f98d
ENG-Championship,2021,2021-01-22 Stoke City-Watford,Championship,26,Fri,2021-01-22,19:45,Stoke City,1–2,Watford,,Bet365 Stadium,Oliver Langford,/en/matches/ffbff265/Stoke-City-Watford-January-22-2021-Championship,,ffbff265
ENG-Championship,2021,2021-01-23 QPR-Derby County,Championship,26,Sat,2021-01-23,15:00,QPR,0–1,Derby County,,Kiyan Prince Foundation Stadium,Tim Robinson,/en/matches/888e1777/Queens-Park-Rangers-Derby-County-January-23-2021-Championship,,888e1777
ENG-Championship,2021,2021-01-24 Middlesbrough-Blackburn Rovers,Championship,26,Sun,2021-01-24,15:00,Middlesbrough,0–1,Blackburn Rovers,,Riverside Stadium,Dean Whitestone,/en/matches/8fdfed64/Middlesbrough-Blackburn-Rovers-January-24-2021-Championship,,8fdfed64
ENG-Championship,2021,2021-01-24 Preston North End-Reading,Championship,26,Sun,2021-01-24,12:30,Preston North End,0–0,Reading,,Deepdale Stadium,Geoff Eltringham,/en/matches/0fb193a0/Preston-North-End-Reading-January-24-2021-Championship,,0fb193a0
ENG-Championship,2021,2021-01-26 Bristol City-Huddersfield Town,Championship,26,Tue,2021-01-26,19:00,Bristol City,2–1,Huddersfield Town,,Ashton Gate Stadium,Steve Martin,/en/matches/a639e47b/Bristol-City-Huddersfield-Town-January-26-2021-Championship,,a639e47b
ENG-Championship,2021,2021-01-26 Millwall-Watford,Championship,22,Tue,2021-01-26,19:00,Millwall,0–0,Watford,,The Den,Jeremy Simpson,/en/matches/77d26529/Millwall-Watford-January-26-2021-Championship,,77d26529
ENG-Championship,2021,2021-01-27 Barnsley-Cardiff City,Championship,26,Wed,2021-01-27,19:00,Barnsley,2–2,Cardiff City,,Oakwell Stadium,Andy Woolmer,/en/matches/4a7dff9a/Barnsley-Cardiff-City-January-27-2021-Championship,,4a7dff9a
ENG-Championship,2021,2021-01-27 Coventry City-Sheffield Weds,Championship,24,Wed,2021-01-27,19:00,Coventry City,2–0,Sheffield Weds,,St Andrew's Trillion Trophy Stadium,Leigh Doughty,/en/matches/728db4d9/Coventry-City-Sheffield-Wednesday-January-27-2021-Championship,,728db4d9
ENG-Championship,2021,2021-01-27 Middlesbrough-Rotherham United,Championship,21,Wed,2021-01-27,19:00,Middlesbrough,0–3,Rotherham United,,Riverside Stadium,Michael Salisbury,/en/matches/87e8ffdc/Middlesbrough-Rotherham-United-January-27-2021-Championship,,87e8ffdc
ENG-Championship,2021,2021-01-27 Swansea City-Brentford,Championship,26,Wed,2021-01-27,19:00,Swansea City,1–1,Brentford,,Liberty Stadium,John Brooks,/en/matches/254d0358/Swansea-City-Brentford-January-27-2021-Championship,,254d0358
ENG-Championship,2021,2021-01-29 Reading-Bournemouth,Championship,27,Fri,2021-01-29,20:00,Reading,3–1,Bournemouth,,Madejski Stadium,James Linington,/en/matches/303da0b8/Reading-Bournemouth-January-29-2021-Championship,,303da0b8
ENG-Championship,2021,2021-01-30 Birmingham City-Coventry City,Championship,27,Sat,2021-01-30,15:00,Birmingham City,1–1,Coventry City,,St Andrew's Trillion Trophy Stadium,Geoff Eltringham,/en/matches/913ad59f/Birmingham-City-Coventry-City-January-30-2021-Championship,,913ad59f
ENG-Championship,2021,2021-01-30 Blackburn Rovers-Luton Town,Championship,27,Sat,2021-01-30,15:00,Blackburn Rovers,1–0,Luton Town,,Ewood Park,Jeremy Simpson,/en/matches/9964a195/Blackburn-Rovers-Luton-Town-January-30-2021-Championship,,9964a195
ENG-Championship,2021,2021-01-30 Brentford-Wycombe Wanderers,Championship,27,Sat,2021-01-30,15:00,Brentford,7–2,Wycombe Wanderers,,Brentford Community Stadium,Michael Salisbury,/en/matches/45eb0e08/Brentford-Wycombe-Wanderers-January-30-2021-Championship,,45eb0e08
ENG-Championship,2021,2021-01-30 Cardiff City-Millwall,Championship,27,Sat,2021-01-30,15:00,Cardiff City,1–1,Millwall,,Cardiff City Stadium,Matt Donohue,/en/matches/a53bc1f3/Cardiff-City-Millwall-January-30-2021-Championship,,a53bc1f3
ENG-Championship,2021,2021-01-30 Derby County-Bristol City,Championship,27,Sat,2021-01-30,15:00,Derby County,1–0,Bristol City,,iPro Stadium,Darren England,/en/matches/d0f63d10/Derby-County-Bristol-City-January-30-2021-Championship,,d0f63d10
ENG-Championship,2021,2021-01-30 Huddersfield Town-Stoke City,Championship,27,Sat,2021-01-30,15:00,Huddersfield Town,1–1,Stoke City,,The John Smith's Stadium,Gavin Ward,/en/matches/39b23105/Huddersfield-Town-Stoke-City-January-30-2021-Championship,,39b23105
ENG-Championship,2021,2021-01-30 Norwich City-Middlesbrough,Championship,27,Sat,2021-01-30,12:30,Norwich City,0–0,Middlesbrough,,Carrow Road,Keith Stroud,/en/matches/90f14547/Norwich-City-Middlesbrough-January-30-2021-Championship,,90f14547
ENG-Championship,2021,2021-01-30 Nottingham Forest-Barnsley,Championship,27,Sat,2021-01-30,15:00,Nottingham Forest,0–0,Barnsley,,The City Ground,Leigh Doughty,/en/matches/5f9168c3/Nottingham-Forest-Barnsley-January-30-2021-Championship,,5f9168c3
ENG-Championship,2021,2021-01-30 Rotherham United-Swansea City,Championship,27,Sat,2021-01-30,15:00,Rotherham United,1–3,Swansea City,,New York Stadium,Tony Harrington,/en/matches/f8c291cc/Rotherham-United-Swansea-City-January-30-2021-Championship,,f8c291cc
ENG-Championship,2021,2021-01-30 Sheffield Weds-Preston North End,Championship,27,Sat,2021-01-30,15:00,Sheffield Weds,1–0,Preston North End,,Hillsborough Stadium,Andre Marriner,/en/matches/864217c6/Sheffield-Wednesday-Preston-North-End-January-30-2021-Championship,,864217c6
ENG-Championship,2021,2021-02-01 Watford-QPR,Championship,27,Mon,2021-02-01,19:45,Watford,1–2,QPR,,Vicarage Road Stadium,Jarred Gillett,/en/matches/8eccc0d8/Watford-Queens-Park-Rangers-February-1-2021-Championship,,8eccc0d8
ENG-Championship,2021,2021-02-02 Bournemouth-Sheffield Weds,Championship,26,Tue,2021-02-02,19:00,Bournemouth,1–2,Sheffield Weds,,Vitality Stadium,Andy Woolmer,/en/matches/30aa6d4a/Bournemouth-Sheffield-Wednesday-February-2-2021-Championship,,30aa6d4a
ENG-Championship,2021,2021-02-02 Coventry City-Nottingham Forest,Championship,26,Tue,2021-02-02,19:00,Coventry City,1–2,Nottingham Forest,,St Andrew's Trillion Trophy Stadium,Tony Harrington,/en/matches/cf53dbfa/Coventry-City-Nottingham-Forest-February-2-2021-Championship,,cf53dbfa
ENG-Championship,2021,2021-02-02 Millwall-Norwich City,Championship,26,Tue,2021-02-02,18:00,Millwall,0–0,Norwich City,,The Den,Steve Martin,/en/matches/141f11cb/Millwall-Norwich-City-February-2-2021-Championship,,141f11cb
ENG-Championship,2021,2021-02-02 Wycombe Wanderers-Birmingham City,Championship,26,Tue,2021-02-02,19:00,Wycombe Wanderers,0–0,Birmingham City,,Adams Park,John Brooks,/en/matches/3e5aab8e/Wycombe-Wanderers-Birmingham-City-February-2-2021-Championship,,3e5aab8e
ENG-Championship,2021,2021-02-03 Brentford-Bristol City,Championship,23,Wed,2021-02-03,19:45,Brentford,3–2,Bristol City,,Brentford Community Stadium,Tim Robinson,/en/matches/3b01cdee/Brentford-Bristol-City-February-3-2021-Championship,,3b01cdee
ENG-Championship,2021,2021-02-03 Rotherham United-Derby County,Championship,20,Wed,2021-02-03,19:00,Rotherham United,3–0,Derby County,,New York Stadium,Jeremy Simpson,/en/matches/ca9206b8/Rotherham-United-Derby-County-February-3-2021-Championship,,ca9206b8
ENG-Championship,2021,2021-02-05 Swansea City-Norwich City,Championship,28,Fri,2021-02-05,20:15,Swansea City,2–0,Norwich City,,Liberty Stadium,Simon Hooper,/en/matches/b6cd20be/Swansea-City-Norwich-City-February-5-2021-Championship,,b6cd20be
ENG-Championship,2021,2021-02-06 Bournemouth-Birmingham City,Championship,28,Sat,2021-02-06,15:00,Bournemouth,3–2,Birmingham City,,Vitality Stadium,Jeremy Simpson,/en/matches/3cf5770d/Bournemouth-Birmingham-City-February-6-2021-Championship,,3cf5770d
ENG-Championship,2021,2021-02-06 Bristol City-Cardiff City,Championship,28,Sat,2021-02-06,15:00,Bristol City,0–2,Cardiff City,,Ashton Gate Stadium,Jarred Gillett,/en/matches/eaa57f23/Bristol-City-Cardiff-City-February-6-2021-Championship,,eaa57f23
ENG-Championship,2021,2021-02-06 Coventry City-Watford,Championship,28,Sat,2021-02-06,12:30,Coventry City,0–0,Watford,,St Andrew's Trillion Trophy Stadium,Graham Scott,/en/matches/1b30e4af/Coventry-City-Watford-February-6-2021-Championship,,1b30e4af
ENG-Championship,2021,2021-02-06 Luton Town-Huddersfield Town,Championship,28,Sat,2021-02-06,15:00,Luton Town,1–1,Huddersfield Town,,Kenilworth Road Stadium,Leigh Doughty,/en/matches/68531818/Luton-Town-Huddersfield-Town-February-6-2021-Championship,,68531818
ENG-Championship,2021,2021-02-06 Middlesbrough-Brentford,Championship,28,Sat,2021-02-06,15:00,Middlesbrough,1–4,Brentford,,Riverside Stadium,Darren Bond,/en/matches/587d2d4d/Middlesbrough-Brentford-February-6-2021-Championship,,587d2d4d
ENG-Championship,2021,2021-02-06 Millwall-Sheffield Weds,Championship,28,Sat,2021-02-06,15:00,Millwall,4–1,Sheffield Weds,,The Den,Geoff Eltringham,/en/matches/be7a39ad/Millwall-Sheffield-Wednesday-February-6-2021-Championship,,be7a39ad
ENG-Championship,2021,2021-02-06 Preston North End-Rotherham United,Championship,28,Sat,2021-02-06,15:00,Preston North End,1–2,Rotherham United,,Deepdale Stadium,Gavin Ward,/en/matches/8459cca8/Preston-North-End-Rotherham-United-February-6-2021-Championship,,8459cca8
ENG-Championship,2021,2021-02-06 QPR-Blackburn Rovers,Championship,28,Sat,2021-02-06,15:00,QPR,1–0,Blackburn Rovers,,Kiyan Prince Foundation Stadium,Tony Harrington,/en/matches/ba139c1b/Queens-Park-Rangers-Blackburn-Rovers-February-6-2021-Championship,,ba139c1b
ENG-Championship,2021,2021-02-06 Stoke City-Reading,Championship,28,Sat,2021-02-06,15:00,Stoke City,0–0,Reading,,Bet365 Stadium,Tim Robinson,/en/matches/b307e64b/Stoke-City-Reading-February-6-2021-Championship,,b307e64b
ENG-Championship,2021,2021-02-06 Wycombe Wanderers-Nottingham Forest,Championship,28,Sat,2021-02-06,15:00,Wycombe Wanderers,0–3,Nottingham Forest,,Adams Park,James Linington,/en/matches/ea91f27f/Wycombe-Wanderers-Nottingham-Forest-February-6-2021-Championship,,ea91f27f
ENG-Championship,2021,2021-02-09 Rotherham United-Cardiff City,Championship,23,Tue,2021-02-09,19:00,Rotherham United,1–2,Cardiff City,,New York Stadium,Geoff Eltringham,/en/matches/08026f0f/Rotherham-United-Cardiff-City-February-9-2021-Championship,,08026f0f
ENG-Championship,2021,2021-02-09 Sheffield Weds-Wycombe Wanderers,Championship,25,Tue,2021-02-09,19:00,Sheffield Weds,2–0,Wycombe Wanderers,,Hillsborough Stadium,Gavin Ward,/en/matches/a7e49ecc/Sheffield-Wednesday-Wycombe-Wanderers-February-9-2021-Championship,,a7e49ecc
ENG-Championship,2021,2021-02-10 Reading-Brentford,Championship,24,Wed,2021-02-10,19:00,Reading,1–3,Brentford,,Madejski Stadium,Tony Harrington,/en/matches/f25173e9/Reading-Brentford-February-10-2021-Championship,,f25173e9
ENG-Championship,2021,2021-02-12 Blackburn Rovers-Preston North End,Championship,29,Fri,2021-02-12,19:45,Blackburn Rovers,1–2,Preston North End,,Ewood Park,David Webb,/en/matches/cf2c8c60/Blackburn-Rovers-Preston-North-End-February-12-2021-Championship,,cf2c8c60
ENG-Championship,2021,2021-02-13 Birmingham City-Luton Town,Championship,29,Sat,2021-02-13,15:00,Birmingham City,0–1,Luton Town,,St Andrew's Trillion Trophy Stadium,Gavin Ward,/en/matches/700c640b/Birmingham-City-Luton-Town-February-13-2021-Championship,,700c640b
ENG-Championship,2021,2021-02-13 Cardiff City-Coventry City,Championship,29,Sat,2021-02-13,15:00,Cardiff City,3–1,Coventry City,,Cardiff City Stadium,James Linington,/en/matches/93b3bbc7/Cardiff-City-Coventry-City-February-13-2021-Championship,,93b3bbc7
ENG-Championship,2021,2021-02-13 Derby County-Middlesbrough,Championship,29,Sat,2021-02-13,15:00,Derby County,2–1,Middlesbrough,,iPro Stadium,Matt Donohue,/en/matches/4b56b44e/Derby-County-Middlesbrough-February-13-2021-Championship,,4b56b44e
ENG-Championship,2021,2021-02-13 Huddersfield Town-Wycombe Wanderers,Championship,29,Sat,2021-02-13,15:00,Huddersfield Town,2–3,Wycombe Wanderers,,The John Smith's Stadium,Keith Stroud,/en/matches/a4c29793/Huddersfield-Town-Wycombe-Wanderers-February-13-2021-Championship,,a4c29793
ENG-Championship,2021,2021-02-13 Norwich City-Stoke City,Championship,29,Sat,2021-02-13,15:00,Norwich City,4–1,Stoke City,,Carrow Road,Jeremy Simpson,/en/matches/51a26165/Norwich-City-Stoke-City-February-13-2021-Championship,,51a26165
ENG-Championship,2021,2021-02-13 Nottingham Forest-Bournemouth,Championship,29,Sat,2021-02-13,12:30,Nottingham Forest,0–0,Bournemouth,,The City Ground,Chris Kavanagh,/en/matches/99ef7aa2/Nottingham-Forest-Bournemouth-February-13-2021-Championship,,99ef7aa2
ENG-Championship,2021,2021-02-13 Reading-Millwall,Championship,29,Sat,2021-02-13,15:00,Reading,1–2,Millwall,,Madejski Stadium,Andy Woolmer,/en/matches/69d3dd61/Reading-Millwall-February-13-2021-Championship,,69d3dd61
ENG-Championship,2021,2021-02-13 Watford-Bristol City,Championship,29,Sat,2021-02-13,15:00,Watford,6–0,Bristol City,,Vicarage Road Stadium,John Brooks,/en/matches/040c54c5/Watford-Bristol-City-February-13-2021-Championship,,040c54c5
ENG-Championship,2021,2021-02-14 Brentford-Barnsley,Championship,29,Sun,2021-02-14,13:00,Brentford,0–2,Barnsley,,Brentford Community Stadium,David Coote,/en/matches/e0a4c64f/Brentford-Barnsley-February-14-2021-Championship,,e0a4c64f
ENG-Championship,2021,2021-02-16 Bristol City-Reading,Championship,30,Tue,2021-02-16,19:45,Bristol City,0–2,Reading,,Ashton Gate Stadium,Oliver Langford,/en/matches/436151a5/Bristol-City-Reading-February-16-2021-Championship,,436151a5
ENG-Championship,2021,2021-02-16 Luton Town-Cardiff City,Championship,30,Tue,2021-02-16,20:15,Luton Town,0–2,Cardiff City,,Kenilworth Road Stadium,Tim Robinson,/en/matches/270c6cf7/Luton-Town-Cardiff-City-February-16-2021-Championship,,270c6cf7
ENG-Championship,2021,2021-02-16 Middlesbrough-Huddersfield Town,Championship,30,Tue,2021-02-16,19:45,Middlesbrough,2–1,Huddersfield Town,,Riverside Stadium,Jeremy Simpson,/en/matches/39fced9d/Middlesbrough-Huddersfield-Town-February-16-2021-Championship,,39fced9d
ENG-Championship,2021,2021-02-16 Preston North End-Watford,Championship,30,Tue,2021-02-16,19:00,Preston North End,0–1,Watford,,Deepdale Stadium,Tony Harrington,/en/matches/ab4f6f73/Preston-North-End-Watford-February-16-2021-Championship,,ab4f6f73
ENG-Championship,2021,2021-02-16 Stoke City-Sheffield Weds,Championship,30,Tue,2021-02-16,19:00,Stoke City,1–0,Sheffield Weds,,Bet365 Stadium,James Linington,/en/matches/4aa6e5ae/Stoke-City-Sheffield-Wednesday-February-16-2021-Championship,,4aa6e5ae
ENG-Championship,2021,2021-02-16 Wycombe Wanderers-Derby County,Championship,30,Tue,2021-02-16,19:45,Wycombe Wanderers,1–2,Derby County,,Adams Park,Kevin Friend,/en/matches/5fa4f5ea/Wycombe-Wanderers-Derby-County-February-16-2021-Championship,,5fa4f5ea
ENG-Championship,2021,2021-02-17 Barnsley-Blackburn Rovers,Championship,30,Wed,2021-02-17,19:45,Barnsley,2–1,Blackburn Rovers,,Oakwell Stadium,Matt Donohue,/en/matches/e235d72f/Barnsley-Blackburn-Rovers-February-17-2021-Championship,,e235d72f
ENG-Championship,2021,2021-02-17 Bournemouth-Rotherham United,Championship,30,Wed,2021-02-17,20:15,Bournemouth,1–0,Rotherham United,,Vitality Stadium,Keith Stroud,/en/matches/fcb3ab70/Bournemouth-Rotherham-United-February-17-2021-Championship,,fcb3ab70
ENG-Championship,2021,2021-02-17 Coventry City-Norwich City,Championship,30,Wed,2021-02-17,19:00,Coventry City,0–2,Norwich City,,St Andrew's Trillion Trophy Stadium,Jarred Gillett,/en/matches/70db5790/Coventry-City-Norwich-City-February-17-2021-Championship,,70db5790
ENG-Championship,2021,2021-02-17 Millwall-Birmingham City,Championship,30,Wed,2021-02-17,19:00,Millwall,2–0,Birmingham City,,The Den,Darren Bond,/en/matches/bdb49e1b/Millwall-Birmingham-City-February-17-2021-Championship,,bdb49e1b
ENG-Championship,2021,2021-02-17 QPR-Brentford,Championship,30,Wed,2021-02-17,19:00,QPR,2–1,Brentford,,Kiyan Prince Foundation Stadium,Gavin Ward,/en/matches/469bf7ab/Queens-Park-Rangers-Brentford-February-17-2021-Championship,,469bf7ab
ENG-Championship,2021,2021-02-17 Swansea City-Nottingham Forest,Championship,30,Wed,2021-02-17,19:00,Swansea City,1–0,Nottingham Forest,,Liberty Stadium,Geoff Eltringham,/en/matches/6fea6fea/Swansea-City-Nottingham-Forest-February-17-2021-Championship,,6fea6fea
ENG-Championship,2021,2021-02-19 Watford-Derby County,Championship,31,Fri,2021-02-19,19:45,Watford,2–1,Derby County,,Vicarage Road Stadium,Tim Robinson,/en/matches/8a1f72d3/Watford-Derby-County-February-19-2021-Championship,,8a1f72d3
ENG-Championship,2021,2021-02-20 Bristol City-Barnsley,Championship,31,Sat,2021-02-20,15:00,Bristol City,0–1,Barnsley,,Ashton Gate Stadium,James Linington,/en/matches/e6c66e1c/Bristol-City-Barnsley-February-20-2021-Championship,,e6c66e1c
ENG-Championship,2021,2021-02-20 Cardiff City-Preston North End,Championship,31,Sat,2021-02-20,15:00,Cardiff City,4–0,Preston North End,,Cardiff City Stadium,Jeremy Simpson,/en/matches/fc527e7a/Cardiff-City-Preston-North-End-February-20-2021-Championship,,fc527e7a
ENG-Championship,2021,2021-02-20 Coventry City-Brentford,Championship,31,Sat,2021-02-20,12:30,Coventry City,2–0,Brentford,,St Andrew's Trillion Trophy Stadium,Steve Martin,/en/matches/f90b452e/Coventry-City-Brentford-February-20-2021-Championship,,f90b452e
ENG-Championship,2021,2021-02-20 Huddersfield Town-Swansea City,Championship,31,Sat,2021-02-20,15:00,Huddersfield Town,4–1,Swansea City,,The John Smith's Stadium,John Brooks,/en/matches/3457a159/Huddersfield-Town-Swansea-City-February-20-2021-Championship,,3457a159
ENG-Championship,2021,2021-02-20 Millwall-Wycombe Wanderers,Championship,31,Sat,2021-02-20,15:00,Millwall,0–0,Wycombe Wanderers,,The Den,Jarred Gillett,/en/matches/a3f8d8df/Millwall-Wycombe-Wanderers-February-20-2021-Championship,,a3f8d8df
ENG-Championship,2021,2021-02-20 Norwich City-Rotherham United,Championship,31,Sat,2021-02-20,15:00,Norwich City,1–0,Rotherham United,,Carrow Road,Tony Harrington,/en/matches/ff2d4e3e/Norwich-City-Rotherham-United-February-20-2021-Championship,,ff2d4e3e
ENG-Championship,2021,2021-02-20 Nottingham Forest-Blackburn Rovers,Championship,31,Sat,2021-02-20,15:00,Nottingham Forest,1–0,Blackburn Rovers,,The City Ground,Keith Stroud,/en/matches/508d5fbe/Nottingham-Forest-Blackburn-Rovers-February-20-2021-Championship,,508d5fbe
ENG-Championship,2021,2021-02-20 QPR-Bournemouth,Championship,31,Sat,2021-02-20,15:00,QPR,2–1,Bournemouth,,Kiyan Prince Foundation Stadium,Darren Bond,/en/matches/1a9bfab6/Queens-Park-Rangers-Bournemouth-February-20-2021-Championship,,1a9bfab6
ENG-Championship,2021,2021-02-20 Reading-Middlesbrough,Championship,31,Sat,2021-02-20,15:00,Reading,0–2,Middlesbrough,,Madejski Stadium,David Webb,/en/matches/a3e7b2ab/Reading-Middlesbrough-February-20-2021-Championship,,a3e7b2ab
ENG-Championship,2021,2021-02-20 Sheffield Weds-Birmingham City,Championship,31,Sat,2021-02-20,15:00,Sheffield Weds,0–1,Birmingham City,,Hillsborough Stadium,Lee Mason,/en/matches/bf431f81/Sheffield-Wednesday-Birmingham-City-February-20-2021-Championship,,bf431f81
ENG-Championship,2021,2021-02-20 Stoke City-Luton Town,Championship,31,Sat,2021-02-20,15:00,Stoke City,3–0,Luton Town,,Bet365 Stadium,Robert Jones,/en/matches/9d836633/Stoke-City-Luton-Town-February-20-2021-Championship,,9d836633
ENG-Championship,2021,2021-02-23 Birmingham City-Norwich City,Championship,32,Tue,2021-02-23,19:00,Birmingham City,1–3,Norwich City,,St Andrew's Trillion Trophy Stadium,Oliver Langford,/en/matches/60c6e8e3/Birmingham-City-Norwich-City-February-23-2021-Championship,,60c6e8e3
ENG-Championship,2021,2021-02-23 Derby County-Huddersfield Town,Championship,32,Tue,2021-02-23,19:00,Derby County,2–0,Huddersfield Town,,iPro Stadium,Geoff Eltringham,/en/matches/fee0e983/Derby-County-Huddersfield-Town-February-23-2021-Championship,,fee0e983
ENG-Championship,2021,2021-02-23 Luton Town-Millwall,Championship,32,Tue,2021-02-23,19:45,Luton Town,1–1,Millwall,,Kenilworth Road Stadium,Graham Scott,/en/matches/a9ea0fe2/Luton-Town-Millwall-February-23-2021-Championship,,a9ea0fe2
ENG-Championship,2021,2021-02-23 Middlesbrough-Bristol City,Championship,32,Tue,2021-02-23,19:00,Middlesbrough,1–3,Bristol City,,Riverside Stadium,Tim Robinson,/en/matches/5566931a/Middlesbrough-Bristol-City-February-23-2021-Championship,,5566931a
ENG-Championship,2021,2021-02-23 Rotherham United-Nottingham Forest,Championship,32,Tue,2021-02-23,19:45,Rotherham United,0–1,Nottingham Forest,,New York Stadium,Matt Donohue,/en/matches/232f7761/Rotherham-United-Nottingham-Forest-February-23-2021-Championship,,232f7761
ENG-Championship,2021,2021-02-23 Wycombe Wanderers-Reading,Championship,32,Tue,2021-02-23,19:45,Wycombe Wanderers,1–0,Reading,,Adams Park,Dean Whitestone,/en/matches/777b4a19/Wycombe-Wanderers-Reading-February-23-2021-Championship,,777b4a19
ENG-Championship,2021,2021-02-24 Barnsley-Stoke City,Championship,32,Wed,2021-02-24,19:00,Barnsley,2–0,Stoke City,,Oakwell Stadium,Darren Bond,/en/matches/1d198da7/Barnsley-Stoke-City-February-24-2021-Championship,,1d198da7
ENG-Championship,2021,2021-02-24 Blackburn Rovers-Watford,Championship,32,Wed,2021-02-24,19:45,Blackburn Rovers,2–3,Watford,,Ewood Park,James Linington,/en/matches/c6add6a5/Blackburn-Rovers-Watford-February-24-2021-Championship,,c6add6a5
ENG-Championship,2021,2021-02-24 Bournemouth-Cardiff City,Championship,32,Wed,2021-02-24,19:45,Bournemouth,1–2,Cardiff City,,Vitality Stadium,Gavin Ward,/en/matches/b1290363/Bournemouth-Cardiff-City-February-24-2021-Championship,,b1290363
ENG-Championship,2021,2021-02-24 Brentford-Sheffield Weds,Championship,32,Wed,2021-02-24,19:00,Brentford,3–0,Sheffield Weds,,Brentford Community Stadium,Jeremy Simpson,/en/matches/6b1253b3/Brentford-Sheffield-Wednesday-February-24-2021-Championship,,6b1253b3
ENG-Championship,2021,2021-02-24 Preston North End-QPR,Championship,32,Wed,2021-02-24,19:45,Preston North End,0–0,QPR,,Deepdale Stadium,Darren England,/en/matches/33500ef7/Preston-North-End-Queens-Park-Rangers-February-24-2021-Championship,,33500ef7
ENG-Championship,2021,2021-02-24 Swansea City-Coventry City,Championship,32,Wed,2021-02-24,19:00,Swansea City,1–0,Coventry City,,Liberty Stadium,Andy Woolmer,/en/matches/6c1a7238/Swansea-City-Coventry-City-February-24-2021-Championship,,6c1a7238
ENG-Championship,2021,2021-02-26 Derby County-Nottingham Forest,Championship,33,Fri,2021-02-26,19:45,Derby County,1–1,Nottingham Forest,,iPro Stadium,Oliver Langford,/en/matches/cfee946f/Derby-County-Nottingham-Forest-February-26-2021-Championship,,cfee946f
ENG-Championship,2021,2021-02-27 Barnsley-Millwall,Championship,33,Sat,2021-02-27,15:00,Barnsley,2–1,Millwall,,Oakwell Stadium,Leigh Doughty,/en/matches/a15928e3/Barnsley-Millwall-February-27-2021-Championship,,a15928e3
ENG-Championship,2021,2021-02-27 Birmingham City-QPR,Championship,33,Sat,2021-02-27,15:00,Birmingham City,2–1,QPR,,St Andrew's Trillion Trophy Stadium,David Webb,/en/matches/68f11b54/Birmingham-City-Queens-Park-Rangers-February-27-2021-Championship,,68f11b54
ENG-Championship,2021,2021-02-27 Blackburn Rovers-Coventry City,Championship,33,Sat,2021-02-27,15:00,Blackburn Rovers,1–1,Coventry City,,Ewood Park,Darren Bond,/en/matches/4886ab58/Blackburn-Rovers-Coventry-City-February-27-2021-Championship,,4886ab58
ENG-Championship,2021,2021-02-27 Bournemouth-Watford,Championship,33,Sat,2021-02-27,12:30,Bournemouth,1–0,Watford,,Vitality Stadium,Tony Harrington,/en/matches/890b1ac4/Bournemouth-Watford-February-27-2021-Championship,,890b1ac4
ENG-Championship,2021,2021-02-27 Brentford-Stoke City,Championship,33,Sat,2021-02-27,15:00,Brentford,2–1,Stoke City,,Brentford Community Stadium,John Brooks,/en/matches/fa8d3156/Brentford-Stoke-City-February-27-2021-Championship,,fa8d3156
ENG-Championship,2021,2021-02-27 Luton Town-Sheffield Weds,Championship,33,Sat,2021-02-27,15:00,Luton Town,3–2,Sheffield Weds,,Kenilworth Road Stadium,Michael Salisbury,/en/matches/4a01e3e3/Luton-Town-Sheffield-Wednesday-February-27-2021-Championship,,4a01e3e3
ENG-Championship,2021,2021-02-27 Middlesbrough-Cardiff City,Championship,33,Sat,2021-02-27,15:00,Middlesbrough,1–1,Cardiff City,,Riverside Stadium,Jarred Gillett,/en/matches/f3865eb7/Middlesbrough-Cardiff-City-February-27-2021-Championship,,f3865eb7
ENG-Championship,2021,2021-02-27 Preston North End-Huddersfield Town,Championship,33,Sat,2021-02-27,15:00,Preston North End,3–0,Huddersfield Town,,Deepdale Stadium,James Linington,/en/matches/1cec1d84/Preston-North-End-Huddersfield-Town-February-27-2021-Championship,,1cec1d84
ENG-Championship,2021,2021-02-27 Rotherham United-Reading,Championship,33,Sat,2021-02-27,15:00,Rotherham United,0–1,Reading,,New York Stadium,David Coote,/en/matches/5247946b/Rotherham-United-Reading-February-27-2021-Championship,,5247946b
ENG-Championship,2021,2021-02-27 Swansea City-Bristol City,Championship,33,Sat,2021-02-27,15:00,Swansea City,1–3,Bristol City,,Liberty Stadium,Keith Stroud,/en/matches/2433b20b/Swansea-City-Bristol-City-February-27-2021-Championship,,2433b20b
ENG-Championship,2021,2021-02-28 Wycombe Wanderers-Norwich City,Championship,33,Sun,2021-02-28,12:00,Wycombe Wanderers,0–2,Norwich City,,Adams Park,Robert Jones,/en/matches/13cf0620/Wycombe-Wanderers-Norwich-City-February-28-2021-Championship,,13cf0620
ENG-Championship,2021,2021-03-02 Cardiff City-Derby County,Championship,34,Tue,2021-03-02,19:00,Cardiff City,4–0,Derby County,,Cardiff City Stadium,Dean Whitestone,/en/matches/7e12b96e/Cardiff-City-Derby-County-March-2-2021-Championship,,7e12b96e
ENG-Championship,2021,2021-03-02 Coventry City-Middlesbrough,Championship,34,Tue,2021-03-02,19:00,Coventry City,1–2,Middlesbrough,,St Andrew's Trillion Trophy Stadium,Graham Scott,/en/matches/5a73878a/Coventry-City-Middlesbrough-March-2-2021-Championship,,5a73878a
ENG-Championship,2021,2021-03-02 Huddersfield Town-Birmingham City,Championship,34,Tue,2021-03-02,19:00,Huddersfield Town,1–1,Birmingham City,,The John Smith's Stadium,Matt Donohue,/en/matches/517bb506/Huddersfield-Town-Birmingham-City-March-2-2021-Championship,,517bb506
ENG-Championship,2021,2021-03-02 Millwall-Preston North End,Championship,34,Tue,2021-03-02,19:00,Millwall,2–1,Preston North End,,The Den,Keith Stroud,/en/matches/e66c5efb/Millwall-Preston-North-End-March-2-2021-Championship,,e66c5efb
ENG-Championship,2021,2021-03-02 Nottingham Forest-Luton Town,Championship,34,Tue,2021-03-02,19:45,Nottingham Forest,0–1,Luton Town,,The City Ground,Jeremy Simpson,/en/matches/2ad10be1/Nottingham-Forest-Luton-Town-March-2-2021-Championship,,2ad10be1
ENG-Championship,2021,2021-03-02 Reading-Blackburn Rovers,Championship,34,Tue,2021-03-02,20:00,Reading,1–0,Blackburn Rovers,,Madejski Stadium,Gavin Ward,/en/matches/b44d7b1c/Reading-Blackburn-Rovers-March-2-2021-Championship,,b44d7b1c
ENG-Championship,2021,2021-03-03 Bristol City-Bournemouth,Championship,34,Wed,2021-03-03,19:45,Bristol City,1–2,Bournemouth,,Ashton Gate Stadium,Simon Hooper,/en/matches/c3ecbd10/Bristol-City-Bournemouth-March-3-2021-Championship,,c3ecbd10
ENG-Championship,2021,2021-03-03 Norwich City-Brentford,Championship,34,Wed,2021-03-03,17:30,Norwich City,1–0,Brentford,,Carrow Road,Tim Robinson,/en/matches/f551121a/Norwich-City-Brentford-March-3-2021-Championship,,f551121a
ENG-Championship,2021,2021-03-03 QPR-Barnsley,Championship,34,Wed,2021-03-03,19:00,QPR,1–3,Barnsley,,Kiyan Prince Foundation Stadium,Andy Woolmer,/en/matches/4cf46fe9/Queens-Park-Rangers-Barnsley-March-3-2021-Championship,,4cf46fe9
ENG-Championship,2021,2021-03-03 Sheffield Weds-Rotherham United,Championship,34,Wed,2021-03-03,19:45,Sheffield Weds,1–2,Rotherham United,,Hillsborough Stadium,Darren Bond,/en/matches/850e9005/Sheffield-Wednesday-Rotherham-United-March-3-2021-Championship,,850e9005
ENG-Championship,2021,2021-03-03 Stoke City-Swansea City,Championship,34,Wed,2021-03-03,20:15,Stoke City,1–2,Swansea City,,Bet365 Stadium,David Webb,/en/matches/e9d549f0/Stoke-City-Swansea-City-March-3-2021-Championship,,e9d549f0
ENG-Championship,2021,2021-03-03 Watford-Wycombe Wanderers,Championship,34,Wed,2021-03-03,19:00,Watford,2–0,Wycombe Wanderers,,Vicarage Road Stadium,Geoff Eltringham,/en/matches/946409d3/Watford-Wycombe-Wanderers-March-3-2021-Championship,,946409d3
ENG-Championship,2021,2021-03-05 Huddersfield Town-Cardiff City,Championship,35,Fri,2021-03-05,19:45,Huddersfield Town,0–0,Cardiff City,,The John Smith's Stadium,Tim Robinson,/en/matches/102caedc/Huddersfield-Town-Cardiff-City-March-5-2021-Championship,,102caedc
ENG-Championship,2021,2021-03-06 Barnsley-Birmingham City,Championship,35,Sat,2021-03-06,15:00,Barnsley,1–0,Birmingham City,,Oakwell Stadium,Graham Scott,/en/matches/c636a59e/Barnsley-Birmingham-City-March-6-2021-Championship,,c636a59e
ENG-Championship,2021,2021-03-06 Bristol City-QPR,Championship,35,Sat,2021-03-06,15:00,Bristol City,0–2,QPR,,Ashton Gate Stadium,Tony Harrington,/en/matches/7cca22d4/Bristol-City-Queens-Park-Rangers-March-6-2021-Championship,,7cca22d4
ENG-Championship,2021,2021-03-06 Coventry City-Derby County,Championship,35,Sat,2021-03-06,15:00,Coventry City,1–0,Derby County,,St Andrew's Trillion Trophy Stadium,John Brooks,/en/matches/436ca333/Coventry-City-Derby-County-March-6-2021-Championship,,436ca333
ENG-Championship,2021,2021-03-06 Millwall-Blackburn Rovers,Championship,35,Sat,2021-03-06,15:00,Millwall,0–2,Blackburn Rovers,,The Den,Matt Donohue,/en/matches/626af1f0/Millwall-Blackburn-Rovers-March-6-2021-Championship,,626af1f0
ENG-Championship,2021,2021-03-06 Norwich City-Luton Town,Championship,35,Sat,2021-03-06,15:00,Norwich City,3–0,Luton Town,,Carrow Road,David Webb,/en/matches/51cfee30/Norwich-City-Luton-Town-March-6-2021-Championship,,51cfee30
ENG-Championship,2021,2021-03-06 Preston North End-Bournemouth,Championship,35,Sat,2021-03-06,15:00,Preston North End,1–1,Bournemouth,,Deepdale Stadium,Jarred Gillett,/en/matches/c8375311/Preston-North-End-Bournemouth-March-6-2021-Championship,,c8375311
ENG-Championship,2021,2021-03-06 Reading-Sheffield Weds,Championship,35,Sat,2021-03-06,15:00,Reading,3–0,Sheffield Weds,,Madejski Stadium,James Linington,/en/matches/d88248c1/Reading-Sheffield-Wednesday-March-6-2021-Championship,,d88248c1
ENG-Championship,2021,2021-03-06 Stoke City-Wycombe Wanderers,Championship,35,Sat,2021-03-06,15:00,Stoke City,2–0,Wycombe Wanderers,,Bet365 Stadium,Andy Woolmer,/en/matches/2a5eb36f/Stoke-City-Wycombe-Wanderers-March-6-2021-Championship,,2a5eb36f
ENG-Championship,2021,2021-03-06 Swansea City-Middlesbrough,Championship,35,Sat,2021-03-06,15:00,Swansea City,2–1,Middlesbrough,,Liberty Stadium,Gavin Ward,/en/matches/86beeedd/Swansea-City-Middlesbrough-March-6-2021-Championship,,86beeedd
ENG-Championship,2021,2021-03-06 Watford-Nottingham Forest,Championship,35,Sat,2021-03-06,12:30,Watford,1–0,Nottingham Forest,,Vicarage Road Stadium,Jonathan Moss,/en/matches/ee2df376/Watford-Nottingham-Forest-March-6-2021-Championship,,ee2df376
ENG-Championship,2021,2021-03-09 Blackburn Rovers-Swansea City,Championship,25,Tue,2021-03-09,18:00,Blackburn Rovers,1–1,Swansea City,,Ewood Park,Robert Jones,/en/matches/2c1a6ff8/Blackburn-Rovers-Swansea-City-March-9-2021-Championship,,2c1a6ff8
ENG-Championship,2021,2021-03-09 QPR-Wycombe Wanderers,Championship,24,Tue,2021-03-09,19:00,QPR,1–0,Wycombe Wanderers,,Kiyan Prince Foundation Stadium,Simon Hooper,/en/matches/7af0acc5/Queens-Park-Rangers-Wycombe-Wanderers-March-9-2021-Championship,,7af0acc5
ENG-Championship,2021,2021-03-10 Barnsley-Derby County,Championship,28,Wed,2021-03-10,19:00,Barnsley,0–0,Derby County,,Oakwell Stadium,Keith Stroud,/en/matches/68ca9baf/Barnsley-Derby-County-March-10-2021-Championship,,68ca9baf
ENG-Championship,2021,2021-03-12 Blackburn Rovers-Brentford,Championship,36,Fri,2021-03-12,19:45,Blackburn Rovers,0–1,Brentford,,Ewood Park,Geoff Eltringham,/en/matches/3dea4afe/Blackburn-Rovers-Brentford-March-12-2021-Championship,,3dea4afe
ENG-Championship,2021,2021-03-13 Birmingham City-Bristol City,Championship,36,Sat,2021-03-13,15:00,Birmingham City,0–3,Bristol City,,St Andrew's Trillion Trophy Stadium,Jarred Gillett,/en/matches/e8f45401/Birmingham-City-Bristol-City-March-13-2021-Championship,,e8f45401
ENG-Championship,2021,2021-03-13 Bournemouth-Barnsley,Championship,36,Sat,2021-03-13,15:00,Bournemouth,2–3,Barnsley,,Vitality Stadium,John Brooks,/en/matches/f98bbc19/Bournemouth-Barnsley-March-13-2021-Championship,,f98bbc19
ENG-Championship,2021,2021-03-13 Cardiff City-Watford,Championship,36,Sat,2021-03-13,15:00,Cardiff City,1–2,Watford,,Cardiff City Stadium,Keith Stroud,/en/matches/d0c84101/Cardiff-City-Watford-March-13-2021-Championship,,d0c84101
ENG-Championship,2021,2021-03-13 Derby County-Millwall,Championship,36,Sat,2021-03-13,15:00,Derby County,0–1,Millwall,,iPro Stadium,Darren England,/en/matches/45925ed2/Derby-County-Millwall-March-13-2021-Championship,,45925ed2
ENG-Championship,2021,2021-03-13 Luton Town-Swansea City,Championship,36,Sat,2021-03-13,12:15,Luton Town,0–1,Swansea City,,Kenilworth Road Stadium,Darren Bond,/en/matches/e2cb61d3/Luton-Town-Swansea-City-March-13-2021-Championship,,e2cb61d3
ENG-Championship,2021,2021-03-13 Middlesbrough-Stoke City,Championship,36,Sat,2021-03-13,15:00,Middlesbrough,3–0,Stoke City,,Riverside Stadium,Andy Madley,/en/matches/41093048/Middlesbrough-Stoke-City-March-13-2021-Championship,,41093048
ENG-Championship,2021,2021-03-13 Nottingham Forest-Reading,Championship,36,Sat,2021-03-13,15:00,Nottingham Forest,1–1,Reading,,The City Ground,Steve Martin,/en/matches/a70da2c2/Nottingham-Forest-Reading-March-13-2021-Championship,,a70da2c2
ENG-Championship,2021,2021-03-13 QPR-Huddersfield Town,Championship,36,Sat,2021-03-13,15:00,QPR,0–1,Huddersfield Town,,Kiyan Prince Foundation Stadium,Michael Salisbury,/en/matches/2e19a87f/Queens-Park-Rangers-Huddersfield-Town-March-13-2021-Championship,,2e19a87f
ENG-Championship,2021,2021-03-13 Wycombe Wanderers-Preston North End,Championship,36,Sat,2021-03-13,15:00,Wycombe Wanderers,1–0,Preston North End,,Adams Park,Tim Robinson,/en/matches/4b3861c1/Wycombe-Wanderers-Preston-North-End-March-13-2021-Championship,,4b3861c1
ENG-Championship,2021,2021-03-14 Sheffield Weds-Norwich City,Championship,36,Sun,2021-03-14,12:15,Sheffield Weds,1–2,Norwich City,,Hillsborough Stadium,Tony Harrington,/en/matches/72334d3e/Sheffield-Wednesday-Norwich-City-March-14-2021-Championship,,72334d3e
ENG-Championship,2021,2021-03-16 Bournemouth-Swansea City,Championship,37,Tue,2021-03-16,19:45,Bournemouth,3–0,Swansea City,,Vitality Stadium,James Linington,/en/matches/f9a289f7/Bournemouth-Swansea-City-March-16-2021-Championship,,f9a289f7
ENG-Championship,2021,2021-03-16 Cardiff City-Stoke City,Championship,37,Tue,2021-03-16,19:00,Cardiff City,0–0,Stoke City,,Cardiff City Stadium,Graham Scott,/en/matches/74c610bf/Cardiff-City-Stoke-City-March-16-2021-Championship,,74c610bf
ENG-Championship,2021,2021-03-16 Derby County-Brentford,Championship,37,Tue,2021-03-16,19:00,Derby County,2–2,Brentford,,iPro Stadium,David Webb,/en/matches/809fc662/Derby-County-Brentford-March-16-2021-Championship,,809fc662
ENG-Championship,2021,2021-03-16 Luton Town-Coventry City,Championship,37,Tue,2021-03-16,19:00,Luton Town,2–0,Coventry City,,Kenilworth Road Stadium,Steve Martin,/en/matches/0837226b/Luton-Town-Coventry-City-March-16-2021-Championship,,0837226b
ENG-Championship,2021,2021-03-16 Middlesbrough-Preston North End,Championship,37,Tue,2021-03-16,19:00,Middlesbrough,2–0,Preston North End,,Riverside Stadium,Oliver Langford,/en/matches/013723b4/Middlesbrough-Preston-North-End-March-16-2021-Championship,,013723b4
ENG-Championship,2021,2021-03-16 Rotherham United-Watford,Championship,37,Tue,2021-03-16,19:00,Rotherham United,1–4,Watford,,New York Stadium,Jeremy Simpson,/en/matches/78c00568/Rotherham-United-Watford-March-16-2021-Championship,,78c00568
ENG-Championship,2021,2021-03-17 Birmingham City-Reading,Championship,37,Wed,2021-03-17,19:45,Birmingham City,2–1,Reading,,St Andrew's Trillion Trophy Stadium,Andy Woolmer,/en/matches/0b11f1d0/Birmingham-City-Reading-March-17-2021-Championship,,0b11f1d0
ENG-Championship,2021,2021-03-17 Blackburn Rovers-Bristol City,Championship,37,Wed,2021-03-17,19:45,Blackburn Rovers,0–0,Bristol City,,Ewood Park,Craig Hicks,/en/matches/036bdc1e/Blackburn-Rovers-Bristol-City-March-17-2021-Championship,,036bdc1e
ENG-Championship,2021,2021-03-17 Nottingham Forest-Norwich City,Championship,37,Wed,2021-03-17,19:00,Nottingham Forest,0–2,Norwich City,,The City Ground,Leigh Doughty,/en/matches/ff2e50ac/Nottingham-Forest-Norwich-City-March-17-2021-Championship,,ff2e50ac
ENG-Championship,2021,2021-03-17 QPR-Millwall,Championship,37,Wed,2021-03-17,19:00,QPR,3–2,Millwall,,Kiyan Prince Foundation Stadium,Jarred Gillett,/en/matches/ebc4acc0/Queens-Park-Rangers-Millwall-March-17-2021-Championship,,ebc4acc0
ENG-Championship,2021,2021-03-17 Sheffield Weds-Huddersfield Town,Championship,37,Wed,2021-03-17,19:45,Sheffield Weds,1–1,Huddersfield Town,,Hillsborough Stadium,Robert Jones,/en/matches/0a58aaa6/Sheffield-Wednesday-Huddersfield-Town-March-17-2021-Championship,,0a58aaa6
ENG-Championship,2021,2021-03-17 Wycombe Wanderers-Barnsley,Championship,37,Wed,2021-03-17,19:00,Wycombe Wanderers,1–3,Barnsley,,Adams Park,Darren Bond,/en/matches/e0b4d94f/Wycombe-Wanderers-Barnsley-March-17-2021-Championship,,e0b4d94f
ENG-Championship,2021,2021-03-20 Barnsley-Sheffield Weds,Championship,38,Sat,2021-03-20,15:00,Barnsley,1–2,Sheffield Weds,,Oakwell Stadium,Tim Robinson,/en/matches/9fee5bcb/Barnsley-Sheffield-Wednesday-March-20-2021-Championship,,9fee5bcb
ENG-Championship,2021,2021-03-20 Brentford-Nottingham Forest,Championship,38,Sat,2021-03-20,12:30,Brentford,1–1,Nottingham Forest,,Brentford Community Stadium,Graham Scott,/en/matches/39551b6f/Brentford-Nottingham-Forest-March-20-2021-Championship,,39551b6f
ENG-Championship,2021,2021-03-20 Bristol City-Rotherham United,Championship,38,Sat,2021-03-20,15:00,Bristol City,0–2,Rotherham United,,Ashton Gate Stadium,Matt Donohue,/en/matches/2f2c4be3/Bristol-City-Rotherham-United-March-20-2021-Championship,,2f2c4be3
ENG-Championship,2021,2021-03-20 Coventry City-Wycombe Wanderers,Championship,38,Sat,2021-03-20,15:00,Coventry City,0–0,Wycombe Wanderers,,St Andrew's Trillion Trophy Stadium,Tony Harrington,/en/matches/f6c33116/Coventry-City-Wycombe-Wanderers-March-20-2021-Championship,,f6c33116
ENG-Championship,2021,2021-03-20 Millwall-Middlesbrough,Championship,38,Sat,2021-03-20,15:00,Millwall,1–0,Middlesbrough,,The Den,James Linington,/en/matches/277b32d9/Millwall-Middlesbrough-March-20-2021-Championship,,277b32d9
ENG-Championship,2021,2021-03-20 Norwich City-Blackburn Rovers,Championship,38,Sat,2021-03-20,15:00,Norwich City,1–1,Blackburn Rovers,,Carrow Road,Keith Stroud,/en/matches/3ba9bb79/Norwich-City-Blackburn-Rovers-March-20-2021-Championship,,3ba9bb79
ENG-Championship,2021,2021-03-20 Preston North End-Luton Town,Championship,38,Sat,2021-03-20,15:00,Preston North End,0–1,Luton Town,,Deepdale Stadium,Thomas Bramall,/en/matches/cc83afbf/Preston-North-End-Luton-Town-March-20-2021-Championship,,cc83afbf
ENG-Championship,2021,2021-03-20 Reading-QPR,Championship,38,Sat,2021-03-20,15:00,Reading,1–1,QPR,,Madejski Stadium,Dean Whitestone,/en/matches/164b5ed2/Reading-Queens-Park-Rangers-March-20-2021-Championship,,164b5ed2
ENG-Championship,2021,2021-03-20 Stoke City-Derby County,Championship,38,Sat,2021-03-20,15:00,Stoke City,1–0,Derby County,,Bet365 Stadium,Jarred Gillett,/en/matches/b0122cb5/Stoke-City-Derby-County-March-20-2021-Championship,,b0122cb5
ENG-Championship,2021,2021-03-20 Swansea City-Cardiff City,Championship,38,Sat,2021-03-20,17:30,Swansea City,0–1,Cardiff City,,Liberty Stadium,Paul Tierney,/en/matches/0556a024/Swansea-City-Cardiff-City-March-20-2021-Championship,,0556a024
ENG-Championship,2021,2021-03-20 Watford-Birmingham City,Championship,38,Sat,2021-03-20,15:00,Watford,3–0,Birmingham City,,Vicarage Road Stadium,Darren Bond,/en/matches/27457847/Watford-Birmingham-City-March-20-2021-Championship,,27457847
ENG-Championship,2021,2021-04-02 Barnsley-Reading,Championship,39,Fri,2021-04-02,17:30,Barnsley,1–1,Reading,,Oakwell Stadium,Geoff Eltringham,/en/matches/6b967bac/Barnsley-Reading-April-2-2021-Championship,,6b967bac
ENG-Championship,2021,2021-04-02 Birmingham City-Swansea City,Championship,39,Fri,2021-04-02,20:00,Birmingham City,1–0,Swansea City,,St Andrew's Trillion Trophy Stadium,Tony Harrington,/en/matches/accc854e/Birmingham-City-Swansea-City-April-2-2021-Championship,,accc854e
ENG-Championship,2021,2021-04-02 Bournemouth-Middlesbrough,Championship,39,Fri,2021-04-02,15:00,Bournemouth,3–1,Middlesbrough,,Vitality Stadium,Simon Hooper,/en/matches/a2c158da/Bournemouth-Middlesbrough-April-2-2021-Championship,,a2c158da
ENG-Championship,2021,2021-04-02 Bristol City-Stoke City,Championship,39,Fri,2021-04-02,15:00,Bristol City,0–2,Stoke City,,Ashton Gate Stadium,Michael Salisbury,/en/matches/4c227d0e/Bristol-City-Stoke-City-April-2-2021-Championship,,4c227d0e
ENG-Championship,2021,2021-04-02 Cardiff City-Nottingham Forest,Championship,39,Fri,2021-04-02,15:00,Cardiff City,0–1,Nottingham Forest,,Cardiff City Stadium,Gavin Ward,/en/matches/89f5191b/Cardiff-City-Nottingham-Forest-April-2-2021-Championship,,89f5191b
ENG-Championship,2021,2021-04-02 Derby County-Luton Town,Championship,39,Fri,2021-04-02,15:00,Derby County,2–0,Luton Town,,iPro Stadium,Andy Woolmer,/en/matches/b1188823/Derby-County-Luton-Town-April-2-2021-Championship,,b1188823
ENG-Championship,2021,2021-04-02 Millwall-Rotherham United,Championship,39,Fri,2021-04-02,15:00,Millwall,1–0,Rotherham United,,The Den,John Brooks,/en/matches/27803946/Millwall-Rotherham-United-April-2-2021-Championship,,27803946
ENG-Championship,2021,2021-04-02 Preston North End-Norwich City,Championship,39,Fri,2021-04-02,15:00,Preston North End,1–1,Norwich City,,Deepdale Stadium,Dean Whitestone,/en/matches/a89c84a6/Preston-North-End-Norwich-City-April-2-2021-Championship,,a89c84a6
ENG-Championship,2021,2021-04-02 QPR-Coventry City,Championship,39,Fri,2021-04-02,15:00,QPR,3–0,Coventry City,,Kiyan Prince Foundation Stadium,Jeremy Simpson,/en/matches/47bcf35d/Queens-Park-Rangers-Coventry-City-April-2-2021-Championship,,47bcf35d
ENG-Championship,2021,2021-04-02 Watford-Sheffield Weds,Championship,39,Fri,2021-04-02,15:00,Watford,1–0,Sheffield Weds,,Vicarage Road Stadium,Chris Kavanagh,/en/matches/27e51638/Watford-Sheffield-Wednesday-April-2-2021-Championship,,27e51638
ENG-Championship,2021,2021-04-02 Wycombe Wanderers-Blackburn Rovers,Championship,39,Fri,2021-04-02,15:00,Wycombe Wanderers,1–0,Blackburn Rovers,,Adams Park,David Webb,/en/matches/6f458993/Wycombe-Wanderers-Blackburn-Rovers-April-2-2021-Championship,,6f458993
ENG-Championship,2021,2021-04-03 Huddersfield Town-Brentford,Championship,39,Sat,2021-04-03,12:30,Huddersfield Town,1–1,Brentford,,The John Smith's Stadium,Oliver Langford,/en/matches/6c757a12/Huddersfield-Town-Brentford-April-3-2021-Championship,,6c757a12
ENG-Championship,2021,2021-04-05 Blackburn Rovers-Bournemouth,Championship,40,Mon,2021-04-05,15:00,Blackburn Rovers,0–2,Bournemouth,,Ewood Park,Darren Bond,/en/matches/8a6de06e/Blackburn-Rovers-Bournemouth-April-5-2021-Championship,,8a6de06e
ENG-Championship,2021,2021-04-05 Coventry City-Bristol City,Championship,40,Mon,2021-04-05,15:00,Coventry City,3–1,Bristol City,,St Andrew's Trillion Trophy Stadium,Geoff Eltringham,/en/matches/655a2045/Coventry-City-Bristol-City-April-5-2021-Championship,,655a2045
ENG-Championship,2021,2021-04-05 Luton Town-Barnsley,Championship,40,Mon,2021-04-05,15:00,Luton Town,1–2,Barnsley,,Kenilworth Road Stadium,Matt Donohue,/en/matches/ad6bc8d7/Luton-Town-Barnsley-April-5-2021-Championship,,ad6bc8d7
ENG-Championship,2021,2021-04-05 Middlesbrough-Watford,Championship,40,Mon,2021-04-05,12:30,Middlesbrough,1–1,Watford,,Riverside Stadium,Tim Robinson,/en/matches/f9271bbd/Middlesbrough-Watford-April-5-2021-Championship,,f9271bbd
ENG-Championship,2021,2021-04-05 Nottingham Forest-QPR,Championship,40,Mon,2021-04-05,15:00,Nottingham Forest,3–1,QPR,,The City Ground,Keith Stroud,/en/matches/adb78fd3/Nottingham-Forest-Queens-Park-Rangers-April-5-2021-Championship,,adb78fd3
ENG-Championship,2021,2021-04-05 Reading-Derby County,Championship,40,Mon,2021-04-05,15:00,Reading,3–1,Derby County,,Madejski Stadium,Jonathan Moss,/en/matches/1e32bbc9/Reading-Derby-County-April-5-2021-Championship,,1e32bbc9
ENG-Championship,2021,2021-04-05 Rotherham United-Wycombe Wanderers,Championship,40,Mon,2021-04-05,15:00,Rotherham United,0–3,Wycombe Wanderers,,New York Stadium,James Linington,/en/matches/74df893d/Rotherham-United-Wycombe-Wanderers-April-5-2021-Championship,,74df893d
ENG-Championship,2021,2021-04-05 Sheffield Weds-Cardiff City,Championship,40,Mon,2021-04-05,17:30,Sheffield Weds,5–0,Cardiff City,,Hillsborough Stadium,David Webb,/en/matches/d4cc78f0/Sheffield-Wednesday-Cardiff-City-April-5-2021-Championship,,d4cc78f0
ENG-Championship,2021,2021-04-05 Stoke City-Millwall,Championship,40,Mon,2021-04-05,15:00,Stoke City,1–2,Millwall,,Bet365 Stadium,Gavin Ward,/en/matches/59b31759/Stoke-City-Millwall-April-5-2021-Championship,,59b31759
ENG-Championship,2021,2021-04-05 Swansea City-Preston North End,Championship,40,Mon,2021-04-05,15:00,Swansea City,0–1,Preston North End,,Liberty Stadium,Peter Bankes,/en/matches/3610c645/Swansea-City-Preston-North-End-April-5-2021-Championship,,3610c645
ENG-Championship,2021,2021-04-06 Brentford-Birmingham City,Championship,40,Tue,2021-04-06,19:00,Brentford,0–0,Birmingham City,,Brentford Community Stadium,Dean Whitestone,/en/matches/d0e04f5b/Brentford-Birmingham-City-April-6-2021-Championship,,d0e04f5b
ENG-Championship,2021,2021-04-06 Norwich City-Huddersfield Town,Championship,40,Tue,2021-04-06,19:45,Norwich City,7–0,Huddersfield Town,,Carrow Road,Jarred Gillett,/en/matches/c14f7b1b/Norwich-City-Huddersfield-Town-April-6-2021-Championship,,c14f7b1b
ENG-Championship,2021,2021-04-09 Watford-Reading,Championship,41,Fri,2021-04-09,19:45,Watford,2–0,Reading,,Vicarage Road Stadium,James Linington,/en/matches/bd08773f/Watford-Reading-April-9-2021-Championship,,bd08773f
ENG-Championship,2021,2021-04-10 Barnsley-Middlesbrough,Championship,41,Sat,2021-04-10,15:00,Barnsley,2–0,Middlesbrough,,Oakwell Stadium,Keith Stroud,/en/matches/69dab439/Barnsley-Middlesbrough-April-10-2021-Championship,,69dab439
ENG-Championship,2021,2021-04-10 Birmingham City-Stoke City,Championship,41,Sat,2021-04-10,15:00,Birmingham City,2–0,Stoke City,,St Andrew's Trillion Trophy Stadium,Geoff Eltringham,/en/matches/de9bfa4b/Birmingham-City-Stoke-City-April-10-2021-Championship,,de9bfa4b
ENG-Championship,2021,2021-04-10 Bournemouth-Coventry City,Championship,41,Sat,2021-04-10,15:00,Bournemouth,4–1,Coventry City,,Vitality Stadium,David Webb,/en/matches/a38f58ec/Bournemouth-Coventry-City-April-10-2021-Championship,,a38f58ec
ENG-Championship,2021,2021-04-10 Bristol City-Nottingham Forest,Championship,41,Sat,2021-04-10,15:00,Bristol City,0–0,Nottingham Forest,,Ashton Gate Stadium,Steve Martin,/en/matches/58bba2e0/Bristol-City-Nottingham-Forest-April-10-2021-Championship,,58bba2e0
ENG-Championship,2021,2021-04-10 Cardiff City-Blackburn Rovers,Championship,41,Sat,2021-04-10,15:00,Cardiff City,2–2,Blackburn Rovers,,Cardiff City Stadium,Jeremy Simpson,/en/matches/98f5637f/Cardiff-City-Blackburn-Rovers-April-10-2021-Championship,,98f5637f
ENG-Championship,2021,2021-04-10 Derby County-Norwich City,Championship,41,Sat,2021-04-10,15:00,Derby County,0–1,Norwich City,,iPro Stadium,Michael Salisbury,/en/matches/2a4f4273/Derby-County-Norwich-City-April-10-2021-Championship,,2a4f4273
ENG-Championship,2021,2021-04-10 Huddersfield Town-Rotherham United,Championship,41,Sat,2021-04-10,15:00,Huddersfield Town,0–0,Rotherham United,,The John Smith's Stadium,Lee Mason,/en/matches/0554a534/Huddersfield-Town-Rotherham-United-April-10-2021-Championship,,0554a534
ENG-Championship,2021,2021-04-10 Millwall-Swansea City,Championship,41,Sat,2021-04-10,12:30,Millwall,0–3,Swansea City,,The Den,Robert Jones,/en/matches/3425e3b0/Millwall-Swansea-City-April-10-2021-Championship,,3425e3b0
ENG-Championship,2021,2021-04-10 Preston North End-Brentford,Championship,41,Sat,2021-04-10,15:00,Preston North End,0–5,Brentford,,Deepdale Stadium,Tony Harrington,/en/matches/a6a75ba2/Preston-North-End-Brentford-April-10-2021-Championship,,a6a75ba2
ENG-Championship,2021,2021-04-10 QPR-Sheffield Weds,Championship,41,Sat,2021-04-10,15:00,QPR,4–1,Sheffield Weds,,Kiyan Prince Foundation Stadium,John Brooks,/en/matches/46c8da9c/Queens-Park-Rangers-Sheffield-Wednesday-April-10-2021-Championship,,46c8da9c
ENG-Championship,2021,2021-04-10 Wycombe Wanderers-Luton Town,Championship,41,Sat,2021-04-10,15:00,Wycombe Wanderers,1–3,Luton Town,,Adams Park,Oliver Langford,/en/matches/abb1329f/Wycombe-Wanderers-Luton-Town-April-10-2021-Championship,,abb1329f
ENG-Championship,2021,2021-04-13 Huddersfield Town-Bournemouth,Championship,38,Tue,2021-04-13,17:30,Huddersfield Town,1–2,Bournemouth,,The John Smith's Stadium,Jeremy Simpson,/en/matches/bc8f9707/Huddersfield-Town-Bournemouth-April-13-2021-Championship,,bc8f9707
ENG-Championship,2021,2021-04-13 Rotherham United-QPR,Championship,29,Tue,2021-04-13,19:00,Rotherham United,3–1,QPR,,New York Stadium,Dean Whitestone,/en/matches/2c3b2e9e/Rotherham-United-Queens-Park-Rangers-April-13-2021-Championship,,2c3b2e9e
ENG-Championship,2021,2021-04-13 Sheffield Weds-Swansea City,Championship,29,Tue,2021-04-13,18:00,Sheffield Weds,0–2,Swansea City,,Hillsborough Stadium,Matt Donohue,/en/matches/77bc93e5/Sheffield-Wednesday-Swansea-City-April-13-2021-Championship,,77bc93e5
ENG-Championship,2021,2021-04-15 Rotherham United-Coventry City,Championship,36,Thu,2021-04-15,19:00,Rotherham United,0–1,Coventry City,,New York Stadium,Jarred Gillett,/en/matches/fccdd4fa/Rotherham-United-Coventry-City-April-15-2021-Championship,,fccdd4fa
ENG-Championship,2021,2021-04-16 Blackburn Rovers-Derby County,Championship,42,Fri,2021-04-16,18:00,Blackburn Rovers,2–1,Derby County,,Ewood Park,Steve Martin,/en/matches/1c65f2b4/Blackburn-Rovers-Derby-County-April-16-2021-Championship,,1c65f2b4
ENG-Championship,2021,2021-04-16 Reading-Cardiff City,Championship,42,Fri,2021-04-16,18:00,Reading,1–1,Cardiff City,,Madejski Stadium,John Brooks,/en/matches/ce5e2f70/Reading-Cardiff-City-April-16-2021-Championship,,ce5e2f70
ENG-Championship,2021,2021-04-17 Brentford-Millwall,Championship,42,Sat,2021-04-17,12:30,Brentford,0–0,Millwall,,Brentford Community Stadium,Darren Bond,/en/matches/8be585b8/Brentford-Millwall-April-17-2021-Championship,,8be585b8
ENG-Championship,2021,2021-04-17 Luton Town-Watford,Championship,42,Sat,2021-04-17,12:30,Luton Town,1–0,Watford,,Kenilworth Road Stadium,Gavin Ward,/en/matches/832fb890/Luton-Town-Watford-April-17-2021-Championship,,832fb890
ENG-Championship,2021,2021-04-17 Middlesbrough-QPR,Championship,42,Sat,2021-04-17,12:30,Middlesbrough,1–2,QPR,,Riverside Stadium,Matt Donohue,/en/matches/e1ac5b54/Middlesbrough-Queens-Park-Rangers-April-17-2021-Championship,,e1ac5b54
ENG-Championship,2021,2021-04-17 Norwich City-Bournemouth,Championship,42,Sat,2021-04-17,20:00,Norwich City,1–3,Bournemouth,,Carrow Road,Graham Scott,/en/matches/28266295/Norwich-City-Bournemouth-April-17-2021-Championship,,28266295
ENG-Championship,2021,2021-04-17 Nottingham Forest-Huddersfield Town,Championship,42,Sat,2021-04-17,12:30,Nottingham Forest,0–2,Huddersfield Town,,The City Ground,Andy Woolmer,/en/matches/56a50dd2/Nottingham-Forest-Huddersfield-Town-April-17-2021-Championship,,56a50dd2
ENG-Championship,2021,2021-04-17 Sheffield Weds-Bristol City,Championship,42,Sat,2021-04-17,12:30,Sheffield Weds,1–1,Bristol City,,Hillsborough Stadium,Tony Harrington,/en/matches/b30b9543/Sheffield-Wednesday-Bristol-City-April-17-2021-Championship,,b30b9543
ENG-Championship,2021,2021-04-17 Stoke City-Preston North End,Championship,42,Sat,2021-04-17,12:30,Stoke City,0–0,Preston North End,,Bet365 Stadium,James Linington,/en/matches/2a4ac120/Stoke-City-Preston-North-End-April-17-2021-Championship,,2a4ac120
ENG-Championship,2021,2021-04-17 Swansea City-Wycombe Wanderers,Championship,42,Sat,2021-04-17,12:30,Swansea City,2–2,Wycombe Wanderers,,Liberty Stadium,Keith Stroud,/en/matches/3ba1aa3b/Swansea-City-Wycombe-Wanderers-April-17-2021-Championship,,3ba1aa3b
ENG-Championship,2021,2021-04-18 Coventry City-Barnsley,Championship,42,Sun,2021-04-18,15:00,Coventry City,2–0,Barnsley,,St Andrew's Trillion Trophy Stadium,Lee Mason,/en/matches/175e1fa3/Coventry-City-Barnsley-April-18-2021-Championship,,175e1fa3
ENG-Championship,2021,2021-04-18 Rotherham United-Birmingham City,Championship,42,Sun,2021-04-18,12:00,Rotherham United,0–1,Birmingham City,,New York Stadium,Tim Robinson,/en/matches/6ce77ce3/Rotherham-United-Birmingham-City-April-18-2021-Championship,,6ce77ce3
ENG-Championship,2021,2021-04-20 Brentford-Cardiff City,Championship,43,Tue,2021-04-20,18:00,Brentford,1–1,Cardiff City,,Brentford Community Stadium,Darren England,/en/matches/12d0f541/Brentford-Cardiff-City-April-20-2021-Championship,,12d0f541
ENG-Championship,2021,2021-04-20 Norwich City-Watford,Championship,43,Tue,2021-04-20,18:00,Norwich City,0–1,Watford,,Carrow Road,Tim Robinson,/en/matches/a02d4f1d/Norwich-City-Watford-April-20-2021-Championship,,a02d4f1d
ENG-Championship,2021,2021-04-20 Preston North End-Derby County,Championship,43,Tue,2021-04-20,19:00,Preston North End,3–0,Derby County,,Deepdale Stadium,Geoff Eltringham,/en/matches/31de7068/Preston-North-End-Derby-County-April-20-2021-Championship,,31de7068
ENG-Championship,2021,2021-04-20 Sheffield Weds-Blackburn Rovers,Championship,43,Tue,2021-04-20,19:00,Sheffield Weds,1–0,Blackburn Rovers,,Hillsborough Stadium,Paul Tierney,/en/matches/52b7001a/Sheffield-Wednesday-Blackburn-Rovers-April-20-2021-Championship,,52b7001a
ENG-Championship,2021,2021-04-20 Swansea City-QPR,Championship,43,Tue,2021-04-20,19:00,Swansea City,0–1,QPR,,Liberty Stadium,Jarred Gillett,/en/matches/5aa2f412/Swansea-City-Queens-Park-Rangers-April-20-2021-Championship,,5aa2f412
ENG-Championship,2021,2021-04-21 Birmingham City-Nottingham Forest,Championship,43,Wed,2021-04-21,19:45,Birmingham City,1–1,Nottingham Forest,,St Andrew's Trillion Trophy Stadium,Jeremy Simpson,/en/matches/8fa6940e/Birmingham-City-Nottingham-Forest-April-21-2021-Championship,,8fa6940e
ENG-Championship,2021,2021-04-21 Huddersfield Town-Barnsley,Championship,43,Wed,2021-04-21,19:45,Huddersfield Town,0–1,Barnsley,,The John Smith's Stadium,David Webb,/en/matches/cc8294bb/Huddersfield-Town-Barnsley-April-21-2021-Championship,,cc8294bb
ENG-Championship,2021,2021-04-21 Luton Town-Reading,Championship,43,Wed,2021-04-21,19:45,Luton Town,0–0,Reading,,Kenilworth Road Stadium,Michael Salisbury,/en/matches/472b9f49/Luton-Town-Reading-April-21-2021-Championship,,472b9f49
ENG-Championship,2021,2021-04-21 Millwall-Bournemouth,Championship,43,Wed,2021-04-21,18:00,Millwall,1–4,Bournemouth,,The Den,Keith Stroud,/en/matches/8312cb39/Millwall-Bournemouth-April-21-2021-Championship,,8312cb39
ENG-Championship,2021,2021-04-21 Rotherham United-Middlesbrough,Championship,43,Wed,2021-04-21,18:00,Rotherham United,1–2,Middlesbrough,,New York Stadium,Darren Bond,/en/matches/15a19e87/Rotherham-United-Middlesbrough-April-21-2021-Championship,,15a19e87
ENG-Championship,2021,2021-04-21 Stoke City-Coventry City,Championship,43,Wed,2021-04-21,19:00,Stoke City,2–3,Coventry City,,Bet365 Stadium,Oliver Langford,/en/matches/e044e655/Stoke-City-Coventry-City-April-21-2021-Championship,,e044e655
ENG-Championship,2021,2021-04-21 Wycombe Wanderers-Bristol City,Championship,43,Wed,2021-04-21,19:00,Wycombe Wanderers,2–1,Bristol City,,Adams Park,Dean Whitestone,/en/matches/9eed3fca/Wycombe-Wanderers-Bristol-City-April-21-2021-Championship,,9eed3fca
ENG-Championship,2021,2021-04-24 Barnsley-Rotherham United,Championship,44,Sat,2021-04-24,15:00,Barnsley,1–0,Rotherham United,,Oakwell Stadium,Gavin Ward,/en/matches/1e24448c/Barnsley-Rotherham-United-April-24-2021-Championship,,1e24448c
ENG-Championship,2021,2021-04-24 Blackburn Rovers-Huddersfield Town,Championship,44,Sat,2021-04-24,15:00,Blackburn Rovers,5–2,Huddersfield Town,,Ewood Park,Tim Robinson,/en/matches/94e45943/Blackburn-Rovers-Huddersfield-Town-April-24-2021-Championship,,94e45943
ENG-Championship,2021,2021-04-24 Bournemouth-Brentford,Championship,44,Sat,2021-04-24,12:30,Bournemouth,0–1,Brentford,,Vitality Stadium,John Brooks,/en/matches/3f2eff2f/Bournemouth-Brentford-April-24-2021-Championship,,3f2eff2f
ENG-Championship,2021,2021-04-24 Cardiff City-Wycombe Wanderers,Championship,44,Sat,2021-04-24,15:00,Cardiff City,2–1,Wycombe Wanderers,,Cardiff City Stadium,Matt Donohue,/en/matches/7afc3bbb/Cardiff-City-Wycombe-Wanderers-April-24-2021-Championship,,7afc3bbb
ENG-Championship,2021,2021-04-24 Coventry City-Preston North End,Championship,44,Sat,2021-04-24,15:00,Coventry City,0–1,Preston North End,,St Andrew's Trillion Trophy Stadium,Andy Woolmer,/en/matches/21b13eaf/Coventry-City-Preston-North-End-April-24-2021-Championship,,21b13eaf
ENG-Championship,2021,2021-04-24 Derby County-Birmingham City,Championship,44,Sat,2021-04-24,15:00,Derby County,1–2,Birmingham City,,iPro Stadium,Robert Jones,/en/matches/6a8728ee/Derby-County-Birmingham-City-April-24-2021-Championship,,6a8728ee
ENG-Championship,2021,2021-04-24 Middlesbrough-Sheffield Weds,Championship,44,Sat,2021-04-24,15:00,Middlesbrough,3–1,Sheffield Weds,,Riverside Stadium,Jarred Gillett,/en/matches/349e883e/Middlesbrough-Sheffield-Wednesday-April-24-2021-Championship,,349e883e
ENG-Championship,2021,2021-04-24 Nottingham Forest-Stoke City,Championship,44,Sat,2021-04-24,15:00,Nottingham Forest,1–1,Stoke City,,The City Ground,Andrew Davies,/en/matches/23b0088b/Nottingham-Forest-Stoke-City-April-24-2021-Championship,,23b0088b
ENG-Championship,2021,2021-04-24 QPR-Norwich City,Championship,44,Sat,2021-04-24,15:00,QPR,1–3,Norwich City,,Kiyan Prince Foundation Stadium,James Linington,/en/matches/3cea28ec/Queens-Park-Rangers-Norwich-City-April-24-2021-Championship,,3cea28ec
ENG-Championship,2021,2021-04-24 Watford-Millwall,Championship,44,Sat,2021-04-24,15:00,Watford,1–0,Millwall,,Vicarage Road Stadium,Dean Whitestone,/en/matches/149dabd8/Watford-Millwall-April-24-2021-Championship,,149dabd8
ENG-Championship,2021,2021-04-25 Bristol City-Luton Town,Championship,44,Sun,2021-04-25,13:00,Bristol City,2–3,Luton Town,,Ashton Gate Stadium,John Busby,/en/matches/a6fde760/Bristol-City-Luton-Town-April-25-2021-Championship,,a6fde760
ENG-Championship,2021,2021-04-25 Reading-Swansea City,Championship,44,Sun,2021-04-25,12:00,Reading,2–2,Swansea City,,Madejski Stadium,John Brooks,/en/matches/1cfcb326/Reading-Swansea-City-April-25-2021-Championship,,1cfcb326
ENG-Championship,2021,2021-04-27 Brentford-Rotherham United,Championship,35,Tue,2021-04-27,19:00,Brentford,1–0,Rotherham United,,Brentford Community Stadium,Michael Salisbury,/en/matches/7c87c533/Brentford-Rotherham-United-April-27-2021-Championship,,7c87c533
ENG-Championship,2021,2021-05-01 Birmingham City-Cardiff City,Championship,45,Sat,2021-05-01,15:00,Birmingham City,0–4,Cardiff City,,St Andrew's Trillion Trophy Stadium,Andrew Davies,/en/matches/97aa725c/Birmingham-City-Cardiff-City-May-1-2021-Championship,,97aa725c
ENG-Championship,2021,2021-05-01 Brentford-Watford,Championship,45,Sat,2021-05-01,15:00,Brentford,2–0,Watford,,Brentford Community Stadium,Lee Mason,/en/matches/f0fc294d/Brentford-Watford-May-1-2021-Championship,,f0fc294d
ENG-Championship,2021,2021-05-01 Huddersfield Town-Coventry City,Championship,45,Sat,2021-05-01,15:00,Huddersfield Town,1–1,Coventry City,,The John Smith's Stadium,Keith Stroud,/en/matches/312f2341/Huddersfield-Town-Coventry-City-May-1-2021-Championship,,312f2341
ENG-Championship,2021,2021-05-01 Luton Town-Middlesbrough,Championship,45,Sat,2021-05-01,15:00,Luton Town,1–1,Middlesbrough,,Kenilworth Road Stadium,Jeremy Simpson,/en/matches/9816ca19/Luton-Town-Middlesbrough-May-1-2021-Championship,,9816ca19
ENG-Championship,2021,2021-05-01 Millwall-Bristol City,Championship,45,Sat,2021-05-01,15:00,Millwall,4–1,Bristol City,,The Den,Joshua Smith,/en/matches/40a90b59/Millwall-Bristol-City-May-1-2021-Championship,,40a90b59
ENG-Championship,2021,2021-05-01 Norwich City-Reading,Championship,45,Sat,2021-05-01,15:00,Norwich City,4–1,Reading,,Carrow Road,Oliver Langford,/en/matches/a7e9b2f2/Norwich-City-Reading-May-1-2021-Championship,,a7e9b2f2
ENG-Championship,2021,2021-05-01 Preston North End-Barnsley,Championship,45,Sat,2021-05-01,15:00,Preston North End,2–0,Barnsley,,Deepdale Stadium,Matt Donohue,/en/matches/01621942/Preston-North-End-Barnsley-May-1-2021-Championship,,01621942
ENG-Championship,2021,2021-05-01 Rotherham United-Blackburn Rovers,Championship,45,Sat,2021-05-01,15:00,Rotherham United,1–1,Blackburn Rovers,,New York Stadium,Tony Harrington,/en/matches/b5132c6d/Rotherham-United-Blackburn-Rovers-May-1-2021-Championship,,b5132c6d
ENG-Championship,2021,2021-05-01 Sheffield Weds-Nottingham Forest,Championship,45,Sat,2021-05-01,12:30,Sheffield Weds,0–0,Nottingham Forest,,Hillsborough Stadium,Tim Robinson,/en/matches/22492e0e/Sheffield-Wednesday-Nottingham-Forest-May-1-2021-Championship,,22492e0e
ENG-Championship,2021,2021-05-01 Stoke City-QPR,Championship,45,Sat,2021-05-01,15:00,Stoke City,0–2,QPR,,Bet365 Stadium,Craig Pawson,/en/matches/0cf42c70/Stoke-City-Queens-Park-Rangers-May-1-2021-Championship,,0cf42c70
ENG-Championship,2021,2021-05-01 Swansea City-Derby County,Championship,45,Sat,2021-05-01,15:00,Swansea City,2–1,Derby County,,Liberty Stadium,Darren Bond,/en/matches/50dc7ad4/Swansea-City-Derby-County-May-1-2021-Championship,,50dc7ad4
ENG-Championship,2021,2021-05-01 Wycombe Wanderers-Bournemouth,Championship,45,Sat,2021-05-01,15:00,Wycombe Wanderers,1–0,Bournemouth,,Adams Park,Geoff Eltringham,/en/matches/4a672151/Wycombe-Wanderers-Bournemouth-May-1-2021-Championship,,4a672151
ENG-Championship,2021,2021-05-04 Luton Town-Rotherham United,Championship,26,Tue,2021-05-04,19:15,Luton Town,0–0,Rotherham United,,Kenilworth Road Stadium,Dean Whitestone,/en/matches/8b159826/Luton-Town-Rotherham-United-May-4-2021-Championship,,8b159826
ENG-Championship,2021,2021-05-08 Barnsley-Norwich City,Championship,46,Sat,2021-05-08,12:30,Barnsley,2–2,Norwich City,,Oakwell Stadium,Joshua Smith,/en/matches/aab5ce5e/Barnsley-Norwich-City-May-8-2021-Championship,,aab5ce5e
ENG-Championship,2021,2021-05-08 Blackburn Rovers-Birmingham City,Championship,46,Sat,2021-05-08,12:30,Blackburn Rovers,5–2,Birmingham City,,Ewood Park,Keith Stroud,/en/matches/cafe8333/Blackburn-Rovers-Birmingham-City-May-8-2021-Championship,,cafe8333
ENG-Championship,2021,2021-05-08 Bournemouth-Stoke City,Championship,46,Sat,2021-05-08,12:30,Bournemouth,0–2,Stoke City,,Vitality Stadium,David Webb,/en/matches/8ca79b2b/Bournemouth-Stoke-City-May-8-2021-Championship,,8ca79b2b
ENG-Championship,2021,2021-05-08 Bristol City-Brentford,Championship,46,Sat,2021-05-08,12:30,Bristol City,1–3,Brentford,,Ashton Gate Stadium,James Linington,/en/matches/bec8fd3d/Bristol-City-Brentford-May-8-2021-Championship,,bec8fd3d
ENG-Championship,2021,2021-05-08 Cardiff City-Rotherham United,Championship,46,Sat,2021-05-08,12:30,Cardiff City,1–1,Rotherham United,,Cardiff City Stadium,Graham Scott,/en/matches/6954a4a2/Cardiff-City-Rotherham-United-May-8-2021-Championship,,6954a4a2
ENG-Championship,2021,2021-05-08 Coventry City-Millwall,Championship,46,Sat,2021-05-08,12:30,Coventry City,6–1,Millwall,,St Andrew's Trillion Trophy Stadium,Michael Salisbury,/en/matches/785fb6d0/Coventry-City-Millwall-May-8-2021-Championship,,785fb6d0
ENG-Championship,2021,2021-05-08 Derby County-Sheffield Weds,Championship,46,Sat,2021-05-08,12:30,Derby County,3–3,Sheffield Weds,,iPro Stadium,Mike Dean,/en/matches/20718524/Derby-County-Sheffield-Wednesday-May-8-2021-Championship,,20718524
ENG-Championship,2021,2021-05-08 Middlesbrough-Wycombe Wanderers,Championship,46,Sat,2021-05-08,12:30,Middlesbrough,0–3,Wycombe Wanderers,,Riverside Stadium,Martin Atkinson,/en/matches/9080bd6b/Middlesbrough-Wycombe-Wanderers-May-8-2021-Championship,,9080bd6b
ENG-Championship,2021,2021-05-08 Nottingham Forest-Preston North End,Championship,46,Sat,2021-05-08,12:30,Nottingham Forest,1–2,Preston North End,,The City Ground,Darren Bond,/en/matches/74f597e9/Nottingham-Forest-Preston-North-End-May-8-2021-Championship,,74f597e9
ENG-Championship,2021,2021-05-08 QPR-Luton Town,Championship,46,Sat,2021-05-08,12:30,QPR,3–1,Luton Town,,Kiyan Prince Foundation Stadium,Tony Harrington,/en/matches/0fa54638/Queens-Park-Rangers-Luton-Town-May-8-2021-Championship,,0fa54638
ENG-Championship,2021,2021-05-08 Reading-Huddersfield Town,Championship,46,Sat,2021-05-08,12:30,Reading,2–2,Huddersfield Town,,Madejski Stadium,Jarred Gillett,/en/matches/8ecb7627/Reading-Huddersfield-Town-May-8-2021-Championship,,8ecb7627
ENG-Championship,2021,2021-05-08 Watford-Swansea City,Championship,46,Sat,2021-05-08,12:30,Watford,2–0,Swansea City,,Vicarage Road Stadium,Geoff Eltringham,/en/matches/563c24d3/Watford-Swansea-City-May-8-2021-Championship,,563c24d3
ENG-Championship,2021,2021-05-17 Barnsley-Swansea City,Promotion play-offs — Semi-finals,,Mon,2021-05-17,20:15,Barnsley,0–1,Swansea City,3787,Oakwell Stadium,Geoff Eltringham,/en/matches/1f4ecb64/Barnsley-Swansea-City-May-17-2021-Championship,Leg 1 of 2,1f4ecb64
ENG-Championship,2021,2021-05-17 Bournemouth-Brentford,Promotion play-offs — Semi-finals,,Mon,2021-05-17,18:00,Bournemouth,1–0,Brentford,2000,Vitality Stadium,Tim Robinson,/en/matches/5fa90dfe/Bournemouth-Brentford-May-17-2021-Championship,Leg 1 of 2,5fa90dfe
ENG-Championship,2021,2021-05-22 Brentford-Bournemouth,Promotion play-offs — Semi-finals,,Sat,2021-05-22,12:30,Brentford,3–1,Bournemouth,4000,Brentford Community Stadium,Jarred Gillett,/en/matches/a1d06f58/Brentford-Bournemouth-May-22-2021-Championship,Leg 2 of 2; Brentford won,a1d06f58
ENG-Championship,2021,2021-05-22 Swansea City-Barnsley,Promotion play-offs — Semi-finals,,Sat,2021-05-22,18:30,Swansea City,1–1,Barnsley,3000,Liberty Stadium,John Brooks,/en/matches/01f35afb/Swansea-City-Barnsley-May-22-2021-Championship,Leg 2 of 2; Swansea City won,01f35afb
ENG-Championship,2021,2021-05-29 Brentford-Swansea City,Promotion play-offs — Final,,Sat,2021-05-29,15:00,Brentford,2–0,Swansea City,11689,Wembley Stadium,Chris Kavanagh,/en/matches/8f93802d/Brentford-Swansea-City-May-29-2021-Championship,,8f93802d
