league,season,game,round,week,day,date,time,home_team,score,away_team,attendance,venue,referee,match_report,notes,game_id
ENG-Championship,1920,2019-08-02 Luton Town-Middlesbrough,Championship,1,Fri,2019-08-02,19:45,Luton Town,3–3,Middlesbrough,10053,Kenilworth Road Stadium,Oliver Langford,/en/matches/206b91fd/Luton-Town-Middlesbrough-August-2-2019-Championship,,206b91fd
ENG-Championship,1920,2019-08-03 Barnsley-Fulham,Championship,1,Sat,2019-08-03,15:00,Barnsley,1–0,Fulham,14823,Oakwell Stadium,Andrew Davies,/en/matches/0ba79039/Barnsley-Fulham-August-3-2019-Championship,,0ba79039
ENG-Championship,1920,2019-08-03 Blackburn Rovers-Charlton Athletic,Championship,1,Sat,2019-08-03,15:00,Blackburn Rovers,1–2,Charlton Athletic,14184,Ewood Park,Andy Woolmer,/en/matches/20782740/Blackburn-Rovers-Charlton-Athletic-August-3-2019-Championship,,20782740
ENG-Championship,1920,2019-08-03 Brentford-Birmingham City,Championship,1,Sat,2019-08-03,15:00,Brentford,0–1,Birmingham City,11332,Griffin Park,Gavin Ward,/en/matches/7e290f8f/Brentford-Birmingham-City-August-3-2019-Championship,,7e290f8f
ENG-Championship,1920,2019-08-03 Millwall-Preston North End,Championship,1,Sat,2019-08-03,15:00,Millwall,1–0,Preston North End,14923,The Den,Steve Martin,/en/matches/d9610170/Millwall-Preston-North-End-August-3-2019-Championship,,d9610170
ENG-Championship,1920,2019-08-03 Nottingham Forest-West Brom,Championship,1,Sat,2019-08-03,17:30,Nottingham Forest,1–2,West Brom,27592,The City Ground,Darren England,/en/matches/69de0483/Nottingham-Forest-West-Bromwich-Albion-August-3-2019-Championship,,69de0483
ENG-Championship,1920,2019-08-03 Reading-Sheffield Weds,Championship,1,Sat,2019-08-03,15:00,Reading,1–3,Sheffield Weds,16319,Madejski Stadium,James Linington,/en/matches/505fb171/Reading-Sheffield-Wednesday-August-3-2019-Championship,,505fb171
ENG-Championship,1920,2019-08-03 Stoke City-QPR,Championship,1,Sat,2019-08-03,15:00,Stoke City,1–2,QPR,24004,Bet365 Stadium,Darren Bond,/en/matches/f0592c02/Stoke-City-Queens-Park-Rangers-August-3-2019-Championship,,f0592c02
ENG-Championship,1920,2019-08-03 Swansea City-Hull City,Championship,1,Sat,2019-08-03,15:00,Swansea City,2–1,Hull City,15741,Liberty Stadium,John Brooks,/en/matches/fd198d12/Swansea-City-Hull-City-August-3-2019-Championship,,fd198d12
ENG-Championship,1920,2019-08-03 Wigan Athletic-Cardiff City,Championship,1,Sat,2019-08-03,15:00,Wigan Athletic,3–2,Cardiff City,12169,The DW Stadium,David Webb,/en/matches/fd6ccf43/Wigan-Athletic-Cardiff-City-August-3-2019-Championship,,fd6ccf43
ENG-Championship,1920,2019-08-04 Bristol City-Leeds United,Championship,1,Sun,2019-08-04,16:30,Bristol City,1–3,Leeds United,23553,Ashton Gate Stadium,Tim Robinson,/en/matches/eccc74e6/Bristol-City-Leeds-United-August-4-2019-Championship,,eccc74e6
ENG-Championship,1920,2019-08-05 Huddersfield Town-Derby County,Championship,1,Mon,2019-08-05,19:45,Huddersfield Town,1–2,Derby County,22596,The John Smith's Stadium,Geoff Eltringham,/en/matches/eb6b8afa/Huddersfield-Town-Derby-County-August-5-2019-Championship,,eb6b8afa
ENG-Championship,1920,2019-08-10 Birmingham City-Bristol City,Championship,2,Sat,2019-08-10,15:00,Birmingham City,1–1,Bristol City,21808,St Andrew's Trillion Trophy Stadium,Oliver Langford,/en/matches/d8a6f51c/Birmingham-City-Bristol-City-August-10-2019-Championship,,d8a6f51c
ENG-Championship,1920,2019-08-10 Cardiff City-Luton Town,Championship,2,Sat,2019-08-10,15:00,Cardiff City,2–1,Luton Town,24724,Cardiff City Stadium,Darren Bond,/en/matches/52d478cd/Cardiff-City-Luton-Town-August-10-2019-Championship,,52d478cd
ENG-Championship,1920,2019-08-10 Charlton Athletic-Stoke City,Championship,2,Sat,2019-08-10,15:00,Charlton Athletic,3–1,Stoke City,17848,The Valley,Simon Hooper,/en/matches/5fdb538f/Charlton-Athletic-Stoke-City-August-10-2019-Championship,,5fdb538f
ENG-Championship,1920,2019-08-10 Derby County-Swansea City,Championship,2,Sat,2019-08-10,15:00,Derby County,0–0,Swansea City,27337,iPro Stadium,Jarred Gillett,/en/matches/f34d76d6/Derby-County-Swansea-City-August-10-2019-Championship,,f34d76d6
ENG-Championship,1920,2019-08-10 Fulham-Blackburn Rovers,Championship,2,Sat,2019-08-10,15:00,Fulham,2–0,Blackburn Rovers,17987,Craven Cottage,Keith Stroud,/en/matches/ebeb0018/Fulham-Blackburn-Rovers-August-10-2019-Championship,,ebeb0018
ENG-Championship,1920,2019-08-10 Hull City-Reading,Championship,2,Sat,2019-08-10,15:00,Hull City,2–1,Reading,10673,Kingston Communications Stadium,Matt Donohue,/en/matches/713dbd23/Hull-City-Reading-August-10-2019-Championship,,713dbd23
ENG-Championship,1920,2019-08-10 Leeds United-Nottingham Forest,Championship,2,Sat,2019-08-10,12:30,Leeds United,1–1,Nottingham Forest,35453,Elland Road,Robert Jones,/en/matches/3459bd1c/Leeds-United-Nottingham-Forest-August-10-2019-Championship,,3459bd1c
ENG-Championship,1920,2019-08-10 Middlesbrough-Brentford,Championship,2,Sat,2019-08-10,15:00,Middlesbrough,0–1,Brentford,21911,Riverside Stadium,Steve Martin,/en/matches/8dfa946a/Middlesbrough-Brentford-August-10-2019-Championship,,8dfa946a
ENG-Championship,1920,2019-08-10 Preston North End-Wigan Athletic,Championship,2,Sat,2019-08-10,15:00,Preston North End,3–0,Wigan Athletic,14789,Deepdale Stadium,Jeremy Simpson,/en/matches/717eabc4/Preston-North-End-Wigan-Athletic-August-10-2019-Championship,,717eabc4
ENG-Championship,1920,2019-08-10 QPR-Huddersfield Town,Championship,2,Sat,2019-08-10,15:00,QPR,1–1,Huddersfield Town,14377,Kiyan Prince Foundation Stadium,Dean Whitestone,/en/matches/e7fa2c45/Queens-Park-Rangers-Huddersfield-Town-August-10-2019-Championship,,e7fa2c45
ENG-Championship,1920,2019-08-10 Sheffield Weds-Barnsley,Championship,2,Sat,2019-08-10,15:00,Sheffield Weds,2–0,Barnsley,28028,Hillsborough Stadium,Tony Harrington,/en/matches/502b86b2/Sheffield-Wednesday-Barnsley-August-10-2019-Championship,,502b86b2
ENG-Championship,1920,2019-08-10 West Brom-Millwall,Championship,2,Sat,2019-08-10,15:00,West Brom,1–1,Millwall,24305,The Hawthorns,David Webb,/en/matches/08a3e8e4/West-Bromwich-Albion-Millwall-August-10-2019-Championship,,08a3e8e4
ENG-Championship,1920,2019-08-16 Huddersfield Town-Fulham,Championship,3,Fri,2019-08-16,19:45,Huddersfield Town,1–2,Fulham,20775,The John Smith's Stadium,James Linington,/en/matches/25762402/Huddersfield-Town-Fulham-August-16-2019-Championship,,25762402
ENG-Championship,1920,2019-08-17 Barnsley-Charlton Athletic,Championship,3,Sat,2019-08-17,15:00,Barnsley,2–2,Charlton Athletic,13006,Oakwell Stadium,Matt Donohue,/en/matches/bb2aa77a/Barnsley-Charlton-Athletic-August-17-2019-Championship,,bb2aa77a
ENG-Championship,1920,2019-08-17 Blackburn Rovers-Middlesbrough,Championship,3,Sat,2019-08-17,15:00,Blackburn Rovers,1–0,Middlesbrough,14012,Ewood Park,Jarred Gillett,/en/matches/67ddc385/Blackburn-Rovers-Middlesbrough-August-17-2019-Championship,,67ddc385
ENG-Championship,1920,2019-08-17 Brentford-Hull City,Championship,3,Sat,2019-08-17,15:00,Brentford,1–1,Hull City,11000,Griffin Park,Darren England,/en/matches/4db301bd/Brentford-Hull-City-August-17-2019-Championship,,4db301bd
ENG-Championship,1920,2019-08-17 Bristol City-QPR,Championship,3,Sat,2019-08-17,15:00,Bristol City,2–0,QPR,21654,Ashton Gate Stadium,Robert Jones,/en/matches/d76227f3/Bristol-City-Queens-Park-Rangers-August-17-2019-Championship,,d76227f3
ENG-Championship,1920,2019-08-17 Luton Town-West Brom,Championship,3,Sat,2019-08-17,15:00,Luton Town,1–2,West Brom,10059,Kenilworth Road Stadium,Andy Woolmer,/en/matches/c875e15d/Luton-Town-West-Bromwich-Albion-August-17-2019-Championship,,c875e15d
ENG-Championship,1920,2019-08-17 Millwall-Sheffield Weds,Championship,3,Sat,2019-08-17,15:00,Millwall,1–0,Sheffield Weds,15017,The Den,Gavin Ward,/en/matches/f586745d/Millwall-Sheffield-Wednesday-August-17-2019-Championship,,f586745d
ENG-Championship,1920,2019-08-17 Nottingham Forest-Birmingham City,Championship,3,Sat,2019-08-17,15:00,Nottingham Forest,3–0,Birmingham City,27281,The City Ground,Tony Harrington,/en/matches/ce993030/Nottingham-Forest-Birmingham-City-August-17-2019-Championship,,ce993030
ENG-Championship,1920,2019-08-17 Stoke City-Derby County,Championship,3,Sat,2019-08-17,15:00,Stoke City,2–2,Derby County,23863,Bet365 Stadium,Tim Robinson,/en/matches/61507873/Stoke-City-Derby-County-August-17-2019-Championship,,61507873
ENG-Championship,1920,2019-08-17 Swansea City-Preston North End,Championship,3,Sat,2019-08-17,15:00,Swansea City,3–2,Preston North End,15250,Liberty Stadium,Dean Whitestone,/en/matches/30266d64/Swansea-City-Preston-North-End-August-17-2019-Championship,,30266d64
ENG-Championship,1920,2019-08-17 Wigan Athletic-Leeds United,Championship,3,Sat,2019-08-17,15:00,Wigan Athletic,0–2,Leeds United,14819,The DW Stadium,Andy Madley,/en/matches/38b1b247/Wigan-Athletic-Leeds-United-August-17-2019-Championship,,38b1b247
ENG-Championship,1920,2019-08-18 Reading-Cardiff City,Championship,3,Sun,2019-08-18,12:00,Reading,3–0,Cardiff City,14252,Madejski Stadium,Andrew Davies,/en/matches/a4239b6f/Reading-Cardiff-City-August-18-2019-Championship,,a4239b6f
ENG-Championship,1920,2019-08-20 Birmingham City-Barnsley,Championship,4,Tue,2019-08-20,19:45,Birmingham City,2–0,Barnsley,20061,St Andrew's Trillion Trophy Stadium,Geoff Eltringham,/en/matches/80055d81/Birmingham-City-Barnsley-August-20-2019-Championship,,80055d81
ENG-Championship,1920,2019-08-20 Derby County-Bristol City,Championship,4,Tue,2019-08-20,19:45,Derby County,1–2,Bristol City,25546,iPro Stadium,Steve Martin,/en/matches/ac48c78c/Derby-County-Bristol-City-August-20-2019-Championship,,ac48c78c
ENG-Championship,1920,2019-08-20 Hull City-Blackburn Rovers,Championship,4,Tue,2019-08-20,19:45,Hull City,0–1,Blackburn Rovers,10240,Kingston Communications Stadium,Jeremy Simpson,/en/matches/5a9e16dd/Hull-City-Blackburn-Rovers-August-20-2019-Championship,,5a9e16dd
ENG-Championship,1920,2019-08-20 Middlesbrough-Wigan Athletic,Championship,4,Tue,2019-08-20,19:45,Middlesbrough,1–0,Wigan Athletic,18649,Riverside Stadium,Keith Stroud,/en/matches/ea69b095/Middlesbrough-Wigan-Athletic-August-20-2019-Championship,,ea69b095
ENG-Championship,1920,2019-08-20 Sheffield Weds-Luton Town,Championship,4,Tue,2019-08-20,19:45,Sheffield Weds,1–0,Luton Town,23353,Hillsborough Stadium,David Webb,/en/matches/9e8feae5/Sheffield-Wednesday-Luton-Town-August-20-2019-Championship,,9e8feae5
ENG-Championship,1920,2019-08-21 Cardiff City-Huddersfield Town,Championship,4,Wed,2019-08-21,19:45,Cardiff City,2–1,Huddersfield Town,21821,Cardiff City Stadium,Jarred Gillett,/en/matches/a7541171/Cardiff-City-Huddersfield-Town-August-21-2019-Championship,,a7541171
ENG-Championship,1920,2019-08-21 Charlton Athletic-Nottingham Forest,Championship,4,Wed,2019-08-21,19:45,Charlton Athletic,1–1,Nottingham Forest,17204,The Valley,Oliver Langford,/en/matches/c89639b2/Charlton-Athletic-Nottingham-Forest-August-21-2019-Championship,,c89639b2
ENG-Championship,1920,2019-08-21 Fulham-Millwall,Championship,4,Wed,2019-08-21,19:45,Fulham,4–0,Millwall,17066,Craven Cottage,Darren Bond,/en/matches/3feef4e7/Fulham-Millwall-August-21-2019-Championship,,3feef4e7
ENG-Championship,1920,2019-08-21 Leeds United-Brentford,Championship,4,Wed,2019-08-21,19:45,Leeds United,1–0,Brentford,35004,Elland Road,Andrew Davies,/en/matches/1fec782a/Leeds-United-Brentford-August-21-2019-Championship,,1fec782a
ENG-Championship,1920,2019-08-21 Preston North End-Stoke City,Championship,4,Wed,2019-08-21,19:45,Preston North End,3–1,Stoke City,11973,Deepdale Stadium,John Brooks,/en/matches/5c62fc46/Preston-North-End-Stoke-City-August-21-2019-Championship,,5c62fc46
ENG-Championship,1920,2019-08-21 QPR-Swansea City,Championship,4,Wed,2019-08-21,19:45,QPR,1–3,Swansea City,12287,Kiyan Prince Foundation Stadium,Paul Tierney,/en/matches/cd5c68d0/Queens-Park-Rangers-Swansea-City-August-21-2019-Championship,,cd5c68d0
ENG-Championship,1920,2019-08-21 West Brom-Reading,Championship,4,Wed,2019-08-21,20:00,West Brom,1–1,Reading,21803,The Hawthorns,Peter Bankes,/en/matches/b3050f7c/West-Bromwich-Albion-Reading-August-21-2019-Championship,,b3050f7c
ENG-Championship,1920,2019-08-24 Barnsley-Luton Town,Championship,5,Sat,2019-08-24,15:00,Barnsley,1–3,Luton Town,13250,Oakwell Stadium,Steve Martin,/en/matches/45022489/Barnsley-Luton-Town-August-24-2019-Championship,,45022489
ENG-Championship,1920,2019-08-24 Blackburn Rovers-Cardiff City,Championship,5,Sat,2019-08-24,15:00,Blackburn Rovers,0–0,Cardiff City,13291,Ewood Park,David Coote,/en/matches/1ce63e38/Blackburn-Rovers-Cardiff-City-August-24-2019-Championship,,1ce63e38
ENG-Championship,1920,2019-08-24 Charlton Athletic-Brentford,Championship,5,Sat,2019-08-24,15:00,Charlton Athletic,1–0,Brentford,16771,The Valley,Tim Robinson,/en/matches/e37bc3c6/Charlton-Athletic-Brentford-August-24-2019-Championship,,e37bc3c6
ENG-Championship,1920,2019-08-24 Derby County-West Brom,Championship,5,Sat,2019-08-24,12:30,Derby County,1–1,West Brom,26718,iPro Stadium,Gavin Ward,/en/matches/51968d99/Derby-County-West-Bromwich-Albion-August-24-2019-Championship,,51968d99
ENG-Championship,1920,2019-08-24 Fulham-Nottingham Forest,Championship,5,Sat,2019-08-24,15:00,Fulham,1–2,Nottingham Forest,18186,Craven Cottage,Peter Bankes,/en/matches/49bd16bc/Fulham-Nottingham-Forest-August-24-2019-Championship,,49bd16bc
ENG-Championship,1920,2019-08-24 Huddersfield Town-Reading,Championship,5,Sat,2019-08-24,15:00,Huddersfield Town,0–2,Reading,21847,The John Smith's Stadium,Tony Harrington,/en/matches/0aeebea8/Huddersfield-Town-Reading-August-24-2019-Championship,,0aeebea8
ENG-Championship,1920,2019-08-24 Hull City-Bristol City,Championship,5,Sat,2019-08-24,15:00,Hull City,1–3,Bristol City,10458,Kingston Communications Stadium,Dean Whitestone,/en/matches/7c3d2818/Hull-City-Bristol-City-August-24-2019-Championship,,7c3d2818
ENG-Championship,1920,2019-08-24 Middlesbrough-Millwall,Championship,5,Sat,2019-08-24,15:00,Middlesbrough,1–1,Millwall,19279,Riverside Stadium,John Brooks,/en/matches/4458bea5/Middlesbrough-Millwall-August-24-2019-Championship,,4458bea5
ENG-Championship,1920,2019-08-24 Preston North End-Sheffield Weds,Championship,5,Sat,2019-08-24,15:00,Preston North End,2–1,Sheffield Weds,15715,Deepdale Stadium,Robert Jones,/en/matches/cfbb5994/Preston-North-End-Sheffield-Wednesday-August-24-2019-Championship,,cfbb5994
ENG-Championship,1920,2019-08-24 QPR-Wigan Athletic,Championship,5,Sat,2019-08-24,15:00,QPR,3–1,Wigan Athletic,11921,Kiyan Prince Foundation Stadium,Matt Donohue,/en/matches/140d0349/Queens-Park-Rangers-Wigan-Athletic-August-24-2019-Championship,,140d0349
ENG-Championship,1920,2019-08-24 Stoke City-Leeds United,Championship,5,Sat,2019-08-24,15:00,Stoke City,0–3,Leeds United,24090,Bet365 Stadium,Darren England,/en/matches/e6ede804/Stoke-City-Leeds-United-August-24-2019-Championship,,e6ede804
ENG-Championship,1920,2019-08-25 Swansea City-Birmingham City,Championship,5,Sun,2019-08-25,12:00,Swansea City,3–0,Birmingham City,17277,Liberty Stadium,Andy Woolmer,/en/matches/d9aaca3f/Swansea-City-Birmingham-City-August-25-2019-Championship,,d9aaca3f
ENG-Championship,1920,2019-08-30 Cardiff City-Fulham,Championship,6,Fri,2019-08-30,19:45,Cardiff City,1–1,Fulham,22631,Cardiff City Stadium,Tim Robinson,/en/matches/36afd37c/Cardiff-City-Fulham-August-30-2019-Championship,,36afd37c
ENG-Championship,1920,2019-08-31 Birmingham City-Stoke City,Championship,6,Sat,2019-08-31,15:00,Birmingham City,2–1,Stoke City,20652,St Andrew's Trillion Trophy Stadium,James Linington,/en/matches/1d23d25a/Birmingham-City-Stoke-City-August-31-2019-Championship,,1d23d25a
ENG-Championship,1920,2019-08-31 Brentford-Derby County,Championship,6,Sat,2019-08-31,15:00,Brentford,3–0,Derby County,11055,Griffin Park,David Webb,/en/matches/2cecf58b/Brentford-Derby-County-August-31-2019-Championship,,2cecf58b
ENG-Championship,1920,2019-08-31 Bristol City-Middlesbrough,Championship,6,Sat,2019-08-31,12:30,Bristol City,2–2,Middlesbrough,20757,Ashton Gate Stadium,Lee Mason,/en/matches/9341f000/Bristol-City-Middlesbrough-August-31-2019-Championship,,9341f000
ENG-Championship,1920,2019-08-31 Leeds United-Swansea City,Championship,6,Sat,2019-08-31,15:00,Leeds United,0–1,Swansea City,34935,Elland Road,Darren Bond,/en/matches/9a93a09b/Leeds-United-Swansea-City-August-31-2019-Championship,,9a93a09b
ENG-Championship,1920,2019-08-31 Luton Town-Huddersfield Town,Championship,6,Sat,2019-08-31,15:00,Luton Town,2–1,Huddersfield Town,10062,Kenilworth Road Stadium,Andrew Davies,/en/matches/0f029819/Luton-Town-Huddersfield-Town-August-31-2019-Championship,,0f029819
ENG-Championship,1920,2019-08-31 Millwall-Hull City,Championship,6,Sat,2019-08-31,15:00,Millwall,1–1,Hull City,12495,The Den,Oliver Langford,/en/matches/08055cd8/Millwall-Hull-City-August-31-2019-Championship,,08055cd8
ENG-Championship,1920,2019-08-31 Nottingham Forest-Preston North End,Championship,6,Sat,2019-08-31,15:00,Nottingham Forest,1–1,Preston North End,27249,The City Ground,Geoff Eltringham,/en/matches/f6f9e63d/Nottingham-Forest-Preston-North-End-August-31-2019-Championship,,f6f9e63d
ENG-Championship,1920,2019-08-31 Reading-Charlton Athletic,Championship,6,Sat,2019-08-31,15:00,Reading,0–2,Charlton Athletic,16906,Madejski Stadium,Jarred Gillett,/en/matches/2ebf330f/Reading-Charlton-Athletic-August-31-2019-Championship,,2ebf330f
ENG-Championship,1920,2019-08-31 Sheffield Weds-QPR,Championship,6,Sat,2019-08-31,15:00,Sheffield Weds,1–2,QPR,23446,Hillsborough Stadium,John Brooks,/en/matches/6541a62a/Sheffield-Wednesday-Queens-Park-Rangers-August-31-2019-Championship,,6541a62a
ENG-Championship,1920,2019-08-31 West Brom-Blackburn Rovers,Championship,6,Sat,2019-08-31,15:00,West Brom,3–2,Blackburn Rovers,23792,The Hawthorns,Tony Harrington,/en/matches/277e33d6/West-Bromwich-Albion-Blackburn-Rovers-August-31-2019-Championship,,277e33d6
ENG-Championship,1920,2019-08-31 Wigan Athletic-Barnsley,Championship,6,Sat,2019-08-31,15:00,Wigan Athletic,0–0,Barnsley,10214,The DW Stadium,Andy Woolmer,/en/matches/0899c47c/Wigan-Athletic-Barnsley-August-31-2019-Championship,,0899c47c
ENG-Championship,1920,2019-09-13 Derby County-Cardiff City,Championship,7,Fri,2019-09-13,19:45,Derby County,1–1,Cardiff City,25873,iPro Stadium,Darren England,/en/matches/834d71ca/Derby-County-Cardiff-City-September-13-2019-Championship,,834d71ca
ENG-Championship,1920,2019-09-14 Blackburn Rovers-Millwall,Championship,7,Sat,2019-09-14,15:00,Blackburn Rovers,2–0,Millwall,11873,Ewood Park,Dean Whitestone,/en/matches/86b9f8ec/Blackburn-Rovers-Millwall-September-14-2019-Championship,,86b9f8ec
ENG-Championship,1920,2019-09-14 Charlton Athletic-Birmingham City,Championship,7,Sat,2019-09-14,15:00,Charlton Athletic,0–1,Birmingham City,18752,The Valley,Matt Donohue,/en/matches/6c697cc9/Charlton-Athletic-Birmingham-City-September-14-2019-Championship,,6c697cc9
ENG-Championship,1920,2019-09-14 Fulham-West Brom,Championship,7,Sat,2019-09-14,12:30,Fulham,1–1,West Brom,17770,Craven Cottage,David Webb,/en/matches/b1f855e4/Fulham-West-Bromwich-Albion-September-14-2019-Championship,,b1f855e4
ENG-Championship,1920,2019-09-14 Hull City-Wigan Athletic,Championship,7,Sat,2019-09-14,15:00,Hull City,2–2,Wigan Athletic,10069,Kingston Communications Stadium,Gavin Ward,/en/matches/80148082/Hull-City-Wigan-Athletic-September-14-2019-Championship,,80148082
ENG-Championship,1920,2019-09-14 Middlesbrough-Reading,Championship,7,Sat,2019-09-14,15:00,Middlesbrough,1–0,Reading,19414,Riverside Stadium,Robert Jones,/en/matches/f71296fc/Middlesbrough-Reading-September-14-2019-Championship,,f71296fc
ENG-Championship,1920,2019-09-14 Preston North End-Brentford,Championship,7,Sat,2019-09-14,15:00,Preston North End,2–0,Brentford,12873,Deepdale Stadium,David Coote,/en/matches/1b29c540/Preston-North-End-Brentford-September-14-2019-Championship,,1b29c540
ENG-Championship,1920,2019-09-14 QPR-Luton Town,Championship,7,Sat,2019-09-14,15:00,QPR,3–2,Luton Town,16186,Kiyan Prince Foundation Stadium,Jeremy Simpson,/en/matches/f517e5d1/Queens-Park-Rangers-Luton-Town-September-14-2019-Championship,,f517e5d1
ENG-Championship,1920,2019-09-14 Stoke City-Bristol City,Championship,7,Sat,2019-09-14,15:00,Stoke City,1–2,Bristol City,22357,Bet365 Stadium,Geoff Eltringham,/en/matches/859e81c6/Stoke-City-Bristol-City-September-14-2019-Championship,,859e81c6
ENG-Championship,1920,2019-09-14 Swansea City-Nottingham Forest,Championship,7,Sat,2019-09-14,15:00,Swansea City,0–1,Nottingham Forest,17102,Liberty Stadium,James Linington,/en/matches/f398ad9d/Swansea-City-Nottingham-Forest-September-14-2019-Championship,,f398ad9d
ENG-Championship,1920,2019-09-15 Barnsley-Leeds United,Championship,7,Sun,2019-09-15,12:30,Barnsley,0–2,Leeds United,17598,Oakwell Stadium,Keith Stroud,/en/matches/2682f377/Barnsley-Leeds-United-September-15-2019-Championship,,2682f377
ENG-Championship,1920,2019-09-15 Huddersfield Town-Sheffield Weds,Championship,7,Sun,2019-09-15,12:00,Huddersfield Town,0–2,Sheffield Weds,22754,The John Smith's Stadium,Simon Hooper,/en/matches/cd9796af/Huddersfield-Town-Sheffield-Wednesday-September-15-2019-Championship,,cd9796af
ENG-Championship,1920,2019-09-21 Birmingham City-Preston North End,Championship,8,Sat,2019-09-21,15:00,Birmingham City,0–1,Preston North End,20806,St Andrew's Trillion Trophy Stadium,Steve Martin,/en/matches/a7aa85b8/Birmingham-City-Preston-North-End-September-21-2019-Championship,,a7aa85b8
ENG-Championship,1920,2019-09-21 Brentford-Stoke City,Championship,8,Sat,2019-09-21,15:00,Brentford,0–0,Stoke City,11870,Griffin Park,Andy Woolmer,/en/matches/9b4eb0ac/Brentford-Stoke-City-September-21-2019-Championship,,9b4eb0ac
ENG-Championship,1920,2019-09-21 Bristol City-Swansea City,Championship,8,Sat,2019-09-21,15:00,Bristol City,0–0,Swansea City,22885,Ashton Gate Stadium,Tony Harrington,/en/matches/87ca464f/Bristol-City-Swansea-City-September-21-2019-Championship,,87ca464f
ENG-Championship,1920,2019-09-21 Cardiff City-Middlesbrough,Championship,8,Sat,2019-09-21,15:00,Cardiff City,1–0,Middlesbrough,23141,Cardiff City Stadium,Darren Bond,/en/matches/9ac9fb8b/Cardiff-City-Middlesbrough-September-21-2019-Championship,,9ac9fb8b
ENG-Championship,1920,2019-09-21 Leeds United-Derby County,Championship,8,Sat,2019-09-21,12:30,Leeds United,1–1,Derby County,34741,Elland Road,Oliver Langford,/en/matches/b3fe4b40/Leeds-United-Derby-County-September-21-2019-Championship,,b3fe4b40
ENG-Championship,1920,2019-09-21 Luton Town-Hull City,Championship,8,Sat,2019-09-21,15:00,Luton Town,0–3,Hull City,10066,Kenilworth Road Stadium,Andy Madley,/en/matches/f97600fb/Luton-Town-Hull-City-September-21-2019-Championship,,f97600fb
ENG-Championship,1920,2019-09-21 Millwall-QPR,Championship,8,Sat,2019-09-21,15:00,Millwall,1–2,QPR,16808,The Den,Peter Bankes,/en/matches/99ffe94c/Millwall-Queens-Park-Rangers-September-21-2019-Championship,,99ffe94c
ENG-Championship,1920,2019-09-21 Nottingham Forest-Barnsley,Championship,8,Sat,2019-09-21,15:00,Nottingham Forest,1–0,Barnsley,29202,The City Ground,Jarred Gillett,/en/matches/3129e4da/Nottingham-Forest-Barnsley-September-21-2019-Championship,,3129e4da
ENG-Championship,1920,2019-09-21 Reading-Blackburn Rovers,Championship,8,Sat,2019-09-21,15:00,Reading,1–2,Blackburn Rovers,16906,Madejski Stadium,Matt Donohue,/en/matches/e17c6196/Reading-Blackburn-Rovers-September-21-2019-Championship,,e17c6196
ENG-Championship,1920,2019-09-21 Sheffield Weds-Fulham,Championship,8,Sat,2019-09-21,15:00,Sheffield Weds,1–1,Fulham,23342,Hillsborough Stadium,Geoff Eltringham,/en/matches/12da70ac/Sheffield-Wednesday-Fulham-September-21-2019-Championship,,12da70ac
ENG-Championship,1920,2019-09-21 Wigan Athletic-Charlton Athletic,Championship,8,Sat,2019-09-21,15:00,Wigan Athletic,2–0,Charlton Athletic,9567,The DW Stadium,Andrew Davies,/en/matches/3aa12b37/Wigan-Athletic-Charlton-Athletic-September-21-2019-Championship,,3aa12b37
ENG-Championship,1920,2019-09-22 West Brom-Huddersfield Town,Championship,8,Sun,2019-09-22,12:00,West Brom,4–2,Huddersfield Town,23577,The Hawthorns,Tim Robinson,/en/matches/7987a675/West-Bromwich-Albion-Huddersfield-Town-September-22-2019-Championship,,7987a675
ENG-Championship,1920,2019-09-27 Fulham-Wigan Athletic,Championship,9,Fri,2019-09-27,19:45,Fulham,2–0,Wigan Athletic,18253,Craven Cottage,Dean Whitestone,/en/matches/11636cbe/Fulham-Wigan-Athletic-September-27-2019-Championship,,11636cbe
ENG-Championship,1920,2019-09-27 Stoke City-Nottingham Forest,Championship,9,Fri,2019-09-27,20:00,Stoke City,2–3,Nottingham Forest,23800,Bet365 Stadium,Andy Madley,/en/matches/694fa38e/Stoke-City-Nottingham-Forest-September-27-2019-Championship,,694fa38e
ENG-Championship,1920,2019-09-28 Blackburn Rovers-Luton Town,Championship,9,Sat,2019-09-28,15:00,Blackburn Rovers,1–2,Luton Town,15319,Ewood Park,Gavin Ward,/en/matches/46878bfd/Blackburn-Rovers-Luton-Town-September-28-2019-Championship,,46878bfd
ENG-Championship,1920,2019-09-28 Charlton Athletic-Leeds United,Championship,9,Sat,2019-09-28,15:00,Charlton Athletic,1–0,Leeds United,21808,The Valley,John Brooks,/en/matches/de2729ee/Charlton-Athletic-Leeds-United-September-28-2019-Championship,,de2729ee
ENG-Championship,1920,2019-09-28 Derby County-Birmingham City,Championship,9,Sat,2019-09-28,15:00,Derby County,3–2,Birmingham City,28454,iPro Stadium,Simon Hooper,/en/matches/d0fc401d/Derby-County-Birmingham-City-September-28-2019-Championship,,d0fc401d
ENG-Championship,1920,2019-09-28 Huddersfield Town-Millwall,Championship,9,Sat,2019-09-28,15:00,Huddersfield Town,1–1,Millwall,20781,The John Smith's Stadium,Jeremy Simpson,/en/matches/52c75ff9/Huddersfield-Town-Millwall-September-28-2019-Championship,,52c75ff9
ENG-Championship,1920,2019-09-28 Hull City-Cardiff City,Championship,9,Sat,2019-09-28,15:00,Hull City,2–2,Cardiff City,10756,Kingston Communications Stadium,Jarred Gillett,/en/matches/ffe351c0/Hull-City-Cardiff-City-September-28-2019-Championship,,ffe351c0
ENG-Championship,1920,2019-09-28 Middlesbrough-Sheffield Weds,Championship,9,Sat,2019-09-28,15:00,Middlesbrough,1–4,Sheffield Weds,22075,Riverside Stadium,James Linington,/en/matches/008de977/Middlesbrough-Sheffield-Wednesday-September-28-2019-Championship,,008de977
ENG-Championship,1920,2019-09-28 Preston North End-Bristol City,Championship,9,Sat,2019-09-28,15:00,Preston North End,3–3,Bristol City,12005,Deepdale Stadium,Andrew Davies,/en/matches/6e2d0387/Preston-North-End-Bristol-City-September-28-2019-Championship,,6e2d0387
ENG-Championship,1920,2019-09-28 QPR-West Brom,Championship,9,Sat,2019-09-28,12:30,QPR,0–2,West Brom,13959,Kiyan Prince Foundation Stadium,Geoff Eltringham,/en/matches/cf524d40/Queens-Park-Rangers-West-Bromwich-Albion-September-28-2019-Championship,,cf524d40
ENG-Championship,1920,2019-09-28 Swansea City-Reading,Championship,9,Sat,2019-09-28,15:00,Swansea City,1–1,Reading,16036,Liberty Stadium,Keith Stroud,/en/matches/b8b6f971/Swansea-City-Reading-September-28-2019-Championship,,b8b6f971
ENG-Championship,1920,2019-09-29 Barnsley-Brentford,Championship,9,Sun,2019-09-29,13:30,Barnsley,1–3,Brentford,12188,Oakwell Stadium,David Webb,/en/matches/4f218c5a/Barnsley-Brentford-September-29-2019-Championship,,4f218c5a
ENG-Championship,1920,2019-10-01 Blackburn Rovers-Nottingham Forest,Championship,10,Tue,2019-10-01,19:45,Blackburn Rovers,1–1,Nottingham Forest,12521,Ewood Park,Steve Martin,/en/matches/ee79f1ec/Blackburn-Rovers-Nottingham-Forest-October-1-2019-Championship,,ee79f1ec
ENG-Championship,1920,2019-10-01 Hull City-Sheffield Weds,Championship,10,Tue,2019-10-01,19:45,Hull City,1–0,Sheffield Weds,11590,Kingston Communications Stadium,Andrew Davies,/en/matches/2a25cb7c/Hull-City-Sheffield-Wednesday-October-1-2019-Championship,,2a25cb7c
ENG-Championship,1920,2019-10-01 Leeds United-West Brom,Championship,10,Tue,2019-10-01,19:45,Leeds United,1–0,West Brom,34648,Elland Road,David Coote,/en/matches/8f32f9c1/Leeds-United-West-Bromwich-Albion-October-1-2019-Championship,,8f32f9c1
ENG-Championship,1920,2019-10-01 Middlesbrough-Preston North End,Championship,10,Tue,2019-10-01,19:45,Middlesbrough,1–1,Preston North End,17961,Riverside Stadium,Darren England,/en/matches/f4c1c12e/Middlesbrough-Preston-North-End-October-1-2019-Championship,,f4c1c12e
ENG-Championship,1920,2019-10-01 Reading-Fulham,Championship,10,Tue,2019-10-01,20:00,Reading,1–4,Fulham,13809,Madejski Stadium,Andy Woolmer,/en/matches/431a8387/Reading-Fulham-October-1-2019-Championship,,431a8387
ENG-Championship,1920,2019-10-01 Stoke City-Huddersfield Town,Championship,10,Tue,2019-10-01,20:00,Stoke City,0–1,Huddersfield Town,20372,Bet365 Stadium,Robert Jones,/en/matches/7b91c759/Stoke-City-Huddersfield-Town-October-1-2019-Championship,,7b91c759
ENG-Championship,1920,2019-10-01 Wigan Athletic-Birmingham City,Championship,10,Tue,2019-10-01,19:45,Wigan Athletic,1–0,Birmingham City,9244,The DW Stadium,Tim Robinson,/en/matches/3fee7f77/Wigan-Athletic-Birmingham-City-October-1-2019-Championship,,3fee7f77
ENG-Championship,1920,2019-10-02 Barnsley-Derby County,Championship,10,Wed,2019-10-02,19:45,Barnsley,2–2,Derby County,13634,Oakwell Stadium,Tony Harrington,/en/matches/f66c5d3d/Barnsley-Derby-County-October-2-2019-Championship,,f66c5d3d
ENG-Championship,1920,2019-10-02 Brentford-Bristol City,Championship,10,Wed,2019-10-02,19:45,Brentford,1–1,Bristol City,11433,Griffin Park,Oliver Langford,/en/matches/680bf472/Brentford-Bristol-City-October-2-2019-Championship,,680bf472
ENG-Championship,1920,2019-10-02 Cardiff City-QPR,Championship,10,Wed,2019-10-02,19:45,Cardiff City,3–0,QPR,21387,Cardiff City Stadium,Matt Donohue,/en/matches/14aff223/Cardiff-City-Queens-Park-Rangers-October-2-2019-Championship,,14aff223
ENG-Championship,1920,2019-10-02 Charlton Athletic-Swansea City,Championship,10,Wed,2019-10-02,19:45,Charlton Athletic,1–2,Swansea City,15741,The Valley,Peter Bankes,/en/matches/019a0444/Charlton-Athletic-Swansea-City-October-2-2019-Championship,,019a0444
ENG-Championship,1920,2019-10-02 Luton Town-Millwall,Championship,10,Wed,2019-10-02,19:45,Luton Town,1–1,Millwall,10049,Kenilworth Road Stadium,Darren Bond,/en/matches/cbee6996/Luton-Town-Millwall-October-2-2019-Championship,,cbee6996
ENG-Championship,1920,2019-10-04 Birmingham City-Middlesbrough,Championship,11,Fri,2019-10-04,19:45,Birmingham City,2–1,Middlesbrough,19703,St Andrew's Trillion Trophy Stadium,Jeremy Simpson,/en/matches/e7eba49c/Birmingham-City-Middlesbrough-October-4-2019-Championship,,e7eba49c
ENG-Championship,1920,2019-10-05 Bristol City-Reading,Championship,11,Sat,2019-10-05,15:00,Bristol City,1–0,Reading,21419,Ashton Gate Stadium,Steve Martin,/en/matches/8b5a2486/Bristol-City-Reading-October-5-2019-Championship,,8b5a2486
ENG-Championship,1920,2019-10-05 Derby County-Luton Town,Championship,11,Sat,2019-10-05,15:00,Derby County,2–0,Luton Town,27944,iPro Stadium,Geoff Eltringham,/en/matches/bcd1e8b7/Derby-County-Luton-Town-October-5-2019-Championship,,bcd1e8b7
ENG-Championship,1920,2019-10-05 Fulham-Charlton Athletic,Championship,11,Sat,2019-10-05,12:30,Fulham,2–2,Charlton Athletic,18654,Craven Cottage,Keith Stroud,/en/matches/0760e0e1/Fulham-Charlton-Athletic-October-5-2019-Championship,,0760e0e1
ENG-Championship,1920,2019-10-05 Huddersfield Town-Hull City,Championship,11,Sat,2019-10-05,15:00,Huddersfield Town,3–0,Hull City,21702,The John Smith's Stadium,David Webb,/en/matches/adad6418/Huddersfield-Town-Hull-City-October-5-2019-Championship,,adad6418
ENG-Championship,1920,2019-10-05 Millwall-Leeds United,Championship,11,Sat,2019-10-05,15:00,Millwall,2–1,Leeds United,16311,The Den,James Linington,/en/matches/05e26226/Millwall-Leeds-United-October-5-2019-Championship,,05e26226
ENG-Championship,1920,2019-10-05 Nottingham Forest-Brentford,Championship,11,Sat,2019-10-05,15:00,Nottingham Forest,1–0,Brentford,27598,The City Ground,Dean Whitestone,/en/matches/658815ce/Nottingham-Forest-Brentford-October-5-2019-Championship,,658815ce
ENG-Championship,1920,2019-10-05 Preston North End-Barnsley,Championship,11,Sat,2019-10-05,15:00,Preston North End,5–1,Barnsley,12431,Deepdale Stadium,Gavin Ward,/en/matches/b18dc0e9/Preston-North-End-Barnsley-October-5-2019-Championship,,b18dc0e9
ENG-Championship,1920,2019-10-05 QPR-Blackburn Rovers,Championship,11,Sat,2019-10-05,15:00,QPR,4–2,Blackburn Rovers,13560,Kiyan Prince Foundation Stadium,Simon Hooper,/en/matches/fb4b67e6/Queens-Park-Rangers-Blackburn-Rovers-October-5-2019-Championship,,fb4b67e6
ENG-Championship,1920,2019-10-05 Sheffield Weds-Wigan Athletic,Championship,11,Sat,2019-10-05,15:00,Sheffield Weds,1–0,Wigan Athletic,22753,Hillsborough Stadium,Lee Mason,/en/matches/9167648a/Sheffield-Wednesday-Wigan-Athletic-October-5-2019-Championship,,9167648a
ENG-Championship,1920,2019-10-05 Swansea City-Stoke City,Championship,11,Sat,2019-10-05,15:00,Swansea City,1–2,Stoke City,16612,Liberty Stadium,Oliver Langford,/en/matches/d25d2dde/Swansea-City-Stoke-City-October-5-2019-Championship,,d25d2dde
ENG-Championship,1920,2019-10-05 West Brom-Cardiff City,Championship,11,Sat,2019-10-05,15:00,West Brom,4–2,Cardiff City,25140,The Hawthorns,John Brooks,/en/matches/19d55d05/West-Bromwich-Albion-Cardiff-City-October-5-2019-Championship,,19d55d05
ENG-Championship,1920,2019-10-18 Cardiff City-Sheffield Weds,Championship,12,Fri,2019-10-18,19:45,Cardiff City,1–1,Sheffield Weds,22486,Cardiff City Stadium,Keith Stroud,/en/matches/a41d0f7c/Cardiff-City-Sheffield-Wednesday-October-18-2019-Championship,,a41d0f7c
ENG-Championship,1920,2019-10-19 Barnsley-Swansea City,Championship,12,Sat,2019-10-19,15:00,Barnsley,1–1,Swansea City,12424,Oakwell Stadium,Andy Woolmer,/en/matches/7428f907/Barnsley-Swansea-City-October-19-2019-Championship,,7428f907
ENG-Championship,1920,2019-10-19 Blackburn Rovers-Huddersfield Town,Championship,12,Sat,2019-10-19,12:30,Blackburn Rovers,2–2,Huddersfield Town,13761,Ewood Park,Darren Bond,/en/matches/bf92233c/Blackburn-Rovers-Huddersfield-Town-October-19-2019-Championship,,bf92233c
ENG-Championship,1920,2019-10-19 Brentford-Millwall,Championship,12,Sat,2019-10-19,15:00,Brentford,3–2,Millwall,10886,Griffin Park,Stuart Attwell,/en/matches/641d4727/Brentford-Millwall-October-19-2019-Championship,,641d4727
ENG-Championship,1920,2019-10-19 Charlton Athletic-Derby County,Championship,12,Sat,2019-10-19,15:00,Charlton Athletic,3–0,Derby County,19408,The Valley,Steve Martin,/en/matches/120c645f/Charlton-Athletic-Derby-County-October-19-2019-Championship,,120c645f
ENG-Championship,1920,2019-10-19 Hull City-QPR,Championship,12,Sat,2019-10-19,15:00,Hull City,2–3,QPR,10285,Kingston Communications Stadium,Tony Harrington,/en/matches/91e1e877/Hull-City-Queens-Park-Rangers-October-19-2019-Championship,,91e1e877
ENG-Championship,1920,2019-10-19 Leeds United-Birmingham City,Championship,12,Sat,2019-10-19,15:00,Leeds United,1–0,Birmingham City,35731,Elland Road,Robert Jones,/en/matches/3c329f98/Leeds-United-Birmingham-City-October-19-2019-Championship,,3c329f98
ENG-Championship,1920,2019-10-19 Luton Town-Bristol City,Championship,12,Sat,2019-10-19,15:00,Luton Town,3–0,Bristol City,10064,Kenilworth Road Stadium,Graham Scott,/en/matches/38f65abe/Luton-Town-Bristol-City-October-19-2019-Championship,,38f65abe
ENG-Championship,1920,2019-10-19 Middlesbrough-West Brom,Championship,12,Sat,2019-10-19,15:00,Middlesbrough,0–1,West Brom,20174,Riverside Stadium,Oliver Langford,/en/matches/f1a367ed/Middlesbrough-West-Bromwich-Albion-October-19-2019-Championship,,f1a367ed
ENG-Championship,1920,2019-10-19 Reading-Preston North End,Championship,12,Sat,2019-10-19,15:00,Reading,1–0,Preston North End,14135,Madejski Stadium,Dean Whitestone,/en/matches/2aa78c26/Reading-Preston-North-End-October-19-2019-Championship,,2aa78c26
ENG-Championship,1920,2019-10-19 Stoke City-Fulham,Championship,12,Sat,2019-10-19,15:00,Stoke City,2–0,Fulham,23189,Bet365 Stadium,Andrew Davies,/en/matches/11de7078/Stoke-City-Fulham-October-19-2019-Championship,,11de7078
ENG-Championship,1920,2019-10-20 Wigan Athletic-Nottingham Forest,Championship,12,Sun,2019-10-20,14:00,Wigan Athletic,1–0,Nottingham Forest,13077,The DW Stadium,Matt Donohue,/en/matches/735f7aec/Wigan-Athletic-Nottingham-Forest-October-20-2019-Championship,,735f7aec
ENG-Championship,1920,2019-10-22 Birmingham City-Blackburn Rovers,Championship,13,Tue,2019-10-22,19:45,Birmingham City,1–0,Blackburn Rovers,18561,St Andrew's Trillion Trophy Stadium,Darren England,/en/matches/0a77ccc4/Birmingham-City-Blackburn-Rovers-October-22-2019-Championship,,0a77ccc4
ENG-Championship,1920,2019-10-22 Millwall-Cardiff City,Championship,13,Tue,2019-10-22,19:45,Millwall,2–2,Cardiff City,11769,The Den,Tim Robinson,/en/matches/348f654f/Millwall-Cardiff-City-October-22-2019-Championship,,348f654f
ENG-Championship,1920,2019-10-22 Preston North End-Leeds United,Championship,13,Tue,2019-10-22,19:45,Preston North End,1–1,Leeds United,18275,Deepdale Stadium,Kevin Friend,/en/matches/c0299ae5/Preston-North-End-Leeds-United-October-22-2019-Championship,,c0299ae5
ENG-Championship,1920,2019-10-22 QPR-Reading,Championship,13,Tue,2019-10-22,19:45,QPR,2–2,Reading,12330,Kiyan Prince Foundation Stadium,Jeremy Simpson,/en/matches/7174afe8/Queens-Park-Rangers-Reading-October-22-2019-Championship,,7174afe8
ENG-Championship,1920,2019-10-22 Sheffield Weds-Stoke City,Championship,13,Tue,2019-10-22,19:45,Sheffield Weds,1–0,Stoke City,22460,Hillsborough Stadium,Andy Madley,/en/matches/4a901139/Sheffield-Wednesday-Stoke-City-October-22-2019-Championship,,4a901139
ENG-Championship,1920,2019-10-22 Swansea City-Brentford,Championship,13,Tue,2019-10-22,19:45,Swansea City,0–3,Brentford,15875,Liberty Stadium,Gavin Ward,/en/matches/ac784eaf/Swansea-City-Brentford-October-22-2019-Championship,,ac784eaf
ENG-Championship,1920,2019-10-22 West Brom-Barnsley,Championship,13,Tue,2019-10-22,20:00,West Brom,2–2,Barnsley,22086,The Hawthorns,Darren Bond,/en/matches/e401703f/West-Bromwich-Albion-Barnsley-October-22-2019-Championship,,e401703f
ENG-Championship,1920,2019-10-23 Bristol City-Charlton Athletic,Championship,13,Wed,2019-10-23,19:45,Bristol City,2–1,Charlton Athletic,20916,Ashton Gate Stadium,James Linington,/en/matches/c97639b7/Bristol-City-Charlton-Athletic-October-23-2019-Championship,,c97639b7
ENG-Championship,1920,2019-10-23 Derby County-Wigan Athletic,Championship,13,Wed,2019-10-23,19:45,Derby County,1–0,Wigan Athletic,24697,iPro Stadium,Keith Stroud,/en/matches/d84a6aed/Derby-County-Wigan-Athletic-October-23-2019-Championship,,d84a6aed
ENG-Championship,1920,2019-10-23 Fulham-Luton Town,Championship,13,Wed,2019-10-23,19:45,Fulham,3–2,Luton Town,18082,Craven Cottage,John Brooks,/en/matches/b0708940/Fulham-Luton-Town-October-23-2019-Championship,,b0708940
ENG-Championship,1920,2019-10-23 Huddersfield Town-Middlesbrough,Championship,13,Wed,2019-10-23,19:45,Huddersfield Town,0–0,Middlesbrough,22839,The John Smith's Stadium,Tony Harrington,/en/matches/3e45b198/Huddersfield-Town-Middlesbrough-October-23-2019-Championship,,3e45b198
ENG-Championship,1920,2019-10-23 Nottingham Forest-Hull City,Championship,13,Wed,2019-10-23,19:45,Nottingham Forest,1–2,Hull City,27624,The City Ground,Oliver Langford,/en/matches/f850ee31/Nottingham-Forest-Hull-City-October-23-2019-Championship,,f850ee31
ENG-Championship,1920,2019-10-26 Birmingham City-Luton Town,Championship,14,Sat,2019-10-26,15:00,Birmingham City,2–1,Luton Town,21799,St Andrew's Trillion Trophy Stadium,Dean Whitestone,/en/matches/9f822d33/Birmingham-City-Luton-Town-October-26-2019-Championship,,9f822d33
ENG-Championship,1920,2019-10-26 Huddersfield Town-Barnsley,Championship,14,Sat,2019-10-26,15:00,Huddersfield Town,2–1,Barnsley,22718,The John Smith's Stadium,James Linington,/en/matches/72200892/Huddersfield-Town-Barnsley-October-26-2019-Championship,,72200892
ENG-Championship,1920,2019-10-26 Hull City-Derby County,Championship,14,Sat,2019-10-26,15:00,Hull City,2–0,Derby County,16326,Kingston Communications Stadium,Simon Hooper,/en/matches/de4aa06d/Hull-City-Derby-County-October-26-2019-Championship,,de4aa06d
ENG-Championship,1920,2019-10-26 Middlesbrough-Fulham,Championship,14,Sat,2019-10-26,15:00,Middlesbrough,0–0,Fulham,19101,Riverside Stadium,Peter Bankes,/en/matches/c0a215d8/Middlesbrough-Fulham-October-26-2019-Championship,,c0a215d8
ENG-Championship,1920,2019-10-26 Millwall-Stoke City,Championship,14,Sat,2019-10-26,15:00,Millwall,2–0,Stoke City,14008,The Den,Darren England,/en/matches/d316f5b3/Millwall-Stoke-City-October-26-2019-Championship,,d316f5b3
ENG-Championship,1920,2019-10-26 Preston North End-Blackburn Rovers,Championship,14,Sat,2019-10-26,15:00,Preston North End,3–2,Blackburn Rovers,19165,Deepdale Stadium,Steve Martin,/en/matches/e8311779/Preston-North-End-Blackburn-Rovers-October-26-2019-Championship,,e8311779
ENG-Championship,1920,2019-10-26 Sheffield Weds-Leeds United,Championship,14,Sat,2019-10-26,12:30,Sheffield Weds,0–0,Leeds United,27516,Hillsborough Stadium,Tim Robinson,/en/matches/28dbb9b9/Sheffield-Wednesday-Leeds-United-October-26-2019-Championship,,28dbb9b9
ENG-Championship,1920,2019-10-26 West Brom-Charlton Athletic,Championship,14,Sat,2019-10-26,15:00,West Brom,2–2,Charlton Athletic,25356,The Hawthorns,Matt Donohue,/en/matches/4c9203bb/West-Bromwich-Albion-Charlton-Athletic-October-26-2019-Championship,,4c9203bb
ENG-Championship,1920,2019-10-27 Bristol City-Wigan Athletic,Championship,14,Sun,2019-10-27,13:30,Bristol City,2–2,Wigan Athletic,22246,Ashton Gate Stadium,John Brooks,/en/matches/b6a61e89/Bristol-City-Wigan-Athletic-October-27-2019-Championship,,b6a61e89
ENG-Championship,1920,2019-10-27 Swansea City-Cardiff City,Championship,14,Sun,2019-10-27,12:00,Swansea City,1–0,Cardiff City,20270,Liberty Stadium,Robert Jones,/en/matches/994c67ab/Swansea-City-Cardiff-City-October-27-2019-Championship,,994c67ab
ENG-Championship,1920,2019-10-28 QPR-Brentford,Championship,14,Mon,2019-10-28,19:45,QPR,1–3,Brentford,15562,Kiyan Prince Foundation Stadium,Andy Woolmer,/en/matches/180bd5a9/Queens-Park-Rangers-Brentford-October-28-2019-Championship,,180bd5a9
ENG-Championship,1920,2019-11-01 Barnsley-Bristol City,Championship,15,Fri,2019-11-01,19:45,Barnsley,2–2,Bristol City,12178,Oakwell Stadium,Jarred Gillett,/en/matches/948ddbb7/Barnsley-Bristol-City-November-1-2019-Championship,,948ddbb7
ENG-Championship,1920,2019-11-02 Blackburn Rovers-Sheffield Weds,Championship,15,Sat,2019-11-02,15:00,Blackburn Rovers,2–1,Sheffield Weds,14147,Ewood Park,Andy Woolmer,/en/matches/7012134e/Blackburn-Rovers-Sheffield-Wednesday-November-2-2019-Championship,,7012134e
ENG-Championship,1920,2019-11-02 Brentford-Huddersfield Town,Championship,15,Sat,2019-11-02,15:00,Brentford,0–1,Huddersfield Town,11727,Griffin Park,Robert Jones,/en/matches/e1d1b042/Brentford-Huddersfield-Town-November-2-2019-Championship,,e1d1b042
ENG-Championship,1920,2019-11-02 Cardiff City-Birmingham City,Championship,15,Sat,2019-11-02,15:00,Cardiff City,4–2,Birmingham City,23778,Cardiff City Stadium,Andy Madley,/en/matches/9a8946d1/Cardiff-City-Birmingham-City-November-2-2019-Championship,,9a8946d1
ENG-Championship,1920,2019-11-02 Derby County-Middlesbrough,Championship,15,Sat,2019-11-02,15:00,Derby County,2–0,Middlesbrough,26293,iPro Stadium,Darren Bond,/en/matches/1df5f87f/Derby-County-Middlesbrough-November-2-2019-Championship,,1df5f87f
ENG-Championship,1920,2019-11-02 Fulham-Hull City,Championship,15,Sat,2019-11-02,15:00,Fulham,0–3,Hull City,18168,Craven Cottage,Keith Stroud,/en/matches/64881d06/Fulham-Hull-City-November-2-2019-Championship,,64881d06
ENG-Championship,1920,2019-11-02 Leeds United-QPR,Championship,15,Sat,2019-11-02,15:00,Leeds United,2–0,QPR,35284,Elland Road,Geoff Eltringham,/en/matches/92b0125f/Leeds-United-Queens-Park-Rangers-November-2-2019-Championship,,92b0125f
ENG-Championship,1920,2019-11-02 Luton Town-Nottingham Forest,Championship,15,Sat,2019-11-02,15:00,Luton Town,1–2,Nottingham Forest,10053,Kenilworth Road Stadium,Gavin Ward,/en/matches/e9976256/Luton-Town-Nottingham-Forest-November-2-2019-Championship,,e9976256
ENG-Championship,1920,2019-11-02 Reading-Millwall,Championship,15,Sat,2019-11-02,15:00,Reading,2–1,Millwall,14485,Madejski Stadium,Tony Harrington,/en/matches/c0cd67f7/Reading-Millwall-November-2-2019-Championship,,c0cd67f7
ENG-Championship,1920,2019-11-02 Wigan Athletic-Swansea City,Championship,15,Sat,2019-11-02,12:30,Wigan Athletic,1–2,Swansea City,9080,The DW Stadium,Peter Bankes,/en/matches/751d6338/Wigan-Athletic-Swansea-City-November-2-2019-Championship,,751d6338
ENG-Championship,1920,2019-11-03 Charlton Athletic-Preston North End,Championship,15,Sun,2019-11-03,12:00,Charlton Athletic,0–1,Preston North End,16027,The Valley,David Webb,/en/matches/c55896dd/Charlton-Athletic-Preston-North-End-November-3-2019-Championship,,c55896dd
ENG-Championship,1920,2019-11-04 Stoke City-West Brom,Championship,15,Mon,2019-11-04,20:00,Stoke City,0–2,West Brom,22360,Bet365 Stadium,Tim Robinson,/en/matches/966e364e/Stoke-City-West-Bromwich-Albion-November-4-2019-Championship,,966e364e
ENG-Championship,1920,2019-11-09 Barnsley-Stoke City,Championship,16,Sat,2019-11-09,15:00,Barnsley,2–4,Stoke City,14891,Oakwell Stadium,Jeremy Simpson,/en/matches/759f5075/Barnsley-Stoke-City-November-9-2019-Championship,,759f5075
ENG-Championship,1920,2019-11-09 Birmingham City-Fulham,Championship,16,Sat,2019-11-09,15:00,Birmingham City,0–1,Fulham,21334,St Andrew's Trillion Trophy Stadium,Jarred Gillett,/en/matches/b98eb1de/Birmingham-City-Fulham-November-9-2019-Championship,,b98eb1de
ENG-Championship,1920,2019-11-09 Hull City-West Brom,Championship,16,Sat,2019-11-09,15:00,Hull City,0–1,West Brom,13866,Kingston Communications Stadium,James Linington,/en/matches/66d877d8/Hull-City-West-Bromwich-Albion-November-9-2019-Championship,,66d877d8
ENG-Championship,1920,2019-11-09 Leeds United-Blackburn Rovers,Championship,16,Sat,2019-11-09,15:00,Leeds United,2–1,Blackburn Rovers,35567,Elland Road,Gavin Ward,/en/matches/f671c5d6/Leeds-United-Blackburn-Rovers-November-9-2019-Championship,,f671c5d6
ENG-Championship,1920,2019-11-09 Millwall-Charlton Athletic,Championship,16,Sat,2019-11-09,15:00,Millwall,2–1,Charlton Athletic,17109,The Den,Robert Jones,/en/matches/9d68db33/Millwall-Charlton-Athletic-November-9-2019-Championship,,9d68db33
ENG-Championship,1920,2019-11-09 Nottingham Forest-Derby County,Championship,16,Sat,2019-11-09,12:30,Nottingham Forest,1–0,Derby County,29314,The City Ground,Darren England,/en/matches/d9a92bee/Nottingham-Forest-Derby-County-November-9-2019-Championship,,d9a92bee
ENG-Championship,1920,2019-11-09 Preston North End-Huddersfield Town,Championship,16,Sat,2019-11-09,15:00,Preston North End,3–1,Huddersfield Town,16038,Deepdale Stadium,Geoff Eltringham,/en/matches/3c982a28/Preston-North-End-Huddersfield-Town-November-9-2019-Championship,,3c982a28
ENG-Championship,1920,2019-11-09 QPR-Middlesbrough,Championship,16,Sat,2019-11-09,15:00,QPR,2–2,Middlesbrough,14404,Kiyan Prince Foundation Stadium,David Coote,/en/matches/92fc4c6b/Queens-Park-Rangers-Middlesbrough-November-9-2019-Championship,,92fc4c6b
ENG-Championship,1920,2019-11-09 Reading-Luton Town,Championship,16,Sat,2019-11-09,15:00,Reading,3–0,Luton Town,15251,Madejski Stadium,Andy Woolmer,/en/matches/907e864c/Reading-Luton-Town-November-9-2019-Championship,,907e864c
ENG-Championship,1920,2019-11-09 Sheffield Weds-Swansea City,Championship,16,Sat,2019-11-09,15:00,Sheffield Weds,2–2,Swansea City,23073,Hillsborough Stadium,David Webb,/en/matches/e548e334/Sheffield-Wednesday-Swansea-City-November-9-2019-Championship,,e548e334
ENG-Championship,1920,2019-11-09 Wigan Athletic-Brentford,Championship,16,Sat,2019-11-09,15:00,Wigan Athletic,0–3,Brentford,9260,The DW Stadium,Andrew Davies,/en/matches/5e6abecb/Wigan-Athletic-Brentford-November-9-2019-Championship,,5e6abecb
ENG-Championship,1920,2019-11-10 Cardiff City-Bristol City,Championship,16,Sun,2019-11-10,12:00,Cardiff City,0–1,Bristol City,23846,Cardiff City Stadium,Tony Harrington,/en/matches/dcb7bb14/Cardiff-City-Bristol-City-November-10-2019-Championship,,dcb7bb14
ENG-Championship,1920,2019-11-22 Fulham-QPR,Championship,17,Fri,2019-11-22,19:45,Fulham,2–1,QPR,18320,Craven Cottage,James Linington,/en/matches/db1886b1/Fulham-Queens-Park-Rangers-November-22-2019-Championship,,db1886b1
ENG-Championship,1920,2019-11-23 Blackburn Rovers-Barnsley,Championship,17,Sat,2019-11-23,15:00,Blackburn Rovers,3–2,Barnsley,13781,Ewood Park,Dean Whitestone,/en/matches/42c65b63/Blackburn-Rovers-Barnsley-November-23-2019-Championship,,42c65b63
ENG-Championship,1920,2019-11-23 Brentford-Reading,Championship,17,Sat,2019-11-23,15:00,Brentford,1–0,Reading,11892,Griffin Park,David Coote,/en/matches/a749d50b/Brentford-Reading-November-23-2019-Championship,,a749d50b
ENG-Championship,1920,2019-11-23 Bristol City-Nottingham Forest,Championship,17,Sat,2019-11-23,15:00,Bristol City,0–0,Nottingham Forest,23573,Ashton Gate Stadium,Craig Pawson,/en/matches/187a30da/Bristol-City-Nottingham-Forest-November-23-2019-Championship,,187a30da
ENG-Championship,1920,2019-11-23 Charlton Athletic-Cardiff City,Championship,17,Sat,2019-11-23,12:30,Charlton Athletic,2–2,Cardiff City,16011,The Valley,Darren Bond,/en/matches/604853f9/Charlton-Athletic-Cardiff-City-November-23-2019-Championship,,604853f9
ENG-Championship,1920,2019-11-23 Derby County-Preston North End,Championship,17,Sat,2019-11-23,15:00,Derby County,1–0,Preston North End,27417,iPro Stadium,Tim Robinson,/en/matches/81943ba3/Derby-County-Preston-North-End-November-23-2019-Championship,,81943ba3
ENG-Championship,1920,2019-11-23 Huddersfield Town-Birmingham City,Championship,17,Sat,2019-11-23,15:00,Huddersfield Town,1–1,Birmingham City,22573,The John Smith's Stadium,Keith Stroud,/en/matches/625e90c5/Huddersfield-Town-Birmingham-City-November-23-2019-Championship,,625e90c5
ENG-Championship,1920,2019-11-23 Luton Town-Leeds United,Championship,17,Sat,2019-11-23,15:00,Luton Town,1–2,Leeds United,10068,Kenilworth Road Stadium,John Brooks,/en/matches/bb400625/Luton-Town-Leeds-United-November-23-2019-Championship,,bb400625
ENG-Championship,1920,2019-11-23 Stoke City-Wigan Athletic,Championship,17,Sat,2019-11-23,15:00,Stoke City,2–1,Wigan Athletic,22530,Bet365 Stadium,Geoff Eltringham,/en/matches/d34835d0/Stoke-City-Wigan-Athletic-November-23-2019-Championship,,d34835d0
ENG-Championship,1920,2019-11-23 Swansea City-Millwall,Championship,17,Sat,2019-11-23,15:00,Swansea City,0–1,Millwall,16840,Liberty Stadium,Andrew Davies,/en/matches/e94df41e/Swansea-City-Millwall-November-23-2019-Championship,,e94df41e
ENG-Championship,1920,2019-11-23 West Brom-Sheffield Weds,Championship,17,Sat,2019-11-23,15:00,West Brom,2–1,Sheffield Weds,25566,The Hawthorns,Tony Harrington,/en/matches/7a0c0f50/West-Bromwich-Albion-Sheffield-Wednesday-November-23-2019-Championship,,7a0c0f50
ENG-Championship,1920,2019-11-24 Middlesbrough-Hull City,Championship,17,Sun,2019-11-24,12:00,Middlesbrough,2–2,Hull City,18596,Riverside Stadium,Jeremy Simpson,/en/matches/9fd2bc4a/Middlesbrough-Hull-City-November-24-2019-Championship,,9fd2bc4a
ENG-Championship,1920,2019-11-26 Cardiff City-Stoke City,Championship,18,Tue,2019-11-26,19:45,Cardiff City,1–0,Stoke City,20884,Cardiff City Stadium,Gavin Ward,/en/matches/3bb37252/Cardiff-City-Stoke-City-November-26-2019-Championship,,3bb37252
ENG-Championship,1920,2019-11-26 Fulham-Derby County,Championship,18,Tue,2019-11-26,19:45,Fulham,3–0,Derby County,16856,Craven Cottage,Andy Woolmer,/en/matches/2aba02e2/Fulham-Derby-County-November-26-2019-Championship,,2aba02e2
ENG-Championship,1920,2019-11-26 Huddersfield Town-Swansea City,Championship,18,Tue,2019-11-26,19:45,Huddersfield Town,1–1,Swansea City,20062,The John Smith's Stadium,Jarred Gillett,/en/matches/ebf6ef18/Huddersfield-Town-Swansea-City-November-26-2019-Championship,,ebf6ef18
ENG-Championship,1920,2019-11-26 Luton Town-Charlton Athletic,Championship,18,Tue,2019-11-26,19:45,Luton Town,2–1,Charlton Athletic,10004,Kenilworth Road Stadium,Darren England,/en/matches/da051d56/Luton-Town-Charlton-Athletic-November-26-2019-Championship,,da051d56
ENG-Championship,1920,2019-11-26 Millwall-Wigan Athletic,Championship,18,Tue,2019-11-26,19:45,Millwall,2–2,Wigan Athletic,10021,The Den,Dean Whitestone,/en/matches/4f3de8dd/Millwall-Wigan-Athletic-November-26-2019-Championship,,4f3de8dd
ENG-Championship,1920,2019-11-26 Reading-Leeds United,Championship,18,Tue,2019-11-26,20:00,Reading,0–1,Leeds United,16918,Madejski Stadium,Darren Bond,/en/matches/82c69711/Reading-Leeds-United-November-26-2019-Championship,,82c69711
ENG-Championship,1920,2019-11-27 Blackburn Rovers-Brentford,Championship,18,Wed,2019-11-27,19:45,Blackburn Rovers,1–0,Brentford,11401,Ewood Park,Matt Donohue,/en/matches/fe6040fe/Blackburn-Rovers-Brentford-November-27-2019-Championship,,fe6040fe
ENG-Championship,1920,2019-11-27 Hull City-Preston North End,Championship,18,Wed,2019-11-27,19:45,Hull City,4–0,Preston North End,9826,Kingston Communications Stadium,Jonathan Moss,/en/matches/c82d17ad/Hull-City-Preston-North-End-November-27-2019-Championship,,c82d17ad
ENG-Championship,1920,2019-11-27 Middlesbrough-Barnsley,Championship,18,Wed,2019-11-27,19:45,Middlesbrough,1–0,Barnsley,18043,Riverside Stadium,Oliver Langford,/en/matches/91983de0/Middlesbrough-Barnsley-November-27-2019-Championship,,91983de0
ENG-Championship,1920,2019-11-27 QPR-Nottingham Forest,Championship,18,Wed,2019-11-27,19:45,QPR,0–4,Nottingham Forest,12937,Kiyan Prince Foundation Stadium,Steve Martin,/en/matches/3c7f4704/Queens-Park-Rangers-Nottingham-Forest-November-27-2019-Championship,,3c7f4704
ENG-Championship,1920,2019-11-27 Sheffield Weds-Birmingham City,Championship,18,Wed,2019-11-27,19:45,Sheffield Weds,1–1,Birmingham City,22059,Hillsborough Stadium,Peter Bankes,/en/matches/0f574479/Sheffield-Wednesday-Birmingham-City-November-27-2019-Championship,,0f574479
ENG-Championship,1920,2019-11-27 West Brom-Bristol City,Championship,18,Wed,2019-11-27,20:00,West Brom,4–1,Bristol City,22197,The Hawthorns,Geoff Eltringham,/en/matches/1606671f/West-Bromwich-Albion-Bristol-City-November-27-2019-Championship,,1606671f
ENG-Championship,1920,2019-11-29 Swansea City-Fulham,Championship,19,Fri,2019-11-29,19:45,Swansea City,1–2,Fulham,16024,Liberty Stadium,Simon Hooper,/en/matches/3f031ba5/Swansea-City-Fulham-November-29-2019-Championship,,3f031ba5
ENG-Championship,1920,2019-11-30 Barnsley-Hull City,Championship,19,Sat,2019-11-30,15:00,Barnsley,3–1,Hull City,13598,Oakwell Stadium,John Brooks,/en/matches/cf0b4cf3/Barnsley-Hull-City-November-30-2019-Championship,,cf0b4cf3
ENG-Championship,1920,2019-11-30 Birmingham City-Millwall,Championship,19,Sat,2019-11-30,15:00,Birmingham City,1–1,Millwall,19715,St Andrew's Trillion Trophy Stadium,Andy Woolmer,/en/matches/72ac89c8/Birmingham-City-Millwall-November-30-2019-Championship,,72ac89c8
ENG-Championship,1920,2019-11-30 Brentford-Luton Town,Championship,19,Sat,2019-11-30,15:00,Brentford,7–0,Luton Town,11287,Griffin Park,Tony Harrington,/en/matches/dfe6ea9d/Brentford-Luton-Town-November-30-2019-Championship,,dfe6ea9d
ENG-Championship,1920,2019-11-30 Bristol City-Huddersfield Town,Championship,19,Sat,2019-11-30,15:00,Bristol City,5–2,Huddersfield Town,20762,Ashton Gate Stadium,Darren England,/en/matches/71f1a493/Bristol-City-Huddersfield-Town-November-30-2019-Championship,,71f1a493
ENG-Championship,1920,2019-11-30 Charlton Athletic-Sheffield Weds,Championship,19,Sat,2019-11-30,12:30,Charlton Athletic,1–3,Sheffield Weds,18338,The Valley,Tim Robinson,/en/matches/0aea0c4e/Charlton-Athletic-Sheffield-Wednesday-November-30-2019-Championship,,0aea0c4e
ENG-Championship,1920,2019-11-30 Derby County-QPR,Championship,19,Sat,2019-11-30,15:00,Derby County,1–1,QPR,26289,iPro Stadium,David Webb,/en/matches/aa21fcd8/Derby-County-Queens-Park-Rangers-November-30-2019-Championship,,aa21fcd8
ENG-Championship,1920,2019-11-30 Leeds United-Middlesbrough,Championship,19,Sat,2019-11-30,15:00,Leeds United,4–0,Middlesbrough,35626,Elland Road,Keith Stroud,/en/matches/f0469bbb/Leeds-United-Middlesbrough-November-30-2019-Championship,,f0469bbb
ENG-Championship,1920,2019-11-30 Nottingham Forest-Cardiff City,Championship,19,Sat,2019-11-30,15:00,Nottingham Forest,0–1,Cardiff City,28209,The City Ground,Robert Jones,/en/matches/76cfeeca/Nottingham-Forest-Cardiff-City-November-30-2019-Championship,,76cfeeca
ENG-Championship,1920,2019-11-30 Stoke City-Blackburn Rovers,Championship,19,Sat,2019-11-30,15:00,Stoke City,1–2,Blackburn Rovers,22292,Bet365 Stadium,Kevin Friend,/en/matches/40546aab/Stoke-City-Blackburn-Rovers-November-30-2019-Championship,,40546aab
ENG-Championship,1920,2019-11-30 Wigan Athletic-Reading,Championship,19,Sat,2019-11-30,15:00,Wigan Athletic,1–3,Reading,8965,The DW Stadium,Jeremy Simpson,/en/matches/c5e03a39/Wigan-Athletic-Reading-November-30-2019-Championship,,c5e03a39
ENG-Championship,1920,2019-12-02 Preston North End-West Brom,Championship,19,Mon,2019-12-02,19:45,Preston North End,0–1,West Brom,13015,Deepdale Stadium,Oliver Langford,/en/matches/1a47adb7/Preston-North-End-West-Bromwich-Albion-December-2-2019-Championship,,1a47adb7
ENG-Championship,1920,2019-12-06 Millwall-Nottingham Forest,Championship,20,Fri,2019-12-06,19:45,Millwall,2–2,Nottingham Forest,12976,The Den,John Brooks,/en/matches/7ebc6b95/Millwall-Nottingham-Forest-December-6-2019-Championship,,7ebc6b95
ENG-Championship,1920,2019-12-07 Blackburn Rovers-Derby County,Championship,20,Sat,2019-12-07,15:00,Blackburn Rovers,1–0,Derby County,12800,Ewood Park,Oliver Langford,/en/matches/2a0929a5/Blackburn-Rovers-Derby-County-December-7-2019-Championship,,2a0929a5
ENG-Championship,1920,2019-12-07 Cardiff City-Barnsley,Championship,20,Sat,2019-12-07,15:00,Cardiff City,3–2,Barnsley,21380,Cardiff City Stadium,Paul Tierney,/en/matches/8ab22a3d/Cardiff-City-Barnsley-December-7-2019-Championship,,8ab22a3d
ENG-Championship,1920,2019-12-07 Fulham-Bristol City,Championship,20,Sat,2019-12-07,15:00,Fulham,1–2,Bristol City,18779,Craven Cottage,Jeremy Simpson,/en/matches/73875ce9/Fulham-Bristol-City-December-7-2019-Championship,,73875ce9
ENG-Championship,1920,2019-12-07 Huddersfield Town-Leeds United,Championship,20,Sat,2019-12-07,12:30,Huddersfield Town,0–2,Leeds United,23805,The John Smith's Stadium,Gavin Ward,/en/matches/57ca820a/Huddersfield-Town-Leeds-United-December-7-2019-Championship,,57ca820a
ENG-Championship,1920,2019-12-07 Hull City-Stoke City,Championship,20,Sat,2019-12-07,15:00,Hull City,2–1,Stoke City,11019,Kingston Communications Stadium,Darren Bond,/en/matches/49813bd7/Hull-City-Stoke-City-December-7-2019-Championship,,49813bd7
ENG-Championship,1920,2019-12-07 Luton Town-Wigan Athletic,Championship,20,Sat,2019-12-07,15:00,Luton Town,2–1,Wigan Athletic,10011,Kenilworth Road Stadium,Andy Madley,/en/matches/545e8b44/Luton-Town-Wigan-Athletic-December-7-2019-Championship,,545e8b44
ENG-Championship,1920,2019-12-07 Middlesbrough-Charlton Athletic,Championship,20,Sat,2019-12-07,15:00,Middlesbrough,1–0,Charlton Athletic,18681,Riverside Stadium,Steve Martin,/en/matches/251cf9d8/Middlesbrough-Charlton-Athletic-December-7-2019-Championship,,251cf9d8
ENG-Championship,1920,2019-12-07 QPR-Preston North End,Championship,20,Sat,2019-12-07,15:00,QPR,2–0,Preston North End,12179,Kiyan Prince Foundation Stadium,Andrew Davies,/en/matches/6bb8c2a6/Queens-Park-Rangers-Preston-North-End-December-7-2019-Championship,,6bb8c2a6
ENG-Championship,1920,2019-12-07 Reading-Birmingham City,Championship,20,Sat,2019-12-07,15:00,Reading,2–3,Birmingham City,14103,Madejski Stadium,Tim Robinson,/en/matches/31ea1fe7/Reading-Birmingham-City-December-7-2019-Championship,,31ea1fe7
ENG-Championship,1920,2019-12-07 Sheffield Weds-Brentford,Championship,20,Sat,2019-12-07,15:00,Sheffield Weds,2–1,Brentford,22475,Hillsborough Stadium,Dean Whitestone,/en/matches/60eacb1d/Sheffield-Wednesday-Brentford-December-7-2019-Championship,,60eacb1d
ENG-Championship,1920,2019-12-08 West Brom-Swansea City,Championship,20,Sun,2019-12-08,12:00,West Brom,5–1,Swansea City,22927,The Hawthorns,Keith Stroud,/en/matches/e7b81be2/West-Bromwich-Albion-Swansea-City-December-8-2019-Championship,,e7b81be2
ENG-Championship,1920,2019-12-10 Bristol City-Millwall,Championship,21,Tue,2019-12-10,19:45,Bristol City,1–2,Millwall,19742,Ashton Gate Stadium,Gavin Ward,/en/matches/c20db2dc/Bristol-City-Millwall-December-10-2019-Championship,,c20db2dc
ENG-Championship,1920,2019-12-10 Charlton Athletic-Huddersfield Town,Championship,21,Tue,2019-12-10,19:45,Charlton Athletic,0–1,Huddersfield Town,13488,The Valley,Graham Scott,/en/matches/e09d4bf4/Charlton-Athletic-Huddersfield-Town-December-10-2019-Championship,,e09d4bf4
ENG-Championship,1920,2019-12-10 Leeds United-Hull City,Championship,21,Tue,2019-12-10,19:45,Leeds United,2–0,Hull City,35200,Elland Road,David Webb,/en/matches/83badf87/Leeds-United-Hull-City-December-10-2019-Championship,,83badf87
ENG-Championship,1920,2019-12-10 Nottingham Forest-Middlesbrough,Championship,21,Tue,2019-12-10,19:45,Nottingham Forest,1–1,Middlesbrough,24577,The City Ground,Andy Woolmer,/en/matches/f68292a8/Nottingham-Forest-Middlesbrough-December-10-2019-Championship,,f68292a8
ENG-Championship,1920,2019-12-10 Preston North End-Fulham,Championship,21,Tue,2019-12-10,19:45,Preston North End,2–1,Fulham,10093,Deepdale Stadium,Keith Stroud,/en/matches/e50460f4/Preston-North-End-Fulham-December-10-2019-Championship,,e50460f4
ENG-Championship,1920,2019-12-10 Stoke City-Luton Town,Championship,21,Tue,2019-12-10,20:00,Stoke City,3–0,Luton Town,20216,Bet365 Stadium,Jarred Gillett,/en/matches/f63d0e12/Stoke-City-Luton-Town-December-10-2019-Championship,,f63d0e12
ENG-Championship,1920,2019-12-11 Barnsley-Reading,Championship,21,Wed,2019-12-11,19:45,Barnsley,1–1,Reading,11510,Oakwell Stadium,Matt Donohue,/en/matches/e215d63a/Barnsley-Reading-December-11-2019-Championship,,e215d63a
ENG-Championship,1920,2019-12-11 Birmingham City-QPR,Championship,21,Wed,2019-12-11,19:45,Birmingham City,0–2,QPR,18161,St Andrew's Trillion Trophy Stadium,Darren Bond,/en/matches/1bda7d3e/Birmingham-City-Queens-Park-Rangers-December-11-2019-Championship,,1bda7d3e
ENG-Championship,1920,2019-12-11 Brentford-Cardiff City,Championship,21,Wed,2019-12-11,19:45,Brentford,2–1,Cardiff City,10417,Griffin Park,John Brooks,/en/matches/973dd02f/Brentford-Cardiff-City-December-11-2019-Championship,,973dd02f
ENG-Championship,1920,2019-12-11 Derby County-Sheffield Weds,Championship,21,Wed,2019-12-11,19:45,Derby County,1–1,Sheffield Weds,26203,iPro Stadium,Steve Martin,/en/matches/a58698e1/Derby-County-Sheffield-Wednesday-December-11-2019-Championship,,a58698e1
ENG-Championship,1920,2019-12-11 Swansea City-Blackburn Rovers,Championship,21,Wed,2019-12-11,19:45,Swansea City,1–1,Blackburn Rovers,14162,Liberty Stadium,Jeremy Simpson,/en/matches/ad4d63b3/Swansea-City-Blackburn-Rovers-December-11-2019-Championship,,ad4d63b3
ENG-Championship,1920,2019-12-11 Wigan Athletic-West Brom,Championship,21,Wed,2019-12-11,19:45,Wigan Athletic,1–1,West Brom,9444,The DW Stadium,Andrew Davies,/en/matches/7d61af12/Wigan-Athletic-West-Bromwich-Albion-December-11-2019-Championship,,7d61af12
ENG-Championship,1920,2019-12-13 Charlton Athletic-Hull City,Championship,22,Fri,2019-12-13,19:45,Charlton Athletic,2–2,Hull City,14447,The Valley,Andrew Davies,/en/matches/4c97e51f/Charlton-Athletic-Hull-City-December-13-2019-Championship,,4c97e51f
ENG-Championship,1920,2019-12-14 Barnsley-QPR,Championship,22,Sat,2019-12-14,15:00,Barnsley,5–3,QPR,12212,Oakwell Stadium,Keith Stroud,/en/matches/f1aa0dc1/Barnsley-Queens-Park-Rangers-December-14-2019-Championship,,f1aa0dc1
ENG-Championship,1920,2019-12-14 Birmingham City-West Brom,Championship,22,Sat,2019-12-14,12:30,Birmingham City,2–3,West Brom,20796,St Andrew's Trillion Trophy Stadium,Darren England,/en/matches/d4cb7cf2/Birmingham-City-West-Bromwich-Albion-December-14-2019-Championship,,d4cb7cf2
ENG-Championship,1920,2019-12-14 Brentford-Fulham,Championship,22,Sat,2019-12-14,15:00,Brentford,1–0,Fulham,12305,Griffin Park,Oliver Langford,/en/matches/77f17ed2/Brentford-Fulham-December-14-2019-Championship,,77f17ed2
ENG-Championship,1920,2019-12-14 Bristol City-Blackburn Rovers,Championship,22,Sat,2019-12-14,15:00,Bristol City,0–2,Blackburn Rovers,21180,Ashton Gate Stadium,John Brooks,/en/matches/1e443677/Bristol-City-Blackburn-Rovers-December-14-2019-Championship,,1e443677
ENG-Championship,1920,2019-12-14 Derby County-Millwall,Championship,22,Sat,2019-12-14,15:00,Derby County,0–1,Millwall,26272,iPro Stadium,Chris Kavanagh,/en/matches/4a90ab09/Derby-County-Millwall-December-14-2019-Championship,,4a90ab09
ENG-Championship,1920,2019-12-14 Leeds United-Cardiff City,Championship,22,Sat,2019-12-14,15:00,Leeds United,3–3,Cardiff City,34552,Elland Road,Tony Harrington,/en/matches/aff78313/Leeds-United-Cardiff-City-December-14-2019-Championship,,aff78313
ENG-Championship,1920,2019-12-14 Nottingham Forest-Sheffield Weds,Championship,22,Sat,2019-12-14,15:00,Nottingham Forest,0–4,Sheffield Weds,28002,The City Ground,James Linington,/en/matches/664c45d2/Nottingham-Forest-Sheffield-Wednesday-December-14-2019-Championship,,664c45d2
ENG-Championship,1920,2019-12-14 Preston North End-Luton Town,Championship,22,Sat,2019-12-14,15:00,Preston North End,2–1,Luton Town,12083,Deepdale Stadium,Gavin Ward,/en/matches/78162c14/Preston-North-End-Luton-Town-December-14-2019-Championship,,78162c14
ENG-Championship,1920,2019-12-14 Stoke City-Reading,Championship,22,Sat,2019-12-14,15:00,Stoke City,0–0,Reading,21701,Bet365 Stadium,Lee Mason,/en/matches/ca0e8d21/Stoke-City-Reading-December-14-2019-Championship,,ca0e8d21
ENG-Championship,1920,2019-12-14 Swansea City-Middlesbrough,Championship,22,Sat,2019-12-14,15:00,Swansea City,3–1,Middlesbrough,14625,Liberty Stadium,Dean Whitestone,/en/matches/df036bb2/Swansea-City-Middlesbrough-December-14-2019-Championship,,df036bb2
ENG-Championship,1920,2019-12-14 Wigan Athletic-Huddersfield Town,Championship,22,Sat,2019-12-14,15:00,Wigan Athletic,1–1,Huddersfield Town,10383,The DW Stadium,Steve Martin,/en/matches/67e0294b/Wigan-Athletic-Huddersfield-Town-December-14-2019-Championship,,67e0294b
ENG-Championship,1920,2019-12-20 Middlesbrough-Stoke City,Championship,23,Fri,2019-12-20,19:45,Middlesbrough,2–1,Stoke City,18270,Riverside Stadium,Oliver Langford,/en/matches/a95ed10a/Middlesbrough-Stoke-City-December-20-2019-Championship,,a95ed10a
ENG-Championship,1920,2019-12-21 Cardiff City-Preston North End,Championship,23,Sat,2019-12-21,12:30,Cardiff City,0–0,Preston North End,22625,Cardiff City Stadium,Jeremy Simpson,/en/matches/d94eb00e/Cardiff-City-Preston-North-End-December-21-2019-Championship,,d94eb00e
ENG-Championship,1920,2019-12-21 Fulham-Leeds United,Championship,23,Sat,2019-12-21,15:00,Fulham,2–1,Leeds United,18878,Craven Cottage,Tim Robinson,/en/matches/99445eeb/Fulham-Leeds-United-December-21-2019-Championship,,99445eeb
ENG-Championship,1920,2019-12-21 Huddersfield Town-Nottingham Forest,Championship,23,Sat,2019-12-21,15:00,Huddersfield Town,2–1,Nottingham Forest,22529,The John Smith's Stadium,Andrew Davies,/en/matches/16d8d7ba/Huddersfield-Town-Nottingham-Forest-December-21-2019-Championship,,16d8d7ba
ENG-Championship,1920,2019-12-21 Hull City-Birmingham City,Championship,23,Sat,2019-12-21,15:00,Hull City,3–0,Birmingham City,11334,Kingston Communications Stadium,Anthony Backhouse,/en/matches/f3bca438/Hull-City-Birmingham-City-December-21-2019-Championship,,f3bca438
ENG-Championship,1920,2019-12-21 Luton Town-Swansea City,Championship,23,Sat,2019-12-21,15:00,Luton Town,0–1,Swansea City,10062,Kenilworth Road Stadium,David Webb,/en/matches/a07044d1/Luton-Town-Swansea-City-December-21-2019-Championship,,a07044d1
ENG-Championship,1920,2019-12-21 Millwall-Barnsley,Championship,23,Sat,2019-12-21,15:00,Millwall,1–2,Barnsley,12682,The Den,Jarred Gillett,/en/matches/c744215b/Millwall-Barnsley-December-21-2019-Championship,,c744215b
ENG-Championship,1920,2019-12-21 QPR-Charlton Athletic,Championship,23,Sat,2019-12-21,15:00,QPR,2–2,Charlton Athletic,16166,Kiyan Prince Foundation Stadium,Matt Donohue,/en/matches/c1c96eef/Queens-Park-Rangers-Charlton-Athletic-December-21-2019-Championship,,c1c96eef
ENG-Championship,1920,2019-12-21 Reading-Derby County,Championship,23,Sat,2019-12-21,15:00,Reading,3–0,Derby County,14831,Madejski Stadium,Michael Salisbury,/en/matches/298f8951/Reading-Derby-County-December-21-2019-Championship,,298f8951
ENG-Championship,1920,2019-12-21 West Brom-Brentford,Championship,23,Sat,2019-12-21,15:00,West Brom,1–1,Brentford,24961,The Hawthorns,Darren Bond,/en/matches/9c453088/West-Bromwich-Albion-Brentford-December-21-2019-Championship,,9c453088
ENG-Championship,1920,2019-12-22 Sheffield Weds-Bristol City,Championship,23,Sun,2019-12-22,12:00,Sheffield Weds,1–0,Bristol City,23180,Hillsborough Stadium,Tony Harrington,/en/matches/58ac483a/Sheffield-Wednesday-Bristol-City-December-22-2019-Championship,,58ac483a
ENG-Championship,1920,2019-12-23 Blackburn Rovers-Wigan Athletic,Championship,23,Mon,2019-12-23,19:45,Blackburn Rovers,0–0,Wigan Athletic,18726,Ewood Park,Gavin Ward,/en/matches/4eeea338/Blackburn-Rovers-Wigan-Athletic-December-23-2019-Championship,,4eeea338
ENG-Championship,1920,2019-12-26 Barnsley-West Brom,Championship,24,Thu,2019-12-26,15:00,Barnsley,1–1,West Brom,17049,Oakwell Stadium,Tony Harrington,/en/matches/12f3782e/Barnsley-West-Bromwich-Albion-December-26-2019-Championship,,12f3782e
ENG-Championship,1920,2019-12-26 Blackburn Rovers-Birmingham City,Championship,24,Thu,2019-12-26,15:00,Blackburn Rovers,1–1,Birmingham City,15887,Ewood Park,Robert Jones,/en/matches/f1172b3b/Blackburn-Rovers-Birmingham-City-December-26-2019-Championship,,f1172b3b
ENG-Championship,1920,2019-12-26 Brentford-Swansea City,Championship,24,Thu,2019-12-26,15:00,Brentford,3–1,Swansea City,11848,Griffin Park,Andy Woolmer,/en/matches/5934bbbd/Brentford-Swansea-City-December-26-2019-Championship,,5934bbbd
ENG-Championship,1920,2019-12-26 Cardiff City-Millwall,Championship,24,Thu,2019-12-26,15:00,Cardiff City,1–1,Millwall,23583,Cardiff City Stadium,David Webb,/en/matches/7bec9a67/Cardiff-City-Millwall-December-26-2019-Championship,,7bec9a67
ENG-Championship,1920,2019-12-26 Charlton Athletic-Bristol City,Championship,24,Thu,2019-12-26,15:00,Charlton Athletic,3–2,Bristol City,18058,The Valley,Keith Stroud,/en/matches/cae4a029/Charlton-Athletic-Bristol-City-December-26-2019-Championship,,cae4a029
ENG-Championship,1920,2019-12-26 Hull City-Nottingham Forest,Championship,24,Thu,2019-12-26,15:00,Hull City,0–2,Nottingham Forest,15001,Kingston Communications Stadium,Geoff Eltringham,/en/matches/d1b171b6/Hull-City-Nottingham-Forest-December-26-2019-Championship,,d1b171b6
ENG-Championship,1920,2019-12-26 Leeds United-Preston North End,Championship,24,Thu,2019-12-26,17:15,Leeds United,1–1,Preston North End,35638,Elland Road,Darren Bond,/en/matches/db74ad17/Leeds-United-Preston-North-End-December-26-2019-Championship,,db74ad17
ENG-Championship,1920,2019-12-26 Luton Town-Fulham,Championship,24,Thu,2019-12-26,15:00,Luton Town,3–3,Fulham,10068,Kenilworth Road Stadium,Dean Whitestone,/en/matches/5248cc35/Luton-Town-Fulham-December-26-2019-Championship,,5248cc35
ENG-Championship,1920,2019-12-26 Middlesbrough-Huddersfield Town,Championship,24,Thu,2019-12-26,15:00,Middlesbrough,1–0,Huddersfield Town,25313,Riverside Stadium,Darren England,/en/matches/0dc0555b/Middlesbrough-Huddersfield-Town-December-26-2019-Championship,,0dc0555b
ENG-Championship,1920,2019-12-26 Reading-QPR,Championship,24,Thu,2019-12-26,19:30,Reading,1–0,QPR,12495,Madejski Stadium,James Linington,/en/matches/697da9c9/Reading-Queens-Park-Rangers-December-26-2019-Championship,,697da9c9
ENG-Championship,1920,2019-12-26 Stoke City-Sheffield Weds,Championship,24,Thu,2019-12-26,15:00,Stoke City,3–2,Sheffield Weds,25359,Bet365 Stadium,John Brooks,/en/matches/99823c3d/Stoke-City-Sheffield-Wednesday-December-26-2019-Championship,,99823c3d
ENG-Championship,1920,2019-12-26 Wigan Athletic-Derby County,Championship,24,Thu,2019-12-26,15:00,Wigan Athletic,1–1,Derby County,14211,The DW Stadium,Jarred Gillett,/en/matches/21d8f189/Wigan-Athletic-Derby-County-December-26-2019-Championship,,21d8f189
ENG-Championship,1920,2019-12-29 Birmingham City-Leeds United,Championship,25,Sun,2019-12-29,15:00,Birmingham City,4–5,Leeds United,22059,St Andrew's Trillion Trophy Stadium,Keith Stroud,/en/matches/966f72e0/Birmingham-City-Leeds-United-December-29-2019-Championship,,966f72e0
ENG-Championship,1920,2019-12-29 Bristol City-Luton Town,Championship,25,Sun,2019-12-29,15:00,Bristol City,3–0,Luton Town,22216,Ashton Gate Stadium,Oliver Langford,/en/matches/df5a289c/Bristol-City-Luton-Town-December-29-2019-Championship,,df5a289c
ENG-Championship,1920,2019-12-29 Fulham-Stoke City,Championship,25,Sun,2019-12-29,15:00,Fulham,1–0,Stoke City,18747,Craven Cottage,Andrew Davies,/en/matches/dd99b729/Fulham-Stoke-City-December-29-2019-Championship,,dd99b729
ENG-Championship,1920,2019-12-29 Huddersfield Town-Blackburn Rovers,Championship,25,Sun,2019-12-29,15:00,Huddersfield Town,2–1,Blackburn Rovers,22859,The John Smith's Stadium,Andy Woolmer,/en/matches/1caa6da3/Huddersfield-Town-Blackburn-Rovers-December-29-2019-Championship,,1caa6da3
ENG-Championship,1920,2019-12-29 Millwall-Brentford,Championship,25,Sun,2019-12-29,15:00,Millwall,1–0,Brentford,15464,The Den,Robert Jones,/en/matches/393c8be7/Millwall-Brentford-December-29-2019-Championship,,393c8be7
ENG-Championship,1920,2019-12-29 Nottingham Forest-Wigan Athletic,Championship,25,Sun,2019-12-29,15:00,Nottingham Forest,1–0,Wigan Athletic,27844,The City Ground,Matt Donohue,/en/matches/c6576e4d/Nottingham-Forest-Wigan-Athletic-December-29-2019-Championship,,c6576e4d
ENG-Championship,1920,2019-12-29 Preston North End-Reading,Championship,25,Sun,2019-12-29,15:00,Preston North End,0–2,Reading,13680,Deepdale Stadium,Jarred Gillett,/en/matches/033a4c8e/Preston-North-End-Reading-December-29-2019-Championship,,033a4c8e
ENG-Championship,1920,2019-12-29 QPR-Hull City,Championship,25,Sun,2019-12-29,15:00,QPR,1–2,Hull City,13814,Kiyan Prince Foundation Stadium,Gavin Ward,/en/matches/eeb879fe/Queens-Park-Rangers-Hull-City-December-29-2019-Championship,,eeb879fe
ENG-Championship,1920,2019-12-29 Sheffield Weds-Cardiff City,Championship,25,Sun,2019-12-29,15:00,Sheffield Weds,1–2,Cardiff City,25385,Hillsborough Stadium,Tim Robinson,/en/matches/18a03410/Sheffield-Wednesday-Cardiff-City-December-29-2019-Championship,,18a03410
ENG-Championship,1920,2019-12-29 Swansea City-Barnsley,Championship,25,Sun,2019-12-29,15:00,Swansea City,0–0,Barnsley,17097,Liberty Stadium,Anthony Coggins,/en/matches/47a43d06/Swansea-City-Barnsley-December-29-2019-Championship,,47a43d06
ENG-Championship,1920,2019-12-29 West Brom-Middlesbrough,Championship,25,Sun,2019-12-29,15:00,West Brom,0–2,Middlesbrough,25077,The Hawthorns,Geoff Eltringham,/en/matches/9d643eaf/West-Bromwich-Albion-Middlesbrough-December-29-2019-Championship,,9d643eaf
ENG-Championship,1920,2019-12-30 Derby County-Charlton Athletic,Championship,25,Mon,2019-12-30,19:45,Derby County,2–1,Charlton Athletic,26058,iPro Stadium,Jeremy Simpson,/en/matches/58603ff2/Derby-County-Charlton-Athletic-December-30-2019-Championship,,58603ff2
ENG-Championship,1920,2020-01-01 Birmingham City-Wigan Athletic,Championship,26,Wed,2020-01-01,15:00,Birmingham City,2–3,Wigan Athletic,18616,St Andrew's Trillion Trophy Stadium,David Webb,/en/matches/de48cfca/Birmingham-City-Wigan-Athletic-January-1-2020-Championship,,de48cfca
ENG-Championship,1920,2020-01-01 Bristol City-Brentford,Championship,26,Wed,2020-01-01,15:00,Bristol City,0–4,Brentford,20858,Ashton Gate Stadium,Matt Donohue,/en/matches/7c4d27ba/Bristol-City-Brentford-January-1-2020-Championship,,7c4d27ba
ENG-Championship,1920,2020-01-01 Fulham-Reading,Championship,26,Wed,2020-01-01,15:00,Fulham,1–2,Reading,18575,Craven Cottage,Geoff Eltringham,/en/matches/933e93da/Fulham-Reading-January-1-2020-Championship,,933e93da
ENG-Championship,1920,2020-01-01 Huddersfield Town-Stoke City,Championship,26,Wed,2020-01-01,15:00,Huddersfield Town,2–5,Stoke City,21933,The John Smith's Stadium,James Linington,/en/matches/722d8ad2/Huddersfield-Town-Stoke-City-January-1-2020-Championship,,722d8ad2
ENG-Championship,1920,2020-01-01 Millwall-Luton Town,Championship,26,Wed,2020-01-01,12:45,Millwall,3–1,Luton Town,12134,The Den,Steve Martin,/en/matches/1c09bbfc/Millwall-Luton-Town-January-1-2020-Championship,,1c09bbfc
ENG-Championship,1920,2020-01-01 Nottingham Forest-Blackburn Rovers,Championship,26,Wed,2020-01-01,15:00,Nottingham Forest,3–2,Blackburn Rovers,27073,The City Ground,Darren Bond,/en/matches/9af045c9/Nottingham-Forest-Blackburn-Rovers-January-1-2020-Championship,,9af045c9
ENG-Championship,1920,2020-01-01 Preston North End-Middlesbrough,Championship,26,Wed,2020-01-01,15:00,Preston North End,0–2,Middlesbrough,13824,Deepdale Stadium,John Brooks,/en/matches/b5f0a25e/Preston-North-End-Middlesbrough-January-1-2020-Championship,,b5f0a25e
ENG-Championship,1920,2020-01-01 QPR-Cardiff City,Championship,26,Wed,2020-01-01,15:00,QPR,6–1,Cardiff City,12355,Kiyan Prince Foundation Stadium,Darren England,/en/matches/d194051c/Queens-Park-Rangers-Cardiff-City-January-1-2020-Championship,,d194051c
ENG-Championship,1920,2020-01-01 Sheffield Weds-Hull City,Championship,26,Wed,2020-01-01,15:00,Sheffield Weds,0–1,Hull City,24842,Hillsborough Stadium,Jeremy Simpson,/en/matches/5a1968f1/Sheffield-Wednesday-Hull-City-January-1-2020-Championship,,5a1968f1
ENG-Championship,1920,2020-01-01 West Brom-Leeds United,Championship,26,Wed,2020-01-01,17:15,West Brom,1–1,Leeds United,25618,The Hawthorns,Robert Jones,/en/matches/96958983/West-Bromwich-Albion-Leeds-United-January-1-2020-Championship,,96958983
ENG-Championship,1920,2020-01-02 Derby County-Barnsley,Championship,26,Thu,2020-01-02,19:45,Derby County,2–1,Barnsley,27782,iPro Stadium,Dean Whitestone,/en/matches/79113418/Derby-County-Barnsley-January-2-2020-Championship,,79113418
ENG-Championship,1920,2020-01-02 Swansea City-Charlton Athletic,Championship,26,Thu,2020-01-02,19:45,Swansea City,1–0,Charlton Athletic,15352,Liberty Stadium,Peter Bankes,/en/matches/4e569c46/Swansea-City-Charlton-Athletic-January-2-2020-Championship,,4e569c46
ENG-Championship,1920,2020-01-11 Barnsley-Huddersfield Town,Championship,27,Sat,2020-01-11,15:00,Barnsley,2–1,Huddersfield Town,17158,Oakwell Stadium,Simon Hooper,/en/matches/f3cac1c1/Barnsley-Huddersfield-Town-January-11-2020-Championship,,f3cac1c1
ENG-Championship,1920,2020-01-11 Blackburn Rovers-Preston North End,Championship,27,Sat,2020-01-11,15:00,Blackburn Rovers,1–1,Preston North End,19963,Ewood Park,James Linington,/en/matches/3c973cfe/Blackburn-Rovers-Preston-North-End-January-11-2020-Championship,,3c973cfe
ENG-Championship,1920,2020-01-11 Brentford-QPR,Championship,27,Sat,2020-01-11,12:30,Brentford,3–1,QPR,12324,Griffin Park,John Brooks,/en/matches/4dc9dfe2/Brentford-Queens-Park-Rangers-January-11-2020-Championship,,4dc9dfe2
ENG-Championship,1920,2020-01-11 Charlton Athletic-West Brom,Championship,27,Sat,2020-01-11,15:00,Charlton Athletic,2–2,West Brom,19720,The Valley,Jarred Gillett,/en/matches/ef4b97a2/Charlton-Athletic-West-Bromwich-Albion-January-11-2020-Championship,,ef4b97a2
ENG-Championship,1920,2020-01-11 Hull City-Fulham,Championship,27,Sat,2020-01-11,15:00,Hull City,0–1,Fulham,11347,Kingston Communications Stadium,Matt Donohue,/en/matches/2350a446/Hull-City-Fulham-January-11-2020-Championship,,2350a446
ENG-Championship,1920,2020-01-11 Leeds United-Sheffield Weds,Championship,27,Sat,2020-01-11,15:00,Leeds United,0–2,Sheffield Weds,36422,Elland Road,Oliver Langford,/en/matches/be289925/Leeds-United-Sheffield-Wednesday-January-11-2020-Championship,,be289925
ENG-Championship,1920,2020-01-11 Luton Town-Birmingham City,Championship,27,Sat,2020-01-11,15:00,Luton Town,1–2,Birmingham City,10062,Kenilworth Road Stadium,Graham Scott,/en/matches/1d5e406e/Luton-Town-Birmingham-City-January-11-2020-Championship,,1d5e406e
ENG-Championship,1920,2020-01-11 Middlesbrough-Derby County,Championship,27,Sat,2020-01-11,15:00,Middlesbrough,2–2,Derby County,19706,Riverside Stadium,Tim Robinson,/en/matches/b32d05dd/Middlesbrough-Derby-County-January-11-2020-Championship,,b32d05dd
ENG-Championship,1920,2020-01-11 Reading-Nottingham Forest,Championship,27,Sat,2020-01-11,15:00,Reading,1–1,Nottingham Forest,16602,Madejski Stadium,Dean Whitestone,/en/matches/fdef2705/Reading-Nottingham-Forest-January-11-2020-Championship,,fdef2705
ENG-Championship,1920,2020-01-11 Stoke City-Millwall,Championship,27,Sat,2020-01-11,15:00,Stoke City,0–0,Millwall,22515,Bet365 Stadium,Jeremy Simpson,/en/matches/5aea701f/Stoke-City-Millwall-January-11-2020-Championship,,5aea701f
ENG-Championship,1920,2020-01-11 Wigan Athletic-Bristol City,Championship,27,Sat,2020-01-11,15:00,Wigan Athletic,0–2,Bristol City,9074,The DW Stadium,Steve Martin,/en/matches/bf234081/Wigan-Athletic-Bristol-City-January-11-2020-Championship,,bf234081
ENG-Championship,1920,2020-01-12 Cardiff City-Swansea City,Championship,27,Sun,2020-01-12,12:00,Cardiff City,0–0,Swansea City,28529,Cardiff City Stadium,Tony Harrington,/en/matches/08718600/Cardiff-City-Swansea-City-January-12-2020-Championship,,08718600
ENG-Championship,1920,2020-01-17 Fulham-Middlesbrough,Championship,28,Fri,2020-01-17,19:45,Fulham,1–0,Middlesbrough,18375,Craven Cottage,David Webb,/en/matches/5fb27cb9/Fulham-Middlesbrough-January-17-2020-Championship,,5fb27cb9
ENG-Championship,1920,2020-01-18 Birmingham City-Cardiff City,Championship,28,Sat,2020-01-18,15:00,Birmingham City,1–1,Cardiff City,20482,St Andrew's Trillion Trophy Stadium,Andrew Davies,/en/matches/6112fc5d/Birmingham-City-Cardiff-City-January-18-2020-Championship,,6112fc5d
ENG-Championship,1920,2020-01-18 Bristol City-Barnsley,Championship,28,Sat,2020-01-18,15:00,Bristol City,1–0,Barnsley,20570,Ashton Gate Stadium,Darren Bond,/en/matches/fb3258e0/Bristol-City-Barnsley-January-18-2020-Championship,,fb3258e0
ENG-Championship,1920,2020-01-18 Derby County-Hull City,Championship,28,Sat,2020-01-18,15:00,Derby County,1–0,Hull City,27412,iPro Stadium,Andy Woolmer,/en/matches/61468bde/Derby-County-Hull-City-January-18-2020-Championship,,61468bde
ENG-Championship,1920,2020-01-18 Huddersfield Town-Brentford,Championship,28,Sat,2020-01-18,15:00,Huddersfield Town,0–0,Brentford,20874,The John Smith's Stadium,Oliver Langford,/en/matches/dab59a71/Huddersfield-Town-Brentford-January-18-2020-Championship,,dab59a71
ENG-Championship,1920,2020-01-18 Millwall-Reading,Championship,28,Sat,2020-01-18,15:00,Millwall,2–0,Reading,14011,The Den,Keith Stroud,/en/matches/3c69dd9e/Millwall-Reading-January-18-2020-Championship,,3c69dd9e
ENG-Championship,1920,2020-01-18 Preston North End-Charlton Athletic,Championship,28,Sat,2020-01-18,15:00,Preston North End,2–1,Charlton Athletic,12358,Deepdale Stadium,Dean Whitestone,/en/matches/e11b37e7/Preston-North-End-Charlton-Athletic-January-18-2020-Championship,,e11b37e7
ENG-Championship,1920,2020-01-18 QPR-Leeds United,Championship,28,Sat,2020-01-18,12:30,QPR,1–0,Leeds United,16049,Kiyan Prince Foundation Stadium,Peter Bankes,/en/matches/d79eab9d/Queens-Park-Rangers-Leeds-United-January-18-2020-Championship,,d79eab9d
ENG-Championship,1920,2020-01-18 Sheffield Weds-Blackburn Rovers,Championship,28,Sat,2020-01-18,15:00,Sheffield Weds,0–5,Blackburn Rovers,23504,Hillsborough Stadium,Jarred Gillett,/en/matches/fc35abe1/Sheffield-Wednesday-Blackburn-Rovers-January-18-2020-Championship,,fc35abe1
ENG-Championship,1920,2020-01-18 Swansea City-Wigan Athletic,Championship,28,Sat,2020-01-18,15:00,Swansea City,2–1,Wigan Athletic,15659,Liberty Stadium,James Linington,/en/matches/f421baeb/Swansea-City-Wigan-Athletic-January-18-2020-Championship,,f421baeb
ENG-Championship,1920,2020-01-19 Nottingham Forest-Luton Town,Championship,28,Sun,2020-01-19,12:00,Nottingham Forest,3–1,Luton Town,27081,The City Ground,Tony Harrington,/en/matches/41ab5d85/Nottingham-Forest-Luton-Town-January-19-2020-Championship,,41ab5d85
ENG-Championship,1920,2020-01-20 West Brom-Stoke City,Championship,28,Mon,2020-01-20,20:00,West Brom,0–1,Stoke City,23199,The Hawthorns,Tim Robinson,/en/matches/e5dcd393/West-Bromwich-Albion-Stoke-City-January-20-2020-Championship,,e5dcd393
ENG-Championship,1920,2020-01-21 Barnsley-Preston North End,Championship,29,Tue,2020-01-21,19:45,Barnsley,0–3,Preston North End,12207,Oakwell Stadium,Jeremy Simpson,/en/matches/c05869b3/Barnsley-Preston-North-End-January-21-2020-Championship,,c05869b3
ENG-Championship,1920,2020-01-21 Middlesbrough-Birmingham City,Championship,29,Tue,2020-01-21,19:45,Middlesbrough,1–1,Birmingham City,18350,Riverside Stadium,Andy Woolmer,/en/matches/cfba1f05/Middlesbrough-Birmingham-City-January-21-2020-Championship,,cfba1f05
ENG-Championship,1920,2020-01-22 Charlton Athletic-Fulham,Championship,29,Wed,2020-01-22,19:45,Charlton Athletic,0–0,Fulham,16424,The Valley,Steve Martin,/en/matches/a2e0abe2/Charlton-Athletic-Fulham-January-22-2020-Championship,,a2e0abe2
ENG-Championship,1920,2020-01-22 Nottingham Forest-Reading,Championship,14,Wed,2020-01-22,19:45,Nottingham Forest,1–1,Reading,26840,The City Ground,David Webb,/en/matches/f6ad1f1d/Nottingham-Forest-Reading-January-22-2020-Championship,,f6ad1f1d
ENG-Championship,1920,2020-01-25 Stoke City-Swansea City,Championship,29,Sat,2020-01-25,15:00,Stoke City,2–0,Swansea City,22593,Bet365 Stadium,Gavin Ward,/en/matches/3fe4f839/Stoke-City-Swansea-City-January-25-2020-Championship,,3fe4f839
ENG-Championship,1920,2020-01-28 Blackburn Rovers-QPR,Championship,29,Tue,2020-01-28,19:45,Blackburn Rovers,2–1,QPR,11505,Ewood Park,Darren Bond,/en/matches/ee1d019b/Blackburn-Rovers-Queens-Park-Rangers-January-28-2020-Championship,,ee1d019b
ENG-Championship,1920,2020-01-28 Brentford-Nottingham Forest,Championship,29,Tue,2020-01-28,19:45,Brentford,0–1,Nottingham Forest,12274,Griffin Park,Tim Robinson,/en/matches/b638de89/Brentford-Nottingham-Forest-January-28-2020-Championship,,b638de89
ENG-Championship,1920,2020-01-28 Cardiff City-West Brom,Championship,29,Tue,2020-01-28,19:45,Cardiff City,2–1,West Brom,22516,Cardiff City Stadium,Robert Jones,/en/matches/d6691425/Cardiff-City-West-Bromwich-Albion-January-28-2020-Championship,,d6691425
ENG-Championship,1920,2020-01-28 Hull City-Huddersfield Town,Championship,29,Tue,2020-01-28,19:45,Hull City,1–2,Huddersfield Town,10474,Kingston Communications Stadium,Steve Martin,/en/matches/2f64f9bc/Hull-City-Huddersfield-Town-January-28-2020-Championship,,2f64f9bc
ENG-Championship,1920,2020-01-28 Leeds United-Millwall,Championship,29,Tue,2020-01-28,19:45,Leeds United,3–2,Millwall,34006,Elland Road,Darren England,/en/matches/fb7057d1/Leeds-United-Millwall-January-28-2020-Championship,,fb7057d1
ENG-Championship,1920,2020-01-28 Luton Town-Derby County,Championship,29,Tue,2020-01-28,19:45,Luton Town,3–2,Derby County,10057,Kenilworth Road Stadium,Andrew Davies,/en/matches/b99f90d5/Luton-Town-Derby-County-January-28-2020-Championship,,b99f90d5
ENG-Championship,1920,2020-01-28 Reading-Bristol City,Championship,29,Tue,2020-01-28,20:00,Reading,0–1,Bristol City,11633,Madejski Stadium,James Linington,/en/matches/e2eb775a/Reading-Bristol-City-January-28-2020-Championship,,e2eb775a
ENG-Championship,1920,2020-01-28 Wigan Athletic-Sheffield Weds,Championship,29,Tue,2020-01-28,19:45,Wigan Athletic,2–1,Sheffield Weds,9759,The DW Stadium,David Webb,/en/matches/9077596c/Wigan-Athletic-Sheffield-Wednesday-January-28-2020-Championship,,9077596c
ENG-Championship,1920,2020-01-31 Cardiff City-Reading,Championship,30,Fri,2020-01-31,19:45,Cardiff City,1–1,Reading,22518,Cardiff City Stadium,Simon Hooper,/en/matches/9ac03868/Cardiff-City-Reading-January-31-2020-Championship,,9ac03868
ENG-Championship,1920,2020-01-31 Derby County-Stoke City,Championship,30,Fri,2020-01-31,19:45,Derby County,4–0,Stoke City,27984,iPro Stadium,Robert Jones,/en/matches/0a19a9c4/Derby-County-Stoke-City-January-31-2020-Championship,,0a19a9c4
ENG-Championship,1920,2020-02-01 Birmingham City-Nottingham Forest,Championship,30,Sat,2020-02-01,15:00,Birmingham City,2–1,Nottingham Forest,20837,St Andrew's Trillion Trophy Stadium,Jeremy Simpson,/en/matches/0af9ec1a/Birmingham-City-Nottingham-Forest-February-1-2020-Championship,,0af9ec1a
ENG-Championship,1920,2020-02-01 Charlton Athletic-Barnsley,Championship,30,Sat,2020-02-01,15:00,Charlton Athletic,2–1,Barnsley,19870,The Valley,John Brooks,/en/matches/3c00f212/Charlton-Athletic-Barnsley-February-1-2020-Championship,,3c00f212
ENG-Championship,1920,2020-02-01 Fulham-Huddersfield Town,Championship,30,Sat,2020-02-01,15:00,Fulham,3–2,Huddersfield Town,18013,Craven Cottage,Gavin Ward,/en/matches/44052204/Fulham-Huddersfield-Town-February-1-2020-Championship,,44052204
ENG-Championship,1920,2020-02-01 Hull City-Brentford,Championship,30,Sat,2020-02-01,12:30,Hull City,1–5,Brentford,10034,Kingston Communications Stadium,Darren Bond,/en/matches/fed15b48/Hull-City-Brentford-February-1-2020-Championship,,fed15b48
ENG-Championship,1920,2020-02-01 Leeds United-Wigan Athletic,Championship,30,Sat,2020-02-01,15:00,Leeds United,0–1,Wigan Athletic,35162,Elland Road,Tony Harrington,/en/matches/84e4766b/Leeds-United-Wigan-Athletic-February-1-2020-Championship,,84e4766b
ENG-Championship,1920,2020-02-01 Middlesbrough-Blackburn Rovers,Championship,30,Sat,2020-02-01,15:00,Middlesbrough,1–1,Blackburn Rovers,19937,Riverside Stadium,Matt Donohue,/en/matches/5697da7d/Middlesbrough-Blackburn-Rovers-February-1-2020-Championship,,5697da7d
ENG-Championship,1920,2020-02-01 Preston North End-Swansea City,Championship,30,Sat,2020-02-01,15:00,Preston North End,1–1,Swansea City,12502,Deepdale Stadium,Geoff Eltringham,/en/matches/c21c00fe/Preston-North-End-Swansea-City-February-1-2020-Championship,,c21c00fe
ENG-Championship,1920,2020-02-01 QPR-Bristol City,Championship,30,Sat,2020-02-01,15:00,QPR,0–1,Bristol City,13713,Kiyan Prince Foundation Stadium,Dean Whitestone,/en/matches/33fb83f3/Queens-Park-Rangers-Bristol-City-February-1-2020-Championship,,33fb83f3
ENG-Championship,1920,2020-02-01 Sheffield Weds-Millwall,Championship,30,Sat,2020-02-01,15:00,Sheffield Weds,0–0,Millwall,23052,Hillsborough Stadium,David Coote,/en/matches/66364b6b/Sheffield-Wednesday-Millwall-February-1-2020-Championship,,66364b6b
ENG-Championship,1920,2020-02-01 West Brom-Luton Town,Championship,30,Sat,2020-02-01,15:00,West Brom,2–0,Luton Town,25141,The Hawthorns,Steve Martin,/en/matches/db1070f0/West-Bromwich-Albion-Luton-Town-February-1-2020-Championship,,db1070f0
ENG-Championship,1920,2020-02-07 Bristol City-Birmingham City,Championship,31,Fri,2020-02-07,19:45,Bristol City,1–3,Birmingham City,22065,Ashton Gate Stadium,Gavin Ward,/en/matches/7c56b5a7/Bristol-City-Birmingham-City-February-7-2020-Championship,,7c56b5a7
ENG-Championship,1920,2020-02-08 Barnsley-Sheffield Weds,Championship,31,Sat,2020-02-08,13:30,Barnsley,1–1,Sheffield Weds,17789,Oakwell Stadium,Tim Robinson,/en/matches/0a6772b8/Barnsley-Sheffield-Wednesday-February-8-2020-Championship,,0a6772b8
ENG-Championship,1920,2020-02-08 Blackburn Rovers-Fulham,Championship,31,Sat,2020-02-08,15:00,Blackburn Rovers,0–1,Fulham,13087,Ewood Park,Tony Harrington,/en/matches/4bd30dba/Blackburn-Rovers-Fulham-February-8-2020-Championship,,4bd30dba
ENG-Championship,1920,2020-02-08 Brentford-Middlesbrough,Championship,31,Sat,2020-02-08,15:00,Brentford,3–2,Middlesbrough,12285,Griffin Park,Peter Bankes,/en/matches/29b15acb/Brentford-Middlesbrough-February-8-2020-Championship,,29b15acb
ENG-Championship,1920,2020-02-08 Huddersfield Town-QPR,Championship,31,Sat,2020-02-08,15:00,Huddersfield Town,2–0,QPR,21083,The John Smith's Stadium,David Webb,/en/matches/ab0fe129/Huddersfield-Town-Queens-Park-Rangers-February-8-2020-Championship,,ab0fe129
ENG-Championship,1920,2020-02-08 Luton Town-Cardiff City,Championship,31,Sat,2020-02-08,15:00,Luton Town,0–1,Cardiff City,10041,Kenilworth Road Stadium,James Linington,/en/matches/31342179/Luton-Town-Cardiff-City-February-8-2020-Championship,,31342179
ENG-Championship,1920,2020-02-08 Nottingham Forest-Leeds United,Championship,31,Sat,2020-02-08,17:30,Nottingham Forest,2–0,Leeds United,29455,The City Ground,Oliver Langford,/en/matches/813888e4/Nottingham-Forest-Leeds-United-February-8-2020-Championship,,813888e4
ENG-Championship,1920,2020-02-08 Reading-Hull City,Championship,31,Sat,2020-02-08,15:00,Reading,1–1,Hull City,13393,Madejski Stadium,Andrew Davies,/en/matches/419ae031/Reading-Hull-City-February-8-2020-Championship,,419ae031
ENG-Championship,1920,2020-02-08 Stoke City-Charlton Athletic,Championship,31,Sat,2020-02-08,15:00,Stoke City,3–1,Charlton Athletic,23508,Bet365 Stadium,Jarred Gillett,/en/matches/26f86c50/Stoke-City-Charlton-Athletic-February-8-2020-Championship,,26f86c50
ENG-Championship,1920,2020-02-08 Swansea City-Derby County,Championship,31,Sat,2020-02-08,15:00,Swansea City,2–3,Derby County,16230,Liberty Stadium,Matt Donohue,/en/matches/5fe48ebd/Swansea-City-Derby-County-February-8-2020-Championship,,5fe48ebd
ENG-Championship,1920,2020-02-08 Wigan Athletic-Preston North End,Championship,31,Sat,2020-02-08,12:30,Wigan Athletic,1–2,Preston North End,12439,The DW Stadium,Darren England,/en/matches/f27a63d7/Wigan-Athletic-Preston-North-End-February-8-2020-Championship,,f27a63d7
ENG-Championship,1920,2020-02-09 Millwall-West Brom,Championship,31,Sun,2020-02-09,13:30,Millwall,0–2,West Brom,13818,The Den,Gavin Ward,/en/matches/c6e3f282/Millwall-West-Bromwich-Albion-February-9-2020-Championship,,c6e3f282
ENG-Championship,1920,2020-02-11 Barnsley-Birmingham City,Championship,32,Tue,2020-02-11,19:45,Barnsley,0–1,Birmingham City,12788,Oakwell Stadium,Dean Whitestone,/en/matches/a8da2ad8/Barnsley-Birmingham-City-February-11-2020-Championship,,a8da2ad8
ENG-Championship,1920,2020-02-11 Blackburn Rovers-Hull City,Championship,32,Tue,2020-02-11,19:45,Blackburn Rovers,3–0,Hull City,11888,Ewood Park,Jeremy Simpson,/en/matches/31b8fe94/Blackburn-Rovers-Hull-City-February-11-2020-Championship,,31b8fe94
ENG-Championship,1920,2020-02-11 Brentford-Leeds United,Championship,32,Tue,2020-02-11,19:45,Brentford,1–1,Leeds United,12294,Griffin Park,Robert Jones,/en/matches/9b02d156/Brentford-Leeds-United-February-11-2020-Championship,,9b02d156
ENG-Championship,1920,2020-02-11 Nottingham Forest-Charlton Athletic,Championship,32,Tue,2020-02-11,19:45,Nottingham Forest,0–1,Charlton Athletic,28029,The City Ground,Darren Bond,/en/matches/5228f204/Nottingham-Forest-Charlton-Athletic-February-11-2020-Championship,,5228f204
ENG-Championship,1920,2020-02-11 Swansea City-QPR,Championship,32,Tue,2020-02-11,19:45,Swansea City,0–0,QPR,14778,Liberty Stadium,Andy Woolmer,/en/matches/eae68f24/Swansea-City-Queens-Park-Rangers-February-11-2020-Championship,,eae68f24
ENG-Championship,1920,2020-02-11 Wigan Athletic-Middlesbrough,Championship,32,Tue,2020-02-11,19:45,Wigan Athletic,2–2,Middlesbrough,9023,The DW Stadium,Oliver Langford,/en/matches/ebb7dc12/Wigan-Athletic-Middlesbrough-February-11-2020-Championship,,ebb7dc12
ENG-Championship,1920,2020-02-12 Bristol City-Derby County,Championship,32,Wed,2020-02-12,19:45,Bristol City,3–2,Derby County,20368,Ashton Gate Stadium,Geoff Eltringham,/en/matches/7804e965/Bristol-City-Derby-County-February-12-2020-Championship,,7804e965
ENG-Championship,1920,2020-02-12 Huddersfield Town-Cardiff City,Championship,32,Wed,2020-02-12,19:45,Huddersfield Town,0–3,Cardiff City,20238,The John Smith's Stadium,Darren England,/en/matches/463e2265/Huddersfield-Town-Cardiff-City-February-12-2020-Championship,,463e2265
ENG-Championship,1920,2020-02-12 Luton Town-Sheffield Weds,Championship,32,Wed,2020-02-12,19:45,Luton Town,1–0,Sheffield Weds,10001,Kenilworth Road Stadium,Gavin Ward,/en/matches/6658041b/Luton-Town-Sheffield-Wednesday-February-12-2020-Championship,,6658041b
ENG-Championship,1920,2020-02-12 Millwall-Fulham,Championship,32,Wed,2020-02-12,19:45,Millwall,1–1,Fulham,12870,The Den,Andy Madley,/en/matches/14652432/Millwall-Fulham-February-12-2020-Championship,,14652432
ENG-Championship,1920,2020-02-12 Reading-West Brom,Championship,32,Wed,2020-02-12,20:00,Reading,1–2,West Brom,13942,Madejski Stadium,Matt Donohue,/en/matches/be0264b6/Reading-West-Bromwich-Albion-February-12-2020-Championship,,be0264b6
ENG-Championship,1920,2020-02-12 Stoke City-Preston North End,Championship,32,Wed,2020-02-12,20:00,Stoke City,0–2,Preston North End,20418,Bet365 Stadium,John Brooks,/en/matches/c1fd2883/Stoke-City-Preston-North-End-February-12-2020-Championship,,c1fd2883
ENG-Championship,1920,2020-02-14 Hull City-Swansea City,Championship,33,Fri,2020-02-14,19:45,Hull City,4–4,Swansea City,9757,Kingston Communications Stadium,David Webb,/en/matches/7d3bef00/Hull-City-Swansea-City-February-14-2020-Championship,,7d3bef00
ENG-Championship,1920,2020-02-15 Birmingham City-Brentford,Championship,33,Sat,2020-02-15,15:00,Birmingham City,1–1,Brentford,20379,St Andrew's Trillion Trophy Stadium,Steve Martin,/en/matches/aac1b8ac/Birmingham-City-Brentford-February-15-2020-Championship,,aac1b8ac
ENG-Championship,1920,2020-02-15 Cardiff City-Wigan Athletic,Championship,33,Sat,2020-02-15,15:00,Cardiff City,2–2,Wigan Athletic,21287,Cardiff City Stadium,John Brooks,/en/matches/1e672f0d/Cardiff-City-Wigan-Athletic-February-15-2020-Championship,,1e672f0d
ENG-Championship,1920,2020-02-15 Charlton Athletic-Blackburn Rovers,Championship,33,Sat,2020-02-15,15:00,Charlton Athletic,0–2,Blackburn Rovers,25363,The Valley,Andrew Davies,/en/matches/6700b800/Charlton-Athletic-Blackburn-Rovers-February-15-2020-Championship,,6700b800
ENG-Championship,1920,2020-02-15 Derby County-Huddersfield Town,Championship,33,Sat,2020-02-15,15:00,Derby County,1–1,Huddersfield Town,27502,iPro Stadium,Craig Pawson,/en/matches/b3e92012/Derby-County-Huddersfield-Town-February-15-2020-Championship,,b3e92012
ENG-Championship,1920,2020-02-15 Fulham-Barnsley,Championship,33,Sat,2020-02-15,15:00,Fulham,0–3,Barnsley,18516,Craven Cottage,James Linington,/en/matches/96666095/Fulham-Barnsley-February-15-2020-Championship,,96666095
ENG-Championship,1920,2020-02-15 Leeds United-Bristol City,Championship,33,Sat,2020-02-15,15:00,Leeds United,1–0,Bristol City,35819,Elland Road,Tim Robinson,/en/matches/66dfad8b/Leeds-United-Bristol-City-February-15-2020-Championship,,66dfad8b
ENG-Championship,1920,2020-02-15 Middlesbrough-Luton Town,Championship,33,Sat,2020-02-15,15:00,Middlesbrough,0–1,Luton Town,19734,Riverside Stadium,Jarred Gillett,/en/matches/42340d70/Middlesbrough-Luton-Town-February-15-2020-Championship,,42340d70
ENG-Championship,1920,2020-02-15 Preston North End-Millwall,Championship,33,Sat,2020-02-15,15:00,Preston North End,0–1,Millwall,12468,Deepdale Stadium,Tony Harrington,/en/matches/0ba66a46/Preston-North-End-Millwall-February-15-2020-Championship,,0ba66a46
ENG-Championship,1920,2020-02-15 QPR-Stoke City,Championship,33,Sat,2020-02-15,15:00,QPR,4–2,Stoke City,13125,Kiyan Prince Foundation Stadium,Oliver Langford,/en/matches/41b7d148/Queens-Park-Rangers-Stoke-City-February-15-2020-Championship,,41b7d148
ENG-Championship,1920,2020-02-15 Sheffield Weds-Reading,Championship,33,Sat,2020-02-15,15:00,Sheffield Weds,0–3,Reading,22199,Hillsborough Stadium,Andy Woolmer,/en/matches/5c1ad422/Sheffield-Wednesday-Reading-February-15-2020-Championship,,5c1ad422
ENG-Championship,1920,2020-02-15 West Brom-Nottingham Forest,Championship,33,Sat,2020-02-15,12:30,West Brom,2–2,Nottingham Forest,25117,The Hawthorns,Keith Stroud,/en/matches/8f2bd69b/West-Bromwich-Albion-Nottingham-Forest-February-15-2020-Championship,,8f2bd69b
ENG-Championship,1920,2020-02-21 Derby County-Fulham,Championship,34,Fri,2020-02-21,19:45,Derby County,1–1,Fulham,25442,iPro Stadium,Darren Bond,/en/matches/4b38565a/Derby-County-Fulham-February-21-2020-Championship,,4b38565a
ENG-Championship,1920,2020-02-22 Barnsley-Middlesbrough,Championship,34,Sat,2020-02-22,15:00,Barnsley,1–0,Middlesbrough,16106,Oakwell Stadium,Geoff Eltringham,/en/matches/497f12b7/Barnsley-Middlesbrough-February-22-2020-Championship,,497f12b7
ENG-Championship,1920,2020-02-22 Birmingham City-Sheffield Weds,Championship,34,Sat,2020-02-22,15:00,Birmingham City,3–3,Sheffield Weds,22120,St Andrew's Trillion Trophy Stadium,John Brooks,/en/matches/1f8e8983/Birmingham-City-Sheffield-Wednesday-February-22-2020-Championship,,1f8e8983
ENG-Championship,1920,2020-02-22 Brentford-Blackburn Rovers,Championship,34,Sat,2020-02-22,12:30,Brentford,2–2,Blackburn Rovers,12082,Griffin Park,Tim Robinson,/en/matches/28a67b41/Brentford-Blackburn-Rovers-February-22-2020-Championship,,28a67b41
ENG-Championship,1920,2020-02-22 Bristol City-West Brom,Championship,34,Sat,2020-02-22,15:00,Bristol City,0–3,West Brom,24022,Ashton Gate Stadium,Darren England,/en/matches/168e4125/Bristol-City-West-Bromwich-Albion-February-22-2020-Championship,,168e4125
ENG-Championship,1920,2020-02-22 Charlton Athletic-Luton Town,Championship,34,Sat,2020-02-22,15:00,Charlton Athletic,3–1,Luton Town,18969,The Valley,Andre Marriner,/en/matches/93a81981/Charlton-Athletic-Luton-Town-February-22-2020-Championship,,93a81981
ENG-Championship,1920,2020-02-22 Leeds United-Reading,Championship,34,Sat,2020-02-22,15:00,Leeds United,1–0,Reading,35483,Elland Road,Jarred Gillett,/en/matches/c258c627/Leeds-United-Reading-February-22-2020-Championship,,c258c627
ENG-Championship,1920,2020-02-22 Nottingham Forest-QPR,Championship,34,Sat,2020-02-22,15:00,Nottingham Forest,0–0,QPR,28750,The City Ground,Robert Jones,/en/matches/83218cdb/Nottingham-Forest-Queens-Park-Rangers-February-22-2020-Championship,,83218cdb
ENG-Championship,1920,2020-02-22 Preston North End-Hull City,Championship,34,Sat,2020-02-22,15:00,Preston North End,2–1,Hull City,12342,Deepdale Stadium,Steve Martin,/en/matches/174611a2/Preston-North-End-Hull-City-February-22-2020-Championship,,174611a2
ENG-Championship,1920,2020-02-22 Stoke City-Cardiff City,Championship,34,Sat,2020-02-22,15:00,Stoke City,2–0,Cardiff City,25436,Bet365 Stadium,Dean Whitestone,/en/matches/3e2c2b71/Stoke-City-Cardiff-City-February-22-2020-Championship,,3e2c2b71
ENG-Championship,1920,2020-02-22 Swansea City-Huddersfield Town,Championship,34,Sat,2020-02-22,15:00,Swansea City,3–1,Huddersfield Town,15148,Liberty Stadium,Andrew Davies,/en/matches/2157454a/Swansea-City-Huddersfield-Town-February-22-2020-Championship,,2157454a
ENG-Championship,1920,2020-02-22 Wigan Athletic-Millwall,Championship,34,Sat,2020-02-22,15:00,Wigan Athletic,1–0,Millwall,9639,The DW Stadium,Jeremy Simpson,/en/matches/26130654/Wigan-Athletic-Millwall-February-22-2020-Championship,,26130654
ENG-Championship,1920,2020-02-25 Cardiff City-Nottingham Forest,Championship,35,Tue,2020-02-25,19:45,Cardiff City,0–1,Nottingham Forest,21273,Cardiff City Stadium,Steve Martin,/en/matches/6b4624fb/Cardiff-City-Nottingham-Forest-February-25-2020-Championship,,6b4624fb
ENG-Championship,1920,2020-02-25 Huddersfield Town-Bristol City,Championship,35,Tue,2020-02-25,19:45,Huddersfield Town,2–1,Bristol City,19703,The John Smith's Stadium,Robert Jones,/en/matches/1e6dcd93/Huddersfield-Town-Bristol-City-February-25-2020-Championship,,1e6dcd93
ENG-Championship,1920,2020-02-25 Luton Town-Brentford,Championship,35,Tue,2020-02-25,19:45,Luton Town,2–1,Brentford,10008,Kenilworth Road Stadium,Darren England,/en/matches/64d743e4/Luton-Town-Brentford-February-25-2020-Championship,,64d743e4
ENG-Championship,1920,2020-02-25 QPR-Derby County,Championship,35,Tue,2020-02-25,19:45,QPR,2–1,Derby County,11669,Kiyan Prince Foundation Stadium,Keith Stroud,/en/matches/a5fddbfd/Queens-Park-Rangers-Derby-County-February-25-2020-Championship,,a5fddbfd
ENG-Championship,1920,2020-02-25 West Brom-Preston North End,Championship,35,Tue,2020-02-25,20:00,West Brom,2–0,Preston North End,22150,The Hawthorns,Kevin Friend,/en/matches/7b997dbe/West-Bromwich-Albion-Preston-North-End-February-25-2020-Championship,,7b997dbe
ENG-Championship,1920,2020-02-26 Blackburn Rovers-Stoke City,Championship,35,Wed,2020-02-26,19:45,Blackburn Rovers,0–0,Stoke City,12343,Ewood Park,Darren Bond,/en/matches/5c10efbb/Blackburn-Rovers-Stoke-City-February-26-2020-Championship,,5c10efbb
ENG-Championship,1920,2020-02-26 Fulham-Swansea City,Championship,35,Wed,2020-02-26,19:45,Fulham,1–0,Swansea City,17626,Craven Cottage,Tim Robinson,/en/matches/afdb6862/Fulham-Swansea-City-February-26-2020-Championship,,afdb6862
ENG-Championship,1920,2020-02-26 Hull City-Barnsley,Championship,35,Wed,2020-02-26,19:45,Hull City,0–1,Barnsley,10272,Kingston Communications Stadium,David Coote,/en/matches/2f818868/Hull-City-Barnsley-February-26-2020-Championship,,2f818868
ENG-Championship,1920,2020-02-26 Middlesbrough-Leeds United,Championship,35,Wed,2020-02-26,19:45,Middlesbrough,0–1,Leeds United,24647,Riverside Stadium,Gavin Ward,/en/matches/c2615dc7/Middlesbrough-Leeds-United-February-26-2020-Championship,,c2615dc7
ENG-Championship,1920,2020-02-26 Millwall-Birmingham City,Championship,35,Wed,2020-02-26,19:45,Millwall,0–0,Birmingham City,11209,The Den,David Webb,/en/matches/55d85d6d/Millwall-Birmingham-City-February-26-2020-Championship,,55d85d6d
ENG-Championship,1920,2020-02-26 Reading-Wigan Athletic,Championship,35,Wed,2020-02-26,20:00,Reading,0–3,Wigan Athletic,10088,Madejski Stadium,Geoff Eltringham,/en/matches/e483eabb/Reading-Wigan-Athletic-February-26-2020-Championship,,e483eabb
ENG-Championship,1920,2020-02-26 Sheffield Weds-Charlton Athletic,Championship,35,Wed,2020-02-26,19:45,Sheffield Weds,1–0,Charlton Athletic,21370,Hillsborough Stadium,Oliver Langford,/en/matches/f36e7cf1/Sheffield-Wednesday-Charlton-Athletic-February-26-2020-Championship,,f36e7cf1
ENG-Championship,1920,2020-02-29 Blackburn Rovers-Swansea City,Championship,36,Sat,2020-02-29,15:00,Blackburn Rovers,2–2,Swansea City,13099,Ewood Park,Peter Bankes,/en/matches/caf3a0dd/Blackburn-Rovers-Swansea-City-February-29-2020-Championship,,caf3a0dd
ENG-Championship,1920,2020-02-29 Cardiff City-Brentford,Championship,36,Sat,2020-02-29,15:00,Cardiff City,2–2,Brentford,22393,Cardiff City Stadium,Simon Hooper,/en/matches/a6d95431/Cardiff-City-Brentford-February-29-2020-Championship,,a6d95431
ENG-Championship,1920,2020-02-29 Fulham-Preston North End,Championship,36,Sat,2020-02-29,15:00,Fulham,2–0,Preston North End,19020,Craven Cottage,David Webb,/en/matches/dc78270b/Fulham-Preston-North-End-February-29-2020-Championship,,dc78270b
ENG-Championship,1920,2020-02-29 Huddersfield Town-Charlton Athletic,Championship,36,Sat,2020-02-29,15:00,Huddersfield Town,4–0,Charlton Athletic,21539,The John Smith's Stadium,Geoff Eltringham,/en/matches/04741cd4/Huddersfield-Town-Charlton-Athletic-February-29-2020-Championship,,04741cd4
ENG-Championship,1920,2020-02-29 Hull City-Leeds United,Championship,36,Sat,2020-02-29,12:30,Hull City,0–4,Leeds United,16178,Kingston Communications Stadium,Keith Stroud,/en/matches/ad741e09/Hull-City-Leeds-United-February-29-2020-Championship,,ad741e09
ENG-Championship,1920,2020-02-29 Luton Town-Stoke City,Championship,36,Sat,2020-02-29,15:00,Luton Town,1–1,Stoke City,10070,Kenilworth Road Stadium,Andy Woolmer,/en/matches/344ac836/Luton-Town-Stoke-City-February-29-2020-Championship,,344ac836
ENG-Championship,1920,2020-02-29 Millwall-Bristol City,Championship,36,Sat,2020-02-29,15:00,Millwall,1–1,Bristol City,13584,The Den,Andrew Davies,/en/matches/ad779cd5/Millwall-Bristol-City-February-29-2020-Championship,,ad779cd5
ENG-Championship,1920,2020-02-29 QPR-Birmingham City,Championship,36,Sat,2020-02-29,15:00,QPR,2–2,Birmingham City,14113,Kiyan Prince Foundation Stadium,James Linington,/en/matches/654e4616/Queens-Park-Rangers-Birmingham-City-February-29-2020-Championship,,654e4616
ENG-Championship,1920,2020-02-29 Reading-Barnsley,Championship,36,Sat,2020-02-29,15:00,Reading,2–0,Barnsley,13263,Madejski Stadium,Jeremy Simpson,/en/matches/6af383ce/Reading-Barnsley-February-29-2020-Championship,,6af383ce
ENG-Championship,1920,2020-02-29 Sheffield Weds-Derby County,Championship,36,Sat,2020-02-29,15:00,Sheffield Weds,1–3,Derby County,25148,Hillsborough Stadium,Dean Whitestone,/en/matches/b28b0f16/Sheffield-Wednesday-Derby-County-February-29-2020-Championship,,b28b0f16
ENG-Championship,1920,2020-02-29 West Brom-Wigan Athletic,Championship,36,Sat,2020-02-29,15:00,West Brom,0–1,Wigan Athletic,24942,The Hawthorns,Tony Harrington,/en/matches/79f5d488/West-Bromwich-Albion-Wigan-Athletic-February-29-2020-Championship,,79f5d488
ENG-Championship,1920,2020-03-02 Middlesbrough-Nottingham Forest,Championship,36,Mon,2020-03-02,19:45,Middlesbrough,2–2,Nottingham Forest,18884,Riverside Stadium,Darren England,/en/matches/f93a50c9/Middlesbrough-Nottingham-Forest-March-2-2020-Championship,,f93a50c9
ENG-Championship,1920,2020-03-06 Nottingham Forest-Millwall,Championship,37,Fri,2020-03-06,19:45,Nottingham Forest,0–3,Millwall,27307,The City Ground,Geoff Eltringham,/en/matches/2ff8659f/Nottingham-Forest-Millwall-March-6-2020-Championship,,2ff8659f
ENG-Championship,1920,2020-03-07 Barnsley-Cardiff City,Championship,37,Sat,2020-03-07,15:00,Barnsley,0–2,Cardiff City,12751,Oakwell Stadium,James Linington,/en/matches/95624941/Barnsley-Cardiff-City-March-7-2020-Championship,,95624941
ENG-Championship,1920,2020-03-07 Birmingham City-Reading,Championship,37,Sat,2020-03-07,15:00,Birmingham City,1–3,Reading,19525,St Andrew's Trillion Trophy Stadium,Andrew Davies,/en/matches/e2b08c74/Birmingham-City-Reading-March-7-2020-Championship,,e2b08c74
ENG-Championship,1920,2020-03-07 Brentford-Sheffield Weds,Championship,37,Sat,2020-03-07,15:00,Brentford,5–0,Sheffield Weds,12273,Griffin Park,Keith Stroud,/en/matches/c23ffc7d/Brentford-Sheffield-Wednesday-March-7-2020-Championship,,c23ffc7d
ENG-Championship,1920,2020-03-07 Bristol City-Fulham,Championship,37,Sat,2020-03-07,12:30,Bristol City,1–1,Fulham,23796,Ashton Gate Stadium,David Coote,/en/matches/16213aba/Bristol-City-Fulham-March-7-2020-Championship,,16213aba
ENG-Championship,1920,2020-03-07 Charlton Athletic-Middlesbrough,Championship,37,Sat,2020-03-07,15:00,Charlton Athletic,0–1,Middlesbrough,18080,The Valley,Steve Martin,/en/matches/64d1685d/Charlton-Athletic-Middlesbrough-March-7-2020-Championship,,64d1685d
ENG-Championship,1920,2020-03-07 Leeds United-Huddersfield Town,Championship,37,Sat,2020-03-07,15:00,Leeds United,2–0,Huddersfield Town,36514,Elland Road,Oliver Langford,/en/matches/a9aadaa8/Leeds-United-Huddersfield-Town-March-7-2020-Championship,,a9aadaa8
ENG-Championship,1920,2020-03-07 Preston North End-QPR,Championship,37,Sat,2020-03-07,15:00,Preston North End,1–3,QPR,12378,Deepdale Stadium,Dean Whitestone,/en/matches/1e392267/Preston-North-End-Queens-Park-Rangers-March-7-2020-Championship,,1e392267
ENG-Championship,1920,2020-03-07 Stoke City-Hull City,Championship,37,Sat,2020-03-07,15:00,Stoke City,5–1,Hull City,23126,Bet365 Stadium,Tim Robinson,/en/matches/41bda7c2/Stoke-City-Hull-City-March-7-2020-Championship,,41bda7c2
ENG-Championship,1920,2020-03-07 Swansea City-West Brom,Championship,37,Sat,2020-03-07,15:00,Swansea City,0–0,West Brom,16788,Liberty Stadium,Robert Jones,/en/matches/8c0f7b8d/Swansea-City-West-Bromwich-Albion-March-7-2020-Championship,,8c0f7b8d
ENG-Championship,1920,2020-03-07 Wigan Athletic-Luton Town,Championship,37,Sat,2020-03-07,15:00,Wigan Athletic,0–0,Luton Town,10292,The DW Stadium,Gavin Ward,/en/matches/c596d15b/Wigan-Athletic-Luton-Town-March-7-2020-Championship,,c596d15b
ENG-Championship,1920,2020-03-08 Derby County-Blackburn Rovers,Championship,37,Sun,2020-03-08,15:00,Derby County,3–0,Blackburn Rovers,26590,iPro Stadium,John Brooks,/en/matches/6cfce0bf/Derby-County-Blackburn-Rovers-March-8-2020-Championship,,6cfce0bf
ENG-Championship,1920,2020-06-20 Blackburn Rovers-Bristol City,Championship,38,Sat,2020-06-20,15:00,Blackburn Rovers,3–1,Bristol City,,Ewood Park,Oliver Langford,/en/matches/0295625d/Blackburn-Rovers-Bristol-City-June-20-2020-Championship,,0295625d
ENG-Championship,1920,2020-06-20 Fulham-Brentford,Championship,38,Sat,2020-06-20,12:30,Fulham,0–2,Brentford,,Craven Cottage,James Linington,/en/matches/0d5433ac/Fulham-Brentford-June-20-2020-Championship,,0d5433ac
ENG-Championship,1920,2020-06-20 Huddersfield Town-Wigan Athletic,Championship,38,Sat,2020-06-20,15:00,Huddersfield Town,0–2,Wigan Athletic,,The John Smith's Stadium,Jarred Gillett,/en/matches/4f1ec063/Huddersfield-Town-Wigan-Athletic-June-20-2020-Championship,,4f1ec063
ENG-Championship,1920,2020-06-20 Hull City-Charlton Athletic,Championship,38,Sat,2020-06-20,15:00,Hull City,0–1,Charlton Athletic,,Kingston Communications Stadium,Darren England,/en/matches/3f6772ef/Hull-City-Charlton-Athletic-June-20-2020-Championship,,3f6772ef
ENG-Championship,1920,2020-06-20 Luton Town-Preston North End,Championship,38,Sat,2020-06-20,15:00,Luton Town,1–1,Preston North End,,Kenilworth Road Stadium,John Brooks,/en/matches/e57dc180/Luton-Town-Preston-North-End-June-20-2020-Championship,,e57dc180
ENG-Championship,1920,2020-06-20 Middlesbrough-Swansea City,Championship,38,Sat,2020-06-20,12:30,Middlesbrough,0–3,Swansea City,,Riverside Stadium,Tony Harrington,/en/matches/de74098e/Middlesbrough-Swansea-City-June-20-2020-Championship,,de74098e
ENG-Championship,1920,2020-06-20 Millwall-Derby County,Championship,38,Sat,2020-06-20,13:00,Millwall,2–3,Derby County,,The Den,Steve Martin,/en/matches/8ad9bb82/Millwall-Derby-County-June-20-2020-Championship,,8ad9bb82
ENG-Championship,1920,2020-06-20 QPR-Barnsley,Championship,38,Sat,2020-06-20,15:00,QPR,0–1,Barnsley,,Kiyan Prince Foundation Stadium,Andrew Davies,/en/matches/d807a549/Queens-Park-Rangers-Barnsley-June-20-2020-Championship,,d807a549
ENG-Championship,1920,2020-06-20 Reading-Stoke City,Championship,38,Sat,2020-06-20,15:00,Reading,1–1,Stoke City,,Madejski Stadium,Michael Salisbury,/en/matches/f88341e9/Reading-Stoke-City-June-20-2020-Championship,,f88341e9
ENG-Championship,1920,2020-06-20 Sheffield Weds-Nottingham Forest,Championship,38,Sat,2020-06-20,15:00,Sheffield Weds,1–1,Nottingham Forest,,Hillsborough Stadium,Robert Jones,/en/matches/8a6f44fd/Sheffield-Wednesday-Nottingham-Forest-June-20-2020-Championship,,8a6f44fd
ENG-Championship,1920,2020-06-20 West Brom-Birmingham City,Championship,38,Sat,2020-06-20,15:00,West Brom,0–0,Birmingham City,,The Hawthorns,Darren Bond,/en/matches/6dae35a4/West-Bromwich-Albion-Birmingham-City-June-20-2020-Championship,,6dae35a4
ENG-Championship,1920,2020-06-21 Cardiff City-Leeds United,Championship,38,Sun,2020-06-21,12:00,Cardiff City,2–0,Leeds United,,Cardiff City Stadium,Andy Woolmer,/en/matches/d01967fa/Cardiff-City-Leeds-United-June-21-2020-Championship,,d01967fa
ENG-Championship,1920,2020-06-26 Brentford-West Brom,Championship,39,Fri,2020-06-26,19:45,Brentford,1–0,West Brom,,Griffin Park,Keith Stroud,/en/matches/8d2fedab/Brentford-West-Bromwich-Albion-June-26-2020-Championship,,8d2fedab
ENG-Championship,1920,2020-06-27 Barnsley-Millwall,Championship,39,Sat,2020-06-27,13:00,Barnsley,0–0,Millwall,,Oakwell Stadium,Jeremy Simpson,/en/matches/68611645/Barnsley-Millwall-June-27-2020-Championship,,68611645
ENG-Championship,1920,2020-06-27 Birmingham City-Hull City,Championship,39,Sat,2020-06-27,15:00,Birmingham City,3–3,Hull City,,St Andrew's Trillion Trophy Stadium,Dean Whitestone,/en/matches/a2f793f3/Birmingham-City-Hull-City-June-27-2020-Championship,,a2f793f3
ENG-Championship,1920,2020-06-27 Charlton Athletic-QPR,Championship,39,Sat,2020-06-27,12:30,Charlton Athletic,1–0,QPR,,The Valley,Tim Robinson,/en/matches/0a385954/Charlton-Athletic-Queens-Park-Rangers-June-27-2020-Championship,,0a385954
ENG-Championship,1920,2020-06-27 Derby County-Reading,Championship,39,Sat,2020-06-27,13:00,Derby County,2–1,Reading,,iPro Stadium,Scott Duncan,/en/matches/bce1718d/Derby-County-Reading-June-27-2020-Championship,,bce1718d
ENG-Championship,1920,2020-06-27 Leeds United-Fulham,Championship,39,Sat,2020-06-27,15:00,Leeds United,3–0,Fulham,,Elland Road,Tony Harrington,/en/matches/e42ca153/Leeds-United-Fulham-June-27-2020-Championship,,e42ca153
ENG-Championship,1920,2020-06-27 Preston North End-Cardiff City,Championship,39,Sat,2020-06-27,12:30,Preston North End,1–3,Cardiff City,,Deepdale Stadium,Oliver Langford,/en/matches/4087e6fc/Preston-North-End-Cardiff-City-June-27-2020-Championship,,4087e6fc
ENG-Championship,1920,2020-06-27 Stoke City-Middlesbrough,Championship,39,Sat,2020-06-27,15:00,Stoke City,0–2,Middlesbrough,,Bet365 Stadium,Matt Donohue,/en/matches/dd9da684/Stoke-City-Middlesbrough-June-27-2020-Championship,,dd9da684
ENG-Championship,1920,2020-06-27 Swansea City-Luton Town,Championship,39,Sat,2020-06-27,12:30,Swansea City,0–1,Luton Town,,Liberty Stadium,Andy Woolmer,/en/matches/10d7264e/Swansea-City-Luton-Town-June-27-2020-Championship,,10d7264e
ENG-Championship,1920,2020-06-27 Wigan Athletic-Blackburn Rovers,Championship,39,Sat,2020-06-27,15:00,Wigan Athletic,2–0,Blackburn Rovers,,The DW Stadium,Darren England,/en/matches/e6b2a700/Wigan-Athletic-Blackburn-Rovers-June-27-2020-Championship,,e6b2a700
ENG-Championship,1920,2020-06-28 Bristol City-Sheffield Weds,Championship,39,Sun,2020-06-28,12:00,Bristol City,1–2,Sheffield Weds,,Ashton Gate Stadium,John Brooks,/en/matches/cff4e5e6/Bristol-City-Sheffield-Wednesday-June-28-2020-Championship,,cff4e5e6
ENG-Championship,1920,2020-06-28 Nottingham Forest-Huddersfield Town,Championship,39,Sun,2020-06-28,14:15,Nottingham Forest,3–1,Huddersfield Town,,The City Ground,David Webb,/en/matches/ca407a40/Nottingham-Forest-Huddersfield-Town-June-28-2020-Championship,,ca407a40
ENG-Championship,1920,2020-06-30 Barnsley-Blackburn Rovers,Championship,40,Tue,2020-06-30,18:00,Barnsley,2–0,Blackburn Rovers,,Oakwell Stadium,Tony Harrington,/en/matches/050b1bfc/Barnsley-Blackburn-Rovers-June-30-2020-Championship,,050b1bfc
ENG-Championship,1920,2020-06-30 Cardiff City-Charlton Athletic,Championship,40,Tue,2020-06-30,18:00,Cardiff City,0–0,Charlton Athletic,,Cardiff City Stadium,Steve Martin,/en/matches/97f4bbe7/Cardiff-City-Charlton-Athletic-June-30-2020-Championship,,97f4bbe7
ENG-Championship,1920,2020-06-30 Leeds United-Luton Town,Championship,40,Tue,2020-06-30,19:45,Leeds United,1–1,Luton Town,,Elland Road,John Brooks,/en/matches/6255909e/Leeds-United-Luton-Town-June-30-2020-Championship,,6255909e
ENG-Championship,1920,2020-06-30 Millwall-Swansea City,Championship,40,Tue,2020-06-30,17:00,Millwall,1–1,Swansea City,,The Den,James Linington,/en/matches/c1025227/Millwall-Swansea-City-June-30-2020-Championship,,c1025227
ENG-Championship,1920,2020-06-30 QPR-Fulham,Championship,40,Tue,2020-06-30,18:30,QPR,1–2,Fulham,,Kiyan Prince Foundation Stadium,Gavin Ward,/en/matches/54e4575d/Queens-Park-Rangers-Fulham-June-30-2020-Championship,,54e4575d
ENG-Championship,1920,2020-06-30 Reading-Brentford,Championship,40,Tue,2020-06-30,18:00,Reading,0–3,Brentford,,Madejski Stadium,Dean Whitestone,/en/matches/af2c55ee/Reading-Brentford-June-30-2020-Championship,,af2c55ee
ENG-Championship,1920,2020-06-30 Wigan Athletic-Stoke City,Championship,40,Tue,2020-06-30,19:45,Wigan Athletic,3–0,Stoke City,,The DW Stadium,Jeremy Simpson,/en/matches/0a161049/Wigan-Athletic-Stoke-City-June-30-2020-Championship,,0a161049
ENG-Championship,1920,2020-07-01 Birmingham City-Huddersfield Town,Championship,40,Wed,2020-07-01,18:00,Birmingham City,0–3,Huddersfield Town,,St Andrew's Trillion Trophy Stadium,Robert Jones,/en/matches/b80de4c0/Birmingham-City-Huddersfield-Town-July-1-2020-Championship,,b80de4c0
ENG-Championship,1920,2020-07-01 Nottingham Forest-Bristol City,Championship,40,Wed,2020-07-01,18:00,Nottingham Forest,1–0,Bristol City,,The City Ground,Darren Bond,/en/matches/3c85d206/Nottingham-Forest-Bristol-City-July-1-2020-Championship,,3c85d206
ENG-Championship,1920,2020-07-01 Preston North End-Derby County,Championship,40,Wed,2020-07-01,17:00,Preston North End,0–1,Derby County,,Deepdale Stadium,Jarred Gillett,/en/matches/0650a127/Preston-North-End-Derby-County-July-1-2020-Championship,,0650a127
ENG-Championship,1920,2020-07-01 Sheffield Weds-West Brom,Championship,40,Wed,2020-07-01,19:45,Sheffield Weds,0–3,West Brom,,Hillsborough Stadium,David Webb,/en/matches/102dbc26/Sheffield-Wednesday-West-Bromwich-Albion-July-1-2020-Championship,,102dbc26
ENG-Championship,1920,2020-07-02 Hull City-Middlesbrough,Championship,40,Thu,2020-07-02,17:00,Hull City,2–1,Middlesbrough,,Kingston Communications Stadium,Geoff Eltringham,/en/matches/3e12a998/Hull-City-Middlesbrough-July-2-2020-Championship,,3e12a998
ENG-Championship,1920,2020-07-03 Charlton Athletic-Millwall,Championship,41,Fri,2020-07-03,20:15,Charlton Athletic,0–1,Millwall,,The Valley,Dean Whitestone,/en/matches/9690ea86/Charlton-Athletic-Millwall-July-3-2020-Championship,,9690ea86
ENG-Championship,1920,2020-07-04 Blackburn Rovers-Leeds United,Championship,41,Sat,2020-07-04,15:00,Blackburn Rovers,1–3,Leeds United,,Ewood Park,Robert Jones,/en/matches/bfd5afe9/Blackburn-Rovers-Leeds-United-July-4-2020-Championship,,bfd5afe9
ENG-Championship,1920,2020-07-04 Brentford-Wigan Athletic,Championship,41,Sat,2020-07-04,15:00,Brentford,3–0,Wigan Athletic,,Griffin Park,Matt Donohue,/en/matches/ee1afe23/Brentford-Wigan-Athletic-July-4-2020-Championship,,ee1afe23
ENG-Championship,1920,2020-07-04 Bristol City-Cardiff City,Championship,41,Sat,2020-07-04,15:00,Bristol City,0–1,Cardiff City,,Ashton Gate Stadium,Tim Robinson,/en/matches/082a7c7a/Bristol-City-Cardiff-City-July-4-2020-Championship,,082a7c7a
ENG-Championship,1920,2020-07-04 Derby County-Nottingham Forest,Championship,41,Sat,2020-07-04,12:30,Derby County,1–1,Nottingham Forest,,iPro Stadium,Darren England,/en/matches/d0f6fc85/Derby-County-Nottingham-Forest-July-4-2020-Championship,,d0f6fc85
ENG-Championship,1920,2020-07-04 Fulham-Birmingham City,Championship,41,Sat,2020-07-04,15:00,Fulham,1–0,Birmingham City,,Craven Cottage,Keith Stroud,/en/matches/57882b7f/Fulham-Birmingham-City-July-4-2020-Championship,,57882b7f
ENG-Championship,1920,2020-07-04 Huddersfield Town-Preston North End,Championship,41,Sat,2020-07-04,15:00,Huddersfield Town,0–0,Preston North End,,The John Smith's Stadium,Darren Bond,/en/matches/98744294/Huddersfield-Town-Preston-North-End-July-4-2020-Championship,,98744294
ENG-Championship,1920,2020-07-04 Luton Town-Reading,Championship,41,Sat,2020-07-04,15:00,Luton Town,0–5,Reading,,Kenilworth Road Stadium,James Linington,/en/matches/a9601596/Luton-Town-Reading-July-4-2020-Championship,,a9601596
ENG-Championship,1920,2020-07-04 Stoke City-Barnsley,Championship,41,Sat,2020-07-04,15:00,Stoke City,4–0,Barnsley,,Bet365 Stadium,Andy Woolmer,/en/matches/f3fd3f2e/Stoke-City-Barnsley-July-4-2020-Championship,,f3fd3f2e
ENG-Championship,1920,2020-07-05 Middlesbrough-QPR,Championship,41,Sun,2020-07-05,14:00,Middlesbrough,0–1,QPR,,Riverside Stadium,Scott Duncan,/en/matches/8906afbb/Middlesbrough-Queens-Park-Rangers-July-5-2020-Championship,,8906afbb
ENG-Championship,1920,2020-07-05 Swansea City-Sheffield Weds,Championship,41,Sun,2020-07-05,12:00,Swansea City,2–1,Sheffield Weds,,Liberty Stadium,Steve Martin,/en/matches/683af0e7/Swansea-City-Sheffield-Wednesday-July-5-2020-Championship,,683af0e7
ENG-Championship,1920,2020-07-05 West Brom-Hull City,Championship,41,Sun,2020-07-05,15:00,West Brom,4–2,Hull City,,The Hawthorns,Oliver Langford,/en/matches/9e35c4f0/West-Bromwich-Albion-Hull-City-July-5-2020-Championship,,9e35c4f0
ENG-Championship,1920,2020-07-07 Brentford-Charlton Athletic,Championship,42,Tue,2020-07-07,18:00,Brentford,2–1,Charlton Athletic,,Griffin Park,John Brooks,/en/matches/f18645eb/Brentford-Charlton-Athletic-July-7-2020-Championship,,f18645eb
ENG-Championship,1920,2020-07-07 Cardiff City-Blackburn Rovers,Championship,42,Tue,2020-07-07,19:45,Cardiff City,2–3,Blackburn Rovers,,Cardiff City Stadium,Matt Donohue,/en/matches/ab1ca38f/Cardiff-City-Blackburn-Rovers-July-7-2020-Championship,,ab1ca38f
ENG-Championship,1920,2020-07-07 Luton Town-Barnsley,Championship,42,Tue,2020-07-07,18:00,Luton Town,1–1,Barnsley,,Kenilworth Road Stadium,Dean Whitestone,/en/matches/7642321f/Luton-Town-Barnsley-July-7-2020-Championship,,7642321f
ENG-Championship,1920,2020-07-07 Nottingham Forest-Fulham,Championship,42,Tue,2020-07-07,17:00,Nottingham Forest,0–1,Fulham,,The City Ground,Robert Jones,/en/matches/45475a20/Nottingham-Forest-Fulham-July-7-2020-Championship,,45475a20
ENG-Championship,1920,2020-07-07 Reading-Huddersfield Town,Championship,42,Tue,2020-07-07,18:00,Reading,0–0,Huddersfield Town,,Madejski Stadium,Steve Martin,/en/matches/d47d38ae/Reading-Huddersfield-Town-July-7-2020-Championship,,d47d38ae
ENG-Championship,1920,2020-07-08 Birmingham City-Swansea City,Championship,42,Wed,2020-07-08,18:00,Birmingham City,1–3,Swansea City,,St Andrew's Trillion Trophy Stadium,Jarred Gillett,/en/matches/54a47291/Birmingham-City-Swansea-City-July-8-2020-Championship,,54a47291
ENG-Championship,1920,2020-07-08 Bristol City-Hull City,Championship,42,Wed,2020-07-08,18:00,Bristol City,2–1,Hull City,,Ashton Gate Stadium,Gavin Ward,/en/matches/b7f5700e/Bristol-City-Hull-City-July-8-2020-Championship,,b7f5700e
ENG-Championship,1920,2020-07-08 Millwall-Middlesbrough,Championship,42,Wed,2020-07-08,15:00,Millwall,0–2,Middlesbrough,,The Den,Tim Robinson,/en/matches/027f6bd4/Millwall-Middlesbrough-July-8-2020-Championship,,027f6bd4
ENG-Championship,1920,2020-07-08 Sheffield Weds-Preston North End,Championship,42,Wed,2020-07-08,19:45,Sheffield Weds,1–3,Preston North End,,Hillsborough Stadium,Tony Harrington,/en/matches/ec656395/Sheffield-Wednesday-Preston-North-End-July-8-2020-Championship,,ec656395
ENG-Championship,1920,2020-07-08 West Brom-Derby County,Championship,42,Wed,2020-07-08,17:00,West Brom,2–0,Derby County,,The Hawthorns,Jeremy Simpson,/en/matches/b332b2e7/West-Bromwich-Albion-Derby-County-July-8-2020-Championship,,b332b2e7
ENG-Championship,1920,2020-07-08 Wigan Athletic-QPR,Championship,42,Wed,2020-07-08,18:00,Wigan Athletic,1–0,QPR,,The DW Stadium,Geoff Eltringham,/en/matches/63db1f50/Wigan-Athletic-Queens-Park-Rangers-July-8-2020-Championship,,63db1f50
ENG-Championship,1920,2020-07-09 Leeds United-Stoke City,Championship,42,Thu,2020-07-09,17:00,Leeds United,5–0,Stoke City,,Elland Road,Darren Bond,/en/matches/40e7ae01/Leeds-United-Stoke-City-July-9-2020-Championship,,40e7ae01
ENG-Championship,1920,2020-07-10 Fulham-Cardiff City,Championship,43,Fri,2020-07-10,20:15,Fulham,2–0,Cardiff City,,Craven Cottage,Gavin Ward,/en/matches/359389cc/Fulham-Cardiff-City-July-10-2020-Championship,,359389cc
ENG-Championship,1920,2020-07-10 Huddersfield Town-Luton Town,Championship,43,Fri,2020-07-10,18:00,Huddersfield Town,0–2,Luton Town,,The John Smith's Stadium,Geoff Eltringham,/en/matches/c6cc5164/Huddersfield-Town-Luton-Town-July-10-2020-Championship,,c6cc5164
ENG-Championship,1920,2020-07-11 Barnsley-Wigan Athletic,Championship,43,Sat,2020-07-11,15:00,Barnsley,0–0,Wigan Athletic,,Oakwell Stadium,David Webb,/en/matches/946b987a/Barnsley-Wigan-Athletic-July-11-2020-Championship,,946b987a
ENG-Championship,1920,2020-07-11 Blackburn Rovers-West Brom,Championship,43,Sat,2020-07-11,15:00,Blackburn Rovers,1–1,West Brom,,Ewood Park,Jarred Gillett,/en/matches/d0c21dc9/Blackburn-Rovers-West-Bromwich-Albion-July-11-2020-Championship,,d0c21dc9
ENG-Championship,1920,2020-07-11 Charlton Athletic-Reading,Championship,43,Sat,2020-07-11,12:30,Charlton Athletic,0–1,Reading,,The Valley,Darren Bond,/en/matches/fbd5ea08/Charlton-Athletic-Reading-July-11-2020-Championship,,fbd5ea08
ENG-Championship,1920,2020-07-11 Derby County-Brentford,Championship,43,Sat,2020-07-11,12:30,Derby County,1–3,Brentford,,iPro Stadium,Tim Robinson,/en/matches/221be5d3/Derby-County-Brentford-July-11-2020-Championship,,221be5d3
ENG-Championship,1920,2020-07-11 Hull City-Millwall,Championship,43,Sat,2020-07-11,15:00,Hull City,0–1,Millwall,,Kingston Communications Stadium,Matt Donohue,/en/matches/84d6bb68/Hull-City-Millwall-July-11-2020-Championship,,84d6bb68
ENG-Championship,1920,2020-07-11 Middlesbrough-Bristol City,Championship,43,Sat,2020-07-11,15:00,Middlesbrough,1–3,Bristol City,,Riverside Stadium,Darren England,/en/matches/9a0620ad/Middlesbrough-Bristol-City-July-11-2020-Championship,,9a0620ad
ENG-Championship,1920,2020-07-11 Preston North End-Nottingham Forest,Championship,43,Sat,2020-07-11,15:00,Preston North End,1–1,Nottingham Forest,,Deepdale Stadium,Jeremy Simpson,/en/matches/42e67316/Preston-North-End-Nottingham-Forest-July-11-2020-Championship,,42e67316
ENG-Championship,1920,2020-07-11 QPR-Sheffield Weds,Championship,43,Sat,2020-07-11,15:00,QPR,0–3,Sheffield Weds,,Kiyan Prince Foundation Stadium,Oliver Langford,/en/matches/5a56bbee/Queens-Park-Rangers-Sheffield-Wednesday-July-11-2020-Championship,,5a56bbee
ENG-Championship,1920,2020-07-12 Stoke City-Birmingham City,Championship,43,Sun,2020-07-12,13:30,Stoke City,2–0,Birmingham City,,Bet365 Stadium,Scott Duncan,/en/matches/db7ae5eb/Stoke-City-Birmingham-City-July-12-2020-Championship,,db7ae5eb
ENG-Championship,1920,2020-07-12 Swansea City-Leeds United,Championship,43,Sun,2020-07-12,13:30,Swansea City,0–1,Leeds United,,Liberty Stadium,Keith Stroud,/en/matches/728ce8eb/Swansea-City-Leeds-United-July-12-2020-Championship,,728ce8eb
ENG-Championship,1920,2020-07-14 Cardiff City-Derby County,Championship,44,Tue,2020-07-14,19:45,Cardiff City,2–1,Derby County,,Cardiff City Stadium,Darren Bond,/en/matches/0998c0ff/Cardiff-City-Derby-County-July-14-2020-Championship,,0998c0ff
ENG-Championship,1920,2020-07-14 Luton Town-QPR,Championship,44,Tue,2020-07-14,19:45,Luton Town,1–1,QPR,,Kenilworth Road Stadium,Steve Martin,/en/matches/040dda80/Luton-Town-Queens-Park-Rangers-July-14-2020-Championship,,040dda80
ENG-Championship,1920,2020-07-14 Millwall-Blackburn Rovers,Championship,44,Tue,2020-07-14,19:45,Millwall,1–0,Blackburn Rovers,,The Den,John Brooks,/en/matches/471afe07/Millwall-Blackburn-Rovers-July-14-2020-Championship,,471afe07
ENG-Championship,1920,2020-07-14 Reading-Middlesbrough,Championship,44,Tue,2020-07-14,18:00,Reading,1–2,Middlesbrough,,Madejski Stadium,Andy Woolmer,/en/matches/89005b1f/Reading-Middlesbrough-July-14-2020-Championship,,89005b1f
ENG-Championship,1920,2020-07-14 Sheffield Weds-Huddersfield Town,Championship,44,Tue,2020-07-14,19:45,Sheffield Weds,0–0,Huddersfield Town,,Hillsborough Stadium,Dean Whitestone,/en/matches/16aceb36/Sheffield-Wednesday-Huddersfield-Town-July-14-2020-Championship,,16aceb36
ENG-Championship,1920,2020-07-14 West Brom-Fulham,Championship,44,Tue,2020-07-14,17:00,West Brom,0–0,Fulham,,The Hawthorns,Geoff Eltringham,/en/matches/4898f90d/West-Bromwich-Albion-Fulham-July-14-2020-Championship,,4898f90d
ENG-Championship,1920,2020-07-14 Wigan Athletic-Hull City,Championship,44,Tue,2020-07-14,18:00,Wigan Athletic,8–0,Hull City,,The DW Stadium,Tony Harrington,/en/matches/b562ff87/Wigan-Athletic-Hull-City-July-14-2020-Championship,,b562ff87
ENG-Championship,1920,2020-07-15 Birmingham City-Charlton Athletic,Championship,44,Wed,2020-07-15,18:00,Birmingham City,1–1,Charlton Athletic,,St Andrew's Trillion Trophy Stadium,David Webb,/en/matches/c6fa7905/Birmingham-City-Charlton-Athletic-July-15-2020-Championship,,c6fa7905
ENG-Championship,1920,2020-07-15 Brentford-Preston North End,Championship,44,Wed,2020-07-15,17:00,Brentford,1–0,Preston North End,,Griffin Park,Darren England,/en/matches/8764a277/Brentford-Preston-North-End-July-15-2020-Championship,,8764a277
ENG-Championship,1920,2020-07-15 Bristol City-Stoke City,Championship,44,Wed,2020-07-15,17:00,Bristol City,1–1,Stoke City,,Ashton Gate Stadium,James Linington,/en/matches/4c34b156/Bristol-City-Stoke-City-July-15-2020-Championship,,4c34b156
ENG-Championship,1920,2020-07-15 Nottingham Forest-Swansea City,Championship,44,Wed,2020-07-15,18:00,Nottingham Forest,2–2,Swansea City,,The City Ground,Oliver Langford,/en/matches/279b90be/Nottingham-Forest-Swansea-City-July-15-2020-Championship,,279b90be
ENG-Championship,1920,2020-07-16 Leeds United-Barnsley,Championship,44,Thu,2020-07-16,17:00,Leeds United,1–0,Barnsley,,Elland Road,Jarred Gillett,/en/matches/fddc9b92/Leeds-United-Barnsley-July-16-2020-Championship,,fddc9b92
ENG-Championship,1920,2020-07-17 Huddersfield Town-West Brom,Championship,45,Fri,2020-07-17,17:30,Huddersfield Town,2–1,West Brom,,The John Smith's Stadium,John Brooks,/en/matches/cc6b606c/Huddersfield-Town-West-Bromwich-Albion-July-17-2020-Championship,,cc6b606c
ENG-Championship,1920,2020-07-18 Blackburn Rovers-Reading,Championship,45,Sat,2020-07-18,15:00,Blackburn Rovers,4–3,Reading,,Ewood Park,Tim Robinson,/en/matches/a963f64f/Blackburn-Rovers-Reading-July-18-2020-Championship,,a963f64f
ENG-Championship,1920,2020-07-18 Charlton Athletic-Wigan Athletic,Championship,45,Sat,2020-07-18,12:30,Charlton Athletic,2–2,Wigan Athletic,,The Valley,Gavin Ward,/en/matches/53239fac/Charlton-Athletic-Wigan-Athletic-July-18-2020-Championship,,53239fac
ENG-Championship,1920,2020-07-18 Fulham-Sheffield Weds,Championship,45,Sat,2020-07-18,15:00,Fulham,5–3,Sheffield Weds,,Craven Cottage,Darren England,/en/matches/1e2a6d35/Fulham-Sheffield-Wednesday-July-18-2020-Championship,,1e2a6d35
ENG-Championship,1920,2020-07-18 Hull City-Luton Town,Championship,45,Sat,2020-07-18,15:00,Hull City,0–1,Luton Town,,Kingston Communications Stadium,Robert Jones,/en/matches/967cb847/Hull-City-Luton-Town-July-18-2020-Championship,,967cb847
ENG-Championship,1920,2020-07-18 Middlesbrough-Cardiff City,Championship,45,Sat,2020-07-18,15:00,Middlesbrough,1–3,Cardiff City,,Riverside Stadium,Jeremy Simpson,/en/matches/762b2689/Middlesbrough-Cardiff-City-July-18-2020-Championship,,762b2689
ENG-Championship,1920,2020-07-18 Preston North End-Birmingham City,Championship,45,Sat,2020-07-18,15:00,Preston North End,2–0,Birmingham City,,Deepdale Stadium,Steve Martin,/en/matches/5322a7af/Preston-North-End-Birmingham-City-July-18-2020-Championship,,5322a7af
ENG-Championship,1920,2020-07-18 QPR-Millwall,Championship,45,Sat,2020-07-18,15:00,QPR,4–3,Millwall,,Kiyan Prince Foundation Stadium,James Linington,/en/matches/139c4cc7/Queens-Park-Rangers-Millwall-July-18-2020-Championship,,139c4cc7
ENG-Championship,1920,2020-07-18 Stoke City-Brentford,Championship,45,Sat,2020-07-18,12:30,Stoke City,1–0,Brentford,,Bet365 Stadium,Geoff Eltringham,/en/matches/8f54f083/Stoke-City-Brentford-July-18-2020-Championship,,8f54f083
ENG-Championship,1920,2020-07-18 Swansea City-Bristol City,Championship,45,Sat,2020-07-18,15:00,Swansea City,1–0,Bristol City,,Liberty Stadium,Darren Bond,/en/matches/63978631/Swansea-City-Bristol-City-July-18-2020-Championship,,63978631
ENG-Championship,1920,2020-07-19 Barnsley-Nottingham Forest,Championship,45,Sun,2020-07-19,15:00,Barnsley,1–0,Nottingham Forest,,Oakwell Stadium,Scott Duncan,/en/matches/14348fae/Barnsley-Nottingham-Forest-July-19-2020-Championship,,14348fae
ENG-Championship,1920,2020-07-19 Derby County-Leeds United,Championship,45,Sun,2020-07-19,14:00,Derby County,1–3,Leeds United,,iPro Stadium,Oliver Langford,/en/matches/59dbfdd6/Derby-County-Leeds-United-July-19-2020-Championship,,59dbfdd6
ENG-Championship,1920,2020-07-22 Birmingham City-Derby County,Championship,46,Wed,2020-07-22,19:30,Birmingham City,1–3,Derby County,,St Andrew's Trillion Trophy Stadium,Tim Robinson,/en/matches/f3c0affa/Birmingham-City-Derby-County-July-22-2020-Championship,,f3c0affa
ENG-Championship,1920,2020-07-22 Brentford-Barnsley,Championship,46,Wed,2020-07-22,19:30,Brentford,1–2,Barnsley,,Griffin Park,Robert Jones,/en/matches/82b0d438/Brentford-Barnsley-July-22-2020-Championship,,82b0d438
ENG-Championship,1920,2020-07-22 Bristol City-Preston North End,Championship,46,Wed,2020-07-22,19:30,Bristol City,1–1,Preston North End,,Ashton Gate Stadium,Andy Woolmer,/en/matches/f510f674/Bristol-City-Preston-North-End-July-22-2020-Championship,,f510f674
ENG-Championship,1920,2020-07-22 Cardiff City-Hull City,Championship,46,Wed,2020-07-22,19:30,Cardiff City,3–0,Hull City,,Cardiff City Stadium,James Linington,/en/matches/0282d4a6/Cardiff-City-Hull-City-July-22-2020-Championship,,0282d4a6
ENG-Championship,1920,2020-07-22 Leeds United-Charlton Athletic,Championship,46,Wed,2020-07-22,19:30,Leeds United,4–0,Charlton Athletic,,Elland Road,Geoff Eltringham,/en/matches/c3f407a9/Leeds-United-Charlton-Athletic-July-22-2020-Championship,,c3f407a9
ENG-Championship,1920,2020-07-22 Luton Town-Blackburn Rovers,Championship,46,Wed,2020-07-22,19:30,Luton Town,3–2,Blackburn Rovers,,Kenilworth Road Stadium,Darren Bond,/en/matches/248a8913/Luton-Town-Blackburn-Rovers-July-22-2020-Championship,,248a8913
ENG-Championship,1920,2020-07-22 Millwall-Huddersfield Town,Championship,46,Wed,2020-07-22,19:30,Millwall,4–1,Huddersfield Town,,The Den,Keith Stroud,/en/matches/3c41f59f/Millwall-Huddersfield-Town-July-22-2020-Championship,,3c41f59f
ENG-Championship,1920,2020-07-22 Nottingham Forest-Stoke City,Championship,46,Wed,2020-07-22,19:30,Nottingham Forest,1–4,Stoke City,,The City Ground,Gavin Ward,/en/matches/1f048b65/Nottingham-Forest-Stoke-City-July-22-2020-Championship,,1f048b65
ENG-Championship,1920,2020-07-22 Reading-Swansea City,Championship,46,Wed,2020-07-22,19:30,Reading,1–4,Swansea City,,Madejski Stadium,Steve Martin,/en/matches/363ef0f8/Reading-Swansea-City-July-22-2020-Championship,,363ef0f8
ENG-Championship,1920,2020-07-22 Sheffield Weds-Middlesbrough,Championship,46,Wed,2020-07-22,19:30,Sheffield Weds,1–2,Middlesbrough,,Hillsborough Stadium,Jarred Gillett,/en/matches/6dc4f761/Sheffield-Wednesday-Middlesbrough-July-22-2020-Championship,,6dc4f761
ENG-Championship,1920,2020-07-22 West Brom-QPR,Championship,46,Wed,2020-07-22,19:30,West Brom,2–2,QPR,,The Hawthorns,Darren England,/en/matches/5cbe8b39/West-Bromwich-Albion-Queens-Park-Rangers-July-22-2020-Championship,,5cbe8b39
ENG-Championship,1920,2020-07-22 Wigan Athletic-Fulham,Championship,46,Wed,2020-07-22,19:30,Wigan Athletic,1–1,Fulham,,The DW Stadium,John Brooks,/en/matches/6cd5a206/Wigan-Athletic-Fulham-July-22-2020-Championship,,6cd5a206
ENG-Championship,1920,2020-07-26 Swansea City-Brentford,Promotion play-offs — Semi-finals,,Sun,2020-07-26,18:30,Swansea City,1–0,Brentford,,Liberty Stadium,Keith Stroud,/en/matches/7352c516/Swansea-City-Brentford-July-26-2020-Championship,Leg 1 of 2,7352c516
ENG-Championship,1920,2020-07-27 Cardiff City-Fulham,Promotion play-offs — Semi-finals,,Mon,2020-07-27,19:45,Cardiff City,0–2,Fulham,,Cardiff City Stadium,Geoff Eltringham,/en/matches/2cb7af5e/Cardiff-City-Fulham-July-27-2020-Championship,Leg 1 of 2,2cb7af5e
ENG-Championship,1920,2020-07-29 Brentford-Swansea City,Promotion play-offs — Semi-finals,,Wed,2020-07-29,19:45,Brentford,3–1,Swansea City,,Griffin Park,Chris Kavanagh,/en/matches/04d23726/Brentford-Swansea-City-July-29-2020-Championship,Leg 2 of 2; Brentford won,04d23726
ENG-Championship,1920,2020-07-30 Fulham-Cardiff City,Promotion play-offs — Semi-finals,,Thu,2020-07-30,19:45,Fulham,1–2,Cardiff City,,Craven Cottage,Paul Tierney,/en/matches/6cad51a6/Fulham-Cardiff-City-July-30-2020-Championship,Leg 2 of 2; Fulham won,6cad51a6
ENG-Championship,1920,2020-08-04 Brentford-Fulham,Promotion play-offs — Final,,Tue,2020-08-04,19:45,Brentford,1–2,Fulham,,Wembley Stadium (Neutral Site),Martin Atkinson,/en/matches/914e23ed/Brentford-Fulham-August-4-2020-Championship,Required Extra Time,914e23ed
