league,season,game,round,week,day,date,time,home_team,score,away_team,attendance,venue,referee,match_report,notes,game_id
ENG-Championship,1819,2018-08-03 Reading-Derby County,Championship,1,Fri,2018-08-03,20:00,Reading,1–2,Derby County,16923,Madejski Stadium,Robert Jones,/en/matches/2a1207f9/Reading-Derby-County-August-3-2018-Championship,,2a1207f9
ENG-Championship,1819,2018-08-04 Birmingham City-Norwich City,Championship,1,Sat,2018-08-04,15:00,Birmingham City,2–2,Norwich City,22677,St Andrew's Trillion Trophy Stadium,Peter Bankes,/en/matches/f142db47/Birmingham-City-Norwich-City-August-4-2018-Championship,,f142db47
ENG-Championship,1819,2018-08-04 Brentford-Rotherham United,Championship,1,Sat,2018-08-04,15:00,Brentford,5–1,Rotherham United,10297,Griffin Park,Oliver Langford,/en/matches/8c8ae4f4/Brentford-Rotherham-United-August-4-2018-Championship,,8c8ae4f4
ENG-Championship,1819,2018-08-04 Bristol City-Nottingham Forest,Championship,1,Sat,2018-08-04,15:00,Bristol City,1–1,Nottingham Forest,22395,Ashton Gate Stadium,Darren Bond,/en/matches/c872938b/Bristol-City-Nottingham-Forest-August-4-2018-Championship,,c872938b
ENG-Championship,1819,2018-08-04 Ipswich Town-Blackburn Rovers,Championship,1,Sat,2018-08-04,15:00,Ipswich Town,2–2,Blackburn Rovers,18940,Portman Road Stadium,Andrew Davies,/en/matches/12cf4304/Ipswich-Town-Blackburn-Rovers-August-4-2018-Championship,,12cf4304
ENG-Championship,1819,2018-08-04 Millwall-Middlesbrough,Championship,1,Sat,2018-08-04,15:00,Millwall,2–2,Middlesbrough,15056,The Den,Kevin Friend,/en/matches/9a55071e/Millwall-Middlesbrough-August-4-2018-Championship,,9a55071e
ENG-Championship,1819,2018-08-04 Preston North End-QPR,Championship,1,Sat,2018-08-04,15:00,Preston North End,1–0,QPR,13418,Deepdale Stadium,Darren England,/en/matches/372f77c0/Preston-North-End-Queens-Park-Rangers-August-4-2018-Championship,,372f77c0
ENG-Championship,1819,2018-08-04 Sheffield United-Swansea City,Championship,1,Sat,2018-08-04,17:30,Sheffield United,1–2,Swansea City,24654,Bramall Lane,Jeremy Simpson,/en/matches/12dcc999/Sheffield-United-Swansea-City-August-4-2018-Championship,,12dcc999
ENG-Championship,1819,2018-08-04 West Brom-Bolton Wanderers,Championship,1,Sat,2018-08-04,15:00,West Brom,1–2,Bolton Wanderers,25901,The Hawthorns,Geoff Eltringham,/en/matches/7f24dfb3/West-Bromwich-Albion-Bolton-Wanderers-August-4-2018-Championship,,7f24dfb3
ENG-Championship,1819,2018-08-04 Wigan Athletic-Sheffield Weds,Championship,1,Sat,2018-08-04,15:00,Wigan Athletic,3–2,Sheffield Weds,14207,The DW Stadium,Tim Robinson,/en/matches/ed030990/Wigan-Athletic-Sheffield-Wednesday-August-4-2018-Championship,,ed030990
ENG-Championship,1819,2018-08-05 Leeds United-Stoke City,Championship,1,Sun,2018-08-05,16:30,Leeds United,3–1,Stoke City,34126,Elland Road,Axel Motiño,/en/matches/bb85a4ca/Leeds-United-Stoke-City-August-5-2018-Championship,,bb85a4ca
ENG-Championship,1819,2018-08-06 Hull City-Aston Villa,Championship,1,Mon,2018-08-06,19:45,Hull City,1–3,Aston Villa,14071,Kingston Communications Stadium,Andy Madley,/en/matches/2a8b7987/Hull-City-Aston-Villa-August-6-2018-Championship,,2a8b7987
ENG-Championship,1819,2018-08-07 Middlesbrough-Sheffield United,Championship,4,Tue,2018-08-07,19:45,Middlesbrough,3–0,Sheffield United,22960,Riverside Stadium,Robert Jones,/en/matches/30d0c596/Middlesbrough-Sheffield-United-August-7-2018-Championship,,30d0c596
ENG-Championship,1819,2018-08-07 Nottingham Forest-West Brom,Championship,4,Tue,2018-08-07,19:45,Nottingham Forest,1–1,West Brom,27850,The City Ground,Darren England,/en/matches/7b39aa0a/Nottingham-Forest-West-Bromwich-Albion-August-7-2018-Championship,,7b39aa0a
ENG-Championship,1819,2018-08-11 Aston Villa-Wigan Athletic,Championship,2,Sat,2018-08-11,15:00,Aston Villa,3–2,Wigan Athletic,34331,Villa Park,Jeremy Simpson,/en/matches/ba10f8ae/Aston-Villa-Wigan-Athletic-August-11-2018-Championship,,ba10f8ae
ENG-Championship,1819,2018-08-11 Blackburn Rovers-Millwall,Championship,2,Sat,2018-08-11,15:00,Blackburn Rovers,0–0,Millwall,13239,Ewood Park,Gavin Ward,/en/matches/23590a4b/Blackburn-Rovers-Millwall-August-11-2018-Championship,,23590a4b
ENG-Championship,1819,2018-08-11 Bolton Wanderers-Bristol City,Championship,2,Sat,2018-08-11,15:00,Bolton Wanderers,2–2,Bristol City,14112,Macron Stadium,John Brooks,/en/matches/a312e71d/Bolton-Wanderers-Bristol-City-August-11-2018-Championship,,a312e71d
ENG-Championship,1819,2018-08-11 Derby County-Leeds United,Championship,2,Sat,2018-08-11,17:30,Derby County,1–4,Leeds United,27311,iPro Stadium,Peter Bankes,/en/matches/752d18b0/Derby-County-Leeds-United-August-11-2018-Championship,,752d18b0
ENG-Championship,1819,2018-08-11 Middlesbrough-Birmingham City,Championship,2,Sat,2018-08-11,15:00,Middlesbrough,1–0,Birmingham City,23748,Riverside Stadium,Andy Madley,/en/matches/1daa8f27/Middlesbrough-Birmingham-City-August-11-2018-Championship,,1daa8f27
ENG-Championship,1819,2018-08-11 Norwich City-West Brom,Championship,2,Sat,2018-08-11,15:00,Norwich City,3–4,West Brom,25144,Carrow Road,Lee Mason,/en/matches/cf3e295e/Norwich-City-West-Bromwich-Albion-August-11-2018-Championship,,cf3e295e
ENG-Championship,1819,2018-08-11 Nottingham Forest-Reading,Championship,2,Sat,2018-08-11,15:00,Nottingham Forest,1–0,Reading,27948,Ewood Park,Steve Martin,/en/matches/bfb9b836/Nottingham-Forest-Reading-August-11-2018-Championship,,bfb9b836
ENG-Championship,1819,2018-08-11 QPR-Sheffield United,Championship,2,Sat,2018-08-11,15:00,QPR,1–2,Sheffield United,14128,Loftus Road Stadium,Axel Motiño,/en/matches/4a4fadad/Queens-Park-Rangers-Sheffield-United-August-11-2018-Championship,,4a4fadad
ENG-Championship,1819,2018-08-11 Rotherham United-Ipswich Town,Championship,2,Sat,2018-08-11,15:00,Rotherham United,1–0,Ipswich Town,9460,New York Stadium,David Webb,/en/matches/680c2f0c/Rotherham-United-Ipswich-Town-August-11-2018-Championship,,680c2f0c
ENG-Championship,1819,2018-08-11 Sheffield Weds-Hull City,Championship,2,Sat,2018-08-11,15:00,Sheffield Weds,1–1,Hull City,23416,Hillsborough Stadium,Stuart Attwell,/en/matches/c96a100b/Sheffield-Wednesday-Hull-City-August-11-2018-Championship,,c96a100b
ENG-Championship,1819,2018-08-11 Stoke City-Brentford,Championship,2,Sat,2018-08-11,15:00,Stoke City,1–1,Brentford,24806,Bet365 Stadium,Andrew Davies,/en/matches/68a109f8/Stoke-City-Brentford-August-11-2018-Championship,,68a109f8
ENG-Championship,1819,2018-08-11 Swansea City-Preston North End,Championship,2,Sat,2018-08-11,15:00,Swansea City,1–0,Preston North End,19352,Liberty Stadium,James Linington,/en/matches/ae32eb06/Swansea-City-Preston-North-End-August-11-2018-Championship,,ae32eb06
ENG-Championship,1819,2018-08-17 Birmingham City-Swansea City,Championship,3,Fri,2018-08-17,19:45,Birmingham City,0–0,Swansea City,20083,St Andrew's Trillion Trophy Stadium,Darren England,/en/matches/fb2d174b/Birmingham-City-Swansea-City-August-17-2018-Championship,,fb2d174b
ENG-Championship,1819,2018-08-18 Bristol City-Middlesbrough,Championship,3,Sat,2018-08-18,15:00,Bristol City,0–2,Middlesbrough,19455,Ashton Gate Stadium,Oliver Langford,/en/matches/19a40dbe/Bristol-City-Middlesbrough-August-18-2018-Championship,,19a40dbe
ENG-Championship,1819,2018-08-18 Hull City-Blackburn Rovers,Championship,3,Sat,2018-08-18,15:00,Hull City,0–1,Blackburn Rovers,12233,Kingston Communications Stadium,David Coote,/en/matches/e8976d1b/Hull-City-Blackburn-Rovers-August-18-2018-Championship,,e8976d1b
ENG-Championship,1819,2018-08-18 Ipswich Town-Aston Villa,Championship,3,Sat,2018-08-18,15:00,Ipswich Town,1–1,Aston Villa,17824,Portman Road Stadium,Tim Robinson,/en/matches/7224846b/Ipswich-Town-Aston-Villa-August-18-2018-Championship,,7224846b
ENG-Championship,1819,2018-08-18 Leeds United-Rotherham United,Championship,3,Sat,2018-08-18,15:00,Leeds United,2–0,Rotherham United,33699,Elland Road,Robert Jones,/en/matches/8af94e33/Leeds-United-Rotherham-United-August-18-2018-Championship,,8af94e33
ENG-Championship,1819,2018-08-18 Millwall-Derby County,Championship,3,Sat,2018-08-18,15:00,Millwall,2–1,Derby County,13557,The Den,Steve Martin,/en/matches/5cd93183/Millwall-Derby-County-August-18-2018-Championship,,5cd93183
ENG-Championship,1819,2018-08-18 Preston North End-Stoke City,Championship,3,Sat,2018-08-18,17:30,Preston North End,2–2,Stoke City,13996,Deepdale Stadium,Andy Madley,/en/matches/e00f43af/Preston-North-End-Stoke-City-August-18-2018-Championship,,e00f43af
ENG-Championship,1819,2018-08-18 Reading-Bolton Wanderers,Championship,3,Sat,2018-08-18,15:00,Reading,0–1,Bolton Wanderers,13318,Madejski Stadium,James Linington,/en/matches/334743f3/Reading-Bolton-Wanderers-August-18-2018-Championship,,334743f3
ENG-Championship,1819,2018-08-18 Sheffield United-Norwich City,Championship,3,Sat,2018-08-18,15:00,Sheffield United,2–1,Norwich City,23850,Bramall Lane,Darren Bond,/en/matches/ba19b428/Sheffield-United-Norwich-City-August-18-2018-Championship,,ba19b428
ENG-Championship,1819,2018-08-18 West Brom-QPR,Championship,3,Sat,2018-08-18,15:00,West Brom,7–1,QPR,22753,The Hawthorns,Tony Harrington,/en/matches/7223f20c/West-Bromwich-Albion-Queens-Park-Rangers-August-18-2018-Championship,,7223f20c
ENG-Championship,1819,2018-08-18 Wigan Athletic-Nottingham Forest,Championship,3,Sat,2018-08-18,15:00,Wigan Athletic,2–2,Nottingham Forest,11543,The DW Stadium,Geoff Eltringham,/en/matches/7e185c4c/Wigan-Athletic-Nottingham-Forest-August-18-2018-Championship,,7e185c4c
ENG-Championship,1819,2018-08-19 Brentford-Sheffield Weds,Championship,3,Sun,2018-08-19,15:00,Brentford,2–0,Sheffield Weds,10134,Griffin Park,David Webb,/en/matches/2f5e4c26/Brentford-Sheffield-Wednesday-August-19-2018-Championship,,2f5e4c26
ENG-Championship,1819,2018-08-21 Derby County-Ipswich Town,Championship,4,Tue,2018-08-21,19:45,Derby County,2–0,Ipswich Town,24362,iPro Stadium,Axel Motiño,/en/matches/921bbed1/Derby-County-Ipswich-Town-August-21-2018-Championship,,921bbed1
ENG-Championship,1819,2018-08-21 QPR-Bristol City,Championship,4,Tue,2018-08-21,19:45,QPR,0–3,Bristol City,11739,Loftus Road Stadium,Peter Bankes,/en/matches/2bf17853/Queens-Park-Rangers-Bristol-City-August-21-2018-Championship,,2bf17853
ENG-Championship,1819,2018-08-21 Rotherham United-Hull City,Championship,4,Tue,2018-08-21,19:45,Rotherham United,2–3,Hull City,8962,New York Stadium,Jeremy Simpson,/en/matches/9c07a60a/Rotherham-United-Hull-City-August-21-2018-Championship,,9c07a60a
ENG-Championship,1819,2018-08-21 Swansea City-Leeds United,Championship,4,Tue,2018-08-21,19:45,Swansea City,2–2,Leeds United,20860,Liberty Stadium,Andrew Davies,/en/matches/52ecfa5d/Swansea-City-Leeds-United-August-21-2018-Championship,,52ecfa5d
ENG-Championship,1819,2018-08-22 Aston Villa-Brentford,Championship,4,Wed,2018-08-22,19:45,Aston Villa,2–2,Brentford,30011,Villa Park,Jonathan Moss,/en/matches/db216909/Aston-Villa-Brentford-August-22-2018-Championship,,db216909
ENG-Championship,1819,2018-08-22 Blackburn Rovers-Reading,Championship,4,Wed,2018-08-22,19:45,Blackburn Rovers,2–2,Reading,11818,Ewood Park,Oliver Langford,/en/matches/a63b5369/Blackburn-Rovers-Reading-August-22-2018-Championship,,a63b5369
ENG-Championship,1819,2018-08-22 Bolton Wanderers-Birmingham City,Championship,4,Wed,2018-08-22,20:00,Bolton Wanderers,1–0,Birmingham City,13821,Macron Stadium,Lee Probert,/en/matches/3329a776/Bolton-Wanderers-Birmingham-City-August-22-2018-Championship,,3329a776
ENG-Championship,1819,2018-08-22 Norwich City-Preston North End,Championship,4,Wed,2018-08-22,19:45,Norwich City,2–0,Preston North End,24936,Carrow Road,Gavin Ward,/en/matches/b37cb9b5/Norwich-City-Preston-North-End-August-22-2018-Championship,,b37cb9b5
ENG-Championship,1819,2018-08-22 Sheffield Weds-Millwall,Championship,4,Wed,2018-08-22,19:45,Sheffield Weds,2–1,Millwall,21349,Hillsborough Stadium,Andy Madley,/en/matches/51e1bce3/Sheffield-Wednesday-Millwall-August-22-2018-Championship,,51e1bce3
ENG-Championship,1819,2018-08-22 Stoke City-Wigan Athletic,Championship,4,Wed,2018-08-22,20:00,Stoke City,0–3,Wigan Athletic,23158,Bet365 Stadium,John Brooks,/en/matches/40b96ce6/Stoke-City-Wigan-Athletic-August-22-2018-Championship,,40b96ce6
ENG-Championship,1819,2018-08-24 Middlesbrough-West Brom,Championship,5,Fri,2018-08-24,19:45,Middlesbrough,1–0,West Brom,22906,Riverside Stadium,John Brooks,/en/matches/8201c3e1/Middlesbrough-West-Bromwich-Albion-August-24-2018-Championship,,8201c3e1
ENG-Championship,1819,2018-08-25 Aston Villa-Reading,Championship,5,Sat,2018-08-25,15:00,Aston Villa,1–1,Reading,33405,Villa Park,Darren England,/en/matches/6f7fe498/Aston-Villa-Reading-August-25-2018-Championship,,6f7fe498
ENG-Championship,1819,2018-08-25 Blackburn Rovers-Brentford,Championship,5,Sat,2018-08-25,15:00,Blackburn Rovers,1–0,Brentford,12094,Ewood Park,Tony Harrington,/en/matches/0614fe24/Blackburn-Rovers-Brentford-August-25-2018-Championship,,0614fe24
ENG-Championship,1819,2018-08-25 Bolton Wanderers-Sheffield United,Championship,5,Sat,2018-08-25,15:00,Bolton Wanderers,0–3,Sheffield United,14848,Macron Stadium,Andy Madley,/en/matches/f9c08748/Bolton-Wanderers-Sheffield-United-August-25-2018-Championship,,f9c08748
ENG-Championship,1819,2018-08-25 Derby County-Preston North End,Championship,5,Sat,2018-08-25,15:00,Derby County,2–0,Preston North End,25257,iPro Stadium,David Webb,/en/matches/3b6bb2d7/Derby-County-Preston-North-End-August-25-2018-Championship,,3b6bb2d7
ENG-Championship,1819,2018-08-25 Norwich City-Leeds United,Championship,5,Sat,2018-08-25,15:00,Norwich City,0–3,Leeds United,25944,Carrow Road,Simon Hooper,/en/matches/9fedb650/Norwich-City-Leeds-United-August-25-2018-Championship,,9fedb650
ENG-Championship,1819,2018-08-25 Nottingham Forest-Birmingham City,Championship,5,Sat,2018-08-25,17:30,Nottingham Forest,2–2,Birmingham City,26799,The City Ground,Tim Robinson,/en/matches/82415b71/Nottingham-Forest-Birmingham-City-August-25-2018-Championship,,82415b71
ENG-Championship,1819,2018-08-25 QPR-Wigan Athletic,Championship,5,Sat,2018-08-25,15:00,QPR,1–0,Wigan Athletic,11564,Loftus Road Stadium,Steve Martin,/en/matches/b6888bc1/Queens-Park-Rangers-Wigan-Athletic-August-25-2018-Championship,,b6888bc1
ENG-Championship,1819,2018-08-25 Sheffield Weds-Ipswich Town,Championship,5,Sat,2018-08-25,15:00,Sheffield Weds,2–1,Ipswich Town,22499,Hillsborough Stadium,Jeremy Simpson,/en/matches/88a89980/Sheffield-Wednesday-Ipswich-Town-August-25-2018-Championship,,88a89980
ENG-Championship,1819,2018-08-25 Stoke City-Hull City,Championship,5,Sat,2018-08-25,15:00,Stoke City,2–0,Hull City,23311,Bet365 Stadium,Darren Bond,/en/matches/81bbb8a1/Stoke-City-Hull-City-August-25-2018-Championship,,81bbb8a1
ENG-Championship,1819,2018-08-25 Swansea City-Bristol City,Championship,5,Sat,2018-08-25,15:00,Swansea City,0–1,Bristol City,20522,Liberty Stadium,Gavin Ward,/en/matches/530d3429/Swansea-City-Bristol-City-August-25-2018-Championship,,530d3429
ENG-Championship,1819,2018-08-26 Rotherham United-Millwall,Championship,5,Sun,2018-08-26,12:30,Rotherham United,1–0,Millwall,8197,New York Stadium,Geoff Eltringham,/en/matches/4bb67665/Rotherham-United-Millwall-August-26-2018-Championship,,4bb67665
ENG-Championship,1819,2018-08-31 Leeds United-Middlesbrough,Championship,6,Fri,2018-08-31,19:45,Leeds United,0–0,Middlesbrough,35417,Elland Road,Tim Robinson,/en/matches/5fd078d1/Leeds-United-Middlesbrough-August-31-2018-Championship,,5fd078d1
ENG-Championship,1819,2018-09-01 Birmingham City-QPR,Championship,6,Sat,2018-09-01,15:00,Birmingham City,0–0,QPR,21155,St Andrew's Trillion Trophy Stadium,Jeremy Simpson,/en/matches/154179d4/Birmingham-City-Queens-Park-Rangers-September-1-2018-Championship,,154179d4
ENG-Championship,1819,2018-09-01 Brentford-Nottingham Forest,Championship,6,Sat,2018-09-01,15:00,Brentford,2–1,Nottingham Forest,10186,Griffin Park,Peter Bankes,/en/matches/b4cd59c4/Brentford-Nottingham-Forest-September-1-2018-Championship,,b4cd59c4
ENG-Championship,1819,2018-09-01 Hull City-Derby County,Championship,6,Sat,2018-09-01,15:00,Hull City,1–2,Derby County,12285,Kingston Communications Stadium,John Brooks,/en/matches/7820e194/Hull-City-Derby-County-September-1-2018-Championship,,7820e194
ENG-Championship,1819,2018-09-01 Millwall-Swansea City,Championship,6,Sat,2018-09-01,17:30,Millwall,1–2,Swansea City,12440,The Den,Graham Scott,/en/matches/1fb62832/Millwall-Swansea-City-September-1-2018-Championship,,1fb62832
ENG-Championship,1819,2018-09-01 Preston North End-Bolton Wanderers,Championship,6,Sat,2018-09-01,15:00,Preston North End,2–2,Bolton Wanderers,16331,Deepdale Stadium,Andrew Davies,/en/matches/832ede96/Preston-North-End-Bolton-Wanderers-September-1-2018-Championship,,832ede96
ENG-Championship,1819,2018-09-01 Reading-Sheffield Weds,Championship,6,Sat,2018-09-01,15:00,Reading,1–2,Sheffield Weds,14352,Madejski Stadium,Gavin Ward,/en/matches/a66a78ee/Reading-Sheffield-Wednesday-September-1-2018-Championship,,a66a78ee
ENG-Championship,1819,2018-09-01 Sheffield United-Aston Villa,Championship,6,Sat,2018-09-01,15:00,Sheffield United,4–1,Aston Villa,26030,Bramall Lane,James Linington,/en/matches/4918024e/Sheffield-United-Aston-Villa-September-1-2018-Championship,,4918024e
ENG-Championship,1819,2018-09-01 West Brom-Stoke City,Championship,6,Sat,2018-09-01,15:00,West Brom,2–1,Stoke City,25183,The Hawthorns,Simon Hooper,/en/matches/1dd7c93e/West-Bromwich-Albion-Stoke-City-September-1-2018-Championship,,1dd7c93e
ENG-Championship,1819,2018-09-01 Wigan Athletic-Rotherham United,Championship,6,Sat,2018-09-01,15:00,Wigan Athletic,1–0,Rotherham United,9584,The DW Stadium,Axel Motiño,/en/matches/97cfc273/Wigan-Athletic-Rotherham-United-September-1-2018-Championship,,97cfc273
ENG-Championship,1819,2018-09-02 Bristol City-Blackburn Rovers,Championship,6,Sun,2018-09-02,13:30,Bristol City,4–1,Blackburn Rovers,19769,Ashton Gate Stadium,David Webb,/en/matches/e49b9e6e/Bristol-City-Blackburn-Rovers-September-2-2018-Championship,,e49b9e6e
ENG-Championship,1819,2018-09-02 Ipswich Town-Norwich City,Championship,6,Sun,2018-09-02,12:00,Ipswich Town,1–1,Norwich City,25690,Portman Road Stadium,Robert Jones,/en/matches/b6a01f79/Ipswich-Town-Norwich-City-September-2-2018-Championship,,b6a01f79
ENG-Championship,1819,2018-09-14 Birmingham City-West Brom,Championship,7,Fri,2018-09-14,19:45,Birmingham City,1–1,West Brom,22715,St Andrew's Trillion Trophy Stadium,Andy Madley,/en/matches/b9628967/Birmingham-City-West-Bromwich-Albion-September-14-2018-Championship,,b9628967
ENG-Championship,1819,2018-09-15 Blackburn Rovers-Aston Villa,Championship,7,Sat,2018-09-15,17:30,Blackburn Rovers,1–1,Aston Villa,15982,Ewood Park,Steve Martin,/en/matches/809c5952/Blackburn-Rovers-Aston-Villa-September-15-2018-Championship,,809c5952
ENG-Championship,1819,2018-09-15 Bolton Wanderers-QPR,Championship,7,Sat,2018-09-15,15:00,Bolton Wanderers,1–2,QPR,13581,Macron Stadium,Oliver Langford,/en/matches/bfc7529b/Bolton-Wanderers-Queens-Park-Rangers-September-15-2018-Championship,,bfc7529b
ENG-Championship,1819,2018-09-15 Brentford-Wigan Athletic,Championship,7,Sat,2018-09-15,15:00,Brentford,2–0,Wigan Athletic,9951,Griffin Park,Darren England,/en/matches/b0fd65c1/Brentford-Wigan-Athletic-September-15-2018-Championship,,b0fd65c1
ENG-Championship,1819,2018-09-15 Bristol City-Sheffield United,Championship,7,Sat,2018-09-15,15:00,Bristol City,1–0,Sheffield United,20540,Ashton Gate Stadium,John Brooks,/en/matches/fb9c1f8e/Bristol-City-Sheffield-United-September-15-2018-Championship,,fb9c1f8e
ENG-Championship,1819,2018-09-15 Hull City-Ipswich Town,Championship,7,Sat,2018-09-15,15:00,Hull City,2–0,Ipswich Town,11650,Kingston Communications Stadium,Tony Harrington,/en/matches/28e227aa/Hull-City-Ipswich-Town-September-15-2018-Championship,,28e227aa
ENG-Championship,1819,2018-09-15 Millwall-Leeds United,Championship,7,Sat,2018-09-15,15:00,Millwall,1–1,Leeds United,17195,The Den,Chris Kavanagh,/en/matches/9a32c88c/Millwall-Leeds-United-September-15-2018-Championship,,9a32c88c
ENG-Championship,1819,2018-09-15 Norwich City-Middlesbrough,Championship,7,Sat,2018-09-15,15:00,Norwich City,1–0,Middlesbrough,24642,Carrow Road,James Linington,/en/matches/9a4d2334/Norwich-City-Middlesbrough-September-15-2018-Championship,,9a4d2334
ENG-Championship,1819,2018-09-15 Preston North End-Reading,Championship,7,Sat,2018-09-15,15:00,Preston North End,2–3,Reading,10849,Deepdale Stadium,Darren Bond,/en/matches/a3f20737/Preston-North-End-Reading-September-15-2018-Championship,,a3f20737
ENG-Championship,1819,2018-09-15 Rotherham United-Derby County,Championship,7,Sat,2018-09-15,15:00,Rotherham United,1–0,Derby County,10707,New York Stadium,Peter Bankes,/en/matches/8e414857/Rotherham-United-Derby-County-September-15-2018-Championship,,8e414857
ENG-Championship,1819,2018-09-15 Sheffield Weds-Stoke City,Championship,7,Sat,2018-09-15,15:00,Sheffield Weds,2–2,Stoke City,24905,Hillsborough Stadium,Geoff Eltringham,/en/matches/e2670358/Sheffield-Wednesday-Stoke-City-September-15-2018-Championship,,e2670358
ENG-Championship,1819,2018-09-15 Swansea City-Nottingham Forest,Championship,7,Sat,2018-09-15,15:00,Swansea City,0–0,Nottingham Forest,19522,Liberty Stadium,Axel Motiño,/en/matches/1421b5ed/Swansea-City-Nottingham-Forest-September-15-2018-Championship,,1421b5ed
ENG-Championship,1819,2018-09-18 Aston Villa-Rotherham United,Championship,8,Tue,2018-09-18,19:45,Aston Villa,2–0,Rotherham United,27991,Villa Park,Andrew Davies,/en/matches/5a0acc61/Aston-Villa-Rotherham-United-September-18-2018-Championship,,5a0acc61
ENG-Championship,1819,2018-09-18 Derby County-Blackburn Rovers,Championship,8,Tue,2018-09-18,19:45,Derby County,0–0,Blackburn Rovers,23580,iPro Stadium,Darren England,/en/matches/90bd45cf/Derby-County-Blackburn-Rovers-September-18-2018-Championship,,90bd45cf
ENG-Championship,1819,2018-09-18 Ipswich Town-Brentford,Championship,8,Tue,2018-09-18,19:45,Ipswich Town,1–1,Brentford,14897,Portman Road Stadium,Darren Bond,/en/matches/8f76df58/Ipswich-Town-Brentford-September-18-2018-Championship,,8f76df58
ENG-Championship,1819,2018-09-18 Leeds United-Preston North End,Championship,8,Tue,2018-09-18,19:45,Leeds United,3–0,Preston North End,27729,Elland Road,Geoff Eltringham,/en/matches/cf7d03cb/Leeds-United-Preston-North-End-September-18-2018-Championship,,cf7d03cb
ENG-Championship,1819,2018-09-18 Stoke City-Swansea City,Championship,8,Tue,2018-09-18,20:00,Stoke City,1–0,Swansea City,22078,Bet365 Stadium,Paul Tierney,/en/matches/283e9699/Stoke-City-Swansea-City-September-18-2018-Championship,,283e9699
ENG-Championship,1819,2018-09-18 West Brom-Bristol City,Championship,8,Tue,2018-09-18,20:00,West Brom,4–2,Bristol City,22051,The Hawthorns,Jeremy Simpson,/en/matches/910c9dac/West-Bromwich-Albion-Bristol-City-September-18-2018-Championship,,910c9dac
ENG-Championship,1819,2018-09-18 Wigan Athletic-Hull City,Championship,8,Tue,2018-09-18,19:45,Wigan Athletic,2–1,Hull City,8848,The DW Stadium,David Webb,/en/matches/c4d9d267/Wigan-Athletic-Hull-City-September-18-2018-Championship,,c4d9d267
ENG-Championship,1819,2018-09-19 Middlesbrough-Bolton Wanderers,Championship,8,Wed,2018-09-19,19:45,Middlesbrough,2–0,Bolton Wanderers,21345,Riverside Stadium,David Coote,/en/matches/52a6203e/Middlesbrough-Bolton-Wanderers-September-19-2018-Championship,,52a6203e
ENG-Championship,1819,2018-09-19 Nottingham Forest-Sheffield Weds,Championship,8,Wed,2018-09-19,19:45,Nottingham Forest,2–1,Sheffield Weds,26252,The City Ground,Tony Harrington,/en/matches/9ee213c4/Nottingham-Forest-Sheffield-Wednesday-September-19-2018-Championship,,9ee213c4
ENG-Championship,1819,2018-09-19 QPR-Millwall,Championship,8,Wed,2018-09-19,19:45,QPR,2–0,Millwall,12398,Loftus Road Stadium,Robert Jones,/en/matches/1992df23/Queens-Park-Rangers-Millwall-September-19-2018-Championship,,1992df23
ENG-Championship,1819,2018-09-19 Reading-Norwich City,Championship,8,Wed,2018-09-19,20:00,Reading,1–2,Norwich City,12822,Madejski Stadium,Tim Robinson,/en/matches/bc27fbe0/Reading-Norwich-City-September-19-2018-Championship,,bc27fbe0
ENG-Championship,1819,2018-09-19 Sheffield United-Birmingham City,Championship,8,Wed,2018-09-19,19:45,Sheffield United,0–0,Birmingham City,23525,Bramall Lane,Gavin Ward,/en/matches/ae444007/Sheffield-United-Birmingham-City-September-19-2018-Championship,,ae444007
ENG-Championship,1819,2018-09-21 Wigan Athletic-Bristol City,Championship,9,Fri,2018-09-21,19:45,Wigan Athletic,1–0,Bristol City,10192,The DW Stadium,Oliver Langford,/en/matches/536790d5/Wigan-Athletic-Bristol-City-September-21-2018-Championship,,536790d5
ENG-Championship,1819,2018-09-22 Aston Villa-Sheffield Weds,Championship,9,Sat,2018-09-22,15:00,Aston Villa,1–2,Sheffield Weds,35572,Villa Park,David Webb,/en/matches/08f68916/Aston-Villa-Sheffield-Wednesday-September-22-2018-Championship,,08f68916
ENG-Championship,1819,2018-09-22 Derby County-Brentford,Championship,9,Sat,2018-09-22,15:00,Derby County,3–1,Brentford,25110,iPro Stadium,Andy Madley,/en/matches/bbd32a75/Derby-County-Brentford-September-22-2018-Championship,,bbd32a75
ENG-Championship,1819,2018-09-22 Ipswich Town-Bolton Wanderers,Championship,9,Sat,2018-09-22,15:00,Ipswich Town,0–0,Bolton Wanderers,14755,Portman Road Stadium,Steve Martin,/en/matches/6f14ec92/Ipswich-Town-Bolton-Wanderers-September-22-2018-Championship,,6f14ec92
ENG-Championship,1819,2018-09-22 Leeds United-Birmingham City,Championship,9,Sat,2018-09-22,15:00,Leeds United,1–2,Birmingham City,34800,Elland Road,Peter Bankes,/en/matches/04873d2f/Leeds-United-Birmingham-City-September-22-2018-Championship,,04873d2f
ENG-Championship,1819,2018-09-22 Middlesbrough-Swansea City,Championship,9,Sat,2018-09-22,15:00,Middlesbrough,0–0,Swansea City,22881,Riverside Stadium,Simon Hooper,/en/matches/1438b031/Middlesbrough-Swansea-City-September-22-2018-Championship,,1438b031
ENG-Championship,1819,2018-09-22 Nottingham Forest-Rotherham United,Championship,9,Sat,2018-09-22,15:00,Nottingham Forest,1–0,Rotherham United,27479,The City Ground,Robert Jones,/en/matches/5d78c982/Nottingham-Forest-Rotherham-United-September-22-2018-Championship,,5d78c982
ENG-Championship,1819,2018-09-22 QPR-Norwich City,Championship,9,Sat,2018-09-22,17:30,QPR,0–1,Norwich City,12843,Loftus Road Stadium,Darren Bond,/en/matches/6c2058b3/Queens-Park-Rangers-Norwich-City-September-22-2018-Championship,,6c2058b3
ENG-Championship,1819,2018-09-22 Reading-Hull City,Championship,9,Sat,2018-09-22,15:00,Reading,3–0,Hull City,12409,Madejski Stadium,Jeremy Simpson,/en/matches/8d9a9a87/Reading-Hull-City-September-22-2018-Championship,,8d9a9a87
ENG-Championship,1819,2018-09-22 Sheffield United-Preston North End,Championship,9,Sat,2018-09-22,15:00,Sheffield United,3–2,Preston North End,23857,Bramall Lane,Axel Motiño,/en/matches/0c17aee0/Sheffield-United-Preston-North-End-September-22-2018-Championship,,0c17aee0
ENG-Championship,1819,2018-09-22 Stoke City-Blackburn Rovers,Championship,9,Sat,2018-09-22,15:00,Stoke City,2–3,Blackburn Rovers,25673,Bet365 Stadium,Tony Harrington,/en/matches/ee0f0c12/Stoke-City-Blackburn-Rovers-September-22-2018-Championship,,ee0f0c12
ENG-Championship,1819,2018-09-22 West Brom-Millwall,Championship,9,Sat,2018-09-22,15:00,West Brom,2–0,Millwall,23563,The Hawthorns,Tim Robinson,/en/matches/371f4cd7/West-Bromwich-Albion-Millwall-September-22-2018-Championship,,371f4cd7
ENG-Championship,1819,2018-09-28 Bristol City-Aston Villa,Championship,10,Fri,2018-09-28,20:00,Bristol City,1–1,Aston Villa,24224,Ashton Gate Stadium,Tim Robinson,/en/matches/81527bb4/Bristol-City-Aston-Villa-September-28-2018-Championship,,81527bb4
ENG-Championship,1819,2018-09-28 Sheffield Weds-Leeds United,Championship,10,Fri,2018-09-28,19:45,Sheffield Weds,1–1,Leeds United,26717,Hillsborough Stadium,Robert Jones,/en/matches/fadb6eb1/Sheffield-Wednesday-Leeds-United-September-28-2018-Championship,,fadb6eb1
ENG-Championship,1819,2018-09-29 Birmingham City-Ipswich Town,Championship,10,Sat,2018-09-29,15:00,Birmingham City,2–2,Ipswich Town,21612,St Andrew's Trillion Trophy Stadium,John Brooks,/en/matches/c7274913/Birmingham-City-Ipswich-Town-September-29-2018-Championship,,c7274913
ENG-Championship,1819,2018-09-29 Blackburn Rovers-Nottingham Forest,Championship,10,Sat,2018-09-29,15:00,Blackburn Rovers,2–2,Nottingham Forest,14440,Ewood Park,Andy Madley,/en/matches/7a87d7a4/Blackburn-Rovers-Nottingham-Forest-September-29-2018-Championship,,7a87d7a4
ENG-Championship,1819,2018-09-29 Bolton Wanderers-Derby County,Championship,10,Sat,2018-09-29,15:00,Bolton Wanderers,1–0,Derby County,14096,Macron Stadium,Axel Motiño,/en/matches/a4752953/Bolton-Wanderers-Derby-County-September-29-2018-Championship,,a4752953
ENG-Championship,1819,2018-09-29 Brentford-Reading,Championship,10,Sat,2018-09-29,15:00,Brentford,2–2,Reading,10045,Griffin Park,Geoff Eltringham,/en/matches/4ba2e421/Brentford-Reading-September-29-2018-Championship,,4ba2e421
ENG-Championship,1819,2018-09-29 Hull City-Middlesbrough,Championship,10,Sat,2018-09-29,15:00,Hull City,1–1,Middlesbrough,13185,Kingston Communications Stadium,Darren England,/en/matches/a00575eb/Hull-City-Middlesbrough-September-29-2018-Championship,,a00575eb
ENG-Championship,1819,2018-09-29 Millwall-Sheffield United,Championship,10,Sat,2018-09-29,15:00,Millwall,2–3,Sheffield United,13145,The Den,Andrew Davies,/en/matches/763f34bd/Millwall-Sheffield-United-September-29-2018-Championship,,763f34bd
ENG-Championship,1819,2018-09-29 Norwich City-Wigan Athletic,Championship,10,Sat,2018-09-29,15:00,Norwich City,1–0,Wigan Athletic,25034,Carrow Road,Gavin Ward,/en/matches/463f25c9/Norwich-City-Wigan-Athletic-September-29-2018-Championship,,463f25c9
ENG-Championship,1819,2018-09-29 Preston North End-West Brom,Championship,10,Sat,2018-09-29,15:00,Preston North End,2–3,West Brom,14099,Deepdale Stadium,Tony Harrington,/en/matches/d56e884d/Preston-North-End-West-Bromwich-Albion-September-29-2018-Championship,,d56e884d
ENG-Championship,1819,2018-09-29 Rotherham United-Stoke City,Championship,10,Sat,2018-09-29,17:30,Rotherham United,2–2,Stoke City,9706,New York Stadium,Tony Harrington,/en/matches/00c72f0f/Rotherham-United-Stoke-City-September-29-2018-Championship,,00c72f0f
ENG-Championship,1819,2018-09-29 Swansea City-QPR,Championship,10,Sat,2018-09-29,15:00,Swansea City,3–0,QPR,18633,Liberty Stadium,Kevin Friend,/en/matches/45be02e5/Swansea-City-Queens-Park-Rangers-September-29-2018-Championship,,45be02e5
ENG-Championship,1819,2018-10-02 Aston Villa-Preston North End,Championship,11,Tue,2018-10-02,19:45,Aston Villa,3–3,Preston North End,27331,Villa Park,Peter Bankes,/en/matches/39684c5c/Aston-Villa-Preston-North-End-October-2-2018-Championship,,39684c5c
ENG-Championship,1819,2018-10-02 Brentford-Birmingham City,Championship,11,Tue,2018-10-02,19:45,Brentford,1–1,Birmingham City,9715,Griffin Park,Tim Robinson,/en/matches/726721d3/Brentford-Birmingham-City-October-2-2018-Championship,,726721d3
ENG-Championship,1819,2018-10-02 Hull City-Leeds United,Championship,11,Tue,2018-10-02,19:45,Hull City,0–1,Leeds United,13798,Kingston Communications Stadium,Darren Bond,/en/matches/cc27b9c5/Hull-City-Leeds-United-October-2-2018-Championship,,cc27b9c5
ENG-Championship,1819,2018-10-02 Ipswich Town-Middlesbrough,Championship,11,Tue,2018-10-02,19:45,Ipswich Town,0–2,Middlesbrough,13612,Portman Road Stadium,Andy Madley,/en/matches/bcadf6b9/Ipswich-Town-Middlesbrough-October-2-2018-Championship,,bcadf6b9
ENG-Championship,1819,2018-10-02 Reading-QPR,Championship,11,Tue,2018-10-02,20:00,Reading,0–1,QPR,13568,Madejski Stadium,Andrew Davies,/en/matches/60f52f7c/Reading-Queens-Park-Rangers-October-2-2018-Championship,,60f52f7c
ENG-Championship,1819,2018-10-02 Stoke City-Bolton Wanderers,Championship,11,Tue,2018-10-02,20:00,Stoke City,2–0,Bolton Wanderers,22116,Bet365 Stadium,Jeremy Simpson,/en/matches/9923d6a8/Stoke-City-Bolton-Wanderers-October-2-2018-Championship,,9923d6a8
ENG-Championship,1819,2018-10-02 Wigan Athletic-Swansea City,Championship,11,Tue,2018-10-02,19:45,Wigan Athletic,0–0,Swansea City,8964,The DW Stadium,John Brooks,/en/matches/be1149a0/Wigan-Athletic-Swansea-City-October-2-2018-Championship,,be1149a0
ENG-Championship,1819,2018-10-03 Blackburn Rovers-Sheffield United,Championship,11,Wed,2018-10-03,19:45,Blackburn Rovers,0–2,Sheffield United,14440,Ewood Park,Robert Jones,/en/matches/c561a82a/Blackburn-Rovers-Sheffield-United-October-3-2018-Championship,,c561a82a
ENG-Championship,1819,2018-10-03 Derby County-Norwich City,Championship,11,Wed,2018-10-03,19:45,Derby County,1–1,Norwich City,24236,iPro Stadium,Geoff Eltringham,/en/matches/2401f022/Derby-County-Norwich-City-October-3-2018-Championship,,2401f022
ENG-Championship,1819,2018-10-03 Nottingham Forest-Millwall,Championship,11,Wed,2018-10-03,19:45,Nottingham Forest,2–2,Millwall,25753,The City Ground,Jonathan Moss,/en/matches/8eb9cfe6/Nottingham-Forest-Millwall-October-3-2018-Championship,,8eb9cfe6
ENG-Championship,1819,2018-10-03 Rotherham United-Bristol City,Championship,11,Wed,2018-10-03,19:45,Rotherham United,0–0,Bristol City,8187,New York Stadium,Gavin Ward,/en/matches/9006b9f3/Rotherham-United-Bristol-City-October-3-2018-Championship,,9006b9f3
ENG-Championship,1819,2018-10-03 Sheffield Weds-West Brom,Championship,11,Wed,2018-10-03,19:45,Sheffield Weds,2–2,West Brom,22150,Hillsborough Stadium,Oliver Langford,/en/matches/24d813fc/Sheffield-Wednesday-West-Bromwich-Albion-October-3-2018-Championship,,24d813fc
ENG-Championship,1819,2018-10-06 Birmingham City-Rotherham United,Championship,12,Sat,2018-10-06,15:00,Birmingham City,3–1,Rotherham United,19795,St Andrew's Trillion Trophy Stadium,Keith Stroud,/en/matches/e62cac7f/Birmingham-City-Rotherham-United-October-6-2018-Championship,,e62cac7f
ENG-Championship,1819,2018-10-06 Bolton Wanderers-Blackburn Rovers,Championship,12,Sat,2018-10-06,17:30,Bolton Wanderers,0–1,Blackburn Rovers,15461,Macron Stadium,Darren Bond,/en/matches/e91a0eab/Bolton-Wanderers-Blackburn-Rovers-October-6-2018-Championship,,e91a0eab
ENG-Championship,1819,2018-10-06 Leeds United-Brentford,Championship,12,Sat,2018-10-06,12:30,Leeds United,1–1,Brentford,31880,Elland Road,Jeremy Simpson,/en/matches/9ceded80/Leeds-United-Brentford-October-6-2018-Championship,,9ceded80
ENG-Championship,1819,2018-10-06 Middlesbrough-Nottingham Forest,Championship,12,Sat,2018-10-06,15:00,Middlesbrough,0–2,Nottingham Forest,24299,Riverside Stadium,John Brooks,/en/matches/ae463bcd/Middlesbrough-Nottingham-Forest-October-6-2018-Championship,,ae463bcd
ENG-Championship,1819,2018-10-06 Millwall-Aston Villa,Championship,12,Sat,2018-10-06,15:00,Millwall,2–1,Aston Villa,14491,The Den,Tony Harrington,/en/matches/11abe3aa/Millwall-Aston-Villa-October-6-2018-Championship,,11abe3aa
ENG-Championship,1819,2018-10-06 Norwich City-Stoke City,Championship,12,Sat,2018-10-06,15:00,Norwich City,0–1,Stoke City,24992,Carrow Road,David Coote,/en/matches/42d81219/Norwich-City-Stoke-City-October-6-2018-Championship,,42d81219
ENG-Championship,1819,2018-10-06 Preston North End-Wigan Athletic,Championship,12,Sat,2018-10-06,15:00,Preston North End,4–0,Wigan Athletic,15280,Deepdale Stadium,Lee Probert,/en/matches/4ae7fb63/Preston-North-End-Wigan-Athletic-October-6-2018-Championship,,4ae7fb63
ENG-Championship,1819,2018-10-06 QPR-Derby County,Championship,12,Sat,2018-10-06,15:00,QPR,1–1,Derby County,14727,Loftus Road Stadium,David Webb,/en/matches/f8450538/Queens-Park-Rangers-Derby-County-October-6-2018-Championship,,f8450538
ENG-Championship,1819,2018-10-06 Sheffield United-Hull City,Championship,12,Sat,2018-10-06,15:00,Sheffield United,1–0,Hull City,25360,Bramall Lane,Peter Bankes,/en/matches/ed8a84f1/Sheffield-United-Hull-City-October-6-2018-Championship,,ed8a84f1
ENG-Championship,1819,2018-10-06 Swansea City-Ipswich Town,Championship,12,Sat,2018-10-06,15:00,Swansea City,2–3,Ipswich Town,18810,Liberty Stadium,Oliver Langford,/en/matches/8868af45/Swansea-City-Ipswich-Town-October-6-2018-Championship,,8868af45
ENG-Championship,1819,2018-10-06 West Brom-Reading,Championship,12,Sat,2018-10-06,15:00,West Brom,4–1,Reading,22865,The Hawthorns,Darren England,/en/matches/8b8ff343/West-Bromwich-Albion-Reading-October-6-2018-Championship,,8b8ff343
ENG-Championship,1819,2018-10-07 Bristol City-Sheffield Weds,Championship,12,Sun,2018-10-07,13:30,Bristol City,1–2,Sheffield Weds,20102,Ashton Gate Stadium,Andrew Davies,/en/matches/81dd9066/Bristol-City-Sheffield-Wednesday-October-7-2018-Championship,,81dd9066
ENG-Championship,1819,2018-10-19 Sheffield Weds-Middlesbrough,Championship,13,Fri,2018-10-19,19:45,Sheffield Weds,1–2,Middlesbrough,23284,Hillsborough Stadium,Peter Bankes,/en/matches/6e6acfa7/Sheffield-Wednesday-Middlesbrough-October-19-2018-Championship,,6e6acfa7
ENG-Championship,1819,2018-10-20 Aston Villa-Swansea City,Championship,13,Sat,2018-10-20,15:00,Aston Villa,1–0,Swansea City,41326,Villa Park,Andy Madley,/en/matches/b4a1903a/Aston-Villa-Swansea-City-October-20-2018-Championship,,b4a1903a
ENG-Championship,1819,2018-10-20 Blackburn Rovers-Leeds United,Championship,13,Sat,2018-10-20,12:00,Blackburn Rovers,2–1,Leeds United,20929,Ewood Park,Darren England,/en/matches/0831f1eb/Blackburn-Rovers-Leeds-United-October-20-2018-Championship,,0831f1eb
ENG-Championship,1819,2018-10-20 Brentford-Bristol City,Championship,13,Sat,2018-10-20,15:00,Brentford,0–1,Bristol City,11182,Griffin Park,Robert Jones,/en/matches/42fca907/Brentford-Bristol-City-October-20-2018-Championship,,42fca907
ENG-Championship,1819,2018-10-20 Derby County-Sheffield United,Championship,13,Sat,2018-10-20,17:30,Derby County,2–1,Sheffield United,27927,iPro Stadium,Oliver Langford,/en/matches/e3d0bbd1/Derby-County-Sheffield-United-October-20-2018-Championship,,e3d0bbd1
ENG-Championship,1819,2018-10-20 Hull City-Preston North End,Championship,13,Sat,2018-10-20,15:00,Hull City,1–1,Preston North End,12066,Kingston Communications Stadium,Gavin Ward,/en/matches/e4c17302/Hull-City-Preston-North-End-October-20-2018-Championship,,e4c17302
ENG-Championship,1819,2018-10-20 Ipswich Town-QPR,Championship,13,Sat,2018-10-20,15:00,Ipswich Town,0–2,QPR,18345,Portman Road Stadium,Geoff Eltringham,/en/matches/1f6391d9/Ipswich-Town-Queens-Park-Rangers-October-20-2018-Championship,,1f6391d9
ENG-Championship,1819,2018-10-20 Nottingham Forest-Norwich City,Championship,13,Sat,2018-10-20,15:00,Nottingham Forest,1–2,Norwich City,29427,The City Ground,Keith Stroud,/en/matches/2a285bff/Nottingham-Forest-Norwich-City-October-20-2018-Championship,,2a285bff
ENG-Championship,1819,2018-10-20 Reading-Millwall,Championship,13,Sat,2018-10-20,15:00,Reading,3–1,Millwall,14532,Madejski Stadium,David Webb,/en/matches/59693dc9/Reading-Millwall-October-20-2018-Championship,,59693dc9
ENG-Championship,1819,2018-10-20 Rotherham United-Bolton Wanderers,Championship,13,Sat,2018-10-20,15:00,Rotherham United,1–1,Bolton Wanderers,10011,New York Stadium,Tim Robinson,/en/matches/910ffee1/Rotherham-United-Bolton-Wanderers-October-20-2018-Championship,,910ffee1
ENG-Championship,1819,2018-10-20 Stoke City-Birmingham City,Championship,13,Sat,2018-10-20,15:00,Stoke City,0–1,Birmingham City,28160,Bet365 Stadium,Roger East,/en/matches/6a70308c/Stoke-City-Birmingham-City-October-20-2018-Championship,,6a70308c
ENG-Championship,1819,2018-10-20 Wigan Athletic-West Brom,Championship,13,Sat,2018-10-20,15:00,Wigan Athletic,1–0,West Brom,12739,The DW Stadium,Jeremy Simpson,/en/matches/5c1ef974/Wigan-Athletic-West-Bromwich-Albion-October-20-2018-Championship,,5c1ef974
ENG-Championship,1819,2018-10-23 Birmingham City-Reading,Championship,14,Tue,2018-10-23,19:45,Birmingham City,2–1,Reading,22126,St Andrew's Trillion Trophy Stadium,Tony Harrington,/en/matches/51fc121f/Birmingham-City-Reading-October-23-2018-Championship,,51fc121f
ENG-Championship,1819,2018-10-23 Middlesbrough-Rotherham United,Championship,14,Tue,2018-10-23,19:45,Middlesbrough,0–0,Rotherham United,21235,Riverside Stadium,Darren Bond,/en/matches/ac1c3f73/Middlesbrough-Rotherham-United-October-23-2018-Championship,,ac1c3f73
ENG-Championship,1819,2018-10-23 Millwall-Wigan Athletic,Championship,14,Tue,2018-10-23,19:45,Millwall,2–1,Wigan Athletic,11190,The Den,James Linington,/en/matches/bb5a7a9f/Millwall-Wigan-Athletic-October-23-2018-Championship,,bb5a7a9f
ENG-Championship,1819,2018-10-23 Norwich City-Aston Villa,Championship,14,Tue,2018-10-23,19:45,Norwich City,2–1,Aston Villa,24977,Carrow Road,Simon Hooper,/en/matches/c5848b72/Norwich-City-Aston-Villa-October-23-2018-Championship,,c5848b72
ENG-Championship,1819,2018-10-23 QPR-Sheffield Weds,Championship,14,Tue,2018-10-23,19:45,QPR,3–0,Sheffield Weds,12534,Loftus Road Stadium,John Brooks,/en/matches/76e586f8/Queens-Park-Rangers-Sheffield-Wednesday-October-23-2018-Championship,,76e586f8
ENG-Championship,1819,2018-10-23 Sheffield United-Stoke City,Championship,14,Tue,2018-10-23,19:45,Sheffield United,1–1,Stoke City,24463,Bramall Lane,Gavin Ward,/en/matches/b2ba809e/Sheffield-United-Stoke-City-October-23-2018-Championship,,b2ba809e
ENG-Championship,1819,2018-10-23 Swansea City-Blackburn Rovers,Championship,14,Tue,2018-10-23,19:45,Swansea City,3–1,Blackburn Rovers,18035,Liberty Stadium,Geoff Eltringham,/en/matches/b708a9c5/Swansea-City-Blackburn-Rovers-October-23-2018-Championship,,b708a9c5
ENG-Championship,1819,2018-10-24 Bolton Wanderers-Nottingham Forest,Championship,14,Wed,2018-10-24,20:00,Bolton Wanderers,0–3,Nottingham Forest,13195,Macron Stadium,Andrew Davies,/en/matches/55ca6d61/Bolton-Wanderers-Nottingham-Forest-October-24-2018-Championship,,55ca6d61
ENG-Championship,1819,2018-10-24 Bristol City-Hull City,Championship,14,Wed,2018-10-24,19:45,Bristol City,1–0,Hull City,19149,Ashton Gate Stadium,Peter Bankes,/en/matches/00b2b597/Bristol-City-Hull-City-October-24-2018-Championship,,00b2b597
ENG-Championship,1819,2018-10-24 Leeds United-Ipswich Town,Championship,14,Wed,2018-10-24,19:45,Leeds United,2–0,Ipswich Town,29082,Elland Road,Craig Pawson,/en/matches/2e932022/Leeds-United-Ipswich-Town-October-24-2018-Championship,,2e932022
ENG-Championship,1819,2018-10-24 Preston North End-Brentford,Championship,14,Wed,2018-10-24,19:45,Preston North End,4–3,Brentford,10882,Deepdale Stadium,Axel Motiño,/en/matches/d393e95a/Preston-North-End-Brentford-October-24-2018-Championship,,d393e95a
ENG-Championship,1819,2018-10-24 West Brom-Derby County,Championship,14,Wed,2018-10-24,20:00,West Brom,1–4,Derby County,22848,The Hawthorns,Robert Jones,/en/matches/1e179d1b/West-Bromwich-Albion-Derby-County-October-24-2018-Championship,,1e179d1b
ENG-Championship,1819,2018-10-26 QPR-Aston Villa,Championship,15,Fri,2018-10-26,19:45,QPR,1–0,Aston Villa,16036,Loftus Road Stadium,Darren England,/en/matches/5060a878/Queens-Park-Rangers-Aston-Villa-October-26-2018-Championship,,5060a878
ENG-Championship,1819,2018-10-27 Birmingham City-Sheffield Weds,Championship,15,Sat,2018-10-27,15:00,Birmingham City,3–1,Sheffield Weds,23659,St Andrew's Trillion Trophy Stadium,Darren Bond,/en/matches/c6a07a45/Birmingham-City-Sheffield-Wednesday-October-27-2018-Championship,,c6a07a45
ENG-Championship,1819,2018-10-27 Bolton Wanderers-Hull City,Championship,15,Sat,2018-10-27,15:00,Bolton Wanderers,0–1,Hull City,13108,Macron Stadium,David Webb,/en/matches/8899a0e8/Bolton-Wanderers-Hull-City-October-27-2018-Championship,,8899a0e8
ENG-Championship,1819,2018-10-27 Bristol City-Stoke City,Championship,15,Sat,2018-10-27,15:00,Bristol City,0–1,Stoke City,22456,Ashton Gate Stadium,Andy Madley,/en/matches/938bbda6/Bristol-City-Stoke-City-October-27-2018-Championship,,938bbda6
ENG-Championship,1819,2018-10-27 Leeds United-Nottingham Forest,Championship,15,Sat,2018-10-27,17:30,Leeds United,1–1,Nottingham Forest,34308,Elland Road,Geoff Eltringham,/en/matches/f9ddac04/Leeds-United-Nottingham-Forest-October-27-2018-Championship,,f9ddac04
ENG-Championship,1819,2018-10-27 Middlesbrough-Derby County,Championship,15,Sat,2018-10-27,12:30,Middlesbrough,1–1,Derby County,22907,Riverside Stadium,Simon Hooper,/en/matches/e12a6e8a/Middlesbrough-Derby-County-October-27-2018-Championship,,e12a6e8a
ENG-Championship,1819,2018-10-27 Millwall-Ipswich Town,Championship,15,Sat,2018-10-27,15:00,Millwall,3–0,Ipswich Town,15386,The Den,Robert Jones,/en/matches/f3610b93/Millwall-Ipswich-Town-October-27-2018-Championship,,f3610b93
ENG-Championship,1819,2018-10-27 Norwich City-Brentford,Championship,15,Sat,2018-10-27,15:00,Norwich City,1–0,Brentford,25443,Carrow Road,Oliver Langford,/en/matches/e65dcc5b/Norwich-City-Brentford-October-27-2018-Championship,,e65dcc5b
ENG-Championship,1819,2018-10-27 Preston North End-Rotherham United,Championship,15,Sat,2018-10-27,15:00,Preston North End,1–1,Rotherham United,11780,Deepdale Stadium,Jeremy Simpson,/en/matches/07ab9aed/Preston-North-End-Rotherham-United-October-27-2018-Championship,,07ab9aed
ENG-Championship,1819,2018-10-27 Sheffield United-Wigan Athletic,Championship,15,Sat,2018-10-27,15:00,Sheffield United,4–2,Wigan Athletic,24429,Bramall Lane,Tony Harrington,/en/matches/81ed9115/Sheffield-United-Wigan-Athletic-October-27-2018-Championship,,81ed9115
ENG-Championship,1819,2018-10-27 Swansea City-Reading,Championship,15,Sat,2018-10-27,15:00,Swansea City,2–0,Reading,18785,Liberty Stadium,Keith Stroud,/en/matches/5257f673/Swansea-City-Reading-October-27-2018-Championship,,5257f673
ENG-Championship,1819,2018-10-27 West Brom-Blackburn Rovers,Championship,15,Sat,2018-10-27,15:00,West Brom,1–1,Blackburn Rovers,23820,The Hawthorns,Axel Motiño,/en/matches/cc31fd10/West-Bromwich-Albion-Blackburn-Rovers-October-27-2018-Championship,,cc31fd10
ENG-Championship,1819,2018-11-02 Aston Villa-Bolton Wanderers,Championship,16,Fri,2018-11-02,19:45,Aston Villa,2–0,Bolton Wanderers,30802,Villa Park,Oliver Langford,/en/matches/e1cac696/Aston-Villa-Bolton-Wanderers-November-2-2018-Championship,,e1cac696
ENG-Championship,1819,2018-11-03 Blackburn Rovers-QPR,Championship,16,Sat,2018-11-03,15:00,Blackburn Rovers,1–0,QPR,13294,Ewood Park,Peter Bankes,/en/matches/d927b366/Blackburn-Rovers-Queens-Park-Rangers-November-3-2018-Championship,,d927b366
ENG-Championship,1819,2018-11-03 Brentford-Millwall,Championship,16,Sat,2018-11-03,15:00,Brentford,2–0,Millwall,9476,Griffin Park,Simon Hooper,/en/matches/523ad3dc/Brentford-Millwall-November-3-2018-Championship,,523ad3dc
ENG-Championship,1819,2018-11-03 Derby County-Birmingham City,Championship,16,Sat,2018-11-03,15:00,Derby County,3–1,Birmingham City,28114,iPro Stadium,Chris Kavanagh,/en/matches/62c90120/Derby-County-Birmingham-City-November-3-2018-Championship,,62c90120
ENG-Championship,1819,2018-11-03 Hull City-West Brom,Championship,16,Sat,2018-11-03,15:00,Hull City,1–0,West Brom,11916,iPro Stadium,Keith Stroud,/en/matches/03485b32/Hull-City-West-Bromwich-Albion-November-3-2018-Championship,,03485b32
ENG-Championship,1819,2018-11-03 Ipswich Town-Preston North End,Championship,16,Sat,2018-11-03,15:00,Ipswich Town,1–1,Preston North End,15129,Portman Road Stadium,Andy Woolmer,/en/matches/d4a7a3de/Ipswich-Town-Preston-North-End-November-3-2018-Championship,,d4a7a3de
ENG-Championship,1819,2018-11-03 Nottingham Forest-Sheffield United,Championship,16,Sat,2018-11-03,15:00,Nottingham Forest,1–0,Sheffield United,28757,The City Ground,Axel Motiño,/en/matches/c5ef6e34/Nottingham-Forest-Sheffield-United-November-3-2018-Championship,,c5ef6e34
ENG-Championship,1819,2018-11-03 Reading-Bristol City,Championship,16,Sat,2018-11-03,15:00,Reading,3–2,Bristol City,14455,Madejski Stadium,James Linington,/en/matches/700bac16/Reading-Bristol-City-November-3-2018-Championship,,700bac16
ENG-Championship,1819,2018-11-03 Rotherham United-Swansea City,Championship,16,Sat,2018-11-03,15:00,Rotherham United,2–1,Swansea City,9006,New York Stadium,Tony Harrington,/en/matches/5b5c5c67/Rotherham-United-Swansea-City-November-3-2018-Championship,,5b5c5c67
ENG-Championship,1819,2018-11-03 Sheffield Weds-Norwich City,Championship,16,Sat,2018-11-03,15:00,Sheffield Weds,0–4,Norwich City,23425,Hillsborough Stadium,Steve Martin,/en/matches/6d41b9f7/Sheffield-Wednesday-Norwich-City-November-3-2018-Championship,,6d41b9f7
ENG-Championship,1819,2018-11-03 Stoke City-Middlesbrough,Championship,16,Sat,2018-11-03,17:30,Stoke City,0–0,Middlesbrough,24553,Bet365 Stadium,Robert Jones,/en/matches/74741db3/Stoke-City-Middlesbrough-November-3-2018-Championship,,74741db3
ENG-Championship,1819,2018-11-04 Wigan Athletic-Leeds United,Championship,16,Sun,2018-11-04,13:30,Wigan Athletic,1–2,Leeds United,14799,The DW Stadium,Andrew Davies,/en/matches/27c8b7ec/Wigan-Athletic-Leeds-United-November-4-2018-Championship,,27c8b7ec
ENG-Championship,1819,2018-11-09 Sheffield United-Sheffield Weds,Championship,17,Fri,2018-11-09,19:45,Sheffield United,0–0,Sheffield Weds,30261,Bramall Lane,Andy Madley,/en/matches/70faf54d/Sheffield-United-Sheffield-Wednesday-November-9-2018-Championship,,70faf54d
ENG-Championship,1819,2018-11-10 Birmingham City-Hull City,Championship,17,Sat,2018-11-10,15:00,Birmingham City,3–3,Hull City,21468,St Andrew's Trillion Trophy Stadium,Gavin Ward,/en/matches/28e91e1e/Birmingham-City-Hull-City-November-10-2018-Championship,,28e91e1e
ENG-Championship,1819,2018-11-10 Blackburn Rovers-Rotherham United,Championship,17,Sat,2018-11-10,15:00,Blackburn Rovers,1–1,Rotherham United,12847,Ewood Park,David Webb,/en/matches/fc0f3c1b/Blackburn-Rovers-Rotherham-United-November-10-2018-Championship,,fc0f3c1b
ENG-Championship,1819,2018-11-10 Bolton Wanderers-Swansea City,Championship,17,Sat,2018-11-10,15:00,Bolton Wanderers,0–1,Swansea City,14090,Macron Stadium,Graham Scott,/en/matches/6ba44448/Bolton-Wanderers-Swansea-City-November-10-2018-Championship,,6ba44448
ENG-Championship,1819,2018-11-10 Bristol City-Preston North End,Championship,17,Sat,2018-11-10,15:00,Bristol City,0–1,Preston North End,19797,Ashton Gate Stadium,Geoff Eltringham,/en/matches/d9bae84c/Bristol-City-Preston-North-End-November-10-2018-Championship,,d9bae84c
ENG-Championship,1819,2018-11-10 Derby County-Aston Villa,Championship,17,Sat,2018-11-10,15:00,Derby County,0–3,Aston Villa,30400,iPro Stadium,John Brooks,/en/matches/0eba0121/Derby-County-Aston-Villa-November-10-2018-Championship,,0eba0121
ENG-Championship,1819,2018-11-10 Middlesbrough-Wigan Athletic,Championship,17,Sat,2018-11-10,15:00,Middlesbrough,2–0,Wigan Athletic,22207,Riverside Stadium,Darren England,/en/matches/d20d8600/Middlesbrough-Wigan-Athletic-November-10-2018-Championship,,d20d8600
ENG-Championship,1819,2018-11-10 Norwich City-Millwall,Championship,17,Sat,2018-11-10,15:00,Norwich City,4–3,Millwall,26289,Carrow Road,Jeremy Simpson,/en/matches/df119e88/Norwich-City-Millwall-November-10-2018-Championship,,df119e88
ENG-Championship,1819,2018-11-10 Nottingham Forest-Stoke City,Championship,17,Sat,2018-11-10,15:00,Nottingham Forest,0–0,Stoke City,28556,The City Ground,Oliver Langford,/en/matches/b88a593b/Nottingham-Forest-Stoke-City-November-10-2018-Championship,,b88a593b
ENG-Championship,1819,2018-11-10 QPR-Brentford,Championship,17,Sat,2018-11-10,15:00,QPR,3–2,Brentford,17609,Loftus Road Stadium,James Linington,/en/matches/aed9c945/Queens-Park-Rangers-Brentford-November-10-2018-Championship,,aed9c945
ENG-Championship,1819,2018-11-10 Reading-Ipswich Town,Championship,17,Sat,2018-11-10,15:00,Reading,2–2,Ipswich Town,14952,Madejski Stadium,Darren Bond,/en/matches/9ee8ed41/Reading-Ipswich-Town-November-10-2018-Championship,,9ee8ed41
ENG-Championship,1819,2018-11-10 West Brom-Leeds United,Championship,17,Sat,2018-11-10,17:30,West Brom,4–1,Leeds United,25661,The Hawthorns,Lee Mason,/en/matches/505144a6/West-Bromwich-Albion-Leeds-United-November-10-2018-Championship,,505144a6
ENG-Championship,1819,2018-11-23 Ipswich Town-West Brom,Championship,18,Fri,2018-11-23,19:45,Ipswich Town,1–2,West Brom,22995,Portman Road Stadium,Keith Stroud,/en/matches/cfeb4a0b/Ipswich-Town-West-Bromwich-Albion-November-23-2018-Championship,,cfeb4a0b
ENG-Championship,1819,2018-11-24 Brentford-Middlesbrough,Championship,18,Sat,2018-11-24,17:30,Brentford,1–2,Middlesbrough,9430,Griffin Park,John Brooks,/en/matches/a0ba9a79/Brentford-Middlesbrough-November-24-2018-Championship,,a0ba9a79
ENG-Championship,1819,2018-11-24 Hull City-Nottingham Forest,Championship,18,Sat,2018-11-24,15:00,Hull City,0–2,Nottingham Forest,3364,Kingston Communications Stadium,Graham Scott,/en/matches/ad7bbc4d/Hull-City-Nottingham-Forest-November-24-2018-Championship,,ad7bbc4d
ENG-Championship,1819,2018-11-24 Leeds United-Bristol City,Championship,18,Sat,2018-11-24,15:00,Leeds United,2–0,Bristol City,34333,Elland Road,Axel Motiño,/en/matches/0c615e84/Leeds-United-Bristol-City-November-24-2018-Championship,,0c615e84
ENG-Championship,1819,2018-11-24 Millwall-Bolton Wanderers,Championship,18,Sat,2018-11-24,15:00,Millwall,1–1,Bolton Wanderers,12554,The Den,Lee Swabey,/en/matches/02b22392/Millwall-Bolton-Wanderers-November-24-2018-Championship,,02b22392
ENG-Championship,1819,2018-11-24 Preston North End-Blackburn Rovers,Championship,18,Sat,2018-11-24,15:00,Preston North End,4–1,Blackburn Rovers,19912,Deepdale Stadium,Andy Madley,/en/matches/a7dac9b9/Preston-North-End-Blackburn-Rovers-November-24-2018-Championship,,a7dac9b9
ENG-Championship,1819,2018-11-24 Rotherham United-Sheffield United,Championship,18,Sat,2018-11-24,12:30,Rotherham United,2–2,Sheffield United,11607,New York Stadium,Peter Bankes,/en/matches/a0c3916e/Rotherham-United-Sheffield-United-November-24-2018-Championship,,a0c3916e
ENG-Championship,1819,2018-11-24 Sheffield Weds-Derby County,Championship,18,Sat,2018-11-24,15:00,Sheffield Weds,1–2,Derby County,25204,Hillsborough Stadium,Jeremy Simpson,/en/matches/7955f134/Sheffield-Wednesday-Derby-County-November-24-2018-Championship,,7955f134
ENG-Championship,1819,2018-11-24 Stoke City-QPR,Championship,18,Sat,2018-11-24,15:00,Stoke City,2–2,QPR,24291,Bet365 Stadium,Andrew Davies,/en/matches/3aba9dcc/Stoke-City-Queens-Park-Rangers-November-24-2018-Championship,,3aba9dcc
ENG-Championship,1819,2018-11-24 Swansea City-Norwich City,Championship,18,Sat,2018-11-24,15:00,Swansea City,1–4,Norwich City,18780,Liberty Stadium,Darren Bond,/en/matches/45162e99/Swansea-City-Norwich-City-November-24-2018-Championship,,45162e99
ENG-Championship,1819,2018-11-24 Wigan Athletic-Reading,Championship,18,Sat,2018-11-24,15:00,Wigan Athletic,0–0,Reading,9211,The DW Stadium,Oliver Langford,/en/matches/bdddc41c/Wigan-Athletic-Reading-November-24-2018-Championship,,bdddc41c
ENG-Championship,1819,2018-11-25 Aston Villa-Birmingham City,Championship,18,Sun,2018-11-25,12:00,Aston Villa,4–2,Birmingham City,41200,Villa Park,Robert Jones,/en/matches/c9d9faea/Aston-Villa-Birmingham-City-November-25-2018-Championship,,c9d9faea
ENG-Championship,1819,2018-11-27 Brentford-Sheffield United,Championship,19,Tue,2018-11-27,19:45,Brentford,2–3,Sheffield United,8903,Griffin Park,Steve Martin,/en/matches/9b1de576/Brentford-Sheffield-United-November-27-2018-Championship,,9b1de576
ENG-Championship,1819,2018-11-27 Hull City-Norwich City,Championship,19,Tue,2018-11-27,19:45,Hull City,0–0,Norwich City,11420,Kingston Communications Stadium,Geoff Eltringham,/en/matches/9ec69d69/Hull-City-Norwich-City-November-27-2018-Championship,,9ec69d69
ENG-Championship,1819,2018-11-27 Leeds United-Reading,Championship,19,Tue,2018-11-27,19:45,Leeds United,1–0,Reading,27806,Elland Road,Mike Dean,/en/matches/e0854cd7/Leeds-United-Reading-November-27-2018-Championship,,e0854cd7
ENG-Championship,1819,2018-11-27 Preston North End-Middlesbrough,Championship,19,Tue,2018-11-27,19:45,Preston North End,1–1,Middlesbrough,10990,Deepdale Stadium,Peter Bankes,/en/matches/7fdb3fc0/Preston-North-End-Middlesbrough-November-27-2018-Championship,,7fdb3fc0
ENG-Championship,1819,2018-11-27 Rotherham United-QPR,Championship,19,Tue,2018-11-27,19:45,Rotherham United,2–2,QPR,8018,New York Stadium,Andy Woolmer,/en/matches/7f178aa0/Rotherham-United-Queens-Park-Rangers-November-27-2018-Championship,,7f178aa0
ENG-Championship,1819,2018-11-27 Sheffield Weds-Bolton Wanderers,Championship,19,Tue,2018-11-27,19:45,Sheffield Weds,1–0,Bolton Wanderers,20861,Hillsborough Stadium,Gavin Ward,/en/matches/411a0447/Sheffield-Wednesday-Bolton-Wanderers-November-27-2018-Championship,,411a0447
ENG-Championship,1819,2018-11-28 Aston Villa-Nottingham Forest,Championship,19,Wed,2018-11-28,19:45,Aston Villa,5–5,Nottingham Forest,32868,Villa Park,Simon Hooper,/en/matches/18c096fb/Aston-Villa-Nottingham-Forest-November-28-2018-Championship,,18c096fb
ENG-Championship,1819,2018-11-28 Ipswich Town-Bristol City,Championship,19,Wed,2018-11-28,19:45,Ipswich Town,2–3,Bristol City,13726,Portman Road Stadium,David Webb,/en/matches/eb7aa594/Ipswich-Town-Bristol-City-November-28-2018-Championship,,eb7aa594
ENG-Championship,1819,2018-11-28 Millwall-Birmingham City,Championship,19,Wed,2018-11-28,19:45,Millwall,0–2,Birmingham City,11644,The Den,Axel Motiño,/en/matches/a68272bc/Millwall-Birmingham-City-November-28-2018-Championship,,a68272bc
ENG-Championship,1819,2018-11-28 Stoke City-Derby County,Championship,19,Wed,2018-11-28,20:00,Stoke City,2–1,Derby County,25147,Bet365 Stadium,Darren England,/en/matches/a13b7174/Stoke-City-Derby-County-November-28-2018-Championship,,a13b7174
ENG-Championship,1819,2018-11-28 Swansea City-West Brom,Championship,19,Wed,2018-11-28,19:45,Swansea City,1–2,West Brom,17865,Liberty Stadium,James Linington,/en/matches/6d8b3343/Swansea-City-West-Bromwich-Albion-November-28-2018-Championship,,6d8b3343
ENG-Championship,1819,2018-11-28 Wigan Athletic-Blackburn Rovers,Championship,19,Wed,2018-11-28,19:45,Wigan Athletic,3–1,Blackburn Rovers,10777,The DW Stadium,Keith Stroud,/en/matches/6fa9224e/Wigan-Athletic-Blackburn-Rovers-November-28-2018-Championship,,6fa9224e
ENG-Championship,1819,2018-12-01 Birmingham City-Preston North End,Championship,20,Sat,2018-12-01,15:00,Birmingham City,3–0,Preston North End,20523,St Andrew's Trillion Trophy Stadium,David Webb,/en/matches/8c583f49/Birmingham-City-Preston-North-End-December-1-2018-Championship,,8c583f49
ENG-Championship,1819,2018-12-01 Blackburn Rovers-Sheffield Weds,Championship,20,Sat,2018-12-01,15:00,Blackburn Rovers,4–2,Sheffield Weds,15154,Ewood Park,Robert Jones,/en/matches/0fca566c/Blackburn-Rovers-Sheffield-Wednesday-December-1-2018-Championship,,0fca566c
ENG-Championship,1819,2018-12-01 Bolton Wanderers-Wigan Athletic,Championship,20,Sat,2018-12-01,15:00,Bolton Wanderers,1–1,Wigan Athletic,15237,Macron Stadium,Simon Hooper,/en/matches/7b7f9ee7/Bolton-Wanderers-Wigan-Athletic-December-1-2018-Championship,,7b7f9ee7
ENG-Championship,1819,2018-12-01 Derby County-Swansea City,Championship,20,Sat,2018-12-01,15:00,Derby County,2–1,Swansea City,26167,iPro Stadium,Andy Madley,/en/matches/18c05aec/Derby-County-Swansea-City-December-1-2018-Championship,,18c05aec
ENG-Championship,1819,2018-12-01 Middlesbrough-Aston Villa,Championship,20,Sat,2018-12-01,17:30,Middlesbrough,0–3,Aston Villa,23424,Riverside Stadium,Andrew Davies,/en/matches/b27ec89c/Middlesbrough-Aston-Villa-December-1-2018-Championship,,b27ec89c
ENG-Championship,1819,2018-12-01 Norwich City-Rotherham United,Championship,20,Sat,2018-12-01,15:00,Norwich City,3–1,Rotherham United,25858,Carrow Road,Steve Martin,/en/matches/dcc936f1/Norwich-City-Rotherham-United-December-1-2018-Championship,,dcc936f1
ENG-Championship,1819,2018-12-01 Nottingham Forest-Ipswich Town,Championship,20,Sat,2018-12-01,15:00,Nottingham Forest,2–0,Ipswich Town,27873,The City Ground,James Linington,/en/matches/8ec85fcf/Nottingham-Forest-Ipswich-Town-December-1-2018-Championship,,8ec85fcf
ENG-Championship,1819,2018-12-01 QPR-Hull City,Championship,20,Sat,2018-12-01,15:00,QPR,2–3,Hull City,13824,Loftus Road Stadium,Jeremy Simpson,/en/matches/844b26e1/Queens-Park-Rangers-Hull-City-December-1-2018-Championship,,844b26e1
ENG-Championship,1819,2018-12-01 Reading-Stoke City,Championship,20,Sat,2018-12-01,15:00,Reading,2–2,Stoke City,14414,Madejski Stadium,David Coote,/en/matches/52045deb/Reading-Stoke-City-December-1-2018-Championship,,52045deb
ENG-Championship,1819,2018-12-01 Sheffield United-Leeds United,Championship,20,Sat,2018-12-01,12:30,Sheffield United,0–1,Leeds United,25794,Bramall Lane,Oliver Langford,/en/matches/fa4281f6/Sheffield-United-Leeds-United-December-1-2018-Championship,,fa4281f6
ENG-Championship,1819,2018-12-02 Bristol City-Millwall,Championship,20,Sun,2018-12-02,13:30,Bristol City,1–1,Millwall,18814,Ashton Gate Stadium,Darren England,/en/matches/63154600/Bristol-City-Millwall-December-2-2018-Championship,,63154600
ENG-Championship,1819,2018-12-03 West Brom-Brentford,Championship,20,Mon,2018-12-03,20:00,West Brom,1–1,Brentford,20949,The Hawthorns,Darren Bond,/en/matches/90fc1be4/West-Bromwich-Albion-Brentford-December-3-2018-Championship,,90fc1be4
ENG-Championship,1819,2018-12-07 West Brom-Aston Villa,Championship,21,Fri,2018-12-07,20:00,West Brom,2–2,Aston Villa,26513,The Hawthorns,Darren England,/en/matches/7ddc26fe/West-Bromwich-Albion-Aston-Villa-December-7-2018-Championship,,7ddc26fe
ENG-Championship,1819,2018-12-08 Birmingham City-Bristol City,Championship,21,Sat,2018-12-08,15:00,Birmingham City,0–1,Bristol City,20961,St Andrew's Trillion Trophy Stadium,John Brooks,/en/matches/9001a8f7/Birmingham-City-Bristol-City-December-8-2018-Championship,,9001a8f7
ENG-Championship,1819,2018-12-08 Brentford-Swansea City,Championship,21,Sat,2018-12-08,15:00,Brentford,2–3,Swansea City,9442,Griffin Park,Andy Woolmer,/en/matches/8f9fdf97/Brentford-Swansea-City-December-8-2018-Championship,,8f9fdf97
ENG-Championship,1819,2018-12-08 Leeds United-QPR,Championship,21,Sat,2018-12-08,15:00,Leeds United,2–1,QPR,33781,Elland Road,Peter Bankes,/en/matches/e4a7bcd9/Leeds-United-Queens-Park-Rangers-December-8-2018-Championship,,e4a7bcd9
ENG-Championship,1819,2018-12-08 Middlesbrough-Blackburn Rovers,Championship,21,Sat,2018-12-08,15:00,Middlesbrough,1–1,Blackburn Rovers,21985,Riverside Stadium,Simon Hooper,/en/matches/d7046d0f/Middlesbrough-Blackburn-Rovers-December-8-2018-Championship,,d7046d0f
ENG-Championship,1819,2018-12-08 Millwall-Hull City,Championship,21,Sat,2018-12-08,15:00,Millwall,2–2,Hull City,12004,The Den,Keith Stroud,/en/matches/03c8baa0/Millwall-Hull-City-December-8-2018-Championship,,03c8baa0
ENG-Championship,1819,2018-12-08 Norwich City-Bolton Wanderers,Championship,21,Sat,2018-12-08,15:00,Norwich City,3–2,Bolton Wanderers,25811,Carrow Road,Axel Motiño,/en/matches/2bdd2608/Norwich-City-Bolton-Wanderers-December-8-2018-Championship,,2bdd2608
ENG-Championship,1819,2018-12-08 Nottingham Forest-Preston North End,Championship,21,Sat,2018-12-08,15:00,Nottingham Forest,0–1,Preston North End,27777,The City Ground,Steve Martin,/en/matches/1cae7b22/Nottingham-Forest-Preston-North-End-December-8-2018-Championship,,1cae7b22
ENG-Championship,1819,2018-12-08 Reading-Sheffield United,Championship,21,Sat,2018-12-08,17:30,Reading,0–2,Sheffield United,12066,Madejski Stadium,James Linington,/en/matches/00136ce8/Reading-Sheffield-United-December-8-2018-Championship,,00136ce8
ENG-Championship,1819,2018-12-08 Sheffield Weds-Rotherham United,Championship,21,Sat,2018-12-08,15:00,Sheffield Weds,2–2,Rotherham United,24725,Hillsborough Stadium,Darren Bond,/en/matches/6a565f37/Sheffield-Wednesday-Rotherham-United-December-8-2018-Championship,,6a565f37
ENG-Championship,1819,2018-12-08 Stoke City-Ipswich Town,Championship,21,Sat,2018-12-08,15:00,Stoke City,2–0,Ipswich Town,24694,Bet365 Stadium,Geoff Eltringham,/en/matches/229a7735/Stoke-City-Ipswich-Town-December-8-2018-Championship,,229a7735
ENG-Championship,1819,2018-12-08 Wigan Athletic-Derby County,Championship,21,Sat,2018-12-08,15:00,Wigan Athletic,0–1,Derby County,10768,The DW Stadium,Gavin Ward,/en/matches/4fce56b9/Wigan-Athletic-Derby-County-December-8-2018-Championship,,4fce56b9
ENG-Championship,1819,2018-12-14 Sheffield United-West Brom,Championship,22,Fri,2018-12-14,19:45,Sheffield United,1–2,West Brom,23400,Bramall Lane,Jeremy Simpson,/en/matches/81619f60/Sheffield-United-West-Bromwich-Albion-December-14-2018-Championship,,81619f60
ENG-Championship,1819,2018-12-15 Aston Villa-Stoke City,Championship,22,Sat,2018-12-15,15:00,Aston Villa,2–2,Stoke City,36999,Villa Park,Peter Bankes,/en/matches/213bab50/Aston-Villa-Stoke-City-December-15-2018-Championship,,213bab50
ENG-Championship,1819,2018-12-15 Blackburn Rovers-Birmingham City,Championship,22,Sat,2018-12-15,15:00,Blackburn Rovers,2–2,Birmingham City,13622,Ewood Park,Tony Harrington,/en/matches/1fbc8ab7/Blackburn-Rovers-Birmingham-City-December-15-2018-Championship,,1fbc8ab7
ENG-Championship,1819,2018-12-15 Bolton Wanderers-Leeds United,Championship,22,Sat,2018-12-15,15:00,Bolton Wanderers,0–1,Leeds United,17484,Macron Stadium,Robert Jones,/en/matches/0b8aeec1/Bolton-Wanderers-Leeds-United-December-15-2018-Championship,,0b8aeec1
ENG-Championship,1819,2018-12-15 Bristol City-Norwich City,Championship,22,Sat,2018-12-15,17:30,Bristol City,2–2,Norwich City,19851,Ashton Gate Stadium,Roger East,/en/matches/9f1e8645/Bristol-City-Norwich-City-December-15-2018-Championship,,9f1e8645
ENG-Championship,1819,2018-12-15 Hull City-Brentford,Championship,22,Sat,2018-12-15,15:00,Hull City,2–0,Brentford,10530,Kingston Communications Stadium,Andrew Davies,/en/matches/c749d872/Hull-City-Brentford-December-15-2018-Championship,,c749d872
ENG-Championship,1819,2018-12-15 Ipswich Town-Wigan Athletic,Championship,22,Sat,2018-12-15,15:00,Ipswich Town,1–0,Wigan Athletic,14640,Portman Road Stadium,Axel Motiño,/en/matches/b99e5597/Ipswich-Town-Wigan-Athletic-December-15-2018-Championship,,b99e5597
ENG-Championship,1819,2018-12-15 Preston North End-Millwall,Championship,22,Sat,2018-12-15,15:00,Preston North End,3–2,Millwall,10924,Deepdale Stadium,John Brooks,/en/matches/c64e65f4/Preston-North-End-Millwall-December-15-2018-Championship,,c64e65f4
ENG-Championship,1819,2018-12-15 QPR-Middlesbrough,Championship,22,Sat,2018-12-15,15:00,QPR,2–1,Middlesbrough,14088,Loftus Road Stadium,Oliver Langford,/en/matches/1035296d/Queens-Park-Rangers-Middlesbrough-December-15-2018-Championship,,1035296d
ENG-Championship,1819,2018-12-15 Rotherham United-Reading,Championship,22,Sat,2018-12-15,15:00,Rotherham United,1–1,Reading,8775,New York Stadium,Ross Joyce,/en/matches/5d0f0e1b/Rotherham-United-Reading-December-15-2018-Championship,,5d0f0e1b
ENG-Championship,1819,2018-12-15 Swansea City-Sheffield Weds,Championship,22,Sat,2018-12-15,15:00,Swansea City,2–1,Sheffield Weds,18692,Liberty Stadium,David Webb,/en/matches/acf532ea/Swansea-City-Sheffield-Wednesday-December-15-2018-Championship,,acf532ea
ENG-Championship,1819,2018-12-17 Derby County-Nottingham Forest,Championship,22,Mon,2018-12-17,19:45,Derby County,0–0,Nottingham Forest,31160,iPro Stadium,Keith Stroud,/en/matches/81555a05/Derby-County-Nottingham-Forest-December-17-2018-Championship,,81555a05
ENG-Championship,1819,2018-12-22 Blackburn Rovers-Norwich City,Championship,23,Sat,2018-12-22,15:00,Blackburn Rovers,0–1,Norwich City,14202,Ewood Park,Darren England,/en/matches/a28ef54d/Blackburn-Rovers-Norwich-City-December-22-2018-Championship,,a28ef54d
ENG-Championship,1819,2018-12-22 Brentford-Bolton Wanderers,Championship,23,Sat,2018-12-22,15:00,Brentford,1–0,Bolton Wanderers,10512,Griffin Park,James Linington,/en/matches/202d4bf8/Brentford-Bolton-Wanderers-December-22-2018-Championship,,202d4bf8
ENG-Championship,1819,2018-12-22 Derby County-Bristol City,Championship,23,Sat,2018-12-22,15:00,Derby County,1–1,Bristol City,26719,iPro Stadium,Darren Bond,/en/matches/5a79dd13/Derby-County-Bristol-City-December-22-2018-Championship,,5a79dd13
ENG-Championship,1819,2018-12-22 Hull City-Swansea City,Championship,23,Sat,2018-12-22,17:30,Hull City,3–2,Swansea City,10848,Kingston Communications Stadium,Oliver Langford,/en/matches/286770c2/Hull-City-Swansea-City-December-22-2018-Championship,,286770c2
ENG-Championship,1819,2018-12-22 Ipswich Town-Sheffield United,Championship,23,Sat,2018-12-22,15:00,Ipswich Town,1–1,Sheffield United,17942,Portman Road Stadium,Andy Woolmer,/en/matches/29ba6106/Ipswich-Town-Sheffield-United-December-22-2018-Championship,,29ba6106
ENG-Championship,1819,2018-12-22 Nottingham Forest-QPR,Championship,23,Sat,2018-12-22,15:00,Nottingham Forest,0–1,QPR,28177,The City Ground,Gavin Ward,/en/matches/dfb1d150/Nottingham-Forest-Queens-Park-Rangers-December-22-2018-Championship,,dfb1d150
ENG-Championship,1819,2018-12-22 Reading-Middlesbrough,Championship,23,Sat,2018-12-22,15:00,Reading,0–1,Middlesbrough,14943,Madejski Stadium,Steve Martin,/en/matches/f4c62f01/Reading-Middlesbrough-December-22-2018-Championship,,f4c62f01
ENG-Championship,1819,2018-12-22 Rotherham United-West Brom,Championship,23,Sat,2018-12-22,15:00,Rotherham United,0–4,West Brom,10593,New York Stadium,Tony Harrington,/en/matches/6cfe84cf/Rotherham-United-West-Bromwich-Albion-December-22-2018-Championship,,6cfe84cf
ENG-Championship,1819,2018-12-22 Sheffield Weds-Preston North End,Championship,23,Sat,2018-12-22,15:00,Sheffield Weds,1–0,Preston North End,22366,Hillsborough Stadium,David Coote,/en/matches/0922dfec/Sheffield-Wednesday-Preston-North-End-December-22-2018-Championship,,0922dfec
ENG-Championship,1819,2018-12-22 Stoke City-Millwall,Championship,23,Sat,2018-12-22,15:00,Stoke City,1–0,Millwall,25351,Bet365 Stadium,Chris Kavanagh,/en/matches/97829839/Stoke-City-Millwall-December-22-2018-Championship,,97829839
ENG-Championship,1819,2018-12-22 Wigan Athletic-Birmingham City,Championship,23,Sat,2018-12-22,15:00,Wigan Athletic,0–3,Birmingham City,13774,The DW Stadium,Ross Joyce,/en/matches/24db782c/Wigan-Athletic-Birmingham-City-December-22-2018-Championship,,24db782c
ENG-Championship,1819,2018-12-23 Aston Villa-Leeds United,Championship,23,Sun,2018-12-23,13:30,Aston Villa,2–3,Leeds United,41411,Villa Park,Andy Madley,/en/matches/39c2f26f/Aston-Villa-Leeds-United-December-23-2018-Championship,,39c2f26f
ENG-Championship,1819,2018-12-26 Birmingham City-Stoke City,Championship,24,Wed,2018-12-26,15:00,Birmingham City,2–0,Stoke City,26344,St Andrew's Trillion Trophy Stadium,Darren Bond,/en/matches/fdacc716/Birmingham-City-Stoke-City-December-26-2018-Championship,,fdacc716
ENG-Championship,1819,2018-12-26 Bolton Wanderers-Rotherham United,Championship,24,Wed,2018-12-26,15:00,Bolton Wanderers,2–1,Rotherham United,15255,Macron Stadium,Jeremy Simpson,/en/matches/ff94f085/Bolton-Wanderers-Rotherham-United-December-26-2018-Championship,,ff94f085
ENG-Championship,1819,2018-12-26 Bristol City-Brentford,Championship,24,Wed,2018-12-26,15:00,Bristol City,1–1,Brentford,21207,Ashton Gate Stadium,David Webb,/en/matches/055d34b3/Bristol-City-Brentford-December-26-2018-Championship,,055d34b3
ENG-Championship,1819,2018-12-26 Leeds United-Blackburn Rovers,Championship,24,Wed,2018-12-26,15:00,Leeds United,3–2,Blackburn Rovers,34863,Elland Road,Steve Martin,/en/matches/6839928b/Leeds-United-Blackburn-Rovers-December-26-2018-Championship,,6839928b
ENG-Championship,1819,2018-12-26 Middlesbrough-Sheffield Weds,Championship,24,Wed,2018-12-26,15:00,Middlesbrough,0–1,Sheffield Weds,30341,Riverside Stadium,Peter Bankes,/en/matches/51579a6a/Middlesbrough-Sheffield-Wednesday-December-26-2018-Championship,,51579a6a
ENG-Championship,1819,2018-12-26 Millwall-Reading,Championship,24,Wed,2018-12-26,15:00,Millwall,1–0,Reading,12202,The Den,Andrew Davies,/en/matches/2d188e2b/Millwall-Reading-December-26-2018-Championship,,2d188e2b
ENG-Championship,1819,2018-12-26 Norwich City-Nottingham Forest,Championship,24,Wed,2018-12-26,15:00,Norwich City,3–3,Nottingham Forest,26933,Carrow Road,John Brooks,/en/matches/cd2901ea/Norwich-City-Nottingham-Forest-December-26-2018-Championship,,cd2901ea
ENG-Championship,1819,2018-12-26 Preston North End-Hull City,Championship,24,Wed,2018-12-26,15:00,Preston North End,1–2,Hull City,14026,Deepdale Stadium,Axel Motiño,/en/matches/31f944c3/Preston-North-End-Hull-City-December-26-2018-Championship,,31f944c3
ENG-Championship,1819,2018-12-26 QPR-Ipswich Town,Championship,24,Wed,2018-12-26,15:00,QPR,3–0,Ipswich Town,14584,Loftus Road Stadium,Keith Stroud,/en/matches/cbe55ee1/Queens-Park-Rangers-Ipswich-Town-December-26-2018-Championship,,cbe55ee1
ENG-Championship,1819,2018-12-26 Sheffield United-Derby County,Championship,24,Wed,2018-12-26,15:00,Sheffield United,3–1,Derby County,28974,Bramall Lane,Geoff Eltringham,/en/matches/c764db72/Sheffield-United-Derby-County-December-26-2018-Championship,,c764db72
ENG-Championship,1819,2018-12-26 Swansea City-Aston Villa,Championship,24,Wed,2018-12-26,15:00,Swansea City,0–1,Aston Villa,20775,Liberty Stadium,Roger East,/en/matches/f4f0ae5e/Swansea-City-Aston-Villa-December-26-2018-Championship,,f4f0ae5e
ENG-Championship,1819,2018-12-26 West Brom-Wigan Athletic,Championship,24,Wed,2018-12-26,15:00,West Brom,2–0,Wigan Athletic,25555,The Hawthorns,Robert Jones,/en/matches/dc998736/West-Bromwich-Albion-Wigan-Athletic-December-26-2018-Championship,,dc998736
ENG-Championship,1819,2018-12-29 Birmingham City-Brentford,Championship,25,Sat,2018-12-29,15:00,Birmingham City,0–0,Brentford,23909,St Andrew's Trillion Trophy Stadium,Peter Bankes,/en/matches/d3f2ab30/Birmingham-City-Brentford-December-29-2018-Championship,,d3f2ab30
ENG-Championship,1819,2018-12-29 Bolton Wanderers-Stoke City,Championship,25,Sat,2018-12-29,15:00,Bolton Wanderers,0–0,Stoke City,15309,Macron Stadium,Keith Stroud,/en/matches/03e3bf58/Bolton-Wanderers-Stoke-City-December-29-2018-Championship,,03e3bf58
ENG-Championship,1819,2018-12-29 Bristol City-Rotherham United,Championship,25,Sat,2018-12-29,15:00,Bristol City,1–0,Rotherham United,21207,Ashton Gate Stadium,Axel Motiño,/en/matches/e35081b6/Bristol-City-Rotherham-United-December-29-2018-Championship,,e35081b6
ENG-Championship,1819,2018-12-29 Leeds United-Hull City,Championship,25,Sat,2018-12-29,15:00,Leeds United,0–2,Hull City,35754,Elland Road,John Brooks,/en/matches/e9d38646/Leeds-United-Hull-City-December-29-2018-Championship,,e9d38646
ENG-Championship,1819,2018-12-29 Middlesbrough-Ipswich Town,Championship,25,Sat,2018-12-29,15:00,Middlesbrough,2–0,Ipswich Town,23334,Riverside Stadium,Jeremy Simpson,/en/matches/a355df4b/Middlesbrough-Ipswich-Town-December-29-2018-Championship,,a355df4b
ENG-Championship,1819,2018-12-29 Millwall-Nottingham Forest,Championship,25,Sat,2018-12-29,15:00,Millwall,1–0,Nottingham Forest,15273,The Den,Tony Harrington,/en/matches/3ea481dc/Millwall-Nottingham-Forest-December-29-2018-Championship,,3ea481dc
ENG-Championship,1819,2018-12-29 Norwich City-Derby County,Championship,25,Sat,2018-12-29,15:00,Norwich City,3–4,Derby County,26866,Carrow Road,David Webb,/en/matches/ebfbb916/Norwich-City-Derby-County-December-29-2018-Championship,,ebfbb916
ENG-Championship,1819,2018-12-29 Preston North End-Aston Villa,Championship,25,Sat,2018-12-29,15:00,Preston North End,1–1,Aston Villa,19126,Deepdale Stadium,Geoff Eltringham,/en/matches/76b6d1e7/Preston-North-End-Aston-Villa-December-29-2018-Championship,,76b6d1e7
ENG-Championship,1819,2018-12-29 QPR-Reading,Championship,25,Sat,2018-12-29,15:00,QPR,0–0,Reading,15721,Loftus Road Stadium,Robert Jones,/en/matches/a385f866/Queens-Park-Rangers-Reading-December-29-2018-Championship,,a385f866
ENG-Championship,1819,2018-12-29 Sheffield United-Blackburn Rovers,Championship,25,Sat,2018-12-29,15:00,Sheffield United,3–0,Blackburn Rovers,27384,Bramall Lane,Anthony Taylor,/en/matches/1028b34d/Sheffield-United-Blackburn-Rovers-December-29-2018-Championship,,1028b34d
ENG-Championship,1819,2018-12-29 Swansea City-Wigan Athletic,Championship,25,Sat,2018-12-29,15:00,Swansea City,2–2,Wigan Athletic,18591,Liberty Stadium,James Linington,/en/matches/d5d10d71/Swansea-City-Wigan-Athletic-December-29-2018-Championship,,d5d10d71
ENG-Championship,1819,2018-12-29 West Brom-Sheffield Weds,Championship,25,Sat,2018-12-29,15:00,West Brom,1–1,Sheffield Weds,26548,The Hawthorns,Andrew Davies,/en/matches/78ba4b71/West-Bromwich-Albion-Sheffield-Wednesday-December-29-2018-Championship,,78ba4b71
ENG-Championship,1819,2019-01-01 Aston Villa-QPR,Championship,26,Tue,2019-01-01,15:00,Aston Villa,2–2,QPR,37760,Villa Park,James Linington,/en/matches/05a274f4/Aston-Villa-Queens-Park-Rangers-January-1-2019-Championship,,05a274f4
ENG-Championship,1819,2019-01-01 Blackburn Rovers-West Brom,Championship,26,Tue,2019-01-01,15:00,Blackburn Rovers,2–1,West Brom,14258,Ewood Park,Oliver Langford,/en/matches/b8e1d783/Blackburn-Rovers-West-Bromwich-Albion-January-1-2019-Championship,,b8e1d783
ENG-Championship,1819,2019-01-01 Brentford-Norwich City,Championship,26,Tue,2019-01-01,15:00,Brentford,1–1,Norwich City,9524,Griffin Park,Gavin Ward,/en/matches/fb583c44/Brentford-Norwich-City-January-1-2019-Championship,,fb583c44
ENG-Championship,1819,2019-01-01 Derby County-Middlesbrough,Championship,26,Tue,2019-01-01,15:00,Derby County,1–1,Middlesbrough,28123,iPro Stadium,Robert Jones,/en/matches/823d4361/Derby-County-Middlesbrough-January-1-2019-Championship,,823d4361
ENG-Championship,1819,2019-01-01 Hull City-Bolton Wanderers,Championship,26,Tue,2019-01-01,15:00,Hull City,6–0,Bolton Wanderers,12418,Kingston Communications Stadium,Tony Harrington,/en/matches/a1b13443/Hull-City-Bolton-Wanderers-January-1-2019-Championship,,a1b13443
ENG-Championship,1819,2019-01-01 Ipswich Town-Millwall,Championship,26,Tue,2019-01-01,15:00,Ipswich Town,2–3,Millwall,16957,Portman Road Stadium,Steve Martin,/en/matches/5f4192f4/Ipswich-Town-Millwall-January-1-2019-Championship,,5f4192f4
ENG-Championship,1819,2019-01-01 Nottingham Forest-Leeds United,Championship,26,Tue,2019-01-01,15:00,Nottingham Forest,4–2,Leeds United,29530,The City Ground,Darren England,/en/matches/9dbe0b73/Nottingham-Forest-Leeds-United-January-1-2019-Championship,,9dbe0b73
ENG-Championship,1819,2019-01-01 Reading-Swansea City,Championship,26,Tue,2019-01-01,15:00,Reading,1–4,Swansea City,15644,Madejski Stadium,Tim Robinson,/en/matches/43ffe722/Reading-Swansea-City-January-1-2019-Championship,,43ffe722
ENG-Championship,1819,2019-01-01 Rotherham United-Preston North End,Championship,26,Tue,2019-01-01,15:00,Rotherham United,2–1,Preston North End,9077,New York Stadium,Lee Probert,/en/matches/04e0fef6/Rotherham-United-Preston-North-End-January-1-2019-Championship,,04e0fef6
ENG-Championship,1819,2019-01-01 Sheffield Weds-Birmingham City,Championship,26,Tue,2019-01-01,15:00,Sheffield Weds,1–1,Birmingham City,29462,Hillsborough Stadium,Andy Woolmer,/en/matches/1d0a5875/Sheffield-Wednesday-Birmingham-City-January-1-2019-Championship,,1d0a5875
ENG-Championship,1819,2019-01-01 Stoke City-Bristol City,Championship,26,Tue,2019-01-01,15:00,Stoke City,0–2,Bristol City,23912,Bet365 Stadium,Paul Tierney,/en/matches/7fb83bc5/Stoke-City-Bristol-City-January-1-2019-Championship,,7fb83bc5
ENG-Championship,1819,2019-01-01 Wigan Athletic-Sheffield United,Championship,26,Tue,2019-01-01,15:00,Wigan Athletic,0–3,Sheffield United,13054,The DW Stadium,Andy Madley,/en/matches/1e8ed37e/Wigan-Athletic-Sheffield-United-January-1-2019-Championship,,1e8ed37e
ENG-Championship,1819,2019-01-11 Leeds United-Derby County,Championship,27,Fri,2019-01-11,19:45,Leeds United,2–0,Derby County,34668,Elland Road,Andrew Davies,/en/matches/c9da7b0d/Leeds-United-Derby-County-January-11-2019-Championship,,c9da7b0d
ENG-Championship,1819,2019-01-12 Birmingham City-Middlesbrough,Championship,27,Sat,2019-01-12,15:00,Birmingham City,1–2,Middlesbrough,21420,St Andrew's Trillion Trophy Stadium,Graham Scott,/en/matches/044302c9/Birmingham-City-Middlesbrough-January-12-2019-Championship,,044302c9
ENG-Championship,1819,2019-01-12 Brentford-Stoke City,Championship,27,Sat,2019-01-12,15:00,Brentford,3–1,Stoke City,9439,Griffin Park,Tim Robinson,/en/matches/e94bd9b5/Brentford-Stoke-City-January-12-2019-Championship,,e94bd9b5
ENG-Championship,1819,2019-01-12 Bristol City-Bolton Wanderers,Championship,27,Sat,2019-01-12,15:00,Bristol City,2–1,Bolton Wanderers,19730,Ashton Gate Stadium,Steve Martin,/en/matches/99a1b25b/Bristol-City-Bolton-Wanderers-January-12-2019-Championship,,99a1b25b
ENG-Championship,1819,2019-01-12 Hull City-Sheffield Weds,Championship,27,Sat,2019-01-12,15:00,Hull City,3–0,Sheffield Weds,14102,Kingston Communications Stadium,Geoff Eltringham,/en/matches/7c5c4247/Hull-City-Sheffield-Wednesday-January-12-2019-Championship,,7c5c4247
ENG-Championship,1819,2019-01-12 Ipswich Town-Rotherham United,Championship,27,Sat,2019-01-12,15:00,Ipswich Town,1–0,Rotherham United,20893,Portman Road Stadium,James Linington,/en/matches/ada2172e/Ipswich-Town-Rotherham-United-January-12-2019-Championship,,ada2172e
ENG-Championship,1819,2019-01-12 Millwall-Blackburn Rovers,Championship,27,Sat,2019-01-12,17:30,Millwall,0–2,Blackburn Rovers,13862,The Den,Robert Jones,/en/matches/034c5190/Millwall-Blackburn-Rovers-January-12-2019-Championship,,034c5190
ENG-Championship,1819,2019-01-12 Preston North End-Swansea City,Championship,27,Sat,2019-01-12,15:00,Preston North End,1–1,Swansea City,11604,Deepdale Stadium,Keith Stroud,/en/matches/7bf348ff/Preston-North-End-Swansea-City-January-12-2019-Championship,,7bf348ff
ENG-Championship,1819,2019-01-12 Reading-Nottingham Forest,Championship,27,Sat,2019-01-12,15:00,Reading,2–0,Nottingham Forest,15034,Madejski Stadium,Oliver Langford,/en/matches/20b45a69/Reading-Nottingham-Forest-January-12-2019-Championship,,20b45a69
ENG-Championship,1819,2019-01-12 Sheffield United-QPR,Championship,27,Sat,2019-01-12,15:00,Sheffield United,1–0,QPR,25501,Bramall Lane,Andy Woolmer,/en/matches/ab297f62/Sheffield-United-Queens-Park-Rangers-January-12-2019-Championship,,ab297f62
ENG-Championship,1819,2019-01-12 West Brom-Norwich City,Championship,27,Sat,2019-01-12,15:00,West Brom,1–1,Norwich City,26544,The Hawthorns,Darren England,/en/matches/ce7e6856/West-Bromwich-Albion-Norwich-City-January-12-2019-Championship,,ce7e6856
ENG-Championship,1819,2019-01-12 Wigan Athletic-Aston Villa,Championship,27,Sat,2019-01-12,15:00,Wigan Athletic,3–0,Aston Villa,13882,The DW Stadium,Tony Harrington,/en/matches/2639dea0/Wigan-Athletic-Aston-Villa-January-12-2019-Championship,,2639dea0
ENG-Championship,1819,2019-01-18 Norwich City-Birmingham City,Championship,28,Fri,2019-01-18,19:45,Norwich City,3–1,Birmingham City,25932,Carrow Road,Tim Robinson,/en/matches/0b1730bc/Norwich-City-Birmingham-City-January-18-2019-Championship,,0b1730bc
ENG-Championship,1819,2019-01-19 Aston Villa-Hull City,Championship,28,Sat,2019-01-19,15:00,Aston Villa,2–2,Hull City,33619,Villa Park,Darren Bond,/en/matches/45e4004b/Aston-Villa-Hull-City-January-19-2019-Championship,,45e4004b
ENG-Championship,1819,2019-01-19 Blackburn Rovers-Ipswich Town,Championship,28,Sat,2019-01-19,15:00,Blackburn Rovers,2–0,Ipswich Town,12762,Ewood Park,Darren England,/en/matches/cab9b95a/Blackburn-Rovers-Ipswich-Town-January-19-2019-Championship,,cab9b95a
ENG-Championship,1819,2019-01-19 Derby County-Reading,Championship,28,Sat,2019-01-19,15:00,Derby County,2–1,Reading,26404,iPro Stadium,Andy Woolmer,/en/matches/ea318896/Derby-County-Reading-January-19-2019-Championship,,ea318896
ENG-Championship,1819,2019-01-19 Middlesbrough-Millwall,Championship,28,Sat,2019-01-19,15:00,Middlesbrough,1–1,Millwall,21915,Riverside Stadium,Keith Stroud,/en/matches/3e636d8f/Middlesbrough-Millwall-January-19-2019-Championship,,3e636d8f
ENG-Championship,1819,2019-01-19 Nottingham Forest-Bristol City,Championship,28,Sat,2019-01-19,15:00,Nottingham Forest,0–1,Bristol City,28922,The City Ground,Jeremy Simpson,/en/matches/f8ab4f3c/Nottingham-Forest-Bristol-City-January-19-2019-Championship,,f8ab4f3c
ENG-Championship,1819,2019-01-19 QPR-Preston North End,Championship,28,Sat,2019-01-19,15:00,QPR,1–4,Preston North End,13736,Loftus Road Stadium,Andy Madley,/en/matches/870b66d5/Queens-Park-Rangers-Preston-North-End-January-19-2019-Championship,,870b66d5
ENG-Championship,1819,2019-01-19 Rotherham United-Brentford,Championship,28,Sat,2019-01-19,15:00,Rotherham United,2–4,Brentford,8319,New York Stadium,Tony Harrington,/en/matches/44fb2de7/Rotherham-United-Brentford-January-19-2019-Championship,,44fb2de7
ENG-Championship,1819,2019-01-19 Sheffield Weds-Wigan Athletic,Championship,28,Sat,2019-01-19,15:00,Sheffield Weds,1–0,Wigan Athletic,22323,Hillsborough Stadium,Peter Bankes,/en/matches/72178c79/Sheffield-Wednesday-Wigan-Athletic-January-19-2019-Championship,,72178c79
ENG-Championship,1819,2019-01-19 Stoke City-Leeds United,Championship,28,Sat,2019-01-19,15:00,Stoke City,2–1,Leeds United,28586,Bet365 Stadium,Gavin Ward,/en/matches/1c266ff4/Stoke-City-Leeds-United-January-19-2019-Championship,,1c266ff4
ENG-Championship,1819,2019-01-19 Swansea City-Sheffield United,Championship,28,Sat,2019-01-19,17:30,Swansea City,1–0,Sheffield United,18673,Liberty Stadium,John Brooks,/en/matches/a0d3284e/Swansea-City-Sheffield-United-January-19-2019-Championship,,a0d3284e
ENG-Championship,1819,2019-01-21 Bolton Wanderers-West Brom,Championship,28,Mon,2019-01-21,20:00,Bolton Wanderers,0–2,West Brom,14750,Macron Stadium,David Webb,/en/matches/d059e555/Bolton-Wanderers-West-Bromwich-Albion-January-21-2019-Championship,,d059e555
ENG-Championship,1819,2019-01-26 Aston Villa-Ipswich Town,Championship,29,Sat,2019-01-26,15:00,Aston Villa,2–1,Ipswich Town,33653,Villa Park,Keith Stroud,/en/matches/6e96de6a/Aston-Villa-Ipswich-Town-January-26-2019-Championship,,6e96de6a
ENG-Championship,1819,2019-01-26 Blackburn Rovers-Hull City,Championship,29,Sat,2019-01-26,15:00,Blackburn Rovers,3–0,Hull City,13589,Ewood Park,Jeremy Simpson,/en/matches/b2055a50/Blackburn-Rovers-Hull-City-January-26-2019-Championship,,b2055a50
ENG-Championship,1819,2019-01-26 Norwich City-Sheffield United,Championship,29,Sat,2019-01-26,15:00,Norwich City,2–2,Sheffield United,26844,Carrow Road,James Linington,/en/matches/f45a5693/Norwich-City-Sheffield-United-January-26-2019-Championship,,f45a5693
ENG-Championship,1819,2019-01-26 Nottingham Forest-Wigan Athletic,Championship,29,Sat,2019-01-26,15:00,Nottingham Forest,3–1,Wigan Athletic,28848,The City Ground,Alan Davies,/en/matches/fc5d8289/Nottingham-Forest-Wigan-Athletic-January-26-2019-Championship,,fc5d8289
ENG-Championship,1819,2019-01-26 Rotherham United-Leeds United,Championship,29,Sat,2019-01-26,15:00,Rotherham United,1–2,Leeds United,11259,New York Stadium,Tim Robinson,/en/matches/4f8e5a5a/Rotherham-United-Leeds-United-January-26-2019-Championship,,4f8e5a5a
ENG-Championship,1819,2019-01-26 Stoke City-Preston North End,Championship,29,Sat,2019-01-26,15:00,Stoke City,0–2,Preston North End,25053,Bet365 Stadium,Oliver Langford,/en/matches/cdf5e5cf/Stoke-City-Preston-North-End-January-26-2019-Championship,,cdf5e5cf
ENG-Championship,1819,2019-01-29 Bolton Wanderers-Reading,Championship,29,Tue,2019-01-29,20:00,Bolton Wanderers,1–1,Reading,12195,Macron Stadium,Axel Motiño,/en/matches/310f39b0/Bolton-Wanderers-Reading-January-29-2019-Championship,,310f39b0
ENG-Championship,1819,2019-01-29 Swansea City-Birmingham City,Championship,29,Tue,2019-01-29,19:45,Swansea City,3–3,Birmingham City,18194,Liberty Stadium,Steve Martin,/en/matches/f92df15e/Swansea-City-Birmingham-City-January-29-2019-Championship,,f92df15e
ENG-Championship,1819,2019-02-01 Preston North End-Derby County,Championship,30,Fri,2019-02-01,19:45,Preston North End,0–0,Derby County,12124,Deepdale Stadium,Darren Bond,/en/matches/4be215d4/Preston-North-End-Derby-County-February-1-2019-Championship,,4be215d4
ENG-Championship,1819,2019-02-02 Birmingham City-Nottingham Forest,Championship,30,Sat,2019-02-02,15:00,Birmingham City,2–0,Nottingham Forest,24235,St Andrew's Trillion Trophy Stadium,David Webb,/en/matches/9c10e973/Birmingham-City-Nottingham-Forest-February-2-2019-Championship,,9c10e973
ENG-Championship,1819,2019-02-02 Brentford-Blackburn Rovers,Championship,30,Sat,2019-02-02,15:00,Brentford,5–2,Blackburn Rovers,9972,Griffin Park,Andrew Davies,/en/matches/201f8e0a/Brentford-Blackburn-Rovers-February-2-2019-Championship,,201f8e0a
ENG-Championship,1819,2019-02-02 Bristol City-Swansea City,Championship,30,Sat,2019-02-02,15:00,Bristol City,2–0,Swansea City,23560,Ashton Gate Stadium,Andy Woolmer,/en/matches/3e03a6dc/Bristol-City-Swansea-City-February-2-2019-Championship,,3e03a6dc
ENG-Championship,1819,2019-02-02 Hull City-Stoke City,Championship,30,Sat,2019-02-02,15:00,Hull City,2–0,Stoke City,12776,Kingston Communications Stadium,Peter Bankes,/en/matches/56ae075f/Hull-City-Stoke-City-February-2-2019-Championship,,56ae075f
ENG-Championship,1819,2019-02-02 Ipswich Town-Sheffield Weds,Championship,30,Sat,2019-02-02,15:00,Ipswich Town,0–1,Sheffield Weds,16888,Portman Road Stadium,Oliver Langford,/en/matches/5eb0f7b2/Ipswich-Town-Sheffield-Wednesday-February-2-2019-Championship,,5eb0f7b2
ENG-Championship,1819,2019-02-02 Leeds United-Norwich City,Championship,30,Sat,2019-02-02,17:30,Leeds United,1–3,Norwich City,36524,Elland Road,Stuart Attwell,/en/matches/f30b8a1c/Leeds-United-Norwich-City-February-2-2019-Championship,,f30b8a1c
ENG-Championship,1819,2019-02-02 Millwall-Rotherham United,Championship,30,Sat,2019-02-02,15:00,Millwall,0–0,Rotherham United,12084,The Den,Andy Madley,/en/matches/997f41cb/Millwall-Rotherham-United-February-2-2019-Championship,,997f41cb
ENG-Championship,1819,2019-02-02 Reading-Aston Villa,Championship,30,Sat,2019-02-02,15:00,Reading,0–0,Aston Villa,17458,Madejski Stadium,Geoff Eltringham,/en/matches/f185fe09/Reading-Aston-Villa-February-2-2019-Championship,,f185fe09
ENG-Championship,1819,2019-02-02 Sheffield United-Bolton Wanderers,Championship,30,Sat,2019-02-02,15:00,Sheffield United,2–0,Bolton Wanderers,26131,Bramall Lane,Keith Stroud,/en/matches/0c6650b0/Sheffield-United-Bolton-Wanderers-February-2-2019-Championship,,0c6650b0
ENG-Championship,1819,2019-02-02 West Brom-Middlesbrough,Championship,30,Sat,2019-02-02,15:00,West Brom,2–3,Middlesbrough,24863,The Hawthorns,Tim Robinson,/en/matches/75ef4d4e/West-Bromwich-Albion-Middlesbrough-February-2-2019-Championship,,75ef4d4e
ENG-Championship,1819,2019-02-02 Wigan Athletic-QPR,Championship,30,Sat,2019-02-02,15:00,Wigan Athletic,2–1,QPR,9799,The DW Stadium,Axel Motiño,/en/matches/cc011495/Wigan-Athletic-Queens-Park-Rangers-February-2-2019-Championship,,cc011495
ENG-Championship,1819,2019-02-08 Aston Villa-Sheffield United,Championship,31,Fri,2019-02-08,19:45,Aston Villa,3–3,Sheffield United,34892,Villa Park,Tony Harrington,/en/matches/b33af0fa/Aston-Villa-Sheffield-United-February-8-2019-Championship,,b33af0fa
ENG-Championship,1819,2019-02-09 Blackburn Rovers-Bristol City,Championship,31,Sat,2019-02-09,15:00,Blackburn Rovers,0–1,Bristol City,13593,Ewood Park,James Linington,/en/matches/b03b8c5c/Blackburn-Rovers-Bristol-City-February-9-2019-Championship,,b03b8c5c
ENG-Championship,1819,2019-02-09 Bolton Wanderers-Preston North End,Championship,31,Sat,2019-02-09,15:00,Bolton Wanderers,1–2,Preston North End,17381,Macron Stadium,Andy Madley,/en/matches/50def28f/Bolton-Wanderers-Preston-North-End-February-9-2019-Championship,,50def28f
ENG-Championship,1819,2019-02-09 Derby County-Hull City,Championship,31,Sat,2019-02-09,15:00,Derby County,2–0,Hull City,28211,iPro Stadium,Gavin Ward,/en/matches/73390b4b/Derby-County-Hull-City-February-9-2019-Championship,,73390b4b
ENG-Championship,1819,2019-02-09 Middlesbrough-Leeds United,Championship,31,Sat,2019-02-09,13:00,Middlesbrough,1–1,Leeds United,30881,Riverside Stadium,Darren England,/en/matches/ecdf7267/Middlesbrough-Leeds-United-February-9-2019-Championship,,ecdf7267
ENG-Championship,1819,2019-02-09 Nottingham Forest-Brentford,Championship,31,Sat,2019-02-09,15:00,Nottingham Forest,2–1,Brentford,27829,The City Ground,Robert Jones,/en/matches/18e216f1/Nottingham-Forest-Brentford-February-9-2019-Championship,,18e216f1
ENG-Championship,1819,2019-02-09 QPR-Birmingham City,Championship,31,Sat,2019-02-09,15:00,QPR,3–4,Birmingham City,14234,Loftus Road Stadium,Darren Bond,/en/matches/99e7ac4c/Queens-Park-Rangers-Birmingham-City-February-9-2019-Championship,,99e7ac4c
ENG-Championship,1819,2019-02-09 Rotherham United-Wigan Athletic,Championship,31,Sat,2019-02-09,15:00,Rotherham United,1–1,Wigan Athletic,9611,New York Stadium,Oliver Langford,/en/matches/e2a4bb1e/Rotherham-United-Wigan-Athletic-February-9-2019-Championship,,e2a4bb1e
ENG-Championship,1819,2019-02-09 Sheffield Weds-Reading,Championship,31,Sat,2019-02-09,15:00,Sheffield Weds,0–0,Reading,23412,Hillsborough Stadium,John Brooks,/en/matches/50fa4616/Sheffield-Wednesday-Reading-February-9-2019-Championship,,50fa4616
ENG-Championship,1819,2019-02-09 Stoke City-West Brom,Championship,31,Sat,2019-02-09,17:30,Stoke City,0–1,West Brom,26828,Bet365 Stadium,Jeremy Simpson,/en/matches/5284430f/Stoke-City-West-Bromwich-Albion-February-9-2019-Championship,,5284430f
ENG-Championship,1819,2019-02-09 Swansea City-Millwall,Championship,31,Sat,2019-02-09,15:00,Swansea City,1–0,Millwall,18650,Liberty Stadium,Kevin Friend,/en/matches/645786aa/Swansea-City-Millwall-February-9-2019-Championship,,645786aa
ENG-Championship,1819,2019-02-10 Norwich City-Ipswich Town,Championship,31,Sun,2019-02-10,12:00,Norwich City,3–0,Ipswich Town,27040,Carrow Road,Peter Bankes,/en/matches/41e45230/Norwich-City-Ipswich-Town-February-10-2019-Championship,,41e45230
ENG-Championship,1819,2019-02-12 Birmingham City-Bolton Wanderers,Championship,32,Tue,2019-02-12,19:45,Birmingham City,0–1,Bolton Wanderers,21682,St Andrew's Trillion Trophy Stadium,Andrew Davies,/en/matches/976cf5d1/Birmingham-City-Bolton-Wanderers-February-12-2019-Championship,,976cf5d1
ENG-Championship,1819,2019-02-12 Bristol City-QPR,Championship,32,Tue,2019-02-12,19:45,Bristol City,2–1,QPR,19183,Ashton Gate Stadium,Tony Harrington,/en/matches/e7074827/Bristol-City-Queens-Park-Rangers-February-12-2019-Championship,,e7074827
ENG-Championship,1819,2019-02-12 Hull City-Rotherham United,Championship,32,Tue,2019-02-12,19:45,Hull City,2–2,Rotherham United,10785,Kingston Communications Stadium,Axel Motiño,/en/matches/da003193/Hull-City-Rotherham-United-February-12-2019-Championship,,da003193
ENG-Championship,1819,2019-02-12 Millwall-Sheffield Weds,Championship,32,Tue,2019-02-12,19:45,Millwall,0–0,Sheffield Weds,11828,The Den,Tim Robinson,/en/matches/f663b774/Millwall-Sheffield-Wednesday-February-12-2019-Championship,,f663b774
ENG-Championship,1819,2019-02-12 West Brom-Nottingham Forest,Championship,32,Tue,2019-02-12,20:00,West Brom,2–2,Nottingham Forest,22691,The Hawthorns,Lee Mason,/en/matches/41304fbe/West-Bromwich-Albion-Nottingham-Forest-February-12-2019-Championship,,41304fbe
ENG-Championship,1819,2019-02-13 Brentford-Aston Villa,Championship,32,Wed,2019-02-13,19:45,Brentford,1–0,Aston Villa,9636,Griffin Park,Gavin Ward,/en/matches/53a0e174/Brentford-Aston-Villa-February-13-2019-Championship,,53a0e174
ENG-Championship,1819,2019-02-13 Ipswich Town-Derby County,Championship,32,Wed,2019-02-13,19:45,Ipswich Town,1–1,Derby County,18604,Portman Road Stadium,Andy Madley,/en/matches/00c0fb19/Ipswich-Town-Derby-County-February-13-2019-Championship,,00c0fb19
ENG-Championship,1819,2019-02-13 Leeds United-Swansea City,Championship,32,Wed,2019-02-13,19:45,Leeds United,2–1,Swansea City,34044,Elland Road,David Webb,/en/matches/6140ef50/Leeds-United-Swansea-City-February-13-2019-Championship,,6140ef50
ENG-Championship,1819,2019-02-13 Preston North End-Norwich City,Championship,32,Wed,2019-02-13,19:45,Preston North End,3–1,Norwich City,11280,Deepdale Stadium,Geoff Eltringham,/en/matches/a9269921/Preston-North-End-Norwich-City-February-13-2019-Championship,,a9269921
ENG-Championship,1819,2019-02-13 Reading-Blackburn Rovers,Championship,32,Wed,2019-02-13,20:00,Reading,2–1,Blackburn Rovers,11271,Madejski Stadium,Steve Martin,/en/matches/48402cb7/Reading-Blackburn-Rovers-February-13-2019-Championship,,48402cb7
ENG-Championship,1819,2019-02-13 Sheffield United-Middlesbrough,Championship,32,Wed,2019-02-13,19:45,Sheffield United,1–0,Middlesbrough,24805,Bramall Lane,Andy Woolmer,/en/matches/727537bf/Sheffield-United-Middlesbrough-February-13-2019-Championship,,727537bf
ENG-Championship,1819,2019-02-13 Wigan Athletic-Stoke City,Championship,32,Wed,2019-02-13,19:45,Wigan Athletic,0–0,Stoke City,9914,The DW Stadium,Keith Stroud,/en/matches/373dcb03/Wigan-Athletic-Stoke-City-February-13-2019-Championship,,373dcb03
ENG-Championship,1819,2019-02-16 Aston Villa-West Brom,Championship,33,Sat,2019-02-16,15:00,Aston Villa,0–2,West Brom,39263,Villa Park,James Linington,/en/matches/215437d0/Aston-Villa-West-Bromwich-Albion-February-16-2019-Championship,,215437d0
ENG-Championship,1819,2019-02-16 Bolton Wanderers-Norwich City,Championship,33,Sat,2019-02-16,15:00,Bolton Wanderers,0–4,Norwich City,14006,Macron Stadium,Andy Woolmer,/en/matches/877e2df5/Bolton-Wanderers-Norwich-City-February-16-2019-Championship,,877e2df5
ENG-Championship,1819,2019-02-16 Ipswich Town-Stoke City,Championship,33,Sat,2019-02-16,15:00,Ipswich Town,1–1,Stoke City,15924,Portman Road Stadium,Axel Motiño,/en/matches/2357b4ec/Ipswich-Town-Stoke-City-February-16-2019-Championship,,2357b4ec
ENG-Championship,1819,2019-02-16 Preston North End-Nottingham Forest,Championship,33,Sat,2019-02-16,15:00,Preston North End,0–0,Nottingham Forest,13904,Deepdale Stadium,Tim Robinson,/en/matches/d83a6aad/Preston-North-End-Nottingham-Forest-February-16-2019-Championship,,d83a6aad
ENG-Championship,1819,2019-02-16 Rotherham United-Sheffield Weds,Championship,33,Sat,2019-02-16,13:00,Rotherham United,2–2,Sheffield Weds,11736,New York Stadium,Darren England,/en/matches/1c219eca/Rotherham-United-Sheffield-Wednesday-February-16-2019-Championship,,1c219eca
ENG-Championship,1819,2019-02-16 Sheffield United-Reading,Championship,33,Sat,2019-02-16,15:00,Sheffield United,4–0,Reading,26513,Bramall Lane,Robert Jones,/en/matches/380052a3/Sheffield-United-Reading-February-16-2019-Championship,,380052a3
ENG-Championship,1819,2019-02-17 Blackburn Rovers-Middlesbrough,Championship,33,Sun,2019-02-17,13:00,Blackburn Rovers,0–1,Middlesbrough,13249,Ewood Park,Darren Bond,/en/matches/f70da811/Blackburn-Rovers-Middlesbrough-February-17-2019-Championship,,f70da811
ENG-Championship,1819,2019-02-19 QPR-West Brom,Championship,29,Tue,2019-02-19,19:45,QPR,2–3,West Brom,12257,Loftus Road Stadium,John Brooks,/en/matches/9c7555bd/Queens-Park-Rangers-West-Bromwich-Albion-February-19-2019-Championship,,9c7555bd
ENG-Championship,1819,2019-02-20 Derby County-Millwall,Championship,29,Wed,2019-02-20,19:45,Derby County,0–1,Millwall,24907,iPro Stadium,James Linington,/en/matches/d69a4746/Derby-County-Millwall-February-20-2019-Championship,,d69a4746
ENG-Championship,1819,2019-02-23 Birmingham City-Blackburn Rovers,Championship,34,Sat,2019-02-23,15:00,Birmingham City,2–2,Blackburn Rovers,21869,St Andrew's Trillion Trophy Stadium,Peter Bankes,/en/matches/8b502dd5/Birmingham-City-Blackburn-Rovers-February-23-2019-Championship,,8b502dd5
ENG-Championship,1819,2019-02-23 Brentford-Hull City,Championship,34,Sat,2019-02-23,15:00,Brentford,5–1,Hull City,9675,Griffin Park,Tim Robinson,/en/matches/c3be6bea/Brentford-Hull-City-February-23-2019-Championship,,c3be6bea
ENG-Championship,1819,2019-02-23 Leeds United-Bolton Wanderers,Championship,34,Sat,2019-02-23,15:00,Leeds United,2–1,Bolton Wanderers,34144,Elland Road,Tony Harrington,/en/matches/b8550035/Leeds-United-Bolton-Wanderers-February-23-2019-Championship,,b8550035
ENG-Championship,1819,2019-02-23 Middlesbrough-QPR,Championship,34,Sat,2019-02-23,15:00,Middlesbrough,2–0,QPR,22338,Riverside Stadium,Andy Madley,/en/matches/c41a8ff3/Middlesbrough-Queens-Park-Rangers-February-23-2019-Championship,,c41a8ff3
ENG-Championship,1819,2019-02-23 Millwall-Preston North End,Championship,34,Sat,2019-02-23,15:00,Millwall,1–3,Preston North End,13265,The Den,Steve Martin,/en/matches/2a5fb05d/Millwall-Preston-North-End-February-23-2019-Championship,,2a5fb05d
ENG-Championship,1819,2019-02-23 Norwich City-Bristol City,Championship,34,Sat,2019-02-23,15:00,Norwich City,3–2,Bristol City,26338,Carrow Road,Gavin Ward,/en/matches/32c42cbd/Norwich-City-Bristol-City-February-23-2019-Championship,,32c42cbd
ENG-Championship,1819,2019-02-23 Reading-Rotherham United,Championship,34,Sat,2019-02-23,15:00,Reading,1–1,Rotherham United,15958,Madejski Stadium,Jeremy Simpson,/en/matches/904237e8/Reading-Rotherham-United-February-23-2019-Championship,,904237e8
ENG-Championship,1819,2019-02-23 Sheffield Weds-Swansea City,Championship,34,Sat,2019-02-23,15:00,Sheffield Weds,3–1,Swansea City,22935,Hillsborough Stadium,Geoff Eltringham,/en/matches/795213cb/Sheffield-Wednesday-Swansea-City-February-23-2019-Championship,,795213cb
ENG-Championship,1819,2019-02-23 Stoke City-Aston Villa,Championship,34,Sat,2019-02-23,15:00,Stoke City,1–1,Aston Villa,27975,Bet365 Stadium,David Webb,/en/matches/48e28cb4/Stoke-City-Aston-Villa-February-23-2019-Championship,,48e28cb4
ENG-Championship,1819,2019-02-23 West Brom-Sheffield United,Championship,34,Sat,2019-02-23,17:30,West Brom,0–1,Sheffield United,24928,The Hawthorns,Oliver Langford,/en/matches/f324197a/West-Bromwich-Albion-Sheffield-United-February-23-2019-Championship,,f324197a
ENG-Championship,1819,2019-02-23 Wigan Athletic-Ipswich Town,Championship,34,Sat,2019-02-23,15:00,Wigan Athletic,1–1,Ipswich Town,10835,The DW Stadium,Lee Probert,/en/matches/01b74c48/Wigan-Athletic-Ipswich-Town-February-23-2019-Championship,,01b74c48
ENG-Championship,1819,2019-02-25 Nottingham Forest-Derby County,Championship,34,Mon,2019-02-25,19:45,Nottingham Forest,1–0,Derby County,29421,The City Ground,Robert Jones,/en/matches/69580c14/Nottingham-Forest-Derby-County-February-25-2019-Championship,,69580c14
ENG-Championship,1819,2019-02-26 Bristol City-Birmingham City,Championship,33,Tue,2019-02-26,19:45,Bristol City,1–2,Birmingham City,19777,Ashton Gate Stadium,Geoff Eltringham,/en/matches/1c09a40e/Bristol-City-Birmingham-City-February-26-2019-Championship,,1c09a40e
ENG-Championship,1819,2019-02-26 Hull City-Millwall,Championship,33,Tue,2019-02-26,19:45,Hull City,2–1,Millwall,10191,Kingston Communications Stadium,Darren Bond,/en/matches/e9bc6d41/Hull-City-Millwall-February-26-2019-Championship,,e9bc6d41
ENG-Championship,1819,2019-02-26 QPR-Leeds United,Championship,33,Tue,2019-02-26,19:45,QPR,1–0,Leeds United,14763,Loftus Road Stadium,Andrew Davies,/en/matches/9cabfd80/Queens-Park-Rangers-Leeds-United-February-26-2019-Championship,,9cabfd80
ENG-Championship,1819,2019-02-26 Sheffield Weds-Brentford,Championship,29,Tue,2019-02-26,19:45,Sheffield Weds,2–0,Brentford,23094,Hillsborough Stadium,Axel Motiño,/en/matches/cb713665/Sheffield-Wednesday-Brentford-February-26-2019-Championship,,cb713665
ENG-Championship,1819,2019-03-01 Leeds United-West Brom,Championship,35,Fri,2019-03-01,19:45,Leeds United,4–0,West Brom,35888,Elland Road,Tim Robinson,/en/matches/798ac583/Leeds-United-West-Bromwich-Albion-March-1-2019-Championship,,798ac583
ENG-Championship,1819,2019-03-02 Aston Villa-Derby County,Championship,35,Sat,2019-03-02,15:00,Aston Villa,4–0,Derby County,37273,Villa Park,Lee Mason,/en/matches/f9de8e3a/Aston-Villa-Derby-County-March-2-2019-Championship,,f9de8e3a
ENG-Championship,1819,2019-03-02 Brentford-QPR,Championship,35,Sat,2019-03-02,15:00,Brentford,3–0,QPR,11771,Griffin Park,Keith Stroud,/en/matches/944e0640/Brentford-Queens-Park-Rangers-March-2-2019-Championship,,944e0640
ENG-Championship,1819,2019-03-02 Hull City-Birmingham City,Championship,35,Sat,2019-03-02,15:00,Hull City,2–0,Birmingham City,12551,Kingston Communications Stadium,Tony Harrington,/en/matches/e87f5ea7/Hull-City-Birmingham-City-March-2-2019-Championship,,e87f5ea7
ENG-Championship,1819,2019-03-02 Ipswich Town-Reading,Championship,35,Sat,2019-03-02,15:00,Ipswich Town,1–2,Reading,23009,Portman Road Stadium,Geoff Eltringham,/en/matches/18626ff1/Ipswich-Town-Reading-March-2-2019-Championship,,18626ff1
ENG-Championship,1819,2019-03-02 Millwall-Norwich City,Championship,35,Sat,2019-03-02,15:00,Millwall,1–3,Norwich City,16748,The Den,David Webb,/en/matches/a43793f2/Millwall-Norwich-City-March-2-2019-Championship,,a43793f2
ENG-Championship,1819,2019-03-02 Preston North End-Bristol City,Championship,35,Sat,2019-03-02,15:00,Preston North End,1–1,Bristol City,12863,Deepdale Stadium,Jeremy Simpson,/en/matches/b36e4c4f/Preston-North-End-Bristol-City-March-2-2019-Championship,,b36e4c4f
ENG-Championship,1819,2019-03-02 Rotherham United-Blackburn Rovers,Championship,35,Sat,2019-03-02,15:00,Rotherham United,3–2,Blackburn Rovers,9663,New York Stadium,John Brooks,/en/matches/14bb2b55/Rotherham-United-Blackburn-Rovers-March-2-2019-Championship,,14bb2b55
ENG-Championship,1819,2019-03-02 Stoke City-Nottingham Forest,Championship,35,Sat,2019-03-02,15:00,Stoke City,2–0,Nottingham Forest,26736,Bet365 Stadium,Roger East,/en/matches/fa61cd45/Stoke-City-Nottingham-Forest-March-2-2019-Championship,,fa61cd45
ENG-Championship,1819,2019-03-02 Swansea City-Bolton Wanderers,Championship,35,Sat,2019-03-02,15:00,Swansea City,2–0,Bolton Wanderers,17880,Liberty Stadium,Gavin Ward,/en/matches/9e0b64b3/Swansea-City-Bolton-Wanderers-March-2-2019-Championship,,9e0b64b3
ENG-Championship,1819,2019-03-02 Wigan Athletic-Middlesbrough,Championship,35,Sat,2019-03-02,15:00,Wigan Athletic,0–0,Middlesbrough,12726,The DW Stadium,Steve Martin,/en/matches/21c45951/Wigan-Athletic-Middlesbrough-March-2-2019-Championship,,21c45951
ENG-Championship,1819,2019-03-04 Sheffield Weds-Sheffield United,Championship,35,Mon,2019-03-04,19:45,Sheffield Weds,0–0,Sheffield United,31630,Hillsborough Stadium,Peter Bankes,/en/matches/afaba52a/Sheffield-Wednesday-Sheffield-United-March-4-2019-Championship,,afaba52a
ENG-Championship,1819,2019-03-05 Derby County-Wigan Athletic,Championship,33,Tue,2019-03-05,19:45,Derby County,2–1,Wigan Athletic,23655,iPro Stadium,Néstor Pitana,/en/matches/90d39e62/Derby-County-Wigan-Athletic-March-5-2019-Championship,,90d39e62
ENG-Championship,1819,2019-03-08 Norwich City-Swansea City,Championship,36,Fri,2019-03-08,19:45,Norwich City,1–0,Swansea City,26360,Carrow Road,Robert Jones,/en/matches/e6f96319/Norwich-City-Swansea-City-March-8-2019-Championship,,e6f96319
ENG-Championship,1819,2019-03-09 Blackburn Rovers-Preston North End,Championship,36,Sat,2019-03-09,12:00,Blackburn Rovers,0–1,Preston North End,21577,Ewood Park,Oliver Langford,/en/matches/ee17fd59/Blackburn-Rovers-Preston-North-End-March-9-2019-Championship,,ee17fd59
ENG-Championship,1819,2019-03-09 Bolton Wanderers-Millwall,Championship,36,Sat,2019-03-09,15:00,Bolton Wanderers,2–1,Millwall,13035,Macron Stadium,Simon Hooper,/en/matches/bb1982dc/Bolton-Wanderers-Millwall-March-9-2019-Championship,,bb1982dc
ENG-Championship,1819,2019-03-09 Bristol City-Leeds United,Championship,36,Sat,2019-03-09,15:00,Bristol City,0–1,Leeds United,24832,Ashton Gate Stadium,Peter Bankes,/en/matches/ad9e3e30/Bristol-City-Leeds-United-March-9-2019-Championship,,ad9e3e30
ENG-Championship,1819,2019-03-09 Derby County-Sheffield Weds,Championship,36,Sat,2019-03-09,15:00,Derby County,1–1,Sheffield Weds,28574,iPro Stadium,Keith Stroud,/en/matches/09922cf9/Derby-County-Sheffield-Wednesday-March-9-2019-Championship,,09922cf9
ENG-Championship,1819,2019-03-09 Middlesbrough-Brentford,Championship,36,Sat,2019-03-09,15:00,Middlesbrough,1–2,Brentford,22069,Riverside Stadium,Jeremy Simpson,/en/matches/1406f6e6/Middlesbrough-Brentford-March-9-2019-Championship,,1406f6e6
ENG-Championship,1819,2019-03-09 Nottingham Forest-Hull City,Championship,36,Sat,2019-03-09,15:00,Nottingham Forest,3–0,Hull City,29397,The City Ground,James Linington,/en/matches/847e6d66/Nottingham-Forest-Hull-City-March-9-2019-Championship,,847e6d66
ENG-Championship,1819,2019-03-09 QPR-Stoke City,Championship,36,Sat,2019-03-09,15:00,QPR,0–0,Stoke City,14954,Loftus Road Stadium,Gavin Ward,/en/matches/2834620b/Queens-Park-Rangers-Stoke-City-March-9-2019-Championship,,2834620b
ENG-Championship,1819,2019-03-09 Reading-Wigan Athletic,Championship,36,Sat,2019-03-09,15:00,Reading,3–2,Wigan Athletic,15401,Madejski Stadium,Andrew Davies,/en/matches/a0aaeeb2/Reading-Wigan-Athletic-March-9-2019-Championship,,a0aaeeb2
ENG-Championship,1819,2019-03-09 Sheffield United-Rotherham United,Championship,36,Sat,2019-03-09,12:15,Sheffield United,2–0,Rotherham United,27402,Bramall Lane,Geoff Eltringham,/en/matches/d7323c12/Sheffield-United-Rotherham-United-March-9-2019-Championship,,d7323c12
ENG-Championship,1819,2019-03-09 West Brom-Ipswich Town,Championship,36,Sat,2019-03-09,15:00,West Brom,1–1,Ipswich Town,23973,The Hawthorns,Andy Woolmer,/en/matches/e7227bce/West-Bromwich-Albion-Ipswich-Town-March-9-2019-Championship,,e7227bce
ENG-Championship,1819,2019-03-10 Birmingham City-Aston Villa,Championship,36,Sun,2019-03-10,12:00,Birmingham City,0–1,Aston Villa,26631,St Andrew's Trillion Trophy Stadium,Tim Robinson,/en/matches/2119bcc5/Birmingham-City-Aston-Villa-March-10-2019-Championship,,2119bcc5
ENG-Championship,1819,2019-03-12 Blackburn Rovers-Wigan Athletic,Championship,37,Tue,2019-03-12,19:45,Blackburn Rovers,3–0,Wigan Athletic,12763,Ewood Park,Chris Kavanagh,/en/matches/488c9ff3/Blackburn-Rovers-Wigan-Athletic-March-12-2019-Championship,,488c9ff3
ENG-Championship,1819,2019-03-12 Bolton Wanderers-Sheffield Weds,Championship,37,Tue,2019-03-12,20:00,Bolton Wanderers,0–2,Sheffield Weds,13624,Macron Stadium,Steve Martin,/en/matches/7e848ce5/Bolton-Wanderers-Sheffield-Wednesday-March-12-2019-Championship,,7e848ce5
ENG-Championship,1819,2019-03-12 Bristol City-Ipswich Town,Championship,37,Tue,2019-03-12,19:45,Bristol City,1–1,Ipswich Town,18411,Ashton Gate Stadium,Darren Bond,/en/matches/cf9f1f29/Bristol-City-Ipswich-Town-March-12-2019-Championship,,cf9f1f29
ENG-Championship,1819,2019-03-12 Reading-Leeds United,Championship,37,Tue,2019-03-12,20:00,Reading,0–3,Leeds United,17101,Madejski Stadium,Gavin Ward,/en/matches/cbfef559/Reading-Leeds-United-March-12-2019-Championship,,cbfef559
ENG-Championship,1819,2019-03-12 Sheffield United-Brentford,Championship,37,Tue,2019-03-12,19:45,Sheffield United,2–0,Brentford,24463,Bramall Lane,Tony Harrington,/en/matches/92f4e783/Sheffield-United-Brentford-March-12-2019-Championship,,92f4e783
ENG-Championship,1819,2019-03-13 Birmingham City-Millwall,Championship,37,Wed,2019-03-13,19:45,Birmingham City,0–2,Millwall,20151,St Andrew's Trillion Trophy Stadium,John Brooks,/en/matches/25cbd52b/Birmingham-City-Millwall-March-13-2019-Championship,,25cbd52b
ENG-Championship,1819,2019-03-13 Derby County-Stoke City,Championship,37,Wed,2019-03-13,19:45,Derby County,0–0,Stoke City,25685,iPro Stadium,Oliver Langford,/en/matches/6d29992a/Derby-County-Stoke-City-March-13-2019-Championship,,6d29992a
ENG-Championship,1819,2019-03-13 Middlesbrough-Preston North End,Championship,37,Wed,2019-03-13,19:45,Middlesbrough,1–2,Preston North End,21088,Riverside Stadium,Keith Stroud,/en/matches/67f06fb2/Middlesbrough-Preston-North-End-March-13-2019-Championship,,67f06fb2
ENG-Championship,1819,2019-03-13 Norwich City-Hull City,Championship,37,Wed,2019-03-13,19:45,Norwich City,3–2,Hull City,25879,Carrow Road,Andy Madley,/en/matches/96d850f1/Norwich-City-Hull-City-March-13-2019-Championship,,96d850f1
ENG-Championship,1819,2019-03-13 Nottingham Forest-Aston Villa,Championship,37,Wed,2019-03-13,19:45,Nottingham Forest,1–3,Aston Villa,29224,The City Ground,Mike Dean,/en/matches/9f52c140/Nottingham-Forest-Aston-Villa-March-13-2019-Championship,,9f52c140
ENG-Championship,1819,2019-03-13 QPR-Rotherham United,Championship,37,Wed,2019-03-13,19:45,QPR,1–2,Rotherham United,10854,Loftus Road Stadium,David Webb,/en/matches/d179ff03/Queens-Park-Rangers-Rotherham-United-March-13-2019-Championship,,d179ff03
ENG-Championship,1819,2019-03-13 West Brom-Swansea City,Championship,37,Wed,2019-03-13,20:00,West Brom,3–0,Swansea City,20282,The Hawthorns,Axel Motiño,/en/matches/9d7497bd/West-Bromwich-Albion-Swansea-City-March-13-2019-Championship,,9d7497bd
ENG-Championship,1819,2019-03-16 Aston Villa-Middlesbrough,Championship,38,Sat,2019-03-16,15:00,Aston Villa,3–0,Middlesbrough,36263,Villa Park,Darren Bond,/en/matches/1fafef17/Aston-Villa-Middlesbrough-March-16-2019-Championship,,1fafef17
ENG-Championship,1819,2019-03-16 Brentford-West Brom,Championship,38,Sat,2019-03-16,15:00,Brentford,0–1,West Brom,11488,Griffin Park,Andy Madley,/en/matches/10f19453/Brentford-West-Bromwich-Albion-March-16-2019-Championship,,10f19453
ENG-Championship,1819,2019-03-16 Hull City-QPR,Championship,38,Sat,2019-03-16,15:00,Hull City,2–2,QPR,11227,Kingston Communications Stadium,Steve Martin,/en/matches/e83b7230/Hull-City-Queens-Park-Rangers-March-16-2019-Championship,,e83b7230
ENG-Championship,1819,2019-03-16 Ipswich Town-Nottingham Forest,Championship,38,Sat,2019-03-16,15:00,Ipswich Town,1–1,Nottingham Forest,16709,Portman Road Stadium,Keith Stroud,/en/matches/f6ffdb2f/Ipswich-Town-Nottingham-Forest-March-16-2019-Championship,,f6ffdb2f
ENG-Championship,1819,2019-03-16 Leeds United-Sheffield United,Championship,38,Sat,2019-03-16,12:30,Leeds United,0–1,Sheffield United,37004,Elland Road,David Coote,/en/matches/f655ea55/Leeds-United-Sheffield-United-March-16-2019-Championship,,f655ea55
ENG-Championship,1819,2019-03-16 Preston North End-Birmingham City,Championship,38,Sat,2019-03-16,15:00,Preston North End,1–0,Birmingham City,17509,Deepdale Stadium,Axel Motiño,/en/matches/5ff81f5b/Preston-North-End-Birmingham-City-March-16-2019-Championship,,5ff81f5b
ENG-Championship,1819,2019-03-16 Rotherham United-Norwich City,Championship,38,Sat,2019-03-16,15:00,Rotherham United,1–2,Norwich City,11026,New York Stadium,Oliver Langford,/en/matches/efd56ae4/Rotherham-United-Norwich-City-March-16-2019-Championship,,efd56ae4
ENG-Championship,1819,2019-03-16 Sheffield Weds-Blackburn Rovers,Championship,38,Sat,2019-03-16,15:00,Sheffield Weds,4–2,Blackburn Rovers,24608,Hillsborough Stadium,James Linington,/en/matches/50f0833c/Sheffield-Wednesday-Blackburn-Rovers-March-16-2019-Championship,,50f0833c
ENG-Championship,1819,2019-03-16 Stoke City-Reading,Championship,38,Sat,2019-03-16,15:00,Stoke City,0–0,Reading,24368,Bet365 Stadium,Jeremy Simpson,/en/matches/bc7e8cde/Stoke-City-Reading-March-16-2019-Championship,,bc7e8cde
ENG-Championship,1819,2019-03-16 Wigan Athletic-Bolton Wanderers,Championship,38,Sat,2019-03-16,15:00,Wigan Athletic,5–2,Bolton Wanderers,13664,The DW Stadium,Robert Jones,/en/matches/7dcf7b37/Wigan-Athletic-Bolton-Wanderers-March-16-2019-Championship,,7dcf7b37
ENG-Championship,1819,2019-03-29 West Brom-Birmingham City,Championship,39,Fri,2019-03-29,20:00,West Brom,3–2,Birmingham City,24789,The Hawthorns,David Webb,/en/matches/6eab6b5e/West-Bromwich-Albion-Birmingham-City-March-29-2019-Championship,,6eab6b5e
ENG-Championship,1819,2019-03-30 Aston Villa-Blackburn Rovers,Championship,39,Sat,2019-03-30,15:00,Aston Villa,2–1,Blackburn Rovers,39687,Villa Park,Robert Jones,/en/matches/43dba411/Aston-Villa-Blackburn-Rovers-March-30-2019-Championship,,43dba411
ENG-Championship,1819,2019-03-30 Derby County-Rotherham United,Championship,39,Sat,2019-03-30,15:00,Derby County,6–1,Rotherham United,27003,iPro Stadium,Tim Robinson,/en/matches/4fa39c2b/Derby-County-Rotherham-United-March-30-2019-Championship,,4fa39c2b
ENG-Championship,1819,2019-03-30 Ipswich Town-Hull City,Championship,39,Sat,2019-03-30,15:00,Ipswich Town,0–2,Hull City,15720,Portman Road Stadium,John Brooks,/en/matches/f6b9547c/Ipswich-Town-Hull-City-March-30-2019-Championship,,f6b9547c
ENG-Championship,1819,2019-03-30 Leeds United-Millwall,Championship,39,Sat,2019-03-30,15:00,Leeds United,3–2,Millwall,34910,Elland Road,Darren Bond,/en/matches/a68fadb4/Leeds-United-Millwall-March-30-2019-Championship,,a68fadb4
ENG-Championship,1819,2019-03-30 Middlesbrough-Norwich City,Championship,39,Sat,2019-03-30,17:30,Middlesbrough,0–1,Norwich City,23795,Riverside Stadium,David Coote,/en/matches/6324ef16/Middlesbrough-Norwich-City-March-30-2019-Championship,,6324ef16
ENG-Championship,1819,2019-03-30 Nottingham Forest-Swansea City,Championship,39,Sat,2019-03-30,15:00,Nottingham Forest,2–1,Swansea City,28469,The City Ground,Jeremy Simpson,/en/matches/47343c52/Nottingham-Forest-Swansea-City-March-30-2019-Championship,,47343c52
ENG-Championship,1819,2019-03-30 QPR-Bolton Wanderers,Championship,39,Sat,2019-03-30,15:00,QPR,1–2,Bolton Wanderers,13603,Loftus Road Stadium,Geoff Eltringham,/en/matches/a3ff0c55/Queens-Park-Rangers-Bolton-Wanderers-March-30-2019-Championship,,a3ff0c55
ENG-Championship,1819,2019-03-30 Reading-Preston North End,Championship,39,Sat,2019-03-30,15:00,Reading,2–1,Preston North End,16771,Madejski Stadium,Tony Harrington,/en/matches/4c946e81/Reading-Preston-North-End-March-30-2019-Championship,,4c946e81
ENG-Championship,1819,2019-03-30 Sheffield United-Bristol City,Championship,39,Sat,2019-03-30,15:00,Sheffield United,2–3,Bristol City,30030,Bramall Lane,James Linington,/en/matches/f52df0c9/Sheffield-United-Bristol-City-March-30-2019-Championship,,f52df0c9
ENG-Championship,1819,2019-03-30 Stoke City-Sheffield Weds,Championship,39,Sat,2019-03-30,15:00,Stoke City,0–0,Sheffield Weds,26398,Bet365 Stadium,Andy Madley,/en/matches/dc955b7e/Stoke-City-Sheffield-Wednesday-March-30-2019-Championship,,dc955b7e
ENG-Championship,1819,2019-03-30 Wigan Athletic-Brentford,Championship,39,Sat,2019-03-30,15:00,Wigan Athletic,0–0,Brentford,9953,The DW Stadium,Andy Woolmer,/en/matches/4bc008d7/Wigan-Athletic-Brentford-March-30-2019-Championship,,4bc008d7
ENG-Championship,1819,2019-04-02 Middlesbrough-Bristol City,Championship,29,Tue,2019-04-02,19:45,Middlesbrough,0–1,Bristol City,21016,Riverside Stadium,Gavin Ward,/en/matches/d258651c/Middlesbrough-Bristol-City-April-2-2019-Championship,,d258651c
ENG-Championship,1819,2019-04-02 Swansea City-Brentford,Championship,33,Tue,2019-04-02,19:45,Swansea City,3–0,Brentford,17197,Liberty Stadium,Peter Bankes,/en/matches/430c9186/Swansea-City-Brentford-April-2-2019-Championship,,430c9186
ENG-Championship,1819,2019-04-06 Birmingham City-Leeds United,Championship,40,Sat,2019-04-06,15:00,Birmingham City,1–0,Leeds United,24197,St Andrew's Trillion Trophy Stadium,Mike Dean,/en/matches/c122d8c4/Birmingham-City-Leeds-United-April-6-2019-Championship,,c122d8c4
ENG-Championship,1819,2019-04-06 Blackburn Rovers-Stoke City,Championship,40,Sat,2019-04-06,15:00,Blackburn Rovers,0–1,Stoke City,17478,Ewood Park,Geoff Eltringham,/en/matches/3c1dbcc6/Blackburn-Rovers-Stoke-City-April-6-2019-Championship,,3c1dbcc6
ENG-Championship,1819,2019-04-06 Bolton Wanderers-Ipswich Town,Championship,40,Sat,2019-04-06,15:00,Bolton Wanderers,1–2,Ipswich Town,17811,Macron Stadium,Peter Bankes,/en/matches/813c9e02/Bolton-Wanderers-Ipswich-Town-April-6-2019-Championship,,813c9e02
ENG-Championship,1819,2019-04-06 Brentford-Derby County,Championship,40,Sat,2019-04-06,15:00,Brentford,3–3,Derby County,12225,Griffin Park,John Brooks,/en/matches/f02c76a7/Brentford-Derby-County-April-6-2019-Championship,,f02c76a7
ENG-Championship,1819,2019-04-06 Bristol City-Wigan Athletic,Championship,40,Sat,2019-04-06,15:00,Bristol City,2–2,Wigan Athletic,20931,Ashton Gate Stadium,Keith Stroud,/en/matches/3f4eed3a/Bristol-City-Wigan-Athletic-April-6-2019-Championship,,3f4eed3a
ENG-Championship,1819,2019-04-06 Hull City-Reading,Championship,40,Sat,2019-04-06,15:00,Hull City,3–1,Reading,11268,Kingston Communications Stadium,Tim Robinson,/en/matches/bd9911a1/Hull-City-Reading-April-6-2019-Championship,,bd9911a1
ENG-Championship,1819,2019-04-06 Millwall-West Brom,Championship,40,Sat,2019-04-06,15:00,Millwall,2–0,West Brom,15303,The Den,James Linington,/en/matches/e435ce79/Millwall-West-Bromwich-Albion-April-6-2019-Championship,,e435ce79
ENG-Championship,1819,2019-04-06 Norwich City-QPR,Championship,40,Sat,2019-04-06,12:30,Norwich City,4–0,QPR,26796,Carrow Road,Axel Motiño,/en/matches/61b0dcf8/Norwich-City-Queens-Park-Rangers-April-6-2019-Championship,,61b0dcf8
ENG-Championship,1819,2019-04-06 Preston North End-Sheffield United,Championship,40,Sat,2019-04-06,15:00,Preston North End,0–1,Sheffield United,18339,Deepdale Stadium,Gavin Ward,/en/matches/13625e7c/Preston-North-End-Sheffield-United-April-6-2019-Championship,,13625e7c
ENG-Championship,1819,2019-04-06 Rotherham United-Nottingham Forest,Championship,40,Sat,2019-04-06,15:00,Rotherham United,2–1,Nottingham Forest,11012,New York Stadium,Steve Martin,/en/matches/a483a7c0/Rotherham-United-Nottingham-Forest-April-6-2019-Championship,,a483a7c0
ENG-Championship,1819,2019-04-06 Sheffield Weds-Aston Villa,Championship,40,Sat,2019-04-06,15:00,Sheffield Weds,1–3,Aston Villa,29458,Hillsborough Stadium,Oliver Langford,/en/matches/5ebc0d00/Sheffield-Wednesday-Aston-Villa-April-6-2019-Championship,,5ebc0d00
ENG-Championship,1819,2019-04-06 Swansea City-Middlesbrough,Championship,40,Sat,2019-04-06,15:00,Swansea City,3–1,Middlesbrough,18171,Liberty Stadium,Andy Woolmer,/en/matches/f0683aa3/Swansea-City-Middlesbrough-April-6-2019-Championship,,f0683aa3
ENG-Championship,1819,2019-04-09 Blackburn Rovers-Derby County,Championship,41,Tue,2019-04-09,19:45,Blackburn Rovers,2–0,Derby County,12590,Ewood Park,Jeremy Simpson,/en/matches/964a4e30/Blackburn-Rovers-Derby-County-April-9-2019-Championship,,964a4e30
ENG-Championship,1819,2019-04-09 Bolton Wanderers-Middlesbrough,Championship,41,Tue,2019-04-09,20:00,Bolton Wanderers,0–2,Middlesbrough,12259,Macron Stadium,Steve Martin,/en/matches/25f1337b/Bolton-Wanderers-Middlesbrough-April-9-2019-Championship,,25f1337b
ENG-Championship,1819,2019-04-09 Bristol City-West Brom,Championship,41,Tue,2019-04-09,19:45,Bristol City,3–2,West Brom,20581,Ashton Gate Stadium,Simon Hooper,/en/matches/b209c488/Bristol-City-West-Bromwich-Albion-April-9-2019-Championship,,b209c488
ENG-Championship,1819,2019-04-09 Preston North End-Leeds United,Championship,41,Tue,2019-04-09,19:45,Preston North End,0–2,Leeds United,18019,Deepdale Stadium,Robert Jones,/en/matches/464102d7/Preston-North-End-Leeds-United-April-9-2019-Championship,,464102d7
ENG-Championship,1819,2019-04-09 Sheffield Weds-Nottingham Forest,Championship,41,Tue,2019-04-09,19:45,Sheffield Weds,3–0,Nottingham Forest,23931,Hillsborough Stadium,Lee Mason,/en/matches/e28068f7/Sheffield-Wednesday-Nottingham-Forest-April-9-2019-Championship,,e28068f7
ENG-Championship,1819,2019-04-09 Swansea City-Stoke City,Championship,41,Tue,2019-04-09,19:45,Swansea City,3–1,Stoke City,17804,Liberty Stadium,James Linington,/en/matches/c12668da/Swansea-City-Stoke-City-April-9-2019-Championship,,c12668da
ENG-Championship,1819,2019-04-10 Birmingham City-Sheffield United,Championship,41,Wed,2019-04-10,19:45,Birmingham City,1–1,Sheffield United,22351,St Andrew's Trillion Trophy Stadium,Darren Bond,/en/matches/c85d7f14/Birmingham-City-Sheffield-United-April-10-2019-Championship,,c85d7f14
ENG-Championship,1819,2019-04-10 Brentford-Ipswich Town,Championship,41,Wed,2019-04-10,19:45,Brentford,2–0,Ipswich Town,10039,Griffin Park,Andrew Davies,/en/matches/c4926830/Brentford-Ipswich-Town-April-10-2019-Championship,,c4926830
ENG-Championship,1819,2019-04-10 Hull City-Wigan Athletic,Championship,41,Wed,2019-04-10,19:45,Hull City,2–1,Wigan Athletic,10827,Kingston Communications Stadium,David Webb,/en/matches/4b2dcbe3/Hull-City-Wigan-Athletic-April-10-2019-Championship,,4b2dcbe3
ENG-Championship,1819,2019-04-10 Millwall-QPR,Championship,41,Wed,2019-04-10,19:45,Millwall,0–0,QPR,13132,The Den,John Brooks,/en/matches/852edc87/Millwall-Queens-Park-Rangers-April-10-2019-Championship,,852edc87
ENG-Championship,1819,2019-04-10 Norwich City-Reading,Championship,41,Wed,2019-04-10,19:45,Norwich City,2–2,Reading,26662,Carrow Road,Keith Stroud,/en/matches/5d357141/Norwich-City-Reading-April-10-2019-Championship,,5d357141
ENG-Championship,1819,2019-04-10 Rotherham United-Aston Villa,Championship,41,Wed,2019-04-10,19:45,Rotherham United,1–2,Aston Villa,10558,New York Stadium,Andy Madley,/en/matches/67c9b0bc/Rotherham-United-Aston-Villa-April-10-2019-Championship,,67c9b0bc
ENG-Championship,1819,2019-04-13 Aston Villa-Bristol City,Championship,42,Sat,2019-04-13,15:00,Aston Villa,2–1,Bristol City,41418,Villa Park,Axel Motiño,/en/matches/bf30bc7a/Aston-Villa-Bristol-City-April-13-2019-Championship,,bf30bc7a
ENG-Championship,1819,2019-04-13 Derby County-Bolton Wanderers,Championship,42,Sat,2019-04-13,15:00,Derby County,4–0,Bolton Wanderers,26602,iPro Stadium,Andrew Davies,/en/matches/5631ede5/Derby-County-Bolton-Wanderers-April-13-2019-Championship,,5631ede5
ENG-Championship,1819,2019-04-13 Ipswich Town-Birmingham City,Championship,42,Sat,2019-04-13,15:00,Ipswich Town,1–1,Birmingham City,17248,Portman Road Stadium,Jeremy Simpson,/en/matches/810826f7/Ipswich-Town-Birmingham-City-April-13-2019-Championship,,810826f7
ENG-Championship,1819,2019-04-13 Leeds United-Sheffield Weds,Championship,42,Sat,2019-04-13,17:30,Leeds United,1–0,Sheffield Weds,36461,Elland Road,Tim Robinson,/en/matches/acc3b236/Leeds-United-Sheffield-Wednesday-April-13-2019-Championship,,acc3b236
ENG-Championship,1819,2019-04-13 Middlesbrough-Hull City,Championship,42,Sat,2019-04-13,15:00,Middlesbrough,1–0,Hull City,22427,Riverside Stadium,Robert Jones,/en/matches/2c0367d7/Middlesbrough-Hull-City-April-13-2019-Championship,,2c0367d7
ENG-Championship,1819,2019-04-13 Nottingham Forest-Blackburn Rovers,Championship,42,Sat,2019-04-13,15:00,Nottingham Forest,1–2,Blackburn Rovers,27786,The City Ground,Darren Bond,/en/matches/8c32f8e3/Nottingham-Forest-Blackburn-Rovers-April-13-2019-Championship,,8c32f8e3
ENG-Championship,1819,2019-04-13 QPR-Swansea City,Championship,42,Sat,2019-04-13,15:00,QPR,4–0,Swansea City,13872,Loftus Road Stadium,Andy Madley,/en/matches/dc733525/Queens-Park-Rangers-Swansea-City-April-13-2019-Championship,,dc733525
ENG-Championship,1819,2019-04-13 Reading-Brentford,Championship,42,Sat,2019-04-13,15:00,Reading,2–1,Brentford,16892,Madejski Stadium,Steve Martin,/en/matches/b2fc6606/Reading-Brentford-April-13-2019-Championship,,b2fc6606
ENG-Championship,1819,2019-04-13 Sheffield United-Millwall,Championship,42,Sat,2019-04-13,15:00,Sheffield United,1–1,Millwall,26703,Bramall Lane,David Webb,/en/matches/044e2c68/Sheffield-United-Millwall-April-13-2019-Championship,,044e2c68
ENG-Championship,1819,2019-04-13 Stoke City-Rotherham United,Championship,42,Sat,2019-04-13,15:00,Stoke City,2–2,Rotherham United,24250,Bet365 Stadium,Andy Woolmer,/en/matches/ab26ec7a/Stoke-City-Rotherham-United-April-13-2019-Championship,,ab26ec7a
ENG-Championship,1819,2019-04-13 West Brom-Preston North End,Championship,42,Sat,2019-04-13,15:00,West Brom,4–1,Preston North End,25088,The Hawthorns,Roger East,/en/matches/c31b974b/West-Bromwich-Albion-Preston-North-End-April-13-2019-Championship,,c31b974b
ENG-Championship,1819,2019-04-14 Wigan Athletic-Norwich City,Championship,42,Sun,2019-04-14,12:00,Wigan Athletic,1–1,Norwich City,15655,The DW Stadium,James Linington,/en/matches/fb27b729/Wigan-Athletic-Norwich-City-April-14-2019-Championship,,fb27b729
ENG-Championship,1819,2019-04-19 Birmingham City-Derby County,Championship,43,Fri,2019-04-19,15:00,Birmingham City,2–2,Derby County,23902,St Andrew's Trillion Trophy Stadium,Simon Hooper,/en/matches/50c07619/Birmingham-City-Derby-County-April-19-2019-Championship,,50c07619
ENG-Championship,1819,2019-04-19 Bolton Wanderers-Aston Villa,Championship,43,Fri,2019-04-19,15:00,Bolton Wanderers,0–2,Aston Villa,17344,Macron Stadium,John Brooks,/en/matches/bfe4a1c3/Bolton-Wanderers-Aston-Villa-April-19-2019-Championship,,bfe4a1c3
ENG-Championship,1819,2019-04-19 Bristol City-Reading,Championship,43,Fri,2019-04-19,12:00,Bristol City,1–1,Reading,23309,Ashton Gate Stadium,Oliver Langford,/en/matches/e834b817/Bristol-City-Reading-April-19-2019-Championship,,e834b817
ENG-Championship,1819,2019-04-19 Leeds United-Wigan Athletic,Championship,43,Fri,2019-04-19,15:00,Leeds United,1–2,Wigan Athletic,34758,Elland Road,Axel Motiño,/en/matches/a519ff17/Leeds-United-Wigan-Athletic-April-19-2019-Championship,,a519ff17
ENG-Championship,1819,2019-04-19 Middlesbrough-Stoke City,Championship,43,Fri,2019-04-19,15:00,Middlesbrough,1–0,Stoke City,22890,Riverside Stadium,Darren Bond,/en/matches/319ff2ad/Middlesbrough-Stoke-City-April-19-2019-Championship,,319ff2ad
ENG-Championship,1819,2019-04-19 Millwall-Brentford,Championship,43,Fri,2019-04-19,13:00,Millwall,1–1,Brentford,14530,The Den,Jeremy Simpson,/en/matches/09f9645f/Millwall-Brentford-April-19-2019-Championship,,09f9645f
ENG-Championship,1819,2019-04-19 Norwich City-Sheffield Weds,Championship,43,Fri,2019-04-19,19:45,Norwich City,2–2,Sheffield Weds,26744,Carrow Road,Geoff Eltringham,/en/matches/afa52d64/Norwich-City-Sheffield-Wednesday-April-19-2019-Championship,,afa52d64
ENG-Championship,1819,2019-04-19 Preston North End-Ipswich Town,Championship,43,Fri,2019-04-19,15:00,Preston North End,4–0,Ipswich Town,12546,Deepdale Stadium,Steve Martin,/en/matches/c28aca7f/Preston-North-End-Ipswich-Town-April-19-2019-Championship,,c28aca7f
ENG-Championship,1819,2019-04-19 QPR-Blackburn Rovers,Championship,43,Fri,2019-04-19,15:00,QPR,1–2,Blackburn Rovers,13632,Loftus Road Stadium,Tim Robinson,/en/matches/c4333d53/Queens-Park-Rangers-Blackburn-Rovers-April-19-2019-Championship,,c4333d53
ENG-Championship,1819,2019-04-19 Sheffield United-Nottingham Forest,Championship,43,Fri,2019-04-19,12:30,Sheffield United,2–0,Nottingham Forest,28403,Bramall Lane,Andy Madley,/en/matches/c5aaf8e9/Sheffield-United-Nottingham-Forest-April-19-2019-Championship,,c5aaf8e9
ENG-Championship,1819,2019-04-19 Swansea City-Rotherham United,Championship,43,Fri,2019-04-19,15:00,Swansea City,4–3,Rotherham United,18527,Liberty Stadium,Keith Stroud,/en/matches/3da00674/Swansea-City-Rotherham-United-April-19-2019-Championship,,3da00674
ENG-Championship,1819,2019-04-19 West Brom-Hull City,Championship,43,Fri,2019-04-19,15:00,West Brom,3–2,Hull City,23501,The Hawthorns,Peter Bankes,/en/matches/bf024392/West-Bromwich-Albion-Hull-City-April-19-2019-Championship,,bf024392
ENG-Championship,1819,2019-04-22 Aston Villa-Millwall,Championship,44,Mon,2019-04-22,13:00,Aston Villa,1–0,Millwall,39839,Villa Park,Tim Robinson,/en/matches/26577f8e/Aston-Villa-Millwall-April-22-2019-Championship,,26577f8e
ENG-Championship,1819,2019-04-22 Blackburn Rovers-Bolton Wanderers,Championship,44,Mon,2019-04-22,15:00,Blackburn Rovers,2–0,Bolton Wanderers,14495,Ewood Park,Andy Woolmer,/en/matches/9801d1e6/Blackburn-Rovers-Bolton-Wanderers-April-22-2019-Championship,,9801d1e6
ENG-Championship,1819,2019-04-22 Brentford-Leeds United,Championship,44,Mon,2019-04-22,17:15,Brentford,2–0,Leeds United,11580,Griffin Park,James Linington,/en/matches/96c08f86/Brentford-Leeds-United-April-22-2019-Championship,,96c08f86
ENG-Championship,1819,2019-04-22 Derby County-QPR,Championship,44,Mon,2019-04-22,15:00,Derby County,2–0,QPR,25986,iPro Stadium,David Webb,/en/matches/700bfd02/Derby-County-Queens-Park-Rangers-April-22-2019-Championship,,700bfd02
ENG-Championship,1819,2019-04-22 Hull City-Sheffield United,Championship,44,Mon,2019-04-22,15:00,Hull City,0–3,Sheffield United,14116,Kingston Communications Stadium,Graham Scott,/en/matches/fca22f67/Hull-City-Sheffield-United-April-22-2019-Championship,,fca22f67
ENG-Championship,1819,2019-04-22 Ipswich Town-Swansea City,Championship,44,Mon,2019-04-22,15:00,Ipswich Town,0–1,Swansea City,17247,Portman Road Stadium,Darren England,/en/matches/7566685c/Ipswich-Town-Swansea-City-April-22-2019-Championship,,7566685c
ENG-Championship,1819,2019-04-22 Nottingham Forest-Middlesbrough,Championship,44,Mon,2019-04-22,15:00,Nottingham Forest,3–0,Middlesbrough,27653,The City Ground,Peter Bankes,/en/matches/1e62115c/Nottingham-Forest-Middlesbrough-April-22-2019-Championship,,1e62115c
ENG-Championship,1819,2019-04-22 Reading-West Brom,Championship,44,Mon,2019-04-22,15:00,Reading,0–0,West Brom,17255,Madejski Stadium,Gavin Ward,/en/matches/138f41c4/Reading-West-Bromwich-Albion-April-22-2019-Championship,,138f41c4
ENG-Championship,1819,2019-04-22 Rotherham United-Birmingham City,Championship,44,Mon,2019-04-22,15:00,Rotherham United,1–3,Birmingham City,10703,New York Stadium,Andrew Davies,/en/matches/2bf6681c/Rotherham-United-Birmingham-City-April-22-2019-Championship,,2bf6681c
ENG-Championship,1819,2019-04-22 Sheffield Weds-Bristol City,Championship,44,Mon,2019-04-22,15:00,Sheffield Weds,2–0,Bristol City,23998,Hillsborough Stadium,Robert Jones,/en/matches/35eec4bf/Sheffield-Wednesday-Bristol-City-April-22-2019-Championship,,35eec4bf
ENG-Championship,1819,2019-04-22 Stoke City-Norwich City,Championship,44,Mon,2019-04-22,15:00,Stoke City,2–2,Norwich City,25487,Bet365 Stadium,Tony Harrington,/en/matches/7f515ca9/Stoke-City-Norwich-City-April-22-2019-Championship,,7f515ca9
ENG-Championship,1819,2019-04-22 Wigan Athletic-Preston North End,Championship,44,Mon,2019-04-22,15:00,Wigan Athletic,2–0,Preston North End,12496,The DW Stadium,Andy Madley,/en/matches/a8bafb4a/Wigan-Athletic-Preston-North-End-April-22-2019-Championship,,a8bafb4a
ENG-Championship,1819,2019-04-27 Birmingham City-Wigan Athletic,Championship,45,Sat,2019-04-27,15:00,Birmingham City,1–1,Wigan Athletic,23645,St Andrew's Trillion Trophy Stadium,Steve Martin,/en/matches/0304da36/Birmingham-City-Wigan-Athletic-April-27-2019-Championship,,0304da36
ENG-Championship,1819,2019-04-27 Bolton Wanderers-Brentford,Championship,45,Sat,2019-04-27,15:00,Bolton Wanderers,0–1,Brentford,,Macron Stadium,Tony Harrington,/en/matches/14eee851/Bolton-Wanderers-Brentford-April-27-2019-Championship,Match awarded to Brentford,14eee851
ENG-Championship,1819,2019-04-27 Bristol City-Derby County,Championship,45,Sat,2019-04-27,15:00,Bristol City,0–2,Derby County,25556,Ashton Gate Stadium,Darren Bond,/en/matches/13a2d525/Bristol-City-Derby-County-April-27-2019-Championship,,13a2d525
ENG-Championship,1819,2019-04-27 Middlesbrough-Reading,Championship,45,Sat,2019-04-27,15:00,Middlesbrough,2–1,Reading,22003,Riverside Stadium,John Brooks,/en/matches/624146b1/Middlesbrough-Reading-April-27-2019-Championship,,624146b1
ENG-Championship,1819,2019-04-27 Millwall-Stoke City,Championship,45,Sat,2019-04-27,13:30,Millwall,0–0,Stoke City,14472,The Den,Oliver Langford,/en/matches/4f9ab4f2/Millwall-Stoke-City-April-27-2019-Championship,,4f9ab4f2
ENG-Championship,1819,2019-04-27 Norwich City-Blackburn Rovers,Championship,45,Sat,2019-04-27,19:30,Norwich City,2–1,Blackburn Rovers,26848,Carrow Road,Andy Madley,/en/matches/69be1d2b/Norwich-City-Blackburn-Rovers-April-27-2019-Championship,,69be1d2b
ENG-Championship,1819,2019-04-27 Preston North End-Sheffield Weds,Championship,45,Sat,2019-04-27,15:00,Preston North End,3–3,Sheffield Weds,15873,Deepdale Stadium,Jeremy Simpson,/en/matches/b94f1cff/Preston-North-End-Sheffield-Wednesday-April-27-2019-Championship,,b94f1cff
ENG-Championship,1819,2019-04-27 QPR-Nottingham Forest,Championship,45,Sat,2019-04-27,15:00,QPR,0–1,Nottingham Forest,15212,Loftus Road Stadium,Axel Motiño,/en/matches/8c419c5a/Queens-Park-Rangers-Nottingham-Forest-April-27-2019-Championship,,8c419c5a
ENG-Championship,1819,2019-04-27 Sheffield United-Ipswich Town,Championship,45,Sat,2019-04-27,17:15,Sheffield United,2–0,Ipswich Town,30140,Bramall Lane,Tim Robinson,/en/matches/53ba90aa/Sheffield-United-Ipswich-Town-April-27-2019-Championship,,53ba90aa
ENG-Championship,1819,2019-04-27 Swansea City-Hull City,Championship,45,Sat,2019-04-27,15:00,Swansea City,2–2,Hull City,18192,Liberty Stadium,Geoff Eltringham,/en/matches/a8f460c9/Swansea-City-Hull-City-April-27-2019-Championship,,a8f460c9
ENG-Championship,1819,2019-04-27 West Brom-Rotherham United,Championship,45,Sat,2019-04-27,15:00,West Brom,2–1,Rotherham United,24534,The Hawthorns,Robert Jones,/en/matches/a156f89a/West-Bromwich-Albion-Rotherham-United-April-27-2019-Championship,,a156f89a
ENG-Championship,1819,2019-04-28 Leeds United-Aston Villa,Championship,45,Sun,2019-04-28,12:00,Leeds United,1–1,Aston Villa,36786,Elland Road,Stuart Attwell,/en/matches/6d510356/Leeds-United-Aston-Villa-April-28-2019-Championship,,6d510356
ENG-Championship,1819,2019-04-30 Millwall-Bristol City,Championship,38,Tue,2019-04-30,19:45,Millwall,1–2,Bristol City,12261,The Den,Andy Madley,/en/matches/a27410bb/Millwall-Bristol-City-April-30-2019-Championship,,a27410bb
ENG-Championship,1819,2019-05-01 Swansea City-Derby County,Championship,38,Wed,2019-05-01,19:45,Swansea City,1–1,Derby County,18434,Liberty Stadium,Peter Bankes,/en/matches/e0fcf021/Swansea-City-Derby-County-May-1-2019-Championship,,e0fcf021
ENG-Championship,1819,2019-05-05 Aston Villa-Norwich City,Championship,46,Sun,2019-05-05,12:30,Aston Villa,1–2,Norwich City,41696,Villa Park,Peter Bankes,/en/matches/b09f381a/Aston-Villa-Norwich-City-May-5-2019-Championship,,b09f381a
ENG-Championship,1819,2019-05-05 Blackburn Rovers-Swansea City,Championship,46,Sun,2019-05-05,12:30,Blackburn Rovers,2–2,Swansea City,16227,Ewood Park,Jarred Gillett,/en/matches/fb047e4e/Blackburn-Rovers-Swansea-City-May-5-2019-Championship,,fb047e4e
ENG-Championship,1819,2019-05-05 Brentford-Preston North End,Championship,46,Sun,2019-05-05,12:30,Brentford,3–0,Preston North End,11289,Griffin Park,James Linington,/en/matches/9071cafc/Brentford-Preston-North-End-May-5-2019-Championship,,9071cafc
ENG-Championship,1819,2019-05-05 Derby County-West Brom,Championship,46,Sun,2019-05-05,12:30,Derby County,3–1,West Brom,32055,iPro Stadium,Tim Robinson,/en/matches/34274878/Derby-County-West-Bromwich-Albion-May-5-2019-Championship,,34274878
ENG-Championship,1819,2019-05-05 Hull City-Bristol City,Championship,46,Sun,2019-05-05,12:30,Hull City,1–1,Bristol City,12165,Kingston Communications Stadium,John Brooks,/en/matches/c5e0f8e2/Hull-City-Bristol-City-May-5-2019-Championship,,c5e0f8e2
ENG-Championship,1819,2019-05-05 Ipswich Town-Leeds United,Championship,46,Sun,2019-05-05,12:30,Ipswich Town,3–2,Leeds United,20895,Portman Road Stadium,Gavin Ward,/en/matches/426ea518/Ipswich-Town-Leeds-United-May-5-2019-Championship,,426ea518
ENG-Championship,1819,2019-05-05 Nottingham Forest-Bolton Wanderers,Championship,46,Sun,2019-05-05,12:30,Nottingham Forest,1–0,Bolton Wanderers,27578,The City Ground,Oliver Langford,/en/matches/1ae5e5b3/Nottingham-Forest-Bolton-Wanderers-May-5-2019-Championship,,1ae5e5b3
ENG-Championship,1819,2019-05-05 Reading-Birmingham City,Championship,46,Sun,2019-05-05,12:30,Reading,0–0,Birmingham City,17247,Madejski Stadium,Keith Stroud,/en/matches/68cdacdb/Reading-Birmingham-City-May-5-2019-Championship,,68cdacdb
ENG-Championship,1819,2019-05-05 Rotherham United-Middlesbrough,Championship,46,Sun,2019-05-05,12:30,Rotherham United,1–2,Middlesbrough,11051,New York Stadium,Andy Madley,/en/matches/e7ad2fb4/Rotherham-United-Middlesbrough-May-5-2019-Championship,,e7ad2fb4
ENG-Championship,1819,2019-05-05 Sheffield Weds-QPR,Championship,46,Sun,2019-05-05,12:30,Sheffield Weds,1–2,QPR,26111,Hillsborough Stadium,Andrew Davies,/en/matches/16f3e7c5/Sheffield-Wednesday-Queens-Park-Rangers-May-5-2019-Championship,,16f3e7c5
ENG-Championship,1819,2019-05-05 Stoke City-Sheffield United,Championship,46,Sun,2019-05-05,12:30,Stoke City,2–2,Sheffield United,26665,Bet365 Stadium,Geoff Eltringham,/en/matches/c7f396d7/Stoke-City-Sheffield-United-May-5-2019-Championship,,c7f396d7
ENG-Championship,1819,2019-05-05 Wigan Athletic-Millwall,Championship,46,Sun,2019-05-05,12:30,Wigan Athletic,1–0,Millwall,10859,The DW Stadium,Andy Woolmer,/en/matches/270fec93/Wigan-Athletic-Millwall-May-5-2019-Championship,,270fec93
ENG-Championship,1819,2019-05-11 Aston Villa-West Brom,Promotion play-offs — Semi-finals,,Sat,2019-05-11,12:30,Aston Villa,2–1,West Brom,40754,Villa Park,Graham Scott,/en/matches/c0aae848/Aston-Villa-West-Bromwich-Albion-May-11-2019-Championship,Leg 1 of 2,c0aae848
ENG-Championship,1819,2019-05-11 Derby County-Leeds United,Promotion play-offs — Semi-finals,,Sat,2019-05-11,17:15,Derby County,0–1,Leeds United,31723,iPro Stadium,Craig Pawson,/en/matches/e5872a90/Derby-County-Leeds-United-May-11-2019-Championship,Leg 1 of 2,e5872a90
ENG-Championship,1819,2019-05-14 West Brom-Aston Villa,Promotion play-offs — Semi-finals,,Tue,2019-05-14,20:00,West Brom,(3) 1–0 (4),Aston Villa,25702,The Hawthorns,Chris Kavanagh,/en/matches/c87b8cba/West-Bromwich-Albion-Aston-Villa-May-14-2019-Championship,Leg 2 of 2; Aston Villa won; Aston Villa won on penalty kicks following extra time,c87b8cba
ENG-Championship,1819,2019-05-15 Leeds United-Derby County,Promotion play-offs — Semi-finals,,Wed,2019-05-15,19:45,Leeds United,2–4,Derby County,36326,Elland Road,Anthony Taylor,/en/matches/7178f01e/Leeds-United-Derby-County-May-15-2019-Championship,Leg 2 of 2; Derby County won,7178f01e
ENG-Championship,1819,2019-05-27 Aston Villa-Derby County,Promotion play-offs — Final,,Mon,2019-05-27,15:00,Aston Villa,2–1,Derby County,85826,Wembley Stadium,Paul Tierney,/en/matches/c29027e4/Aston-Villa-Derby-County-May-27-2019-Championship,,c29027e4
