date,home_team,away_team,home_score,away_score
2016-08-05,Fulham,Newcastle United,1,0
2016-08-06,Rotherham United,Wolves,2,2
2016-08-06,Nottingham Forest,Burton Albion,4,3
2016-08-06,Ipswich Town,Barnsley,4,2
2016-08-06,Huddersfield Town,Brentford,2,1
2016-08-06,Reading,Preston North End,1,0
2016-08-06,Bristol City,Wigan Athletic,2,1
2016-08-06,Blackburn Rovers,Norwich City,1,4
2016-08-06,Birmingham City,Cardiff City,0,0
2016-08-06,Derby County,Brighton,0,0
2016-08-07,QPR,Leeds United,3,0
2016-08-07,Sheffield Weds,Aston Villa,1,0
2016-08-09,Rochdale,Chesterfield,3,1
2016-08-09,Peterborough United,AFC Wimbledon,3,2
2016-08-09,Preston North End,Hartlepool United,1,0
2016-08-09,Reading,Plymouth Argyle,2,0
2016-08-09,Rotherham United,Morecambe,4,5
2016-08-09,Wolves,Crawley Town,2,1
2016-08-09,Sheffield United,Crewe Alexandra,1,2
2016-08-09,Shrewsbury Town,Huddersfield Town,2,1
2016-08-09,Southend United,Gillingham,1,3
2016-08-09,Walsall,Yeovil Town,0,2
2016-08-09,Oldham Athletic,Wigan Athletic,2,1
2016-08-09,Scunthorpe United,Notts County,2,0
2016-08-09,Newport County,Milton Keynes Dons,2,3
2016-08-09,Derby County,Grimsby Town,1,0
2016-08-09,Leyton Orient,Fulham,2,3
2016-08-09,Ipswich Town,Stevenage,0,1
2016-08-09,Exeter City,Brentford,1,0
2016-08-09,Doncaster Rovers,Nottingham Forest,1,2
2016-08-09,Wycombe Wanderers,Bristol City,0,1
2016-08-09,Coventry City,Portsmouth,3,2
2016-08-09,Cheltenham Town,Charlton Athletic,1,0
2016-08-09,Carlisle United,Port Vale,2,1
2016-08-09,Cambridge United,Sheffield Weds,2,1
2016-08-09,Brighton,Colchester United,4,0
2016-08-09,Blackpool,Bolton Wanderers,4,2
2016-08-09,Birmingham City,Oxford United,0,1
2016-08-09,Barnsley,Northampton Town,1,2
2016-08-09,Mansfield Town,Blackburn Rovers,1,3
2016-08-09,Barnet,Millwall,0,4
2016-08-09,Accrington Stanley,Bradford City,0,0
2016-08-10,QPR,Swindon Town,2,2
2016-08-10,Burton Albion,Bury,3,2
2016-08-10,Fleetwood Town,Leeds United,2,2
2016-08-10,Luton Town,Aston Villa,3,1
2016-08-11,Bristol Rovers,Cardiff City,1,0
2016-08-12,Brighton,Nottingham Forest,3,0
2016-08-13,Wigan Athletic,Blackburn Rovers,3,0
2016-08-13,Preston North End,Fulham,1,2
2016-08-13,Norwich City,Sheffield Weds,0,0
2016-08-13,Burnley,Swansea City,0,1
2016-08-13,Crystal Palace,West Brom,0,1
2016-08-13,Everton,Tottenham Hotspur,1,1
2016-08-13,Hull City,Leicester City,2,1
2016-08-13,Manchester City,Sunderland,2,1
2016-08-13,Wolves,Reading,2,0
2016-08-13,Southampton,Watford,1,1
2016-08-13,Middlesbrough,Stoke City,1,1
2016-08-13,Aston Villa,Rotherham United,3,0
2016-08-13,Brentford,Ipswich Town,2,0
2016-08-13,Burton Albion,Bristol City,1,2
2016-08-13,Leeds United,Birmingham City,1,2
2016-08-13,Barnsley,Derby County,2,0
2016-08-13,Newcastle United,Huddersfield Town,1,2
2016-08-14,Cardiff City,QPR,0,2
2016-08-14,Bournemouth,Manchester Utd,1,3
2016-08-14,Arsenal,Liverpool,3,4
2016-08-15,Chelsea,West Ham United,2,1
2016-08-16,Aston Villa,Huddersfield Town,1,1
2016-08-16,Leeds United,Fulham,1,1
2016-08-16,Brentford,Nottingham Forest,1,0
2016-08-16,Brighton,Rotherham United,3,0
2016-08-16,Wolves,Ipswich Town,0,0
2016-08-16,Wigan Athletic,Birmingham City,1,1
2016-08-16,Preston North End,Derby County,0,1
2016-08-16,Norwich City,Bristol City,1,0
2016-08-16,Burton Albion,Sheffield Weds,3,1
2016-08-17,Newcastle United,Reading,4,1
2016-08-17,Cardiff City,Blackburn Rovers,2,1
2016-08-17,Barnsley,QPR,3,2
2016-08-19,Manchester Utd,Southampton,2,0
2016-08-20,Nottingham Forest,Wigan Athletic,4,3
2016-08-20,Birmingham City,Wolves,1,3
2016-08-20,Blackburn Rovers,Burton Albion,2,2
2016-08-20,Bristol City,Newcastle United,0,1
2016-08-20,Burnley,Liverpool,2,0
2016-08-20,Leicester City,Arsenal,0,0
2016-08-20,Stoke City,Manchester City,1,4
2016-08-20,Swansea City,Hull City,0,2
2016-08-20,Tottenham Hotspur,Crystal Palace,1,0
2016-08-20,Watford,Chelsea,1,2
2016-08-20,West Brom,Everton,1,2
2016-08-20,Fulham,Cardiff City,2,2
2016-08-20,Huddersfield Town,Barnsley,2,1
2016-08-20,Derby County,Aston Villa,0,0
2016-08-20,QPR,Preston North End,0,2
2016-08-20,Reading,Brighton,2,2
2016-08-20,Rotherham United,Brentford,1,0
2016-08-20,Sheffield Weds,Leeds United,0,2
2016-08-21,West Ham United,Bournemouth,1,0
2016-08-21,Ipswich Town,Norwich City,1,1
2016-08-21,Sunderland,Middlesbrough,1,2
2016-08-23,Luton Town,Leeds United,0,1
2016-08-23,Burton Albion,Liverpool,0,5
2016-08-23,Chelsea,Bristol Rovers,3,2
2016-08-23,Crystal Palace,Blackpool,2,0
2016-08-23,Derby County,Carlisle United,1,1
2016-08-23,Everton,Yeovil Town,4,0
2016-08-23,Reading,Milton Keynes Dons,2,2
2016-08-23,QPR,Rochdale,2,1
2016-08-23,Preston North End,Oldham Athletic,2,0
2016-08-23,Exeter City,Hull City,1,3
2016-08-23,Peterborough United,Swansea City,1,3
2016-08-23,Scunthorpe United,Bristol City,1,2
2016-08-23,Stevenage,Stoke City,0,4
2016-08-23,Blackburn Rovers,Crewe Alexandra,4,3
2016-08-23,Wolves,Cambridge United,2,1
2016-08-23,Norwich City,Coventry City,6,1
2016-08-23,Northampton Town,West Brom,2,2
2016-08-23,Newcastle United,Cheltenham Town,2,0
2016-08-23,Millwall,Nottingham Forest,1,2
2016-08-23,Oxford United,Brighton,2,4
2016-08-23,Watford,Gillingham,1,2
2016-08-24,Accrington Stanley,Burnley,1,0
2016-08-24,Fulham,Middlesbrough,2,1
2016-08-24,Sunderland,Shrewsbury Town,1,0
2016-08-24,Morecambe,Bournemouth,1,2
2016-08-26,Burton Albion,Derby County,1,0
2016-08-27,Nottingham Forest,Leeds United,3,1
2016-08-27,Newcastle United,Brighton,2,0
2016-08-27,Ipswich Town,Preston North End,1,0
2016-08-27,Huddersfield Town,Wolves,1,0
2016-08-27,Cardiff City,Reading,0,1
2016-08-27,Wigan Athletic,QPR,0,1
2016-08-27,Bristol City,Aston Villa,3,1
2016-08-27,Brentford,Sheffield Weds,1,1
2016-08-27,Crystal Palace,Bournemouth,1,1
2016-08-27,Blackburn Rovers,Fulham,0,1
2016-08-27,Watford,Arsenal,1,3
2016-08-27,Tottenham Hotspur,Liverpool,1,1
2016-08-27,Southampton,Sunderland,1,1
2016-08-27,Barnsley,Rotherham United,4,0
2016-08-27,Leicester City,Swansea City,2,1
2016-08-27,Hull City,Manchester Utd,0,1
2016-08-27,Everton,Stoke City,1,0
2016-08-27,Chelsea,Burnley,3,0
2016-08-27,Birmingham City,Norwich City,3,0
2016-08-28,West Brom,Middlesbrough,0,0
2016-08-28,Manchester City,West Ham United,3,1
2016-09-09,Reading,Ipswich Town,2,1
2016-09-10,Leeds United,Huddersfield Town,0,1
2016-09-10,Norwich City,Cardiff City,3,2
2016-09-10,Burnley,Hull City,1,1
2016-09-10,Liverpool,Leicester City,4,1
2016-09-10,Manchester Utd,Manchester City,1,2
2016-09-10,Middlesbrough,Crystal Palace,1,2
2016-09-10,Stoke City,Tottenham Hotspur,0,4
2016-09-10,West Ham United,Watford,2,4
2016-09-10,Bournemouth,West Brom,1,0
2016-09-10,Arsenal,Southampton,2,1
2016-09-10,Wolves,Burton Albion,1,1
2016-09-10,Sheffield Weds,Wigan Athletic,2,1
2016-09-10,Rotherham United,Bristol City,2,2
2016-09-10,QPR,Blackburn Rovers,1,1
2016-09-10,Preston North End,Barnsley,1,2
2016-09-10,Brighton,Brentford,0,2
2016-09-10,Derby County,Newcastle United,0,2
2016-09-10,Fulham,Birmingham City,0,1
2016-09-11,Swansea City,Chelsea,2,2
2016-09-11,Aston Villa,Nottingham Forest,2,2
2016-09-12,Sunderland,Everton,0,3
2016-09-13,Wolves,Barnsley,0,4
2016-09-13,Sheffield Weds,Bristol City,3,2
2016-09-13,Reading,Birmingham City,0,0
2016-09-13,QPR,Newcastle United,0,6
2016-09-13,Preston North End,Cardiff City,3,0
2016-09-13,Norwich City,Wigan Athletic,2,1
2016-09-13,Leeds United,Blackburn Rovers,2,1
2016-09-13,Fulham,Burton Albion,1,1
2016-09-13,Derby County,Ipswich Town,0,1
2016-09-13,Brighton,Huddersfield Town,1,0
2016-09-14,Aston Villa,Brentford,1,1
2016-09-14,Rotherham United,Nottingham Forest,2,2
2016-09-16,Chelsea,Liverpool,1,2
2016-09-17,Everton,Middlesbrough,3,1
2016-09-17,Hull City,Arsenal,1,4
2016-09-17,Leicester City,Burnley,3,0
2016-09-17,Manchester City,Bournemouth,4,0
2016-09-17,West Brom,West Ham United,4,2
2016-09-17,Wigan Athletic,Fulham,0,0
2016-09-17,Bristol City,Derby County,1,1
2016-09-17,Brentford,Preston North End,5,0
2016-09-17,Blackburn Rovers,Rotherham United,4,2
2016-09-17,Birmingham City,Sheffield Weds,2,1
2016-09-17,Barnsley,Reading,1,2
2016-09-17,Burton Albion,Brighton,0,1
2016-09-17,Cardiff City,Leeds United,0,2
2016-09-17,Huddersfield Town,QPR,2,1
2016-09-17,Ipswich Town,Aston Villa,0,0
2016-09-17,Newcastle United,Wolves,0,2
2016-09-17,Nottingham Forest,Norwich City,1,2
2016-09-18,Watford,Manchester Utd,3,1
2016-09-18,Crystal Palace,Stoke City,4,1
2016-09-18,Southampton,Swansea City,1,0
2016-09-18,Tottenham Hotspur,Sunderland,1,0
2016-09-20,Newcastle United,Wolves,2,0
2016-09-20,Leicester City,Chelsea,2,4
2016-09-20,Leeds United,Blackburn Rovers,1,0
2016-09-20,Derby County,Liverpool,0,3
2016-09-20,Brighton,Reading,1,2
2016-09-20,Bournemouth,Preston North End,2,3
2016-09-20,Nottingham Forest,Arsenal,0,4
2016-09-20,Everton,Norwich City,0,2
2016-09-21,QPR,Sunderland,1,2
2016-09-21,West Ham United,Accrington Stanley,1,0
2016-09-21,Tottenham Hotspur,Gillingham,5,0
2016-09-21,Swansea City,Manchester City,1,2
2016-09-21,Stoke City,Hull City,1,2
2016-09-21,Southampton,Crystal Palace,2,0
2016-09-21,Fulham,Bristol City,1,2
2016-09-21,Northampton Town,Manchester Utd,1,3
2016-09-23,Preston North End,Wigan Athletic,1,0
2016-09-24,Brighton,Barnsley,2,0
2016-09-24,Stoke City,West Brom,1,1
2016-09-24,Aston Villa,Newcastle United,1,1
2016-09-24,Middlesbrough,Tottenham Hotspur,1,2
2016-09-24,Derby County,Blackburn Rovers,1,2
2016-09-24,Fulham,Bristol City,0,4
2016-09-24,Leeds United,Ipswich Town,1,0
2016-09-24,Norwich City,Burton Albion,3,1
2016-09-24,Swansea City,Manchester City,1,3
2016-09-24,Reading,Huddersfield Town,1,0
2016-09-24,QPR,Birmingham City,1,1
2016-09-24,Sheffield Weds,Nottingham Forest,2,1
2016-09-24,Wolves,Brentford,3,1
2016-09-24,Manchester Utd,Leicester City,4,1
2016-09-24,Liverpool,Hull City,5,1
2016-09-24,Bournemouth,Everton,1,0
2016-09-24,Arsenal,Chelsea,3,0
2016-09-24,Rotherham United,Cardiff City,1,2
2016-09-24,Sunderland,Crystal Palace,2,3
2016-09-25,West Ham United,Southampton,0,3
2016-09-26,Burnley,Watford,2,0
2016-09-27,Nottingham Forest,Fulham,1,1
2016-09-27,Wigan Athletic,Wolves,2,1
2016-09-27,Ipswich Town,Brighton,0,0
2016-09-27,Huddersfield Town,Rotherham United,2,1
2016-09-27,Barnsley,Aston Villa,1,1
2016-09-27,Birmingham City,Preston North End,2,2
2016-09-27,Blackburn Rovers,Sheffield Weds,0,1
2016-09-27,Brentford,Reading,4,1
2016-09-27,Bristol City,Leeds United,1,0
2016-09-27,Burton Albion,QPR,1,1
2016-09-27,Cardiff City,Derby County,0,2
2016-09-28,Newcastle United,Norwich City,4,3
2016-09-30,Everton,Crystal Palace,1,1
2016-10-01,Hull City,Chelsea,0,2
2016-10-01,Sunderland,West Brom,1,1
2016-10-01,Rotherham United,Newcastle United,0,1
2016-10-01,Reading,Derby County,1,1
2016-10-01,Preston North End,Aston Villa,2,0
2016-10-01,Leeds United,Barnsley,2,1
2016-10-01,Ipswich Town,Huddersfield Town,0,1
2016-10-01,Fulham,QPR,1,2
2016-10-01,Burton Albion,Cardiff City,2,0
2016-10-01,Bristol City,Nottingham Forest,2,1
2016-10-01,Brentford,Wigan Athletic,0,0
2016-10-01,Birmingham City,Blackburn Rovers,1,0
2016-10-01,Sheffield Weds,Brighton,1,2
2016-10-01,Wolves,Norwich City,1,2
2016-10-01,Swansea City,Liverpool,1,2
2016-10-01,Watford,Bournemouth,2,2
2016-10-01,West Ham United,Middlesbrough,1,1
2016-10-02,Tottenham Hotspur,Manchester City,2,0
2016-10-02,Burnley,Arsenal,0,1
2016-10-02,Leicester City,Southampton,0,0
2016-10-02,Manchester Utd,Stoke City,1,1
2016-10-14,Nottingham Forest,Birmingham City,3,1
2016-10-14,Cardiff City,Bristol City,2,1
2016-10-15,Brighton,Preston North End,2,2
2016-10-15,Wigan Athletic,Burton Albion,0,0
2016-10-15,QPR,Reading,1,1
2016-10-15,Norwich City,Rotherham United,3,1
2016-10-15,Barnsley,Fulham,2,4
2016-10-15,Newcastle United,Brentford,3,1
2016-10-15,Derby County,Leeds United,1,0
2016-10-15,Blackburn Rovers,Ipswich Town,0,0
2016-10-15,Aston Villa,Wolves,1,1
2016-10-15,West Brom,Tottenham Hotspur,1,1
2016-10-15,Stoke City,Sunderland,2,0
2016-10-15,Manchester City,Everton,1,1
2016-10-15,Crystal Palace,West Ham United,0,1
2016-10-15,Chelsea,Leicester City,3,0
2016-10-15,Bournemouth,Hull City,6,1
2016-10-15,Arsenal,Swansea City,3,2
2016-10-16,Southampton,Burnley,3,1
2016-10-16,Middlesbrough,Watford,0,1
2016-10-16,Huddersfield Town,Sheffield Weds,0,1
2016-10-17,Liverpool,Manchester Utd,0,0
2016-10-18,Reading,Aston Villa,1,2
2016-10-18,QPR,Bristol City,1,0
2016-10-18,Leeds United,Wigan Athletic,1,1
2016-10-18,Ipswich Town,Burton Albion,2,0
2016-10-18,Fulham,Norwich City,2,2
2016-10-18,Brighton,Wolves,1,0
2016-10-18,Blackburn Rovers,Nottingham Forest,2,1
2016-10-18,Birmingham City,Rotherham United,4,2
2016-10-18,Barnsley,Newcastle United,0,2
2016-10-18,Derby County,Brentford,0,0
2016-10-19,Cardiff City,Sheffield Weds,1,1
2016-10-19,Preston North End,Huddersfield Town,3,1
2016-10-21,Burton Albion,Birmingham City,2,0
2016-10-22,Sheffield Weds,QPR,1,0
2016-10-22,Rotherham United,Reading,0,1
2016-10-22,Nottingham Forest,Cardiff City,1,2
2016-10-22,Norwich City,Preston North End,0,1
2016-10-22,Brentford,Barnsley,0,2
2016-10-22,Huddersfield Town,Derby County,1,0
2016-10-22,Bristol City,Blackburn Rovers,1,0
2016-10-22,Wigan Athletic,Brighton,0,1
2016-10-22,Newcastle United,Ipswich Town,3,0
2016-10-22,Wolves,Leeds United,0,1
2016-10-22,Aston Villa,Fulham,1,0
2016-10-22,Leicester City,Crystal Palace,3,1
2016-10-22,Swansea City,Watford,0,0
2016-10-22,Liverpool,West Brom,2,1
2016-10-22,Hull City,Stoke City,0,2
2016-10-22,Burnley,Everton,2,1
2016-10-22,Bournemouth,Tottenham Hotspur,0,0
2016-10-22,West Ham United,Sunderland,1,0
2016-10-22,Arsenal,Middlesbrough,0,0
2016-10-23,Manchester City,Southampton,1,1
2016-10-23,Chelsea,Manchester Utd,4,0
2016-10-25,Leeds United,Norwich City,2,2
2016-10-25,Newcastle United,Preston North End,6,0
2016-10-25,Liverpool,Tottenham Hotspur,2,1
2016-10-25,Bristol City,Hull City,1,2
2016-10-25,Arsenal,Reading,2,0
2016-10-26,West Ham United,Chelsea,2,1
2016-10-26,Southampton,Sunderland,1,0
2016-10-26,Manchester Utd,Manchester City,1,0
2016-10-28,QPR,Brentford,0,2
2016-10-29,Fulham,Huddersfield Town,5,0
2016-10-29,Tottenham Hotspur,Leicester City,1,1
2016-10-29,West Brom,Manchester City,0,4
2016-10-29,Watford,Hull City,1,0
2016-10-29,Sunderland,Arsenal,1,4
2016-10-29,Manchester Utd,Burnley,0,0
2016-10-29,Ipswich Town,Rotherham United,2,2
2016-10-29,Crystal Palace,Liverpool,2,4
2016-10-29,Reading,Nottingham Forest,2,0
2016-10-29,Preston North End,Newcastle United,1,2
2016-10-29,Leeds United,Burton Albion,2,0
2016-10-29,Barnsley,Bristol City,2,2
2016-10-29,Blackburn Rovers,Wolves,1,1
2016-10-29,Brighton,Norwich City,5,0
2016-10-29,Cardiff City,Wigan Athletic,0,1
2016-10-29,Derby County,Sheffield Weds,2,0
2016-10-29,Middlesbrough,Bournemouth,2,0
2016-10-30,Southampton,Chelsea,0,2
2016-10-30,Birmingham City,Aston Villa,1,1
2016-10-30,Everton,West Ham United,2,0
2016-10-31,Stoke City,Swansea City,3,1
2016-11-04,Eastleigh,Swindon Town,1,1
2016-11-04,Millwall,Southend United,1,0
2016-11-04,Brentford,Fulham,0,2
2016-11-05,Bournemouth,Sunderland,1,2
2016-11-05,Whitehawk FC,Stourbridge FC,1,1
2016-11-05,Westfields FC,Curzon Ashton FC,1,1
2016-11-05,Walsall,Macclesfield Town,0,1
2016-11-05,Stockport,Woking,2,4
2016-11-05,Shrewsbury Town,Barnet,3,0
2016-11-05,Portsmouth,Wycombe Wanderers,1,2
2016-11-05,Port Vale,Stevenage,1,0
2016-11-05,Peterborough United,Chesham United FC,2,1
2016-11-05,Oldham Athletic,Doncaster Rovers,2,1
2016-11-05,Northampton Town,Harrow Borough FC,6,0
2016-11-05,Milton Keynes Dons,Spennymoor Town FC,3,2
2016-11-05,Merstham FC,Oxford United,0,5
2016-11-05,Mansfield Town,Plymouth Argyle,1,2
2016-11-05,Lincoln City,Altrincham,2,1
2016-11-05,Gillingham,Brackley Town FC,2,2
2016-11-05,Exeter City,Luton Town,1,3
2016-11-05,Dartford,Sutton United,3,6
2016-11-05,Dagenham & Redbridge,FC Halifax Town,0,0
2016-11-05,Crawley Town,Bristol Rovers,1,1
2016-11-05,Colchester United,Chesterfield,1,2
2016-11-05,Cheltenham Town,Crewe Alexandra,1,1
2016-11-05,Charlton Athletic,Scunthorpe United,3,1
2016-11-05,Cambridge United,Dover Athletic,1,1
2016-11-05,Bury,AFC Wimbledon,2,2
2016-11-05,Braintree Town,Eastbourne Bor,7,0
2016-11-05,Bradford City,Accrington Stanley,1,2
2016-11-05,Bolton Wanderers,Grimsby Town,1,0
2016-11-05,Yeovil Town,Solihull Moors,2,2
2016-11-05,Burnley,Crystal Palace,3,2
2016-11-05,Aston Villa,Blackburn Rovers,2,1
2016-11-05,Rotherham United,Preston North End,1,3
2016-11-05,Norwich City,Leeds United,2,3
2016-11-05,Bristol City,Brighton,0,2
2016-11-05,Chelsea,Everton,5,0
2016-11-05,Newcastle United,Cardiff City,2,1
2016-11-05,Huddersfield Town,Birmingham City,1,1
2016-11-05,Burton Albion,Barnsley,0,0
2016-11-05,Sheffield Weds,Ipswich Town,1,2
2016-11-05,Wigan Athletic,Reading,0,3
2016-11-05,Wolves,Derby County,2,3
2016-11-05,Manchester City,Middlesbrough,1,1
2016-11-05,West Ham United,Stoke City,1,1
2016-11-05,Nottingham Forest,QPR,1,1
2016-11-06,Swansea City,Manchester Utd,1,3
2016-11-06,Liverpool,Watford,6,1
2016-11-06,St Albans City,Carlisle United,3,5
2016-11-06,Hull City,Southampton,2,1
2016-11-06,Alfreton Town,Newport County,1,1
2016-11-06,Blackpool,Kidderminster,2,0
2016-11-06,Boreham Wood,Notts County,2,2
2016-11-06,Hartlepool United,Stamford AFC,3,0
2016-11-06,Maidstone Utd,Rochdale,1,1
2016-11-06,Morecambe,Coventry City,1,1
2016-11-06,Sheffield United,Leyton Orient,6,0
2016-11-06,Taunton Town FC,Barrow,2,2
2016-11-06,Leicester City,West Brom,1,2
2016-11-06,Arsenal,Tottenham Hotspur,1,1
2016-11-07,Southport,Fleetwood Town,0,0
2016-11-14,Curzon Ashton FC,Westfields FC,3,1
2016-11-14,Stourbridge FC,Whitehawk FC,3,0
2016-11-15,Solihull Moors,Yeovil Town,1,1
2016-11-15,Rochdale,Maidstone Utd,2,0
2016-11-15,Newport County,Alfreton Town,4,1
2016-11-15,Fleetwood Town,Southport,4,1
2016-11-15,FC Halifax Town,Dagenham & Redbridge,2,1
2016-11-15,Crewe Alexandra,Cheltenham Town,1,4
2016-11-15,Coventry City,Morecambe,2,1
2016-11-15,Bristol Rovers,Crawley Town,4,2
2016-11-15,Barrow,Taunton Town FC,2,1
2016-11-15,AFC Wimbledon,Bury,5,0
2016-11-15,Swindon Town,Eastleigh,1,3
2016-11-15,Notts County,Boreham Wood,2,0
2016-11-16,Brackley Town FC,Gillingham,4,3
2016-11-17,Dover Athletic,Cambridge United,2,4
2016-11-18,Brighton,Aston Villa,1,1
2016-11-19,Reading,Burton Albion,3,0
2016-11-19,QPR,Norwich City,2,1
2016-11-19,Preston North End,Wolves,0,0
2016-11-19,Ipswich Town,Nottingham Forest,0,2
2016-11-19,Fulham,Sheffield Weds,1,1
2016-11-19,Derby County,Rotherham United,3,0
2016-11-19,Blackburn Rovers,Brentford,3,2
2016-11-19,Birmingham City,Bristol City,1,0
2016-11-19,Cardiff City,Huddersfield Town,3,2
2016-11-19,Everton,Swansea City,1,1
2016-11-19,Manchester Utd,Arsenal,1,1
2016-11-19,Southampton,Liverpool,0,0
2016-11-19,Stoke City,Bournemouth,0,1
2016-11-19,Sunderland,Hull City,3,0
2016-11-19,Tottenham Hotspur,West Ham United,3,2
2016-11-19,Watford,Leicester City,2,1
2016-11-19,Crystal Palace,Manchester City,1,2
2016-11-19,Barnsley,Wigan Athletic,0,0
2016-11-20,Middlesbrough,Chelsea,0,1
2016-11-20,Leeds United,Newcastle United,0,2
2016-11-21,West Brom,Burnley,4,0
2016-11-25,Barnsley,Nottingham Forest,2,5
2016-11-26,Leicester City,Middlesbrough,2,2
2016-11-26,Chelsea,Tottenham Hotspur,2,1
2016-11-26,Swansea City,Crystal Palace,5,4
2016-11-26,Liverpool,Sunderland,2,0
2016-11-26,Wolves,Sheffield Weds,0,2
2016-11-26,Burnley,Manchester City,1,2
2016-11-26,Rotherham United,Leeds United,1,2
2016-11-26,Hull City,West Brom,1,1
2016-11-26,Preston North End,Burton Albion,1,1
2016-11-26,Newcastle United,Blackburn Rovers,0,1
2016-11-26,Brighton,Fulham,2,1
2016-11-26,Brentford,Birmingham City,1,2
2016-11-26,Aston Villa,Cardiff City,3,1
2016-11-26,Ipswich Town,QPR,3,0
2016-11-26,Reading,Bristol City,2,1
2016-11-26,Derby County,Norwich City,1,0
2016-11-27,Manchester Utd,West Ham United,1,1
2016-11-27,Arsenal,Bournemouth,3,1
2016-11-27,Southampton,Everton,1,0
2016-11-27,Watford,Stoke City,0,1
2016-11-28,Huddersfield Town,Wigan Athletic,1,2
2016-11-29,Liverpool,Leeds United,2,0
2016-11-29,Hull City,Newcastle United,1,1
2016-11-30,Arsenal,Southampton,0,2
2016-11-30,Manchester Utd,West Ham United,4,1
2016-12-01,QPR,Wolves,1,2
2016-12-02,Macclesfield Town,Oxford United,0,0
2016-12-02,Nottingham Forest,Newcastle United,2,1
2016-12-03,Carlisle United,Rochdale,0,2
2016-12-03,Sutton United,Cheltenham Town,2,1
2016-12-03,Luton Town,Solihull Moors,6,2
2016-12-03,Chesterfield,Wycombe Wanderers,0,5
2016-12-03,Blackpool,Brackley Town FC,1,0
2016-12-03,Charlton Athletic,Milton Keynes Dons,0,0
2016-12-03,West Ham United,Arsenal,1,5
2016-12-03,Stoke City,Burnley,2,0
2016-12-03,Norwich City,Brentford,5,0
2016-12-03,Birmingham City,Barnsley,0,3
2016-12-03,Blackburn Rovers,Huddersfield Town,1,1
2016-12-03,Bristol City,Ipswich Town,2,0
2016-12-03,Burton Albion,Rotherham United,2,1
2016-12-03,Cardiff City,Brighton,0,0
2016-12-03,Fulham,Reading,5,0
2016-12-03,Leeds United,Aston Villa,2,0
2016-12-03,West Brom,Watford,3,1
2016-12-03,Plymouth Argyle,Newport County,0,0
2016-12-03,Wigan Athletic,Derby County,0,1
2016-12-03,Crystal Palace,Southampton,3,0
2016-12-03,Manchester City,Chelsea,1,3
2016-12-03,Shrewsbury Town,Fleetwood Town,0,0
2016-12-03,Sunderland,Leicester City,2,1
2016-12-03,Tottenham Hotspur,Swansea City,5,0
2016-12-03,Sheffield Weds,Preston North End,2,1
2016-12-04,Everton,Manchester Utd,1,1
2016-12-04,Bournemouth,Liverpool,4,3
2016-12-04,Millwall,Braintree Town,5,2
2016-12-04,Bristol Rovers,Barrow,1,2
2016-12-04,Cambridge United,Coventry City,4,0
2016-12-04,Curzon Ashton FC,AFC Wimbledon,3,4
2016-12-04,Eastleigh,FC Halifax Town,3,3
2016-12-04,Notts County,Peterborough United,2,2
2016-12-04,Port Vale,Hartlepool United,4,0
2016-12-04,Woking,Accrington Stanley,0,3
2016-12-04,Bolton Wanderers,Sheffield United,3,2
2016-12-05,Lincoln City,Oldham Athletic,3,2
2016-12-05,Middlesbrough,Hull City,1,0
2016-12-09,Brighton,Leeds United,2,0
2016-12-10,Barnsley,Norwich City,2,1
2016-12-10,Brentford,Burton Albion,2,1
2016-12-10,Huddersfield Town,Bristol City,2,1
2016-12-10,Preston North End,Blackburn Rovers,3,2
2016-12-10,Ipswich Town,Cardiff City,1,1
2016-12-10,Newcastle United,Birmingham City,4,0
2016-12-10,Aston Villa,Wigan Athletic,1,0
2016-12-10,Rotherham United,QPR,1,0
2016-12-10,Swansea City,Sunderland,3,0
2016-12-10,Watford,Everton,3,2
2016-12-10,Leicester City,Manchester City,4,2
2016-12-10,Hull City,Crystal Palace,3,3
2016-12-10,Burnley,Bournemouth,3,2
2016-12-10,Arsenal,Stoke City,3,1
2016-12-10,Wolves,Fulham,4,4
2016-12-10,Reading,Sheffield Weds,2,1
2016-12-11,Chelsea,West Brom,1,0
2016-12-11,Southampton,Middlesbrough,1,0
2016-12-11,Liverpool,West Ham United,2,2
2016-12-11,Manchester Utd,Tottenham Hotspur,1,0
2016-12-11,Derby County,Nottingham Forest,3,0
2016-12-13,Fleetwood Town,Shrewsbury Town,3,2
2016-12-13,FC Halifax Town,Eastleigh,0,2
2016-12-13,Stourbridge FC,Northampton Town,1,0
2016-12-13,Oxford United,Macclesfield Town,3,0
2016-12-13,Milton Keynes Dons,Charlton Athletic,3,1
2016-12-13,Sheffield Weds,Barnsley,2,0
2016-12-13,Norwich City,Aston Villa,1,0
2016-12-13,Leeds United,Reading,2,0
2016-12-13,Everton,Arsenal,2,1
2016-12-13,Cardiff City,Wolves,2,1
2016-12-13,Burton Albion,Huddersfield Town,0,1
2016-12-13,Bristol City,Brentford,0,1
2016-12-13,Blackburn Rovers,Brighton,2,3
2016-12-13,Bournemouth,Leicester City,1,0
2016-12-13,Birmingham City,Ipswich Town,2,1
2016-12-13,Fulham,Rotherham United,2,1
2016-12-14,Sunderland,Chelsea,0,1
2016-12-14,Nottingham Forest,Preston North End,1,1
2016-12-14,QPR,Derby County,0,1
2016-12-14,West Ham United,Burnley,1,0
2016-12-14,West Brom,Swansea City,3,1
2016-12-14,Tottenham Hotspur,Hull City,3,0
2016-12-14,Stoke City,Southampton,0,0
2016-12-14,Wigan Athletic,Newcastle United,0,2
2016-12-14,Crystal Palace,Manchester Utd,1,2
2016-12-14,Manchester City,Watford,2,0
2016-12-14,Middlesbrough,Liverpool,0,3
2016-12-16,Norwich City,Huddersfield Town,1,2
2016-12-17,West Brom,Manchester Utd,0,2
2016-12-17,Wigan Athletic,Ipswich Town,2,3
2016-12-17,Bristol City,Preston North End,1,2
2016-12-17,West Ham United,Hull City,1,0
2016-12-17,Cardiff City,Barnsley,3,4
2016-12-17,Sunderland,Watford,1,0
2016-12-17,Stoke City,Leicester City,2,2
2016-12-17,Sheffield Weds,Rotherham United,1,0
2016-12-17,Leeds United,Brentford,1,0
2016-12-17,Burton Albion,Newcastle United,1,2
2016-12-17,Middlesbrough,Swansea City,3,0
2016-12-17,Blackburn Rovers,Reading,2,3
2016-12-17,Crystal Palace,Chelsea,0,1
2016-12-17,Birmingham City,Brighton,1,2
2016-12-17,Fulham,Derby County,2,2
2016-12-17,Nottingham Forest,Wolves,0,2
2016-12-18,Bournemouth,Southampton,1,3
2016-12-18,Manchester City,Arsenal,2,1
2016-12-18,Tottenham Hotspur,Burnley,2,1
2016-12-18,QPR,Aston Villa,0,1
2016-12-19,Everton,Liverpool,0,1
2016-12-20,Peterborough United,Notts County,2,0
2016-12-21,Newport County,Plymouth Argyle,0,1
2016-12-26,Barnsley,Blackburn Rovers,2,0
2016-12-26,Brentford,Cardiff City,2,2
2016-12-26,Newcastle United,Sheffield Weds,0,1
2016-12-26,Aston Villa,Burton Albion,2,1
2016-12-26,Arsenal,West Brom,1,0
2016-12-26,Burnley,Middlesbrough,1,0
2016-12-26,Swansea City,West Ham United,1,4
2016-12-26,Manchester Utd,Sunderland,3,1
2016-12-26,Leicester City,Everton,0,2
2016-12-26,Hull City,Manchester City,0,3
2016-12-26,Chelsea,Bournemouth,3,0
2016-12-26,Huddersfield Town,Nottingham Forest,2,1
2016-12-26,Preston North End,Leeds United,1,4
2016-12-26,Reading,Norwich City,3,1
2016-12-26,Rotherham United,Wigan Athletic,3,2
2016-12-26,Wolves,Bristol City,3,2
2016-12-26,Watford,Crystal Palace,1,1
2016-12-26,Ipswich Town,Fulham,0,2
2016-12-27,Derby County,Birmingham City,1,0
2016-12-27,Brighton,QPR,3,0
2016-12-27,Liverpool,Stoke City,4,1
2016-12-28,Southampton,Tottenham Hotspur,1,4
2016-12-29,Rotherham United,Burton Albion,1,2
2016-12-29,Aston Villa,Leeds United,1,1
2016-12-30,Ipswich Town,Bristol City,2,1
2016-12-30,Newcastle United,Nottingham Forest,3,1
2016-12-30,Hull City,Everton,2,2
2016-12-31,Wolves,QPR,1,2
2016-12-31,Barnsley,Birmingham City,2,2
2016-12-31,Brentford,Norwich City,0,0
2016-12-31,Derby County,Wigan Athletic,0,0
2016-12-31,Burnley,Sunderland,4,1
2016-12-31,Swansea City,Bournemouth,0,3
2016-12-31,Southampton,West Brom,1,2
2016-12-31,Manchester Utd,Middlesbrough,2,1
2016-12-31,Liverpool,Manchester City,1,0
2016-12-31,Leicester City,West Ham United,1,0
2016-12-31,Chelsea,Stoke City,4,2
2016-12-31,Huddersfield Town,Blackburn Rovers,1,1
2016-12-31,Preston North End,Sheffield Weds,1,1
2017-01-01,Watford,Tottenham Hotspur,1,4
2017-01-01,Arsenal,Crystal Palace,2,0
2017-01-02,Norwich City,Derby County,3,0
2017-01-02,Everton,Southampton,3,0
2017-01-02,Blackburn Rovers,Newcastle United,1,0
2017-01-02,Bristol City,Reading,2,3
2017-01-02,Burton Albion,Preston North End,0,1
2017-01-02,Cardiff City,Aston Villa,1,0
2017-01-02,Fulham,Brighton,1,2
2017-01-02,Nottingham Forest,Barnsley,0,1
2017-01-02,QPR,Ipswich Town,2,1
2017-01-02,Birmingham City,Brentford,1,3
2017-01-02,Sheffield Weds,Wolves,0,0
2017-01-02,Leeds United,Rotherham United,3,0
2017-01-02,West Brom,Hull City,3,1
2017-01-02,West Ham United,Manchester Utd,0,2
2017-01-02,Sunderland,Liverpool,2,2
2017-01-02,Middlesbrough,Leicester City,0,0
2017-01-02,Manchester City,Burnley,2,1
2017-01-02,Wigan Athletic,Huddersfield Town,0,1
2017-01-03,Bournemouth,Arsenal,3,3
2017-01-03,Crystal Palace,Swansea City,1,2
2017-01-03,Stoke City,Watford,2,0
2017-01-04,Tottenham Hotspur,Chelsea,2,0
2017-01-06,West Ham United,Manchester City,0,5
2017-01-07,Preston North End,Arsenal,1,2
2017-01-07,Accrington Stanley,Luton Town,2,1
2017-01-07,Barrow,Rochdale,0,2
2017-01-07,Birmingham City,Newcastle United,1,1
2017-01-07,Blackpool,Barnsley,0,0
2017-01-07,Bolton Wanderers,Crystal Palace,0,0
2017-01-07,Brentford,Eastleigh,5,1
2017-01-07,Brighton,Milton Keynes Dons,2,0
2017-01-07,Bristol City,Fleetwood Town,0,0
2017-01-07,Everton,Leicester City,1,2
2017-01-07,Norwich City,Southampton,2,2
2017-01-07,Huddersfield Town,Port Vale,4,0
2017-01-07,Ipswich Town,Lincoln City,2,2
2017-01-07,Manchester Utd,Reading,4,0
2017-01-07,Wycombe Wanderers,Stourbridge FC,2,1
2017-01-07,Wigan Athletic,Nottingham Forest,2,0
2017-01-07,West Brom,Derby County,1,2
2017-01-07,Watford,Burton Albion,2,0
2017-01-07,Sutton United,AFC Wimbledon,0,0
2017-01-07,Sunderland,Burnley,0,0
2017-01-07,Millwall,Bournemouth,3,0
2017-01-07,Rotherham United,Oxford United,2,3
2017-01-07,QPR,Blackburn Rovers,1,2
2017-01-07,Hull City,Swansea City,2,0
2017-01-07,Stoke City,Wolves,0,2
2017-01-08,Chelsea,Peterborough United,4,1
2017-01-08,Tottenham Hotspur,Aston Villa,2,0
2017-01-08,Middlesbrough,Sheffield Weds,3,0
2017-01-08,Liverpool,Plymouth Argyle,0,0
2017-01-08,Cardiff City,Fulham,1,2
2017-01-09,Cambridge United,Leeds United,1,2
2017-01-10,Manchester Utd,Hull City,2,0
2017-01-11,Southampton,Liverpool,1,0
2017-01-12,Reading,QPR,0,1
2017-01-13,Leeds United,Derby County,1,0
2017-01-14,Birmingham City,Nottingham Forest,0,0
2017-01-14,Brentford,Newcastle United,1,2
2017-01-14,Rotherham United,Norwich City,2,1
2017-01-14,Wolves,Aston Villa,1,0
2017-01-14,Sheffield Weds,Huddersfield Town,2,0
2017-01-14,Preston North End,Brighton,2,0
2017-01-14,Burton Albion,Wigan Athletic,0,2
2017-01-14,Fulham,Barnsley,2,0
2017-01-14,Burnley,Southampton,1,0
2017-01-14,Hull City,Bournemouth,3,1
2017-01-14,Ipswich Town,Blackburn Rovers,3,2
2017-01-14,Sunderland,Stoke City,1,3
2017-01-14,Swansea City,Arsenal,0,4
2017-01-14,Leicester City,Chelsea,0,3
2017-01-14,Watford,Middlesbrough,0,0
2017-01-14,West Ham United,Crystal Palace,3,0
2017-01-14,Bristol City,Cardiff City,2,3
2017-01-14,Tottenham Hotspur,West Brom,4,0
2017-01-15,Everton,Manchester City,4,0
2017-01-15,Manchester Utd,Liverpool,1,1
2017-01-17,Fleetwood Town,Bristol City,0,1
2017-01-17,Crystal Palace,Bolton Wanderers,2,1
2017-01-17,Burnley,Sunderland,2,0
2017-01-17,Barnsley,Blackpool,1,2
2017-01-17,AFC Wimbledon,Sutton United,1,3
2017-01-17,Lincoln City,Ipswich Town,1,0
2017-01-18,Plymouth Argyle,Liverpool,0,1
2017-01-18,Newcastle United,Birmingham City,3,1
2017-01-18,Southampton,Norwich City,1,0
2017-01-20,Brighton,Sheffield Weds,2,1
2017-01-21,Liverpool,Swansea City,2,3
2017-01-21,Nottingham Forest,Bristol City,1,0
2017-01-21,QPR,Fulham,1,1
2017-01-21,Wigan Athletic,Brentford,2,1
2017-01-21,Huddersfield Town,Ipswich Town,2,0
2017-01-21,Derby County,Reading,3,2
2017-01-21,Cardiff City,Burton Albion,1,0
2017-01-21,Blackburn Rovers,Birmingham City,1,1
2017-01-21,Barnsley,Leeds United,3,2
2017-01-21,Crystal Palace,Everton,0,1
2017-01-21,Aston Villa,Preston North End,2,2
2017-01-21,Norwich City,Wolves,3,1
2017-01-21,Newcastle United,Rotherham United,4,0
2017-01-21,Manchester City,Tottenham Hotspur,2,2
2017-01-21,Middlesbrough,West Ham United,1,3
2017-01-21,Stoke City,Manchester Utd,1,1
2017-01-21,West Brom,Sunderland,2,0
2017-01-21,Bournemouth,Watford,2,2
2017-01-22,Chelsea,Hull City,2,0
2017-01-22,Arsenal,Burnley,2,1
2017-01-22,Southampton,Leicester City,3,0
2017-01-24,Reading,Fulham,1,0
2017-01-24,Brighton,Cardiff City,1,0
2017-01-25,Leeds United,Nottingham Forest,2,0
2017-01-25,Liverpool,Southampton,0,1
2017-01-26,Hull City,Manchester Utd,2,1
2017-01-27,Derby County,Leicester City,2,2
2017-01-28,Preston North End,Ipswich Town,1,1
2017-01-28,Reading,Cardiff City,2,1
2017-01-28,Rotherham United,Barnsley,0,1
2017-01-28,Norwich City,Birmingham City,2,0
2017-01-28,QPR,Burton Albion,1,2
2017-01-28,Southampton,Arsenal,0,5
2017-01-28,Blackburn Rovers,Blackpool,2,0
2017-01-28,Chelsea,Brentford,4,0
2017-01-28,Crystal Palace,Manchester City,0,3
2017-01-28,Lincoln City,Brighton,3,1
2017-01-28,Liverpool,Wolves,1,2
2017-01-28,Middlesbrough,Accrington Stanley,1,0
2017-01-28,Oxford United,Newcastle United,3,0
2017-01-28,Rochdale,Huddersfield Town,0,4
2017-01-28,Tottenham Hotspur,Wycombe Wanderers,4,3
2017-01-28,Burnley,Bristol City,2,0
2017-01-29,Sutton United,Leeds United,1,0
2017-01-29,Millwall,Watford,1,0
2017-01-29,Manchester Utd,Wigan Athletic,4,0
2017-01-29,Fulham,Hull City,4,1
2017-01-31,Bristol City,Sheffield Weds,2,2
2017-01-31,Birmingham City,Reading,0,1
2017-01-31,Brentford,Aston Villa,3,0
2017-01-31,Cardiff City,Preston North End,2,0
2017-01-31,Ipswich Town,Derby County,0,3
2017-01-31,Sunderland,Tottenham Hotspur,0,0
2017-01-31,Middlesbrough,West Brom,1,1
2017-01-31,Liverpool,Chelsea,1,1
2017-01-31,Burnley,Leicester City,1,0
2017-01-31,Bournemouth,Crystal Palace,0,2
2017-01-31,Arsenal,Watford,1,2
2017-01-31,Barnsley,Wolves,1,3
2017-01-31,Swansea City,Southampton,2,1
2017-01-31,Nottingham Forest,Rotherham United,2,0
2017-02-01,Burton Albion,Fulham,0,2
2017-02-01,Newcastle United,QPR,2,2
2017-02-01,Manchester Utd,Hull City,0,0
2017-02-01,Stoke City,Everton,1,1
2017-02-01,West Ham United,Manchester City,0,4
2017-02-01,Blackburn Rovers,Leeds United,1,2
2017-02-02,Huddersfield Town,Brighton,3,1
2017-02-03,Wigan Athletic,Sheffield Weds,0,1
2017-02-04,Chelsea,Arsenal,3,1
2017-02-04,West Brom,Stoke City,1,0
2017-02-04,Watford,Burnley,2,1
2017-02-04,Tottenham Hotspur,Middlesbrough,1,0
2017-02-04,Southampton,West Ham United,1,3
2017-02-04,Hull City,Liverpool,2,0
2017-02-04,Newcastle United,Derby County,1,0
2017-02-04,Nottingham Forest,Aston Villa,2,1
2017-02-04,Ipswich Town,Reading,2,2
2017-02-04,Cardiff City,Norwich City,0,1
2017-02-04,Burton Albion,Wolves,2,1
2017-02-04,Bristol City,Rotherham United,1,0
2017-02-04,Blackburn Rovers,QPR,1,0
2017-02-04,Birmingham City,Fulham,1,0
2017-02-04,Barnsley,Preston North End,0,0
2017-02-04,Everton,Bournemouth,6,3
2017-02-04,Crystal Palace,Sunderland,0,4
2017-02-05,Leicester City,Manchester Utd,0,3
2017-02-05,Manchester City,Swansea City,2,1
2017-02-05,Huddersfield Town,Leeds United,2,1
2017-02-05,Brentford,Brighton,3,3
2017-02-07,Wigan Athletic,Norwich City,2,2
2017-02-08,Leicester City,Derby County,3,1
2017-02-10,Sheffield Weds,Birmingham City,3,0
2017-02-11,Rotherham United,Blackburn Rovers,1,1
2017-02-11,Fulham,Wigan Athletic,3,2
2017-02-11,Arsenal,Hull City,2,0
2017-02-11,Liverpool,Tottenham Hotspur,2,0
2017-02-11,Manchester Utd,Watford,2,0
2017-02-11,Middlesbrough,Everton,0,0
2017-02-11,Reading,Barnsley,0,0
2017-02-11,Sunderland,Southampton,0,4
2017-02-11,Preston North End,Brentford,4,2
2017-02-11,West Ham United,West Brom,2,2
2017-02-11,Norwich City,Nottingham Forest,5,1
2017-02-11,Leeds United,Cardiff City,0,2
2017-02-11,Stoke City,Crystal Palace,1,0
2017-02-11,Derby County,Bristol City,3,3
2017-02-11,Aston Villa,Ipswich Town,0,1
2017-02-11,QPR,Huddersfield Town,1,2
2017-02-11,Wolves,Newcastle United,0,1
2017-02-11,Brighton,Burton Albion,4,1
2017-02-12,Swansea City,Leicester City,2,0
2017-02-12,Burnley,Chelsea,1,1
2017-02-13,Bournemouth,Manchester City,0,2
2017-02-14,Preston North End,Birmingham City,2,1
2017-02-14,Norwich City,Newcastle United,2,2
2017-02-14,Rotherham United,Huddersfield Town,2,3
2017-02-14,Fulham,Nottingham Forest,3,2
2017-02-14,Derby County,Cardiff City,3,4
2017-02-14,Brighton,Ipswich Town,1,1
2017-02-14,Sheffield Weds,Blackburn Rovers,2,1
2017-02-14,Aston Villa,Barnsley,1,3
2017-02-14,Wolves,Wigan Athletic,0,1
2017-02-14,Reading,Brentford,3,2
2017-02-14,Leeds United,Bristol City,2,1
2017-02-18,Huddersfield Town,Manchester City,0,0
2017-02-18,Wigan Athletic,Preston North End,0,0
2017-02-18,Burnley,Lincoln City,0,1
2017-02-18,Middlesbrough,Oxford United,3,2
2017-02-18,Millwall,Leicester City,1,0
2017-02-18,Wolves,Chelsea,0,2
2017-02-18,Barnsley,Brighton,0,2
2017-02-18,Birmingham City,QPR,1,4
2017-02-18,Nottingham Forest,Sheffield Weds,1,2
2017-02-18,Ipswich Town,Leeds United,1,1
2017-02-18,Cardiff City,Rotherham United,5,0
2017-02-18,Burton Albion,Norwich City,2,1
2017-02-19,Blackburn Rovers,Manchester Utd,1,2
2017-02-19,Fulham,Tottenham Hotspur,0,3
2017-02-20,Newcastle United,Aston Villa,2,0
2017-02-20,Sutton United,Arsenal,0,2
2017-02-21,QPR,Wigan Athletic,2,1
2017-02-21,Huddersfield Town,Reading,1,0
2017-02-21,Derby County,Burton Albion,0,0
2017-02-21,Sheffield Weds,Brentford,1,2
2017-02-22,Bristol City,Fulham,0,2
2017-02-24,Wolves,Birmingham City,1,2
2017-02-24,Burton Albion,Blackburn Rovers,1,1
2017-02-25,Chelsea,Swansea City,3,1
2017-02-25,Wigan Athletic,Nottingham Forest,0,0
2017-02-25,Newcastle United,Bristol City,2,2
2017-02-25,Leeds United,Sheffield Weds,1,0
2017-02-25,Cardiff City,Fulham,2,2
2017-02-25,Brighton,Reading,3,0
2017-02-25,Brentford,Rotherham United,4,2
2017-02-25,Barnsley,Huddersfield Town,1,1
2017-02-25,Aston Villa,Derby County,1,0
2017-02-25,Preston North End,QPR,2,1
2017-02-25,Crystal Palace,Middlesbrough,1,0
2017-02-25,Everton,Sunderland,2,0
2017-02-25,Hull City,Burnley,1,1
2017-02-25,Watford,West Ham United,1,1
2017-02-25,West Brom,Bournemouth,2,1
2017-02-26,Manchester Utd,Southampton,3,2
2017-02-26,Norwich City,Ipswich Town,1,1
2017-02-26,Tottenham Hotspur,Stoke City,4,0
2017-02-27,Leicester City,Liverpool,3,1
2017-02-28,Brighton,Newcastle United,1,2
2017-02-28,Blackburn Rovers,Derby County,1,0
2017-02-28,Aston Villa,Bristol City,2,0
2017-03-01,Manchester City,Huddersfield Town,5,1
2017-03-03,Birmingham City,Leeds United,1,3
2017-03-04,Liverpool,Arsenal,3,1
2017-03-04,Reading,Wolves,2,1
2017-03-04,QPR,Cardiff City,2,1
2017-03-04,Sheffield Weds,Norwich City,5,1
2017-03-04,Leicester City,Hull City,3,1
2017-03-04,Ipswich Town,Brentford,1,1
2017-03-04,Huddersfield Town,Newcastle United,1,3
2017-03-04,Fulham,Preston North End,3,1
2017-03-04,Derby County,Barnsley,2,1
2017-03-04,Bristol City,Burton Albion,0,0
2017-03-04,Nottingham Forest,Brighton,3,0
2017-03-04,West Brom,Crystal Palace,0,2
2017-03-04,Manchester Utd,Bournemouth,1,1
2017-03-04,Stoke City,Middlesbrough,2,0
2017-03-04,Swansea City,Burnley,3,2
2017-03-04,Watford,Southampton,3,4
2017-03-04,Blackburn Rovers,Wigan Athletic,1,0
2017-03-04,Rotherham United,Aston Villa,0,2
2017-03-05,Sunderland,Manchester City,0,2
2017-03-05,Tottenham Hotspur,Everton,3,2
2017-03-06,West Ham United,Chelsea,1,2
2017-03-07,Fulham,Leeds United,1,1
2017-03-07,Birmingham City,Wigan Athletic,0,1
2017-03-07,Blackburn Rovers,Cardiff City,1,1
2017-03-07,Bristol City,Norwich City,1,1
2017-03-07,Derby County,Preston North End,1,1
2017-03-07,Nottingham Forest,Brentford,2,3
2017-03-07,Ipswich Town,Wolves,0,0
2017-03-07,QPR,Barnsley,2,1
2017-03-07,Reading,Newcastle United,0,0
2017-03-07,Rotherham United,Brighton,0,2
2017-03-07,Sheffield Weds,Burton Albion,1,1
2017-03-07,Huddersfield Town,Aston Villa,1,0
2017-03-08,Manchester City,Stoke City,0,0
2017-03-10,Brighton,Derby County,3,0
2017-03-11,Wolves,Rotherham United,1,0
2017-03-11,Everton,West Brom,3,0
2017-03-11,Bournemouth,West Ham United,3,2
2017-03-11,Preston North End,Reading,3,0
2017-03-11,Norwich City,Blackburn Rovers,2,2
2017-03-11,Newcastle United,Fulham,1,3
2017-03-11,Leeds United,QPR,0,0
2017-03-11,Cardiff City,Birmingham City,1,1
2017-03-11,Burton Albion,Nottingham Forest,1,0
2017-03-11,Barnsley,Ipswich Town,1,1
2017-03-11,Aston Villa,Sheffield Weds,2,0
2017-03-11,Arsenal,Lincoln City,5,0
2017-03-11,Middlesbrough,Manchester City,0,2
2017-03-11,Hull City,Swansea City,2,1
2017-03-11,Brentford,Huddersfield Town,0,1
2017-03-11,Wigan Athletic,Bristol City,0,1
2017-03-12,Tottenham Hotspur,Millwall,6,0
2017-03-12,Liverpool,Burnley,2,1
2017-03-13,Chelsea,Manchester Utd,1,0
2017-03-14,Brentford,Wolves,1,2
2017-03-14,Fulham,Blackburn Rovers,2,2
2017-03-17,Sheffield Weds,Reading,0,2
2017-03-17,Bristol City,Huddersfield Town,4,0
2017-03-18,Bournemouth,Swansea City,2,0
2017-03-18,Crystal Palace,Watford,1,0
2017-03-18,Everton,Hull City,4,0
2017-03-18,Stoke City,Chelsea,1,2
2017-03-18,Sunderland,Burnley,0,0
2017-03-18,West Brom,Arsenal,3,1
2017-03-18,West Ham United,Leicester City,2,3
2017-03-18,Birmingham City,Newcastle United,0,0
2017-03-18,QPR,Rotherham United,5,1
2017-03-18,Blackburn Rovers,Preston North End,2,2
2017-03-18,Burton Albion,Brentford,3,5
2017-03-18,Cardiff City,Ipswich Town,3,1
2017-03-18,Fulham,Wolves,1,3
2017-03-18,Leeds United,Brighton,2,0
2017-03-18,Norwich City,Barnsley,2,0
2017-03-18,Nottingham Forest,Derby County,2,2
2017-03-18,Wigan Athletic,Aston Villa,0,2
2017-03-19,Tottenham Hotspur,Southampton,2,1
2017-03-19,Manchester City,Liverpool,1,1
2017-03-19,Middlesbrough,Manchester Utd,1,3
2017-03-31,Derby County,QPR,1,0
2017-04-01,Brentford,Bristol City,2,0
2017-04-01,Wolves,Cardiff City,3,1
2017-04-01,Rotherham United,Fulham,0,1
2017-04-01,Reading,Leeds United,1,0
2017-04-01,Preston North End,Nottingham Forest,1,1
2017-04-01,Aston Villa,Norwich City,2,0
2017-04-01,Ipswich Town,Birmingham City,1,1
2017-04-01,Huddersfield Town,Burton Albion,0,1
2017-04-01,Brighton,Blackburn Rovers,1,0
2017-04-01,Barnsley,Sheffield Weds,1,1
2017-04-01,Newcastle United,Wigan Athletic,2,1
2017-04-01,Manchester Utd,West Brom,0,0
2017-04-01,Burnley,Tottenham Hotspur,0,2
2017-04-01,Watford,Sunderland,1,0
2017-04-01,Southampton,Bournemouth,0,0
2017-04-01,Liverpool,Everton,3,1
2017-04-01,Leicester City,Stoke City,2,0
2017-04-01,Hull City,West Ham United,2,1
2017-04-01,Chelsea,Crystal Palace,1,2
2017-04-02,Arsenal,Manchester City,2,2
2017-04-02,Swansea City,Middlesbrough,0,0
2017-04-04,Wolves,Nottingham Forest,1,0
2017-04-04,Rotherham United,Sheffield Weds,0,2
2017-04-04,Reading,Blackburn Rovers,3,1
2017-04-04,Aston Villa,QPR,1,0
2017-04-04,Barnsley,Cardiff City,0,0
2017-04-04,Brentford,Leeds United,2,0
2017-04-04,Brighton,Birmingham City,3,1
2017-04-04,Derby County,Fulham,4,2
2017-04-04,Watford,West Brom,2,0
2017-04-04,Ipswich Town,Wigan Athletic,3,0
2017-04-04,Manchester Utd,Everton,1,1
2017-04-04,Burnley,Stoke City,1,0
2017-04-04,Leicester City,Sunderland,2,0
2017-04-04,Preston North End,Bristol City,5,0
2017-04-05,Chelsea,Manchester City,2,1
2017-04-05,Arsenal,West Ham United,3,0
2017-04-05,Newcastle United,Burton Albion,1,0
2017-04-05,Swansea City,Tottenham Hotspur,1,3
2017-04-05,Huddersfield Town,Norwich City,3,0
2017-04-05,Liverpool,Bournemouth,2,2
2017-04-05,Hull City,Middlesbrough,4,2
2017-04-05,Southampton,Crystal Palace,3,1
2017-04-07,QPR,Brighton,1,2
2017-04-08,Blackburn Rovers,Barnsley,0,2
2017-04-08,Birmingham City,Derby County,1,2
2017-04-08,Bristol City,Wolves,3,1
2017-04-08,Cardiff City,Brentford,2,1
2017-04-08,Fulham,Ipswich Town,3,1
2017-04-08,Leeds United,Preston North End,3,0
2017-04-08,Norwich City,Reading,7,1
2017-04-08,Nottingham Forest,Huddersfield Town,2,0
2017-04-08,Sheffield Weds,Newcastle United,2,1
2017-04-08,Wigan Athletic,Rotherham United,3,2
2017-04-08,Burton Albion,Aston Villa,1,1
2017-04-08,West Brom,Southampton,0,1
2017-04-08,Tottenham Hotspur,Watford,4,0
2017-04-08,Stoke City,Liverpool,1,2
2017-04-08,Middlesbrough,Burnley,0,0
2017-04-08,Manchester City,Hull City,3,1
2017-04-08,Bournemouth,Chelsea,1,3
2017-04-08,West Ham United,Swansea City,1,0
2017-04-09,Sunderland,Manchester Utd,0,3
2017-04-09,Everton,Leicester City,4,2
2017-04-10,Crystal Palace,Arsenal,3,0
2017-04-13,Wigan Athletic,Barnsley,3,2
2017-04-14,Brentford,Derby County,4,0
2017-04-14,Bristol City,QPR,2,1
2017-04-14,Burton Albion,Ipswich Town,1,2
2017-04-14,Norwich City,Fulham,1,3
2017-04-14,Newcastle United,Leeds United,1,1
2017-04-14,Nottingham Forest,Blackburn Rovers,0,1
2017-04-14,Rotherham United,Birmingham City,1,1
2017-04-14,Sheffield Weds,Cardiff City,1,0
2017-04-14,Wolves,Brighton,0,2
2017-04-14,Huddersfield Town,Preston North End,3,2
2017-04-15,Aston Villa,Reading,1,3
2017-04-15,Crystal Palace,Leicester City,2,2
2017-04-15,Everton,Burnley,3,1
2017-04-15,Stoke City,Hull City,3,1
2017-04-15,Sunderland,West Ham United,2,2
2017-04-15,Tottenham Hotspur,Bournemouth,4,0
2017-04-15,Watford,Swansea City,1,0
2017-04-15,Southampton,Manchester City,0,3
2017-04-16,Manchester Utd,Chelsea,2,0
2017-04-16,West Brom,Liverpool,0,1
2017-04-17,Barnsley,Brentford,1,1
2017-04-17,Fulham,Aston Villa,3,1
2017-04-17,Derby County,Huddersfield Town,1,1
2017-04-17,Ipswich Town,Newcastle United,3,1
2017-04-17,Leeds United,Wolves,0,1
2017-04-17,Preston North End,Norwich City,1,3
2017-04-17,Brighton,Wigan Athletic,2,1
2017-04-17,Cardiff City,Nottingham Forest,1,0
2017-04-17,Blackburn Rovers,Bristol City,1,1
2017-04-17,Middlesbrough,Arsenal,1,2
2017-04-17,Reading,Rotherham United,2,1
2017-04-17,QPR,Sheffield Weds,1,2
2017-04-17,Birmingham City,Burton Albion,0,2
2017-04-21,Norwich City,Brighton,2,0
2017-04-22,Hull City,Watford,2,0
2017-04-22,Swansea City,Stoke City,2,0
2017-04-22,Chelsea,Tottenham Hotspur,4,2
2017-04-22,Burton Albion,Leeds United,2,1
2017-04-22,Brentford,QPR,3,1
2017-04-22,Huddersfield Town,Fulham,1,4
2017-04-22,Nottingham Forest,Reading,3,2
2017-04-22,Rotherham United,Ipswich Town,1,0
2017-04-22,Sheffield Weds,Derby County,2,1
2017-04-22,Wigan Athletic,Cardiff City,0,0
2017-04-22,Wolves,Blackburn Rovers,0,0
2017-04-22,West Ham United,Everton,0,0
2017-04-22,Bournemouth,Middlesbrough,4,0
2017-04-22,Bristol City,Barnsley,3,2
2017-04-23,Aston Villa,Birmingham City,1,0
2017-04-23,Arsenal,Manchester City,2,1
2017-04-23,Liverpool,Crystal Palace,1,2
2017-04-23,Burnley,Manchester Utd,0,2
2017-04-24,Newcastle United,Preston North End,4,1
2017-04-25,Chelsea,Southampton,4,2
2017-04-25,Wolves,Huddersfield Town,0,1
2017-04-26,Middlesbrough,Sunderland,1,0
2017-04-26,Crystal Palace,Tottenham Hotspur,0,1
2017-04-26,Arsenal,Leicester City,1,0
2017-04-27,Manchester City,Manchester Utd,0,0
2017-04-28,Cardiff City,Newcastle United,0,2
2017-04-29,Reading,Wigan Athletic,1,0
2017-04-29,Birmingham City,Huddersfield Town,2,0
2017-04-29,Stoke City,West Ham United,0,0
2017-04-29,Sunderland,Bournemouth,0,1
2017-04-29,West Brom,Leicester City,0,1
2017-04-29,Barnsley,Burton Albion,1,1
2017-04-29,Southampton,Hull City,0,0
2017-04-29,Preston North End,Rotherham United,1,1
2017-04-29,QPR,Nottingham Forest,2,0
2017-04-29,Ipswich Town,Sheffield Weds,0,1
2017-04-29,Fulham,Brentford,1,1
2017-04-29,Derby County,Wolves,3,1
2017-04-29,Brighton,Bristol City,0,1
2017-04-29,Blackburn Rovers,Aston Villa,1,0
2017-04-29,Leeds United,Norwich City,3,3
2017-04-29,Crystal Palace,Burnley,0,2
2017-04-30,Tottenham Hotspur,Arsenal,2,0
2017-04-30,Middlesbrough,Manchester City,2,2
2017-04-30,Manchester Utd,Swansea City,1,1
2017-04-30,Everton,Chelsea,0,3
2017-05-01,Watford,Liverpool,0,1
2017-05-05,West Ham United,Tottenham Hotspur,1,0
2017-05-06,Manchester City,Crystal Palace,5,0
2017-05-06,Swansea City,Everton,1,0
2017-05-06,Leicester City,Watford,3,0
2017-05-06,Hull City,Sunderland,0,2
2017-05-06,Burnley,West Brom,2,2
2017-05-06,Bournemouth,Stoke City,2,2
2017-05-07,Liverpool,Southampton,0,0
2017-05-07,Arsenal,Manchester Utd,2,0
2017-05-07,Aston Villa,Brighton,1,1
2017-05-07,Sheffield Weds,Fulham,1,2
2017-05-07,Brentford,Blackburn Rovers,1,3
2017-05-07,Wigan Athletic,Leeds United,1,1
2017-05-07,Burton Albion,Reading,2,4
2017-05-07,Bristol City,Birmingham City,0,1
2017-05-07,Huddersfield Town,Cardiff City,0,3
2017-05-07,Newcastle United,Barnsley,3,0
2017-05-07,Norwich City,QPR,4,0
2017-05-07,Nottingham Forest,Ipswich Town,3,0
2017-05-07,Rotherham United,Derby County,1,1
2017-05-07,Wolves,Preston North End,1,0
2017-05-08,Chelsea,Middlesbrough,3,0
2017-05-10,Southampton,Arsenal,0,2
2017-05-12,Everton,Watford,1,0
2017-05-12,West Brom,Chelsea,0,1
2017-05-13,Manchester City,Leicester City,2,1
2017-05-13,Middlesbrough,Southampton,1,2
2017-05-13,Bournemouth,Burnley,2,1
2017-05-13,Stoke City,Arsenal,1,4
2017-05-13,Sunderland,Swansea City,0,2
2017-05-13,Fulham,Reading,1,1
2017-05-14,Crystal Palace,Hull City,4,0
2017-05-14,Tottenham Hotspur,Manchester Utd,2,1
2017-05-14,Huddersfield Town,Sheffield Weds,0,0
2017-05-14,West Ham United,Liverpool,0,4
2017-05-15,Chelsea,Watford,4,3
2017-05-16,Arsenal,Sunderland,2,0
2017-05-16,Manchester City,West Brom,3,1
2017-05-16,Reading,Fulham,1,0
2017-05-17,Southampton,Manchester Utd,0,0
2017-05-17,Sheffield Weds,Huddersfield Town,1,1
2017-05-18,Leicester City,Tottenham Hotspur,1,6
2017-05-21,Liverpool,Middlesbrough,3,0
2017-05-21,Burnley,West Ham United,1,2
2017-05-21,Chelsea,Sunderland,5,1
2017-05-21,Hull City,Tottenham Hotspur,1,7
2017-05-21,Leicester City,Bournemouth,1,1
2017-05-21,Manchester Utd,Crystal Palace,2,0
2017-05-21,Southampton,Stoke City,0,1
2017-05-21,Swansea City,West Brom,2,1
2017-05-21,Watford,Manchester City,0,5
2017-05-21,Arsenal,Everton,3,1
2017-05-27,Arsenal,Chelsea,2,1
2017-05-29,Huddersfield Town,Reading,0,0
2017-08-04,Nottingham Forest,Millwall,1,0
2017-08-04,Sunderland,Derby County,1,1
2017-08-05,Aston Villa,Hull City,1,1
2017-08-05,Bristol City,Barnsley,3,1
2017-08-05,QPR,Reading,2,0
2017-08-05,Fulham,Norwich City,1,1
2017-08-05,Ipswich Town,Birmingham City,1,0
2017-08-05,Preston North End,Sheffield Weds,1,0
2017-08-05,Sheffield United,Brentford,1,0
2017-08-05,Burton Albion,Cardiff City,0,1
2017-08-05,Wolves,Middlesbrough,1,0
2017-08-06,Bolton Wanderers,Leeds United,2,3
2017-08-08,Reading,Gillingham,2,0
2017-08-08,Forest Green Rovers,Milton Keynes Dons,0,1
2017-08-08,QPR,Northampton Town,1,0
2017-08-08,Peterborough United,Barnet,1,3
2017-08-08,Oxford United,Cheltenham Town,3,4
2017-08-08,Nottingham Forest,Shrewsbury Town,2,1
2017-08-08,Norwich City,Swindon Town,3,2
2017-08-08,Millwall,Stevenage,2,0
2017-08-08,Mansfield Town,Rochdale,0,1
2017-08-08,Luton Town,Ipswich Town,0,2
2017-08-08,Fleetwood Town,Carlisle United,1,2
2017-08-08,Exeter City,Charlton Athletic,1,2
2017-08-08,Coventry City,Blackburn Rovers,1,3
2017-08-08,Cardiff City,Portsmouth,2,1
2017-08-08,Bristol Rovers,Cambridge United,4,1
2017-08-08,Rotherham United,Lincoln City,2,1
2017-08-08,Bristol City,Plymouth Argyle,5,0
2017-08-08,Birmingham City,Crawley Town,5,1
2017-08-08,Barnsley,Morecambe,4,3
2017-08-08,Accrington Stanley,Preston North End,3,2
2017-08-08,AFC Wimbledon,Brentford,1,3
2017-08-08,Sheffield Weds,Chesterfield,4,1
2017-08-08,Southend United,Newport County,0,2
2017-08-08,Wigan Athletic,Blackpool,2,1
2017-08-08,Wolves,Yeovil Town,1,0
2017-08-08,Wycombe Wanderers,Fulham,0,2
2017-08-08,Bradford City,Doncaster Rovers,2,3
2017-08-08,Scunthorpe United,Notts County,3,3
2017-08-09,Sheffield United,Walsall,3,2
2017-08-09,Colchester United,Aston Villa,1,2
2017-08-09,Crewe Alexandra,Bolton Wanderers,1,2
2017-08-09,Leeds United,Port Vale,4,1
2017-08-09,Oldham Athletic,Burton Albion,2,3
2017-08-10,Bury,Sunderland,0,1
2017-08-11,Arsenal,Leicester City,4,3
2017-08-12,Barnsley,Ipswich Town,1,2
2017-08-12,Brentford,Nottingham Forest,3,4
2017-08-12,West Brom,Bournemouth,1,0
2017-08-12,Watford,Liverpool,3,3
2017-08-12,Southampton,Swansea City,0,0
2017-08-12,Everton,Stoke City,1,0
2017-08-12,Crystal Palace,Huddersfield Town,0,3
2017-08-12,Chelsea,Burnley,2,3
2017-08-12,Brighton,Manchester City,0,2
2017-08-12,Birmingham City,Bristol City,2,1
2017-08-12,Leeds United,Preston North End,0,0
2017-08-12,Cardiff City,Aston Villa,3,0
2017-08-12,Derby County,Wolves,0,2
2017-08-12,Hull City,Burton Albion,4,1
2017-08-12,Middlesbrough,Sheffield United,1,0
2017-08-12,Millwall,Bolton Wanderers,1,1
2017-08-12,Sheffield Weds,QPR,1,1
2017-08-12,Reading,Fulham,1,1
2017-08-13,Newcastle United,Tottenham Hotspur,0,2
2017-08-13,Norwich City,Sunderland,1,3
2017-08-13,Manchester Utd,West Ham United,4,0
2017-08-15,Middlesbrough,Burton Albion,2,0
2017-08-15,Derby County,Preston North End,1,0
2017-08-15,Hull City,Wolves,2,3
2017-08-15,Birmingham City,Bolton Wanderers,0,0
2017-08-15,Cardiff City,Sheffield United,2,0
2017-08-15,Leeds United,Fulham,0,0
2017-08-15,Millwall,Ipswich Town,3,4
2017-08-15,Barnsley,Nottingham Forest,2,1
2017-08-15,Brentford,Bristol City,2,2
2017-08-15,Reading,Aston Villa,2,1
2017-08-16,Norwich City,QPR,2,0
2017-08-16,Sheffield Weds,Sunderland,1,1
2017-08-18,Burton Albion,Birmingham City,2,1
2017-08-19,Aston Villa,Norwich City,4,2
2017-08-19,Swansea City,Manchester Utd,0,4
2017-08-19,Stoke City,Arsenal,1,0
2017-08-19,Southampton,West Ham United,3,2
2017-08-19,Liverpool,Crystal Palace,1,0
2017-08-19,Leicester City,Brighton,2,0
2017-08-19,Burnley,West Brom,0,1
2017-08-19,Wolves,Cardiff City,1,2
2017-08-19,Bournemouth,Watford,0,2
2017-08-19,QPR,Hull City,2,1
2017-08-19,Preston North End,Reading,1,0
2017-08-19,Nottingham Forest,Middlesbrough,2,1
2017-08-19,Ipswich Town,Brentford,2,0
2017-08-19,Fulham,Sheffield Weds,0,1
2017-08-19,Bristol City,Millwall,0,0
2017-08-19,Bolton Wanderers,Derby County,1,2
2017-08-19,Sheffield United,Barnsley,1,0
2017-08-19,Sunderland,Leeds United,0,2
2017-08-20,Huddersfield Town,Newcastle United,1,0
2017-08-20,Tottenham Hotspur,Chelsea,1,2
2017-08-21,Manchester City,Everton,1,1
2017-08-22,Middlesbrough,Scunthorpe United,3,0
2017-08-22,Milton Keynes Dons,Swansea City,1,4
2017-08-22,Carlisle United,Sunderland,1,2
2017-08-22,Cardiff City,Burton Albion,1,2
2017-08-22,Brighton,Barnet,1,0
2017-08-22,Bolton Wanderers,Sheffield Weds,3,2
2017-08-22,Birmingham City,Bournemouth,1,2
2017-08-22,Aston Villa,Wigan Athletic,4,1
2017-08-22,Accrington Stanley,West Brom,1,3
2017-08-22,Crystal Palace,Ipswich Town,2,1
2017-08-22,Norwich City,Charlton Athletic,4,1
2017-08-22,Reading,Millwall,3,1
2017-08-22,Sheffield United,Leicester City,1,4
2017-08-22,Watford,Bristol City,2,3
2017-08-22,Fulham,Bristol Rovers,0,1
2017-08-22,Grimsby Town,Derby County,0,1
2017-08-22,Leeds United,Newport County,5,1
2017-08-22,QPR,Brentford,1,4
2017-08-22,Doncaster Rovers,Hull City,2,0
2017-08-23,Stoke City,Rochdale,4,0
2017-08-23,Southampton,Wolves,0,2
2017-08-23,Newcastle United,Nottingham Forest,2,3
2017-08-23,Huddersfield Town,Rotherham United,2,1
2017-08-23,Blackburn Rovers,Burnley,0,2
2017-08-23,Cheltenham Town,West Ham United,0,2
2017-08-25,Hull City,Bolton Wanderers,4,0
2017-08-25,Bristol City,Aston Villa,1,1
2017-08-26,Watford,Brighton,0,0
2017-08-26,Newcastle United,West Ham United,3,0
2017-08-26,Huddersfield Town,Southampton,0,0
2017-08-26,Crystal Palace,Swansea City,0,2
2017-08-26,Bournemouth,Manchester City,1,2
2017-08-26,Manchester Utd,Leicester City,2,0
2017-08-26,Sheffield United,Derby County,3,1
2017-08-26,Barnsley,Sunderland,3,0
2017-08-26,Birmingham City,Reading,0,2
2017-08-26,Brentford,Wolves,0,0
2017-08-26,Burton Albion,Sheffield Weds,1,1
2017-08-26,Ipswich Town,Fulham,0,2
2017-08-26,Middlesbrough,Preston North End,0,0
2017-08-26,Millwall,Norwich City,4,0
2017-08-26,Nottingham Forest,Leeds United,0,2
2017-08-26,Cardiff City,QPR,2,1
2017-08-27,Chelsea,Everton,2,0
2017-08-27,Liverpool,Arsenal,4,0
2017-08-27,West Brom,Stoke City,1,1
2017-08-27,Tottenham Hotspur,Burnley,1,1
2017-09-08,Derby County,Hull City,5,0
2017-09-09,Arsenal,Bournemouth,3,0
2017-09-09,Brighton,West Brom,3,1
2017-09-09,Everton,Tottenham Hotspur,0,3
2017-09-09,Leicester City,Chelsea,1,2
2017-09-09,Manchester City,Liverpool,5,0
2017-09-09,Southampton,Watford,0,2
2017-09-09,Stoke City,Manchester Utd,2,2
2017-09-09,QPR,Ipswich Town,2,1
2017-09-09,Wolves,Millwall,1,0
2017-09-09,Aston Villa,Brentford,0,0
2017-09-09,Bolton Wanderers,Middlesbrough,0,3
2017-09-09,Fulham,Cardiff City,1,1
2017-09-09,Leeds United,Burton Albion,5,0
2017-09-09,Norwich City,Birmingham City,1,0
2017-09-09,Preston North End,Barnsley,1,1
2017-09-09,Reading,Bristol City,0,1
2017-09-09,Sheffield Weds,Nottingham Forest,3,1
2017-09-09,Sunderland,Sheffield United,1,2
2017-09-10,Burnley,Crystal Palace,1,0
2017-09-10,Swansea City,Newcastle United,0,1
2017-09-11,West Ham United,Huddersfield Town,2,0
2017-09-12,Bolton Wanderers,Sheffield United,0,1
2017-09-12,Leeds United,Birmingham City,2,0
2017-09-12,Norwich City,Burton Albion,0,0
2017-09-12,Wolves,Bristol City,3,3
2017-09-12,QPR,Millwall,2,2
2017-09-12,Sheffield Weds,Brentford,2,1
2017-09-12,Sunderland,Nottingham Forest,0,1
2017-09-12,Barnsley,Derby County,3,2
2017-09-12,Aston Villa,Middlesbrough,0,0
2017-09-12,Preston North End,Cardiff City,3,0
2017-09-13,Fulham,Hull City,2,1
2017-09-15,Bournemouth,Brighton,2,1
2017-09-16,Crystal Palace,Southampton,0,1
2017-09-16,Huddersfield Town,Leicester City,1,1
2017-09-16,Liverpool,Burnley,1,1
2017-09-16,Newcastle United,Stoke City,2,1
2017-09-16,Tottenham Hotspur,Swansea City,0,0
2017-09-16,Watford,Manchester City,0,6
2017-09-16,West Brom,West Ham United,0,0
2017-09-16,Birmingham City,Preston North End,1,3
2017-09-16,Brentford,Reading,1,1
2017-09-16,Ipswich Town,Bolton Wanderers,2,0
2017-09-16,Sheffield United,Norwich City,0,1
2017-09-16,Bristol City,Derby County,4,1
2017-09-16,Cardiff City,Sheffield Weds,1,1
2017-09-16,Hull City,Sunderland,1,1
2017-09-16,Barnsley,Aston Villa,0,3
2017-09-16,Burton Albion,Fulham,2,1
2017-09-16,Middlesbrough,QPR,3,2
2017-09-16,Millwall,Leeds United,1,0
2017-09-16,Nottingham Forest,Wolves,1,2
2017-09-17,Chelsea,Arsenal,0,0
2017-09-17,Manchester Utd,Everton,4,0
2017-09-19,West Ham United,Bolton Wanderers,3,0
2017-09-19,Wolves,Bristol Rovers,1,0
2017-09-19,Reading,Swansea City,0,2
2017-09-19,Leicester City,Liverpool,2,0
2017-09-19,Crystal Palace,Huddersfield Town,1,0
2017-09-19,Burnley,Leeds United,2,2
2017-09-19,Bristol City,Stoke City,2,0
2017-09-19,Brentford,Norwich City,1,3
2017-09-19,Bournemouth,Brighton,1,0
2017-09-19,Aston Villa,Middlesbrough,0,2
2017-09-19,Tottenham Hotspur,Barnsley,1,0
2017-09-20,Chelsea,Nottingham Forest,5,1
2017-09-20,Everton,Sunderland,3,0
2017-09-20,Manchester Utd,Burton Albion,4,1
2017-09-20,West Brom,Manchester City,1,2
2017-09-20,Arsenal,Doncaster Rovers,1,0
2017-09-23,Swansea City,Watford,1,2
2017-09-23,Bolton Wanderers,Brentford,0,3
2017-09-23,Wolves,Barnsley,2,1
2017-09-23,Sunderland,Cardiff City,1,2
2017-09-23,Reading,Hull City,1,1
2017-09-23,QPR,Burton Albion,0,0
2017-09-23,Preston North End,Millwall,0,0
2017-09-23,Norwich City,Bristol City,0,0
2017-09-23,Aston Villa,Nottingham Forest,2,1
2017-09-23,Leeds United,Ipswich Town,3,2
2017-09-23,Manchester City,Crystal Palace,5,0
2017-09-23,Everton,Bournemouth,2,1
2017-09-23,Leicester City,Liverpool,2,3
2017-09-23,Fulham,Middlesbrough,1,1
2017-09-23,Southampton,Manchester Utd,0,1
2017-09-23,Stoke City,Chelsea,0,4
2017-09-23,West Ham United,Tottenham Hotspur,2,3
2017-09-23,Burnley,Huddersfield Town,0,0
2017-09-23,Derby County,Birmingham City,1,1
2017-09-24,Sheffield Weds,Sheffield United,2,4
2017-09-24,Brighton,Newcastle United,1,0
2017-09-25,Arsenal,West Brom,2,0
2017-09-26,Barnsley,QPR,1,1
2017-09-26,Brentford,Derby County,1,1
2017-09-26,Bristol City,Bolton Wanderers,2,0
2017-09-26,Burton Albion,Aston Villa,0,4
2017-09-26,Cardiff City,Leeds United,3,1
2017-09-26,Hull City,Preston North End,1,2
2017-09-26,Ipswich Town,Sunderland,5,2
2017-09-26,Middlesbrough,Norwich City,0,1
2017-09-26,Millwall,Reading,2,1
2017-09-26,Nottingham Forest,Fulham,1,3
2017-09-27,Sheffield United,Wolves,2,0
2017-09-27,Birmingham City,Sheffield Weds,1,0
2017-09-29,QPR,Fulham,1,2
2017-09-30,Middlesbrough,Brentford,2,2
2017-09-30,Ipswich Town,Bristol City,1,3
2017-09-30,Burton Albion,Wolves,0,4
2017-09-30,Cardiff City,Derby County,0,0
2017-09-30,Millwall,Barnsley,1,3
2017-09-30,Hull City,Birmingham City,6,1
2017-09-30,Nottingham Forest,Sheffield United,2,1
2017-09-30,Stoke City,Southampton,2,1
2017-09-30,Reading,Norwich City,1,2
2017-09-30,West Ham United,Swansea City,1,0
2017-09-30,West Brom,Watford,2,2
2017-09-30,Huddersfield Town,Tottenham Hotspur,0,4
2017-09-30,Chelsea,Manchester City,0,1
2017-09-30,Bournemouth,Leicester City,0,0
2017-09-30,Preston North End,Sunderland,2,2
2017-09-30,Aston Villa,Bolton Wanderers,1,0
2017-09-30,Manchester Utd,Crystal Palace,4,0
2017-10-01,Everton,Burnley,0,1
2017-10-01,Arsenal,Brighton,2,0
2017-10-01,Newcastle United,Liverpool,1,1
2017-10-01,Sheffield Weds,Leeds United,3,0
2017-10-13,Bristol City,Burton Albion,0,0
2017-10-13,Birmingham City,Cardiff City,1,0
2017-10-14,Sunderland,QPR,1,1
2017-10-14,Barnsley,Middlesbrough,2,2
2017-10-14,Bolton Wanderers,Sheffield Weds,2,1
2017-10-14,Brentford,Millwall,1,0
2017-10-14,Fulham,Preston North End,2,2
2017-10-14,Leeds United,Reading,0,1
2017-10-14,Norwich City,Hull City,1,1
2017-10-14,Sheffield United,Ipswich Town,1,0
2017-10-14,Swansea City,Huddersfield Town,2,0
2017-10-14,Burnley,West Ham United,1,1
2017-10-14,Crystal Palace,Chelsea,2,1
2017-10-14,Liverpool,Manchester Utd,0,0
2017-10-14,Manchester City,Stoke City,7,2
2017-10-14,Wolves,Aston Villa,2,0
2017-10-14,Tottenham Hotspur,Bournemouth,1,0
2017-10-14,Watford,Arsenal,2,1
2017-10-15,Southampton,Newcastle United,2,2
2017-10-15,Derby County,Nottingham Forest,2,0
2017-10-15,Brighton,Everton,1,1
2017-10-16,Leicester City,West Brom,1,1
2017-10-20,West Ham United,Brighton,0,3
2017-10-21,Nottingham Forest,Burton Albion,2,0
2017-10-21,Brentford,Sunderland,3,3
2017-10-21,Bristol City,Leeds United,0,3
2017-10-21,Derby County,Sheffield Weds,2,0
2017-10-21,Middlesbrough,Cardiff City,0,1
2017-10-21,Millwall,Birmingham City,2,0
2017-10-21,Sheffield United,Reading,2,1
2017-10-21,Wolves,Preston North End,3,2
2017-10-21,Southampton,West Brom,1,0
2017-10-21,Newcastle United,Crystal Palace,1,0
2017-10-21,Manchester City,Burnley,3,0
2017-10-21,Bolton Wanderers,QPR,1,1
2017-10-21,Chelsea,Watford,4,2
2017-10-21,Barnsley,Hull City,0,1
2017-10-21,Huddersfield Town,Manchester Utd,2,1
2017-10-21,Swansea City,Leicester City,1,2
2017-10-21,Stoke City,Bournemouth,1,2
2017-10-21,Aston Villa,Fulham,2,1
2017-10-22,Tottenham Hotspur,Liverpool,4,1
2017-10-22,Everton,Arsenal,2,5
2017-10-22,Ipswich Town,Norwich City,0,1
2017-10-24,Arsenal,Norwich City,2,1
2017-10-24,Leicester City,Leeds United,3,1
2017-10-24,Bournemouth,Middlesbrough,3,1
2017-10-24,Swansea City,Manchester Utd,0,2
2017-10-24,Bristol City,Crystal Palace,4,1
2017-10-24,Manchester City,Wolves,0,0
2017-10-25,Chelsea,Everton,2,1
2017-10-25,Tottenham Hotspur,West Ham United,2,3
2017-10-27,Leeds United,Sheffield United,1,2
2017-10-28,West Brom,Manchester City,2,3
2017-10-28,Watford,Stoke City,0,1
2017-10-28,Manchester Utd,Tottenham Hotspur,1,0
2017-10-28,Liverpool,Huddersfield Town,3,0
2017-10-28,Crystal Palace,West Ham United,2,2
2017-10-28,Bournemouth,Chelsea,0,1
2017-10-28,Arsenal,Swansea City,2,1
2017-10-28,Sheffield Weds,Barnsley,1,1
2017-10-28,Sunderland,Bristol City,1,2
2017-10-28,Reading,Middlesbrough,0,2
2017-10-28,QPR,Wolves,2,1
2017-10-28,Preston North End,Brentford,2,3
2017-10-28,Norwich City,Derby County,1,2
2017-10-28,Hull City,Nottingham Forest,2,3
2017-10-28,Fulham,Bolton Wanderers,1,1
2017-10-28,Cardiff City,Millwall,0,0
2017-10-28,Burton Albion,Ipswich Town,1,2
2017-10-29,Brighton,Southampton,1,1
2017-10-29,Leicester City,Everton,2,0
2017-10-29,Birmingham City,Aston Villa,0,0
2017-10-30,Burnley,Newcastle United,1,0
2017-10-31,Fulham,Bristol City,0,2
2017-10-31,Leeds United,Derby County,1,2
2017-10-31,Hull City,Middlesbrough,1,3
2017-10-31,Norwich City,Wolves,0,2
2017-10-31,Cardiff City,Ipswich Town,3,1
2017-10-31,Reading,Nottingham Forest,3,1
2017-10-31,Sunderland,Bolton Wanderers,3,3
2017-10-31,Sheffield Weds,Millwall,2,1
2017-10-31,QPR,Sheffield United,1,0
2017-10-31,Burton Albion,Barnsley,2,4
2017-11-01,Preston North End,Aston Villa,0,2
2017-11-01,Birmingham City,Brentford,0,2
2017-11-03,Port Vale,Oxford United,2,0
2017-11-03,Notts County,Bristol Rovers,4,2
2017-11-03,Hyde United FC,Milton Keynes Dons,0,4
2017-11-03,Wolves,Fulham,2,0
2017-11-04,Wigan Athletic,Crawley Town,2,1
2017-11-04,Ebbsfleet United,Doncaster Rovers,2,6
2017-11-04,Forest Green Rovers,Macclesfield Town,1,0
2017-11-04,Fylde,Kidderminster,4,2
2017-11-04,Gainsborough Trinity FC,Slough Town FC,0,6
2017-11-04,Gateshead,Chelmsford City FC,2,0
2017-11-04,Gillingham,Leyton Orient,2,1
2017-11-04,Hereford,Telford United,1,0
2017-11-04,Morecambe,Hartlepool United,3,0
2017-11-04,Yeovil Town,Southend United,1,0
2017-11-04,Newport County,Walsall,2,1
2017-11-04,Crewe Alexandra,Rotherham United,2,1
2017-11-04,Northampton Town,Scunthorpe United,0,0
2017-11-04,Peterborough United,Tranmere Rovers,1,1
2017-11-04,Plymouth Argyle,Grimsby Town,1,0
2017-11-04,Rochdale,Bromley,4,0
2017-11-04,SL Aquaforce,Mansfield Town,1,3
2017-11-04,Shrewsbury Town,Aldershot Town,5,0
2017-11-04,Stevenage,Nantwich Town FC,5,0
2017-11-04,Luton Town,Portsmouth,1,0
2017-11-04,Colchester United,Oxford City FC,0,1
2017-11-04,Carlisle United,Oldham Athletic,3,2
2017-11-04,Brentford,Leeds United,3,1
2017-11-04,Sheffield United,Hull City,4,1
2017-11-04,Nottingham Forest,QPR,4,0
2017-11-04,Millwall,Burton Albion,0,1
2017-11-04,Ipswich Town,Preston North End,3,0
2017-11-04,Derby County,Reading,2,4
2017-11-04,Bristol City,Cardiff City,2,1
2017-11-04,Cheltenham Town,Maidstone Utd,2,4
2017-11-04,Bolton Wanderers,Norwich City,2,1
2017-11-04,Barnsley,Birmingham City,2,0
2017-11-04,Aston Villa,Sheffield Weds,1,2
2017-11-04,Newcastle United,Bournemouth,0,1
2017-11-04,Southampton,Burnley,0,1
2017-11-04,Stoke City,Leicester City,2,2
2017-11-04,Swansea City,Brighton,0,1
2017-11-04,West Ham United,Liverpool,1,4
2017-11-04,AFC Wimbledon,Lincoln City,1,0
2017-11-04,Blackburn Rovers,Barnet,3,1
2017-11-04,Boreham Wood,Blackpool,2,1
2017-11-04,Bradford City,Chesterfield,2,0
2017-11-04,Huddersfield Town,West Brom,1,0
2017-11-05,Guiseley,Accrington Stanley,0,0
2017-11-05,Exeter City,Heybridge Swifts FC,3,1
2017-11-05,Solihull Moors,Wycombe Wanderers,0,2
2017-11-05,Coventry City,Maidenhead United,2,0
2017-11-05,Charlton Athletic,Truro City FC,3,1
2017-11-05,Cambridge United,Sutton United,1,0
2017-11-05,Dartford,Swindon Town,1,5
2017-11-05,Woking,Bury,1,1
2017-11-05,Leatherhead FC,Billericay Town FC,1,1
2017-11-05,Manchester City,Arsenal,3,1
2017-11-05,Middlesbrough,Sunderland,1,0
2017-11-05,Tottenham Hotspur,Crystal Palace,1,0
2017-11-05,Everton,Watford,3,2
2017-11-05,Chelsea,Manchester Utd,1,0
2017-11-06,Chorley FC,Fleetwood Town,1,2
2017-11-14,Scunthorpe United,Northampton Town,1,0
2017-11-14,Bury,Woking,0,3
2017-11-14,Accrington Stanley,Guiseley,1,1
2017-11-15,Tranmere Rovers,Peterborough United,0,5
2017-11-16,Billericay Town FC,Leatherhead FC,1,3
2017-11-17,Preston North End,Bolton Wanderers,0,0
2017-11-17,Burton Albion,Sheffield United,1,3
2017-11-18,QPR,Aston Villa,1,2
2017-11-18,Norwich City,Barnsley,1,1
2017-11-18,Hull City,Ipswich Town,2,2
2017-11-18,Fulham,Derby County,1,1
2017-11-18,Arsenal,Tottenham Hotspur,2,0
2017-11-18,Bournemouth,Huddersfield Town,4,0
2017-11-18,Burnley,Swansea City,2,0
2017-11-18,Cardiff City,Brentford,2,0
2017-11-18,Birmingham City,Nottingham Forest,1,0
2017-11-18,Reading,Wolves,0,2
2017-11-18,Sunderland,Millwall,2,2
2017-11-18,Sheffield Weds,Bristol City,0,0
2017-11-18,Leicester City,Manchester City,0,2
2017-11-18,Liverpool,Southampton,3,0
2017-11-18,Manchester Utd,Newcastle United,4,1
2017-11-18,West Brom,Chelsea,0,4
2017-11-18,Crystal Palace,Everton,2,2
2017-11-19,Leeds United,Middlesbrough,2,1
2017-11-19,Watford,West Ham United,2,0
2017-11-20,Brighton,Stoke City,2,2
2017-11-21,Millwall,Hull City,0,0
2017-11-21,Aston Villa,Sunderland,2,1
2017-11-21,Barnsley,Cardiff City,0,1
2017-11-21,Brentford,Burton Albion,1,1
2017-11-21,Bristol City,Preston North End,1,2
2017-11-21,Derby County,QPR,2,0
2017-11-21,Sheffield United,Fulham,4,5
2017-11-21,Bolton Wanderers,Reading,2,2
2017-11-21,Nottingham Forest,Norwich City,1,0
2017-11-22,Wolves,Leeds United,4,1
2017-11-22,Middlesbrough,Birmingham City,2,0
2017-11-22,Ipswich Town,Sheffield Weds,2,2
2017-11-24,West Ham United,Leicester City,1,1
2017-11-25,Tottenham Hotspur,West Brom,1,1
2017-11-25,Wolves,Bolton Wanderers,5,1
2017-11-25,Sheffield United,Birmingham City,1,1
2017-11-25,Swansea City,Bournemouth,0,0
2017-11-25,Reading,Sheffield Weds,0,0
2017-11-25,Liverpool,Chelsea,1,1
2017-11-25,Crystal Palace,Stoke City,2,1
2017-11-25,Norwich City,Preston North End,1,1
2017-11-25,Middlesbrough,Derby County,0,3
2017-11-25,Hull City,Bristol City,2,3
2017-11-25,Fulham,Millwall,1,0
2017-11-25,Manchester Utd,Brighton,1,0
2017-11-25,Burton Albion,Sunderland,0,2
2017-11-25,Newcastle United,Watford,0,3
2017-11-25,Aston Villa,Ipswich Town,2,0
2017-11-25,Barnsley,Leeds United,0,2
2017-11-26,Huddersfield Town,Manchester City,1,2
2017-11-26,Burnley,Arsenal,0,1
2017-11-26,Nottingham Forest,Cardiff City,0,2
2017-11-26,Southampton,Everton,4,1
2017-11-27,QPR,Brentford,2,2
2017-11-28,Brighton,Crystal Palace,0,0
2017-11-28,Leicester City,Tottenham Hotspur,2,1
2017-11-28,West Brom,Newcastle United,2,2
2017-11-28,Watford,Manchester Utd,2,4
2017-11-28,Derby County,Ipswich Town,0,1
2017-11-28,Reading,Barnsley,3,0
2017-11-29,Arsenal,Huddersfield Town,5,0
2017-11-29,Everton,West Ham United,4,0
2017-11-29,Manchester City,Southampton,2,1
2017-11-29,Stoke City,Liverpool,0,3
2017-11-29,Chelsea,Swansea City,1,0
2017-11-29,Bournemouth,Burnley,1,2
2017-12-01,Leeds United,Aston Villa,1,1
2017-12-01,Cardiff City,Norwich City,3,1
2017-12-01,Fylde,Wigan Athletic,1,1
2017-12-02,Shrewsbury Town,Morecambe,2,0
2017-12-02,Stevenage,Swindon Town,5,2
2017-12-02,Notts County,Oxford City FC,3,2
2017-12-02,Port Vale,Yeovil Town,1,1
2017-12-02,Fleetwood Town,Hereford,1,1
2017-12-02,Brentford,Fulham,3,1
2017-12-02,Arsenal,Manchester Utd,1,3
2017-12-02,Brighton,Liverpool,1,5
2017-12-02,Chelsea,Newcastle United,3,1
2017-12-02,Everton,Huddersfield Town,2,0
2017-12-02,Leicester City,Burnley,1,0
2017-12-02,Stoke City,Swansea City,2,1
2017-12-02,West Brom,Crystal Palace,0,0
2017-12-02,Preston North End,QPR,1,0
2017-12-02,Bolton Wanderers,Barnsley,3,1
2017-12-02,Sunderland,Reading,1,3
2017-12-02,Bradford City,Plymouth Argyle,3,1
2017-12-02,Forest Green Rovers,Exeter City,3,3
2017-12-02,Gillingham,Carlisle United,1,1
2017-12-02,Milton Keynes Dons,Maidstone Utd,4,1
2017-12-02,Millwall,Sheffield United,3,1
2017-12-02,Ipswich Town,Nottingham Forest,4,2
2017-12-02,Derby County,Burton Albion,1,0
2017-12-02,Bristol City,Middlesbrough,2,1
2017-12-02,Sheffield Weds,Hull City,2,2
2017-12-02,Watford,Tottenham Hotspur,1,1
2017-12-03,Blackburn Rovers,Crewe Alexandra,3,3
2017-12-03,AFC Wimbledon,Charlton Athletic,3,1
2017-12-03,Newport County,Cambridge United,2,0
2017-12-03,Coventry City,Boreham Wood,3,0
2017-12-03,Doncaster Rovers,Scunthorpe United,3,0
2017-12-03,Wycombe Wanderers,Leatherhead FC,3,1
2017-12-03,Gateshead,Luton Town,0,5
2017-12-03,Manchester City,West Ham United,2,1
2017-12-03,Mansfield Town,Guiseley,3,0
2017-12-03,Bournemouth,Southampton,1,1
2017-12-03,Woking,Peterborough United,1,1
2017-12-04,Slough Town FC,Rochdale,0,4
2017-12-04,Birmingham City,Wolves,0,1
2017-12-08,Sheffield United,Bristol City,1,2
2017-12-09,Nottingham Forest,Bolton Wanderers,3,2
2017-12-09,QPR,Leeds United,1,3
2017-12-09,Norwich City,Sheffield Weds,3,1
2017-12-09,Burnley,Watford,1,0
2017-12-09,West Ham United,Chelsea,1,0
2017-12-09,Wolves,Sunderland,0,0
2017-12-09,Middlesbrough,Ipswich Town,2,0
2017-12-09,Hull City,Brentford,3,2
2017-12-09,Fulham,Birmingham City,1,0
2017-12-09,Burton Albion,Preston North End,1,2
2017-12-09,Barnsley,Derby County,0,3
2017-12-09,Aston Villa,Millwall,0,0
2017-12-09,Crystal Palace,Bournemouth,2,2
2017-12-09,Huddersfield Town,Brighton,2,0
2017-12-09,Newcastle United,Leicester City,2,3
2017-12-09,Tottenham Hotspur,Stoke City,5,1
2017-12-09,Swansea City,West Brom,1,0
2017-12-10,Liverpool,Everton,1,1
2017-12-10,Southampton,Arsenal,1,1
2017-12-10,Manchester Utd,Manchester City,1,2
2017-12-11,Reading,Cardiff City,2,2
2017-12-12,Huddersfield Town,Chelsea,1,3
2017-12-12,Crystal Palace,Watford,2,1
2017-12-12,Burnley,Stoke City,1,0
2017-12-12,Yeovil Town,Port Vale,3,2
2017-12-12,Wigan Athletic,Fylde,3,2
2017-12-12,Peterborough United,Woking,5,2
2017-12-12,Exeter City,Forest Green Rovers,2,1
2017-12-13,West Ham United,Arsenal,0,0
2017-12-13,Swansea City,Manchester City,0,4
2017-12-13,Tottenham Hotspur,Brighton,2,0
2017-12-13,Manchester Utd,Bournemouth,1,0
2017-12-13,Liverpool,West Brom,0,0
2017-12-13,Southampton,Leicester City,1,4
2017-12-13,Newcastle United,Everton,0,1
2017-12-13,Crewe Alexandra,Blackburn Rovers,0,1
2017-12-14,Hereford,Fleetwood Town,0,2
2017-12-15,Sheffield Weds,Wolves,0,1
2017-12-16,Brentford,Barnsley,0,0
2017-12-16,Bristol City,Nottingham Forest,2,1
2017-12-16,Cardiff City,Hull City,1,0
2017-12-16,Derby County,Aston Villa,2,0
2017-12-16,Ipswich Town,Reading,2,0
2017-12-16,Leicester City,Crystal Palace,0,3
2017-12-16,Arsenal,Newcastle United,1,0
2017-12-16,Brighton,Burnley,0,0
2017-12-16,Chelsea,Southampton,1,0
2017-12-16,Manchester City,Tottenham Hotspur,4,1
2017-12-16,Stoke City,West Ham United,0,3
2017-12-16,Watford,Huddersfield Town,1,4
2017-12-16,Leeds United,Norwich City,1,0
2017-12-16,Millwall,Middlesbrough,2,1
2017-12-16,Sunderland,Fulham,1,0
2017-12-16,Birmingham City,QPR,1,2
2017-12-16,Bolton Wanderers,Burton Albion,0,1
2017-12-16,Preston North End,Sheffield United,1,0
2017-12-17,Bournemouth,Liverpool,0,4
2017-12-17,West Brom,Manchester Utd,1,2
2017-12-18,Everton,Swansea City,3,1
2017-12-19,Leicester City,Manchester City,1,1
2017-12-19,Arsenal,West Ham United,1,0
2017-12-19,Carlisle United,Gillingham,3,1
2017-12-20,Chelsea,Bournemouth,2,1
2017-12-20,Bristol City,Manchester Utd,2,1
2017-12-22,Norwich City,Brentford,1,2
2017-12-22,Arsenal,Liverpool,3,3
2017-12-23,Everton,Chelsea,0,0
2017-12-23,West Ham United,Newcastle United,2,3
2017-12-23,Brighton,Watford,1,0
2017-12-23,Stoke City,West Brom,3,1
2017-12-23,Southampton,Huddersfield Town,1,1
2017-12-23,Manchester City,Bournemouth,4,0
2017-12-23,Leicester City,Manchester Utd,2,2
2017-12-23,Burnley,Tottenham Hotspur,0,3
2017-12-23,Swansea City,Crystal Palace,1,1
2017-12-23,Aston Villa,Sheffield United,2,2
2017-12-23,Preston North End,Nottingham Forest,1,1
2017-12-23,Reading,Burton Albion,1,2
2017-12-23,Sheffield Weds,Middlesbrough,1,2
2017-12-23,Sunderland,Birmingham City,1,1
2017-12-23,Wolves,Ipswich Town,1,0
2017-12-23,Leeds United,Hull City,1,0
2017-12-23,Fulham,Barnsley,2,1
2017-12-23,Derby County,Millwall,3,0
2017-12-23,Bolton Wanderers,Cardiff City,2,0
2017-12-23,QPR,Bristol City,1,1
2017-12-26,Barnsley,Preston North End,0,0
2017-12-26,Birmingham City,Norwich City,0,2
2017-12-26,West Brom,Everton,0,0
2017-12-26,Watford,Leicester City,2,1
2017-12-26,Tottenham Hotspur,Southampton,5,2
2017-12-26,Sheffield United,Sunderland,3,0
2017-12-26,Huddersfield Town,Stoke City,1,1
2017-12-26,Chelsea,Brighton,2,0
2017-12-26,Bournemouth,West Ham United,3,3
2017-12-26,Brentford,Aston Villa,2,1
2017-12-26,Bristol City,Reading,2,0
2017-12-26,Burton Albion,Leeds United,1,2
2017-12-26,Cardiff City,Fulham,2,4
2017-12-26,Hull City,Derby County,0,0
2017-12-26,Ipswich Town,QPR,0,0
2017-12-26,Middlesbrough,Bolton Wanderers,2,0
2017-12-26,Millwall,Wolves,2,2
2017-12-26,Nottingham Forest,Sheffield Weds,0,3
2017-12-26,Liverpool,Swansea City,5,0
2017-12-26,Manchester Utd,Burnley,2,2
2017-12-27,Newcastle United,Manchester City,0,1
2017-12-28,Crystal Palace,Arsenal,2,3
2017-12-29,Cardiff City,Preston North End,0,1
2017-12-29,Millwall,QPR,1,0
2017-12-30,Bournemouth,Everton,2,1
2017-12-30,Huddersfield Town,Burnley,0,0
2017-12-30,Liverpool,Leicester City,2,1
2017-12-30,Chelsea,Stoke City,5,0
2017-12-30,Newcastle United,Brighton,0,0
2017-12-30,Burton Albion,Norwich City,0,0
2017-12-30,Watford,Swansea City,1,2
2017-12-30,Manchester Utd,Southampton,0,0
2017-12-30,Barnsley,Reading,1,1
2017-12-30,Birmingham City,Leeds United,1,0
2017-12-30,Brentford,Sheffield Weds,2,0
2017-12-30,Bristol City,Wolves,1,2
2017-12-30,Hull City,Fulham,2,2
2017-12-30,Ipswich Town,Derby County,1,2
2017-12-30,Nottingham Forest,Sunderland,0,1
2017-12-30,Sheffield United,Bolton Wanderers,0,1
2017-12-30,Middlesbrough,Aston Villa,0,1
2017-12-31,West Brom,Arsenal,1,1
2017-12-31,Crystal Palace,Manchester City,0,0
2018-01-01,Leeds United,Nottingham Forest,0,0
2018-01-01,Everton,Manchester Utd,0,2
2018-01-01,Burnley,Liverpool,1,2
2018-01-01,Brighton,Bournemouth,2,2
2018-01-01,Norwich City,Millwall,2,1
2018-01-01,Sunderland,Barnsley,0,1
2018-01-01,Stoke City,Newcastle United,0,1
2018-01-01,Derby County,Sheffield United,1,1
2018-01-01,Bolton Wanderers,Hull City,1,0
2018-01-01,Leicester City,Huddersfield Town,3,0
2018-01-01,Aston Villa,Bristol City,5,0
2018-01-01,Preston North End,Middlesbrough,2,3
2018-01-01,QPR,Cardiff City,2,1
2018-01-01,Sheffield Weds,Burton Albion,0,3
2018-01-02,Southampton,Crystal Palace,1,2
2018-01-02,Manchester City,Watford,3,1
2018-01-02,Wolves,Brentford,3,0
2018-01-02,Swansea City,Tottenham Hotspur,0,2
2018-01-02,West Ham United,West Brom,2,1
2018-01-02,Reading,Birmingham City,0,2
2018-01-02,Fulham,Ipswich Town,4,1
2018-01-03,Arsenal,Chelsea,2,2
2018-01-04,Tottenham Hotspur,West Ham United,1,1
2018-01-05,Liverpool,Everton,2,1
2018-01-05,Manchester Utd,Derby County,2,0
2018-01-06,Middlesbrough,Sunderland,2,0
2018-01-06,Bournemouth,Wigan Athletic,2,2
2018-01-06,Brentford,Notts County,0,1
2018-01-06,Cardiff City,Mansfield Town,0,0
2018-01-06,Carlisle United,Sheffield Weds,0,0
2018-01-06,Coventry City,Stoke City,2,1
2018-01-06,Doncaster Rovers,Rochdale,0,1
2018-01-06,Exeter City,West Brom,0,2
2018-01-06,Fleetwood Town,Leicester City,0,0
2018-01-06,Fulham,Southampton,0,1
2018-01-06,Ipswich Town,Sheffield United,0,1
2018-01-06,Manchester City,Burnley,4,1
2018-01-06,Blackburn Rovers,Hull City,0,1
2018-01-06,Millwall,Barnsley,4,1
2018-01-06,Newcastle United,Luton Town,3,1
2018-01-06,Norwich City,Chelsea,0,0
2018-01-06,QPR,Milton Keynes Dons,0,1
2018-01-06,Stevenage,Reading,0,0
2018-01-06,Watford,Bristol City,3,0
2018-01-06,Wolves,Swansea City,0,0
2018-01-06,Wycombe Wanderers,Preston North End,1,5
2018-01-06,Yeovil Town,Bradford City,2,0
2018-01-06,Birmingham City,Burton Albion,1,0
2018-01-06,Aston Villa,Peterborough United,1,3
2018-01-06,Bolton Wanderers,Huddersfield Town,1,2
2018-01-07,Tottenham Hotspur,AFC Wimbledon,3,0
2018-01-07,Shrewsbury Town,West Ham United,0,0
2018-01-07,Newport County,Leeds United,2,1
2018-01-07,Nottingham Forest,Arsenal,4,2
2018-01-08,Brighton,Crystal Palace,2,1
2018-01-09,Manchester City,Bristol City,2,1
2018-01-10,Chelsea,Arsenal,0,0
2018-01-12,Sheffield United,Sheffield Weds,0,0
2018-01-13,Birmingham City,Derby County,0,3
2018-01-13,West Brom,Brighton,2,0
2018-01-13,Watford,Southampton,2,2
2018-01-13,Tottenham Hotspur,Everton,4,0
2018-01-13,Newcastle United,Swansea City,1,1
2018-01-13,Huddersfield Town,West Ham United,1,4
2018-01-13,Crystal Palace,Burnley,1,0
2018-01-13,Chelsea,Leicester City,0,0
2018-01-13,Millwall,Preston North End,1,1
2018-01-13,Middlesbrough,Fulham,0,1
2018-01-13,Ipswich Town,Leeds United,1,0
2018-01-13,Hull City,Reading,0,0
2018-01-13,Cardiff City,Sunderland,4,0
2018-01-13,Burton Albion,QPR,1,3
2018-01-13,Bristol City,Norwich City,0,1
2018-01-13,Brentford,Bolton Wanderers,2,0
2018-01-13,Nottingham Forest,Aston Villa,0,1
2018-01-13,Barnsley,Wolves,0,0
2018-01-14,Bournemouth,Arsenal,2,1
2018-01-14,Liverpool,Manchester City,4,3
2018-01-15,Manchester Utd,Stoke City,3,0
2018-01-16,Leicester City,Fleetwood Town,2,0
2018-01-16,Mansfield Town,Cardiff City,1,4
2018-01-16,Reading,Stevenage,3,0
2018-01-16,Sheffield Weds,Carlisle United,2,0
2018-01-16,West Ham United,Shrewsbury Town,1,0
2018-01-17,Chelsea,Norwich City,1,1
2018-01-17,Swansea City,Wolves,2,1
2018-01-17,Wigan Athletic,Bournemouth,3,0
2018-01-19,Derby County,Bristol City,0,0
2018-01-20,Everton,West Brom,1,1
2018-01-20,Sheffield Weds,Cardiff City,0,0
2018-01-20,Sunderland,Hull City,1,0
2018-01-20,Wolves,Nottingham Forest,0,2
2018-01-20,Burnley,Manchester Utd,0,1
2018-01-20,Brighton,Chelsea,0,4
2018-01-20,Reading,Brentford,0,1
2018-01-20,Arsenal,Crystal Palace,4,1
2018-01-20,QPR,Middlesbrough,0,3
2018-01-20,Fulham,Burton Albion,6,0
2018-01-20,Norwich City,Sheffield United,1,2
2018-01-20,Leeds United,Millwall,3,4
2018-01-20,Manchester City,Newcastle United,3,1
2018-01-20,Bolton Wanderers,Ipswich Town,1,1
2018-01-20,Aston Villa,Barnsley,3,1
2018-01-20,West Ham United,Bournemouth,1,1
2018-01-20,Stoke City,Huddersfield Town,2,0
2018-01-20,Preston North End,Birmingham City,1,1
2018-01-20,Leicester City,Watford,2,0
2018-01-21,Southampton,Tottenham Hotspur,1,1
2018-01-22,Swansea City,Liverpool,1,0
2018-01-23,Bristol City,Manchester City,2,3
2018-01-24,Arsenal,Chelsea,2,1
2018-01-26,Sheffield Weds,Reading,3,1
2018-01-26,Yeovil Town,Manchester Utd,0,4
2018-01-27,Notts County,Swansea City,1,1
2018-01-27,Bristol City,QPR,2,0
2018-01-27,Huddersfield Town,Birmingham City,1,1
2018-01-27,Hull City,Nottingham Forest,2,1
2018-01-27,Liverpool,West Brom,2,3
2018-01-27,Middlesbrough,Brighton,0,1
2018-01-27,Millwall,Rochdale,2,2
2018-01-27,Milton Keynes Dons,Coventry City,0,1
2018-01-27,Newport County,Tottenham Hotspur,1,1
2018-01-27,Peterborough United,Leicester City,1,5
2018-01-27,Sheffield United,Preston North End,1,0
2018-01-27,Southampton,Watford,1,0
2018-01-27,Wigan Athletic,West Ham United,2,0
2018-01-27,Ipswich Town,Wolves,0,1
2018-01-27,Barnsley,Fulham,1,3
2018-01-27,Brentford,Norwich City,0,1
2018-01-28,Cardiff City,Manchester City,0,2
2018-01-28,Chelsea,Newcastle United,3,0
2018-01-30,Millwall,Derby County,0,0
2018-01-30,Nottingham Forest,Preston North End,0,3
2018-01-30,Sheffield United,Aston Villa,0,1
2018-01-30,Swansea City,Arsenal,3,1
2018-01-30,Birmingham City,Sunderland,3,1
2018-01-30,Hull City,Leeds United,0,0
2018-01-30,Burton Albion,Reading,1,3
2018-01-30,Huddersfield Town,Liverpool,0,3
2018-01-30,Middlesbrough,Sheffield Weds,0,0
2018-01-30,West Ham United,Crystal Palace,1,1
2018-01-31,Tottenham Hotspur,Manchester Utd,2,0
2018-01-31,Stoke City,Watford,0,0
2018-01-31,Southampton,Brighton,1,1
2018-01-31,Everton,Leicester City,2,1
2018-01-31,Manchester City,West Brom,3,0
2018-01-31,Newcastle United,Burnley,1,1
2018-01-31,Chelsea,Bournemouth,0,3
2018-02-02,Bolton Wanderers,Bristol City,1,0
2018-02-03,Reading,Millwall,0,2
2018-02-03,Sunderland,Ipswich Town,0,2
2018-02-03,Sheffield Weds,Birmingham City,1,3
2018-02-03,Aston Villa,Burton Albion,3,2
2018-02-03,Derby County,Brentford,3,0
2018-02-03,Fulham,Nottingham Forest,2,0
2018-02-03,Leeds United,Cardiff City,1,4
2018-02-03,Norwich City,Middlesbrough,1,0
2018-02-03,Preston North End,Hull City,2,1
2018-02-03,QPR,Barnsley,1,0
2018-02-03,Bournemouth,Stoke City,2,1
2018-02-03,Burnley,Manchester City,1,1
2018-02-03,Arsenal,Everton,5,1
2018-02-03,Wolves,Sheffield United,3,0
2018-02-03,Brighton,West Ham United,3,1
2018-02-03,Leicester City,Swansea City,1,1
2018-02-03,Manchester Utd,Huddersfield Town,2,0
2018-02-03,West Brom,Southampton,2,3
2018-02-04,Liverpool,Tottenham Hotspur,2,2
2018-02-04,Crystal Palace,Newcastle United,1,1
2018-02-05,Watford,Chelsea,4,1
2018-02-06,Rochdale,Millwall,1,0
2018-02-06,Swansea City,Notts County,8,1
2018-02-06,Birmingham City,Huddersfield Town,1,4
2018-02-07,Tottenham Hotspur,Newport County,2,0
2018-02-09,Millwall,Cardiff City,1,1
2018-02-10,Swansea City,Burnley,1,0
2018-02-10,Wolves,QPR,2,1
2018-02-10,Sheffield United,Leeds United,2,1
2018-02-10,Nottingham Forest,Hull City,0,2
2018-02-10,Middlesbrough,Reading,2,1
2018-02-10,Ipswich Town,Burton Albion,0,0
2018-02-10,Tottenham Hotspur,Arsenal,1,0
2018-02-10,Derby County,Norwich City,1,1
2018-02-10,Bristol City,Sunderland,3,3
2018-02-10,Bolton Wanderers,Fulham,1,1
2018-02-10,West Ham United,Watford,2,0
2018-02-10,Everton,Crystal Palace,3,1
2018-02-10,Manchester City,Leicester City,5,1
2018-02-10,Stoke City,Brighton,1,1
2018-02-10,Brentford,Preston North End,1,1
2018-02-10,Barnsley,Sheffield Weds,1,1
2018-02-11,Aston Villa,Birmingham City,2,0
2018-02-11,Huddersfield Town,Bournemouth,4,1
2018-02-11,Southampton,Liverpool,0,2
2018-02-11,Newcastle United,Manchester Utd,1,0
2018-02-12,Chelsea,West Brom,3,0
2018-02-13,Cardiff City,Bolton Wanderers,2,0
2018-02-13,Sheffield Weds,Derby County,2,0
2018-02-16,Chelsea,Hull City,4,0
2018-02-16,Leicester City,Sheffield United,1,0
2018-02-17,Sunderland,Brentford,0,2
2018-02-17,QPR,Bolton Wanderers,2,0
2018-02-17,Preston North End,Wolves,1,1
2018-02-17,Fulham,Aston Villa,2,0
2018-02-17,Cardiff City,Middlesbrough,1,0
2018-02-17,Burton Albion,Nottingham Forest,0,0
2018-02-17,West Brom,Southampton,1,2
2018-02-17,Sheffield Weds,Swansea City,0,0
2018-02-17,Huddersfield Town,Manchester Utd,0,2
2018-02-17,Brighton,Coventry City,3,1
2018-02-17,Birmingham City,Millwall,0,1
2018-02-18,Rochdale,Tottenham Hotspur,2,2
2018-02-18,Leeds United,Bristol City,2,2
2018-02-18,Norwich City,Ipswich Town,1,1
2018-02-19,Wigan Athletic,Manchester City,1,0
2018-02-20,Millwall,Sheffield Weds,2,1
2018-02-20,Aston Villa,Preston North End,1,1
2018-02-20,Barnsley,Burton Albion,1,2
2018-02-20,Bolton Wanderers,Sunderland,1,0
2018-02-20,Middlesbrough,Hull City,3,1
2018-02-20,Nottingham Forest,Reading,1,1
2018-02-20,Brentford,Birmingham City,5,0
2018-02-20,Sheffield United,QPR,2,1
2018-02-21,Wolves,Norwich City,2,2
2018-02-21,Bristol City,Fulham,1,1
2018-02-21,Derby County,Leeds United,2,2
2018-02-21,Ipswich Town,Cardiff City,0,1
2018-02-23,Hull City,Sheffield United,1,0
2018-02-24,Bournemouth,Newcastle United,2,2
2018-02-24,Brighton,Swansea City,4,1
2018-02-24,Burnley,Southampton,1,1
2018-02-24,Leicester City,Stoke City,1,1
2018-02-24,Liverpool,West Ham United,4,1
2018-02-24,Watford,Everton,1,0
2018-02-24,West Brom,Huddersfield Town,1,2
2018-02-24,Sunderland,Middlesbrough,3,3
2018-02-24,Sheffield Weds,Aston Villa,2,4
2018-02-24,Preston North End,Ipswich Town,0,1
2018-02-24,Norwich City,Bolton Wanderers,0,0
2018-02-24,Leeds United,Brentford,1,0
2018-02-24,Fulham,Wolves,2,0
2018-02-24,Burton Albion,Millwall,0,1
2018-02-24,Birmingham City,Barnsley,0,2
2018-02-24,Reading,Derby County,3,3
2018-02-24,QPR,Nottingham Forest,2,5
2018-02-25,Arsenal,Manchester City,0,3
2018-02-25,Manchester Utd,Chelsea,2,1
2018-02-25,Crystal Palace,Tottenham Hotspur,0,1
2018-02-25,Cardiff City,Bristol City,1,0
2018-02-27,Hull City,Barnsley,1,1
2018-02-27,Reading,Sheffield United,1,3
2018-02-27,Swansea City,Sheffield Weds,2,0
2018-02-28,Tottenham Hotspur,Rochdale,6,1
2018-03-01,Arsenal,Manchester City,0,3
2018-03-02,Middlesbrough,Leeds United,3,0
2018-03-03,Millwall,Sunderland,1,1
2018-03-03,Bolton Wanderers,Preston North End,1,3
2018-03-03,Bristol City,Sheffield Weds,4,0
2018-03-03,Derby County,Fulham,1,2
2018-03-03,Nottingham Forest,Birmingham City,2,1
2018-03-03,Burnley,Everton,2,1
2018-03-03,Leicester City,Bournemouth,1,1
2018-03-03,Liverpool,Newcastle United,2,0
2018-03-03,Southampton,Stoke City,0,0
2018-03-03,Swansea City,West Ham United,4,1
2018-03-03,Tottenham Hotspur,Huddersfield Town,2,0
2018-03-03,Watford,West Brom,1,0
2018-03-04,Brighton,Arsenal,2,1
2018-03-04,Manchester City,Chelsea,1,0
2018-03-05,Crystal Palace,Manchester Utd,2,3
2018-03-06,Preston North End,Bristol City,2,1
2018-03-06,Sunderland,Aston Villa,0,3
2018-03-06,Sheffield Weds,Ipswich Town,1,2
2018-03-06,Reading,Bolton Wanderers,1,1
2018-03-06,QPR,Derby County,1,1
2018-03-06,Norwich City,Nottingham Forest,0,0
2018-03-06,Hull City,Millwall,1,2
2018-03-06,Fulham,Sheffield United,3,0
2018-03-06,Cardiff City,Barnsley,2,1
2018-03-06,Burton Albion,Brentford,0,2
2018-03-06,Birmingham City,Middlesbrough,0,1
2018-03-07,Leeds United,Wolves,0,3
2018-03-10,Chelsea,Crystal Palace,2,1
2018-03-10,Everton,Brighton,2,0
2018-03-10,West Ham United,Burnley,0,3
2018-03-10,Manchester Utd,Liverpool,2,1
2018-03-10,Huddersfield Town,Swansea City,0,0
2018-03-10,Hull City,Norwich City,4,3
2018-03-10,Ipswich Town,Sheffield United,0,0
2018-03-10,Middlesbrough,Barnsley,3,1
2018-03-10,Millwall,Brentford,1,0
2018-03-10,Preston North End,Fulham,1,2
2018-03-10,Reading,Leeds United,2,2
2018-03-10,Sheffield Weds,Bolton Wanderers,1,1
2018-03-10,QPR,Sunderland,1,0
2018-03-10,West Brom,Leicester City,1,4
2018-03-10,Newcastle United,Southampton,3,0
2018-03-10,Burton Albion,Bristol City,0,0
2018-03-10,Aston Villa,Wolves,4,1
2018-03-10,Cardiff City,Birmingham City,3,2
2018-03-11,Nottingham Forest,Derby County,0,0
2018-03-11,Bournemouth,Tottenham Hotspur,1,4
2018-03-11,Arsenal,Watford,3,0
2018-03-12,Stoke City,Manchester City,0,2
2018-03-13,Wolves,Reading,3,0
2018-03-13,Sheffield United,Burton Albion,2,0
2018-03-13,Ipswich Town,Hull City,0,3
2018-03-13,Barnsley,Norwich City,1,1
2018-03-13,Aston Villa,QPR,1,3
2018-03-13,Brentford,Cardiff City,1,3
2018-03-17,Norwich City,Reading,3,2
2018-03-17,Swansea City,Tottenham Hotspur,0,3
2018-03-17,Wolves,Burton Albion,3,1
2018-03-17,Sunderland,Preston North End,0,2
2018-03-17,Sheffield United,Nottingham Forest,0,0
2018-03-17,Leeds United,Sheffield Weds,1,2
2018-03-17,Birmingham City,Hull City,3,0
2018-03-17,Bristol City,Ipswich Town,1,0
2018-03-17,Bournemouth,West Brom,2,1
2018-03-17,Huddersfield Town,Crystal Palace,0,2
2018-03-17,Liverpool,Watford,5,0
2018-03-17,Stoke City,Everton,1,2
2018-03-17,Fulham,QPR,2,2
2018-03-17,Manchester Utd,Brighton,2,0
2018-03-17,Barnsley,Millwall,0,2
2018-03-17,Bolton Wanderers,Aston Villa,1,0
2018-03-17,Brentford,Middlesbrough,1,1
2018-03-18,Leicester City,Chelsea,1,2
2018-03-18,Wigan Athletic,Southampton,0,2
2018-03-30,Derby County,Sunderland,1,4
2018-03-30,Leeds United,Bolton Wanderers,2,1
2018-03-30,Middlesbrough,Wolves,1,2
2018-03-30,Brentford,Sheffield United,1,1
2018-03-30,Norwich City,Fulham,0,2
2018-03-30,Barnsley,Bristol City,2,2
2018-03-30,Sheffield Weds,Preston North End,4,1
2018-03-30,Cardiff City,Burton Albion,3,1
2018-03-30,Millwall,Nottingham Forest,2,0
2018-03-30,Reading,QPR,1,0
2018-03-31,Crystal Palace,Liverpool,1,2
2018-03-31,Birmingham City,Ipswich Town,1,0
2018-03-31,Hull City,Aston Villa,0,0
2018-03-31,West Ham United,Southampton,3,0
2018-03-31,West Brom,Burnley,1,2
2018-03-31,Brighton,Leicester City,0,2
2018-03-31,Newcastle United,Huddersfield Town,1,0
2018-03-31,Manchester Utd,Swansea City,2,0
2018-03-31,Everton,Manchester City,1,3
2018-03-31,Watford,Bournemouth,2,2
2018-04-01,Arsenal,Stoke City,3,0
2018-04-01,Chelsea,Tottenham Hotspur,1,3
2018-04-02,Sheffield United,Cardiff City,1,1
2018-04-02,Sunderland,Sheffield Weds,1,3
2018-04-02,Preston North End,Derby County,0,1
2018-04-02,Ipswich Town,Millwall,2,2
2018-04-02,Burton Albion,Middlesbrough,1,1
2018-04-02,Bristol City,Brentford,0,1
2018-04-02,QPR,Norwich City,4,1
2018-04-03,Bolton Wanderers,Birmingham City,0,1
2018-04-03,Fulham,Leeds United,2,0
2018-04-03,Wolves,Hull City,2,2
2018-04-03,Aston Villa,Reading,3,0
2018-04-06,Cardiff City,Wolves,0,1
2018-04-07,Sheffield Weds,Fulham,0,1
2018-04-07,Reading,Preston North End,1,0
2018-04-07,Norwich City,Aston Villa,3,1
2018-04-07,Millwall,Bristol City,2,0
2018-04-07,Middlesbrough,Nottingham Forest,2,0
2018-04-07,Leeds United,Sunderland,1,1
2018-04-07,Hull City,QPR,4,0
2018-04-07,Derby County,Bolton Wanderers,3,0
2018-04-07,Brentford,Ipswich Town,1,0
2018-04-07,Birmingham City,Burton Albion,1,1
2018-04-07,Barnsley,Sheffield United,3,2
2018-04-07,West Brom,Swansea City,1,1
2018-04-07,Watford,Burnley,1,2
2018-04-07,Stoke City,Tottenham Hotspur,1,2
2018-04-07,Manchester City,Manchester Utd,2,3
2018-04-07,Leicester City,Newcastle United,1,2
2018-04-07,Everton,Liverpool,0,0
2018-04-07,Brighton,Huddersfield Town,1,1
2018-04-07,Bournemouth,Crystal Palace,2,2
2018-04-08,Chelsea,West Ham United,1,1
2018-04-08,Arsenal,Southampton,3,2
2018-04-10,Ipswich Town,Barnsley,1,0
2018-04-10,QPR,Sheffield Weds,4,2
2018-04-10,Preston North End,Leeds United,3,1
2018-04-10,Nottingham Forest,Brentford,0,1
2018-04-10,Sunderland,Norwich City,1,1
2018-04-10,Fulham,Reading,1,0
2018-04-10,Sheffield United,Middlesbrough,2,1
2018-04-10,Bristol City,Birmingham City,3,1
2018-04-10,Bolton Wanderers,Millwall,0,2
2018-04-10,Aston Villa,Cardiff City,1,0
2018-04-10,Burton Albion,Hull City,0,5
2018-04-11,Wolves,Derby County,2,0
2018-04-13,Aston Villa,Leeds United,1,0
2018-04-14,Crystal Palace,Brighton,3,2
2018-04-14,QPR,Preston North End,1,2
2018-04-14,Nottingham Forest,Ipswich Town,2,1
2018-04-14,Norwich City,Cardiff City,0,2
2018-04-14,Middlesbrough,Bristol City,2,1
2018-04-14,Burton Albion,Derby County,3,1
2018-04-14,Fulham,Brentford,1,1
2018-04-14,Barnsley,Bolton Wanderers,2,2
2018-04-14,Burnley,Leicester City,2,1
2018-04-14,Liverpool,Bournemouth,3,0
2018-04-14,Sheffield United,Millwall,1,1
2018-04-14,Hull City,Sheffield Weds,0,1
2018-04-14,Huddersfield Town,Watford,1,0
2018-04-14,Southampton,Chelsea,2,3
2018-04-14,Reading,Sunderland,2,2
2018-04-14,Swansea City,Everton,1,1
2018-04-14,Tottenham Hotspur,Manchester City,1,3
2018-04-15,Newcastle United,Arsenal,2,1
2018-04-15,Wolves,Birmingham City,2,0
2018-04-15,Manchester Utd,West Brom,0,1
2018-04-16,West Ham United,Stoke City,1,1
2018-04-17,Brighton,Tottenham Hotspur,1,1
2018-04-18,Bournemouth,Manchester Utd,0,2
2018-04-19,Burnley,Chelsea,1,2
2018-04-19,Leicester City,Southampton,0,0
2018-04-20,Millwall,Fulham,0,3
2018-04-21,Leeds United,Barnsley,2,1
2018-04-21,Preston North End,Norwich City,0,0
2018-04-21,Sheffield Weds,Reading,3,0
2018-04-21,Cardiff City,Nottingham Forest,2,1
2018-04-21,Sunderland,Burton Albion,1,2
2018-04-21,Ipswich Town,Aston Villa,0,4
2018-04-21,West Brom,Liverpool,2,2
2018-04-21,Derby County,Middlesbrough,1,2
2018-04-21,Bristol City,Hull City,5,5
2018-04-21,Brentford,QPR,2,1
2018-04-21,Bolton Wanderers,Wolves,0,4
2018-04-21,Birmingham City,Sheffield United,2,1
2018-04-21,Watford,Crystal Palace,0,0
2018-04-21,Manchester Utd,Tottenham Hotspur,2,1
2018-04-22,Arsenal,West Ham United,4,1
2018-04-22,Manchester City,Swansea City,5,0
2018-04-22,Stoke City,Burnley,1,1
2018-04-22,Chelsea,Southampton,2,0
2018-04-23,Everton,Newcastle United,1,0
2018-04-24,Nottingham Forest,Barnsley,3,0
2018-04-24,Derby County,Cardiff City,3,1
2018-04-27,Fulham,Sunderland,2,1
2018-04-28,Middlesbrough,Millwall,2,0
2018-04-28,Hull City,Cardiff City,0,2
2018-04-28,Burton Albion,Bolton Wanderers,2,0
2018-04-28,Sheffield United,Preston North End,0,1
2018-04-28,Aston Villa,Derby County,1,1
2018-04-28,Reading,Ipswich Town,0,4
2018-04-28,QPR,Birmingham City,3,1
2018-04-28,Wolves,Sheffield Weds,0,0
2018-04-28,Barnsley,Brentford,2,0
2018-04-28,Norwich City,Leeds United,2,1
2018-04-28,Crystal Palace,Leicester City,5,0
2018-04-28,Huddersfield Town,Everton,0,2
2018-04-28,Liverpool,Stoke City,0,0
2018-04-28,Newcastle United,West Brom,0,1
2018-04-28,Southampton,Bournemouth,2,1
2018-04-28,Swansea City,Chelsea,0,1
2018-04-28,Burnley,Brighton,0,0
2018-04-28,Nottingham Forest,Bristol City,0,0
2018-04-29,Manchester Utd,Arsenal,2,1
2018-04-29,West Ham United,Manchester City,1,4
2018-04-30,Tottenham Hotspur,Watford,2,0
2018-05-04,Brighton,Manchester Utd,1,0
2018-05-05,Everton,Southampton,1,1
2018-05-05,Leicester City,West Ham United,0,2
2018-05-05,Stoke City,Crystal Palace,1,2
2018-05-05,Watford,Newcastle United,2,1
2018-05-05,West Brom,Tottenham Hotspur,1,0
2018-05-05,Bournemouth,Swansea City,1,0
2018-05-06,Millwall,Aston Villa,1,0
2018-05-06,Bolton Wanderers,Nottingham Forest,3,2
2018-05-06,Birmingham City,Fulham,3,1
2018-05-06,Chelsea,Liverpool,1,0
2018-05-06,Arsenal,Burnley,5,0
2018-05-06,Sunderland,Wolves,3,0
2018-05-06,Sheffield Weds,Norwich City,5,1
2018-05-06,Preston North End,Burton Albion,2,1
2018-05-06,Manchester City,Huddersfield Town,0,0
2018-05-06,Leeds United,QPR,2,0
2018-05-06,Ipswich Town,Middlesbrough,2,2
2018-05-06,Derby County,Barnsley,4,1
2018-05-06,Cardiff City,Reading,0,0
2018-05-06,Bristol City,Sheffield United,2,3
2018-05-06,Brentford,Hull City,1,1
2018-05-08,Swansea City,Southampton,0,1
2018-05-09,Tottenham Hotspur,Newcastle United,1,0
2018-05-09,Leicester City,Arsenal,3,1
2018-05-09,Chelsea,Huddersfield Town,1,1
2018-05-09,Manchester City,Brighton,3,1
2018-05-10,West Ham United,Manchester Utd,0,0
2018-05-11,Derby County,Fulham,1,0
2018-05-12,Middlesbrough,Aston Villa,0,1
2018-05-13,Southampton,Manchester City,0,1
2018-05-13,Burnley,Bournemouth,1,2
2018-05-13,Crystal Palace,West Brom,2,0
2018-05-13,Huddersfield Town,Arsenal,0,1
2018-05-13,Liverpool,Brighton,4,0
2018-05-13,Manchester Utd,Watford,1,0
2018-05-13,Newcastle United,Chelsea,3,0
2018-05-13,West Ham United,Everton,3,1
2018-05-13,Tottenham Hotspur,Leicester City,5,4
2018-05-13,Swansea City,Stoke City,1,2
2018-05-14,Fulham,Derby County,2,0
2018-05-15,Aston Villa,Middlesbrough,0,0
2018-05-19,Chelsea,Manchester Utd,1,0
2018-05-26,Aston Villa,Fulham,0,1
2018-08-03,Reading,Derby County,1,2
2018-08-04,Wigan Athletic,Sheffield Weds,3,2
2018-08-04,West Brom,Bolton Wanderers,1,2
2018-08-04,Sheffield United,Swansea City,1,2
2018-08-04,Preston North End,QPR,1,0
2018-08-04,Ipswich Town,Blackburn Rovers,2,2
2018-08-04,Bristol City,Nottingham Forest,1,1
2018-08-04,Brentford,Rotherham United,5,1
2018-08-04,Millwall,Middlesbrough,2,2
2018-08-04,Birmingham City,Norwich City,2,2
2018-08-05,Leeds United,Stoke City,3,1
2018-08-06,Hull City,Aston Villa,1,3
2018-08-07,Nottingham Forest,West Brom,1,1
2018-08-07,Middlesbrough,Sheffield United,3,0
2018-08-10,Manchester Utd,Leicester City,2,1
2018-08-11,Sheffield Weds,Hull City,1,1
2018-08-11,Stoke City,Brentford,1,1
2018-08-11,Swansea City,Preston North End,1,0
2018-08-11,Wolves,Everton,2,2
2018-08-11,Watford,Brighton,2,0
2018-08-11,Fulham,Crystal Palace,0,2
2018-08-11,Huddersfield Town,Chelsea,0,3
2018-08-11,Rotherham United,Ipswich Town,1,0
2018-08-11,Newcastle United,Tottenham Hotspur,1,2
2018-08-11,Bournemouth,Cardiff City,2,0
2018-08-11,QPR,Sheffield United,1,2
2018-08-11,Nottingham Forest,Reading,1,0
2018-08-11,Norwich City,West Brom,3,4
2018-08-11,Blackburn Rovers,Millwall,0,0
2018-08-11,Bolton Wanderers,Bristol City,2,2
2018-08-11,Aston Villa,Wigan Athletic,3,2
2018-08-11,Middlesbrough,Birmingham City,1,0
2018-08-11,Derby County,Leeds United,1,4
2018-08-12,Southampton,Burnley,0,0
2018-08-12,Liverpool,West Ham United,4,0
2018-08-12,Arsenal,Manchester City,0,2
2018-08-14,Swindon Town,Forest Green Rovers,0,1
2018-08-14,Nottingham Forest,Bury,1,1
2018-08-14,Oldham Athletic,Derby County,0,2
2018-08-14,Oxford United,Coventry City,2,0
2018-08-14,Port Vale,Lincoln City,0,4
2018-08-14,Portsmouth,AFC Wimbledon,1,2
2018-08-14,Preston North End,Morecambe,3,1
2018-08-14,Reading,Birmingham City,2,0
2018-08-14,Tranmere Rovers,Walsall,1,3
2018-08-14,Scunthorpe United,Doncaster Rovers,1,2
2018-08-14,Sheffield United,Hull City,1,1
2018-08-14,Shrewsbury Town,Burton Albion,1,2
2018-08-14,Southend United,Brentford,2,4
2018-08-14,West Brom,Luton Town,1,0
2018-08-14,Wycombe Wanderers,Northampton Town,1,1
2018-08-14,Yeovil Town,Aston Villa,0,1
2018-08-14,Norwich City,Stevenage,3,1
2018-08-14,Rotherham United,Wigan Athletic,3,1
2018-08-14,Milton Keynes Dons,Charlton Athletic,3,0
2018-08-14,QPR,Peterborough United,2,0
2018-08-14,Middlesbrough,Notts County,3,3
2018-08-14,Millwall,Gillingham,0,0
2018-08-14,Blackpool,Barnsley,3,1
2018-08-14,Bristol City,Plymouth Argyle,0,1
2018-08-14,Cambridge United,Newport County,1,4
2018-08-14,Carlisle United,Blackburn Rovers,1,5
2018-08-14,Cheltenham Town,Colchester United,2,2
2018-08-14,Bristol Rovers,Crawley Town,2,1
2018-08-14,Exeter City,Ipswich Town,1,1
2018-08-14,Grimsby Town,Rochdale,0,2
2018-08-14,Leeds United,Bolton Wanderers,2,1
2018-08-14,Macclesfield Town,Bradford City,1,1
2018-08-14,Mansfield Town,Accrington Stanley,6,1
2018-08-14,Crewe Alexandra,Fleetwood Town,1,1
2018-08-16,Sunderland,Sheffield Weds,0,2
2018-08-17,Birmingham City,Swansea City,0,0
2018-08-18,Hull City,Blackburn Rovers,0,1
2018-08-18,Everton,Southampton,2,1
2018-08-18,Chelsea,Arsenal,3,2
2018-08-18,Cardiff City,Newcastle United,0,0
2018-08-18,Bristol City,Middlesbrough,0,2
2018-08-18,Sheffield United,Norwich City,2,1
2018-08-18,Leeds United,Rotherham United,2,0
2018-08-18,Millwall,Derby County,2,1
2018-08-18,Preston North End,Stoke City,2,2
2018-08-18,Reading,Bolton Wanderers,0,1
2018-08-18,Tottenham Hotspur,Fulham,3,1
2018-08-18,West Brom,QPR,7,1
2018-08-18,Wigan Athletic,Nottingham Forest,2,2
2018-08-18,Ipswich Town,Aston Villa,1,1
2018-08-18,West Ham United,Bournemouth,1,2
2018-08-18,Leicester City,Wolves,2,0
2018-08-19,Brentford,Sheffield Weds,2,0
2018-08-19,Manchester City,Huddersfield Town,6,1
2018-08-19,Burnley,Watford,1,3
2018-08-19,Brighton,Manchester Utd,3,2
2018-08-20,Crystal Palace,Liverpool,0,2
2018-08-21,QPR,Bristol City,0,3
2018-08-21,Rotherham United,Hull City,2,3
2018-08-21,Swansea City,Leeds United,2,2
2018-08-21,Derby County,Ipswich Town,2,0
2018-08-22,Stoke City,Wigan Athletic,0,3
2018-08-22,Sheffield Weds,Millwall,2,1
2018-08-22,Norwich City,Preston North End,2,0
2018-08-22,Bolton Wanderers,Birmingham City,1,0
2018-08-22,Blackburn Rovers,Reading,2,2
2018-08-22,Aston Villa,Brentford,2,2
2018-08-24,Middlesbrough,West Brom,1,0
2018-08-25,Bolton Wanderers,Sheffield United,0,3
2018-08-25,Swansea City,Bristol City,0,1
2018-08-25,Arsenal,West Ham United,3,1
2018-08-25,Bournemouth,Everton,2,2
2018-08-25,Huddersfield Town,Cardiff City,0,0
2018-08-25,Derby County,Preston North End,2,0
2018-08-25,Liverpool,Brighton,1,0
2018-08-25,Southampton,Leicester City,1,2
2018-08-25,Wolves,Manchester City,1,1
2018-08-25,Stoke City,Hull City,2,0
2018-08-25,Sheffield Weds,Ipswich Town,2,1
2018-08-25,QPR,Wigan Athletic,1,0
2018-08-25,Nottingham Forest,Birmingham City,2,2
2018-08-25,Norwich City,Leeds United,0,3
2018-08-25,Aston Villa,Reading,1,1
2018-08-25,Blackburn Rovers,Brentford,1,0
2018-08-26,Watford,Crystal Palace,2,1
2018-08-26,Rotherham United,Millwall,1,0
2018-08-26,Fulham,Burnley,4,2
2018-08-26,Newcastle United,Chelsea,1,2
2018-08-27,Manchester Utd,Tottenham Hotspur,0,3
2018-08-28,Fulham,Exeter City,2,0
2018-08-28,Doncaster Rovers,Blackpool,1,2
2018-08-28,Cardiff City,Norwich City,1,3
2018-08-28,Burton Albion,Aston Villa,1,0
2018-08-28,Brentford,Cheltenham Town,1,0
2018-08-28,Bournemouth,Milton Keynes Dons,3,0
2018-08-28,Blackburn Rovers,Lincoln City,4,1
2018-08-28,AFC Wimbledon,West Ham United,1,3
2018-08-28,Leeds United,Preston North End,0,2
2018-08-28,Hull City,Derby County,0,4
2018-08-28,Brighton,Southampton,0,1
2018-08-28,Leicester City,Fleetwood Town,4,0
2018-08-28,West Brom,Mansfield Town,2,1
2018-08-28,Middlesbrough,Rochdale,2,1
2018-08-28,Newport County,Oxford United,0,3
2018-08-28,QPR,Bristol Rovers,3,1
2018-08-28,Sheffield Weds,Wolves,0,2
2018-08-28,Stoke City,Huddersfield Town,2,0
2018-08-28,Swansea City,Crystal Palace,0,1
2018-08-28,Walsall,Macclesfield Town,3,3
2018-08-28,Wycombe Wanderers,Forest Green Rovers,2,2
2018-08-29,Reading,Watford,0,2
2018-08-29,Nottingham Forest,Newcastle United,3,1
2018-08-29,Millwall,Plymouth Argyle,3,2
2018-08-29,Everton,Rotherham United,3,1
2018-08-31,Leeds United,Middlesbrough,0,0
2018-09-01,West Brom,Stoke City,2,1
2018-09-01,Wigan Athletic,Rotherham United,1,0
2018-09-01,Sheffield United,Aston Villa,4,1
2018-09-01,Brentford,Nottingham Forest,2,1
2018-09-01,Preston North End,Bolton Wanderers,2,2
2018-09-01,Millwall,Swansea City,1,2
2018-09-01,Hull City,Derby County,1,2
2018-09-01,Reading,Sheffield Weds,1,2
2018-09-01,Brighton,Fulham,2,2
2018-09-01,Birmingham City,QPR,0,0
2018-09-01,Crystal Palace,Southampton,0,2
2018-09-01,Chelsea,Bournemouth,2,0
2018-09-01,Everton,Huddersfield Town,1,1
2018-09-01,Leicester City,Liverpool,1,2
2018-09-01,Manchester City,Newcastle United,2,1
2018-09-01,West Ham United,Wolves,0,1
2018-09-02,Bristol City,Blackburn Rovers,4,1
2018-09-02,Watford,Tottenham Hotspur,2,1
2018-09-02,Cardiff City,Arsenal,2,3
2018-09-02,Burnley,Manchester Utd,0,2
2018-09-02,Ipswich Town,Norwich City,1,1
2018-09-14,Birmingham City,West Brom,1,1
2018-09-15,Bristol City,Sheffield United,1,0
2018-09-15,Watford,Manchester Utd,1,2
2018-09-15,Bolton Wanderers,QPR,1,2
2018-09-15,Blackburn Rovers,Aston Villa,1,1
2018-09-15,Chelsea,Cardiff City,4,1
2018-09-15,Huddersfield Town,Crystal Palace,0,1
2018-09-15,Newcastle United,Arsenal,1,2
2018-09-15,Manchester City,Fulham,3,0
2018-09-15,Hull City,Ipswich Town,2,0
2018-09-15,Bournemouth,Leicester City,4,2
2018-09-15,Tottenham Hotspur,Liverpool,1,2
2018-09-15,Millwall,Leeds United,1,1
2018-09-15,Brentford,Wigan Athletic,2,0
2018-09-15,Preston North End,Reading,2,3
2018-09-15,Rotherham United,Derby County,1,0
2018-09-15,Sheffield Weds,Stoke City,2,2
2018-09-15,Swansea City,Nottingham Forest,0,0
2018-09-15,Norwich City,Middlesbrough,1,0
2018-09-16,Wolves,Burnley,1,0
2018-09-16,Everton,West Ham United,1,3
2018-09-17,Southampton,Brighton,2,2
2018-09-18,Wigan Athletic,Hull City,2,1
2018-09-18,Leeds United,Preston North End,3,0
2018-09-18,Stoke City,Swansea City,1,0
2018-09-18,Aston Villa,Rotherham United,2,0
2018-09-18,Derby County,Blackburn Rovers,0,0
2018-09-18,Ipswich Town,Brentford,1,1
2018-09-18,West Brom,Bristol City,4,2
2018-09-19,Middlesbrough,Bolton Wanderers,2,0
2018-09-19,Nottingham Forest,Sheffield Weds,2,1
2018-09-19,QPR,Millwall,2,0
2018-09-19,Reading,Norwich City,1,2
2018-09-19,Sheffield United,Birmingham City,0,0
2018-09-21,Wigan Athletic,Bristol City,1,0
2018-09-22,Middlesbrough,Swansea City,0,0
2018-09-22,Nottingham Forest,Rotherham United,1,0
2018-09-22,Derby County,Brentford,3,1
2018-09-22,QPR,Norwich City,0,1
2018-09-22,Aston Villa,Sheffield Weds,1,2
2018-09-22,Fulham,Watford,1,1
2018-09-22,Reading,Hull City,3,0
2018-09-22,Sheffield United,Preston North End,3,2
2018-09-22,Stoke City,Blackburn Rovers,2,3
2018-09-22,Ipswich Town,Bolton Wanderers,0,0
2018-09-22,Leeds United,Birmingham City,1,2
2018-09-22,Crystal Palace,Newcastle United,0,0
2018-09-22,West Brom,Millwall,2,0
2018-09-22,Cardiff City,Manchester City,0,5
2018-09-22,Burnley,Bournemouth,4,0
2018-09-22,Brighton,Tottenham Hotspur,1,2
2018-09-22,Leicester City,Huddersfield Town,3,1
2018-09-22,Liverpool,Southampton,3,0
2018-09-22,Manchester Utd,Wolves,1,1
2018-09-23,Arsenal,Everton,2,0
2018-09-23,West Ham United,Chelsea,0,0
2018-09-25,Blackpool,QPR,2,0
2018-09-25,Bournemouth,Blackburn Rovers,3,2
2018-09-25,Wycombe Wanderers,Norwich City,3,4
2018-09-25,Wolves,Leicester City,0,0
2018-09-25,West Brom,Crystal Palace,0,3
2018-09-25,Preston North End,Middlesbrough,2,2
2018-09-25,Burton Albion,Burnley,2,1
2018-09-25,Manchester Utd,Derby County,2,2
2018-09-25,Millwall,Fulham,1,3
2018-09-25,Oxford United,Manchester City,0,3
2018-09-26,Arsenal,Brentford,3,1
2018-09-26,Liverpool,Chelsea,1,2
2018-09-26,Nottingham Forest,Stoke City,3,2
2018-09-26,Tottenham Hotspur,Watford,2,2
2018-09-26,West Ham United,Macclesfield Town,8,0
2018-09-28,Bristol City,Aston Villa,1,1
2018-09-28,Sheffield Weds,Leeds United,1,1
2018-09-29,Norwich City,Wigan Athletic,1,0
2018-09-29,Preston North End,West Brom,2,3
2018-09-29,Rotherham United,Stoke City,2,2
2018-09-29,Swansea City,QPR,3,0
2018-09-29,Arsenal,Watford,2,0
2018-09-29,Chelsea,Liverpool,1,1
2018-09-29,Millwall,Sheffield United,2,3
2018-09-29,Huddersfield Town,Tottenham Hotspur,0,2
2018-09-29,Birmingham City,Ipswich Town,2,2
2018-09-29,Everton,Fulham,3,0
2018-09-29,Bolton Wanderers,Derby County,1,0
2018-09-29,Brentford,Reading,2,2
2018-09-29,Hull City,Middlesbrough,1,1
2018-09-29,Blackburn Rovers,Nottingham Forest,2,2
2018-09-29,Wolves,Southampton,2,0
2018-09-29,West Ham United,Manchester Utd,3,1
2018-09-29,Newcastle United,Leicester City,0,2
2018-09-29,Manchester City,Brighton,2,0
2018-09-30,Cardiff City,Burnley,1,2
2018-10-01,Bournemouth,Crystal Palace,2,1
2018-10-02,Wigan Athletic,Swansea City,0,0
2018-10-02,Stoke City,Bolton Wanderers,2,0
2018-10-02,Reading,QPR,0,1
2018-10-02,Ipswich Town,Middlesbrough,0,2
2018-10-02,Brentford,Birmingham City,1,1
2018-10-02,Aston Villa,Preston North End,3,3
2018-10-02,Everton,Southampton,1,1
2018-10-02,Hull City,Leeds United,0,1
2018-10-03,Rotherham United,Bristol City,0,0
2018-10-03,Blackburn Rovers,Sheffield United,0,2
2018-10-03,Derby County,Norwich City,1,1
2018-10-03,Sheffield Weds,West Brom,2,2
2018-10-03,Nottingham Forest,Millwall,2,2
2018-10-05,Brighton,West Ham United,1,0
2018-10-06,West Brom,Reading,4,1
2018-10-06,Bolton Wanderers,Blackburn Rovers,0,1
2018-10-06,Leeds United,Brentford,1,1
2018-10-06,Middlesbrough,Nottingham Forest,0,2
2018-10-06,Millwall,Aston Villa,2,1
2018-10-06,Norwich City,Stoke City,0,1
2018-10-06,Preston North End,Wigan Athletic,4,0
2018-10-06,QPR,Derby County,1,1
2018-10-06,Sheffield United,Hull City,1,0
2018-10-06,Swansea City,Ipswich Town,2,3
2018-10-06,Watford,Bournemouth,0,4
2018-10-06,Birmingham City,Rotherham United,3,1
2018-10-06,Tottenham Hotspur,Cardiff City,1,0
2018-10-06,Manchester Utd,Newcastle United,3,2
2018-10-06,Burnley,Huddersfield Town,1,1
2018-10-06,Crystal Palace,Wolves,0,1
2018-10-06,Leicester City,Everton,1,2
2018-10-07,Bristol City,Sheffield Weds,1,2
2018-10-07,Liverpool,Manchester City,0,0
2018-10-07,Southampton,Chelsea,0,3
2018-10-07,Fulham,Arsenal,1,5
2018-10-19,Sheffield Weds,Middlesbrough,1,2
2018-10-20,Cardiff City,Fulham,4,2
2018-10-20,Blackburn Rovers,Leeds United,2,1
2018-10-20,Huddersfield Town,Liverpool,0,1
2018-10-20,Bournemouth,Southampton,0,0
2018-10-20,Chelsea,Manchester Utd,2,2
2018-10-20,West Ham United,Tottenham Hotspur,0,1
2018-10-20,Wolves,Watford,0,2
2018-10-20,Aston Villa,Swansea City,1,0
2018-10-20,Manchester City,Burnley,5,0
2018-10-20,Wigan Athletic,West Brom,1,0
2018-10-20,Newcastle United,Brighton,0,1
2018-10-20,Brentford,Bristol City,0,1
2018-10-20,Derby County,Sheffield United,2,1
2018-10-20,Rotherham United,Bolton Wanderers,1,1
2018-10-20,Hull City,Preston North End,1,1
2018-10-20,Ipswich Town,QPR,0,2
2018-10-20,Nottingham Forest,Norwich City,1,2
2018-10-20,Reading,Millwall,3,1
2018-10-20,Stoke City,Birmingham City,0,1
2018-10-21,Everton,Crystal Palace,2,0
2018-10-22,Arsenal,Leicester City,3,1
2018-10-23,Birmingham City,Reading,2,1
2018-10-23,Sheffield United,Stoke City,1,1
2018-10-23,QPR,Sheffield Weds,3,0
2018-10-23,Millwall,Wigan Athletic,2,1
2018-10-23,Middlesbrough,Rotherham United,0,0
2018-10-23,Swansea City,Blackburn Rovers,3,1
2018-10-23,Norwich City,Aston Villa,2,1
2018-10-24,Leeds United,Ipswich Town,2,0
2018-10-24,West Brom,Derby County,1,4
2018-10-24,Preston North End,Brentford,4,3
2018-10-24,Bristol City,Hull City,1,0
2018-10-24,Bolton Wanderers,Nottingham Forest,0,3
2018-10-26,QPR,Aston Villa,1,0
2018-10-27,Southampton,Newcastle United,0,0
2018-10-27,Brighton,Wolves,1,0
2018-10-27,Fulham,Bournemouth,0,3
2018-10-27,Leicester City,West Ham United,1,1
2018-10-27,Liverpool,Cardiff City,4,1
2018-10-27,Watford,Huddersfield Town,3,0
2018-10-27,West Brom,Blackburn Rovers,1,1
2018-10-27,Middlesbrough,Derby County,1,1
2018-10-27,Birmingham City,Sheffield Weds,3,1
2018-10-27,Bolton Wanderers,Hull City,0,1
2018-10-27,Bristol City,Stoke City,0,1
2018-10-27,Leeds United,Nottingham Forest,1,1
2018-10-27,Millwall,Ipswich Town,3,0
2018-10-27,Norwich City,Brentford,1,0
2018-10-27,Swansea City,Reading,2,0
2018-10-27,Sheffield United,Wigan Athletic,4,2
2018-10-27,Preston North End,Rotherham United,1,1
2018-10-28,Manchester Utd,Everton,2,1
2018-10-28,Crystal Palace,Arsenal,2,2
2018-10-28,Burnley,Chelsea,0,4
2018-10-29,Tottenham Hotspur,Manchester City,0,1
2018-10-30,Burton Albion,Nottingham Forest,3,2
2018-10-30,Bournemouth,Norwich City,2,1
2018-10-31,West Ham United,Tottenham Hotspur,1,3
2018-10-31,Middlesbrough,Crystal Palace,1,0
2018-10-31,Chelsea,Derby County,3,2
2018-10-31,Arsenal,Blackpool,2,1
2018-11-01,Manchester City,Fulham,2,0
2018-11-02,Aston Villa,Bolton Wanderers,2,0
2018-11-03,Cardiff City,Leicester City,0,1
2018-11-03,Bournemouth,Manchester Utd,1,2
2018-11-03,Arsenal,Liverpool,1,1
2018-11-03,West Ham United,Burnley,4,2
2018-11-03,Wolves,Tottenham Hotspur,2,3
2018-11-03,Newcastle United,Watford,1,0
2018-11-03,Everton,Brighton,3,1
2018-11-03,Blackburn Rovers,QPR,1,0
2018-11-03,Brentford,Millwall,2,0
2018-11-03,Derby County,Birmingham City,3,1
2018-11-03,Hull City,West Brom,1,0
2018-11-03,Ipswich Town,Preston North End,1,1
2018-11-03,Nottingham Forest,Sheffield United,1,0
2018-11-03,Reading,Bristol City,3,2
2018-11-03,Rotherham United,Swansea City,2,1
2018-11-03,Sheffield Weds,Norwich City,0,4
2018-11-03,Stoke City,Middlesbrough,0,0
2018-11-04,Chelsea,Crystal Palace,3,1
2018-11-04,Wigan Athletic,Leeds United,1,2
2018-11-04,Manchester City,Southampton,6,1
2018-11-05,Huddersfield Town,Fulham,1,0
2018-11-09,Sheffield United,Sheffield Weds,0,0
2018-11-09,Haringey Borough FC,AFC Wimbledon,0,1
2018-11-10,Tranmere Rovers,Oxford City FC,3,3
2018-11-10,Torquay,Woking,0,1
2018-11-10,Swindon Town,York City,2,1
2018-11-10,Sutton United,Slough Town FC,0,0
2018-11-10,Southport,Boreham Wood,2,0
2018-11-10,Southend United,Crawley Town,1,1
2018-11-10,Yeovil Town,Stockport,1,3
2018-11-10,Scunthorpe United,Burton Albion,2,1
2018-11-10,Walsall,Coventry City,3,2
2018-11-10,Rochdale,Gateshead,2,1
2018-11-10,Exeter City,Blackpool,2,3
2018-11-10,Gillingham,Hartlepool United,0,0
2018-11-10,Ebbsfleet United,Cheltenham Town,0,0
2018-11-10,Crewe Alexandra,Carlisle United,0,1
2018-11-10,Chesterfield,Billericay Town FC,1,1
2018-11-10,Bury,Dover Athletic,5,0
2018-11-10,Bromley,Peterborough United,1,3
2018-11-10,Barnsley,Notts County,4,0
2018-11-10,Aldershot Town,Bradford City,1,1
2018-11-10,Accrington Stanley,Colchester United,1,0
2018-11-10,Grimsby Town,Milton Keynes Dons,3,1
2018-11-10,Plymouth Argyle,Stevenage,1,0
2018-11-10,Lincoln City,Northampton Town,3,2
2018-11-10,Maidenhead United,Portsmouth,0,4
2018-11-10,Maidstone Utd,Macclesfield Town,2,1
2018-11-10,Metropolitan Police FC,Newport County,0,2
2018-11-10,Morecambe,FC Halifax Town,0,0
2018-11-10,Southampton,Watford,1,1
2018-11-10,Newcastle United,Bournemouth,2,1
2018-11-10,Leicester City,Burnley,0,0
2018-11-10,Crystal Palace,Tottenham Hotspur,0,1
2018-11-10,Cardiff City,Brighton,2,1
2018-11-10,Luton Town,Wycombe Wanderers,2,0
2018-11-10,Oxford United,Forest Green Rovers,0,0
2018-11-10,Huddersfield Town,West Ham United,1,1
2018-11-10,Nottingham Forest,Stoke City,0,0
2018-11-10,Birmingham City,Hull City,3,3
2018-11-10,Blackburn Rovers,Rotherham United,1,1
2018-11-10,Bolton Wanderers,Swansea City,0,1
2018-11-10,Bristol City,Preston North End,0,1
2018-11-10,Derby County,Aston Villa,0,3
2018-11-10,Middlesbrough,Wigan Athletic,2,0
2018-11-10,Norwich City,Millwall,4,3
2018-11-10,QPR,Brentford,3,2
2018-11-10,Reading,Ipswich Town,2,2
2018-11-10,West Brom,Leeds United,4,1
2018-11-11,Hitchin Town FC,Solihull Moors,0,2
2018-11-11,Barnet,Bristol Rovers,1,1
2018-11-11,Alfreton Town,Fleetwood Town,1,4
2018-11-11,Guiseley,Cambridge United,4,3
2018-11-11,Mansfield Town,Charlton Athletic,1,1
2018-11-11,Liverpool,Fulham,2,0
2018-11-11,Shrewsbury Town,Salford City FC,1,1
2018-11-11,Weston-super-Mare AFC,Wrexham,0,2
2018-11-11,Manchester City,Manchester Utd,3,1
2018-11-11,Port Vale,Sunderland,1,2
2018-11-11,Chorley FC,Doncaster Rovers,2,2
2018-11-11,Arsenal,Wolves,1,1
2018-11-11,Chelsea,Everton,0,0
2018-11-12,Hampton & Richmond Borough FC,Oldham Athletic,1,2
2018-11-20,Cheltenham Town,Ebbsfleet United,2,0
2018-11-20,Bradford City,Aldershot Town,1,1
2018-11-20,Doncaster Rovers,Chorley FC,7,0
2018-11-20,Crawley Town,Southend United,2,6
2018-11-20,Forest Green Rovers,Oxford United,0,3
2018-11-20,Oxford City FC,Tranmere Rovers,0,2
2018-11-20,Slough Town FC,Sutton United,1,1
2018-11-20,Billericay Town FC,Chesterfield,1,3
2018-11-20,Charlton Athletic,Mansfield Town,5,0
2018-11-20,FC Halifax Town,Morecambe,1,0
2018-11-21,Salford City FC,Shrewsbury Town,1,3
2018-11-21,Hartlepool United,Gillingham,3,4
2018-11-21,Bristol Rovers,Barnet,1,2
2018-11-23,Ipswich Town,West Brom,1,2
2018-11-24,Wigan Athletic,Reading,0,0
2018-11-24,Swansea City,Norwich City,1,4
2018-11-24,Stoke City,QPR,2,2
2018-11-24,Sheffield Weds,Derby County,1,2
2018-11-24,Rotherham United,Sheffield United,2,2
2018-11-24,Preston North End,Blackburn Rovers,4,1
2018-11-24,Millwall,Bolton Wanderers,1,1
2018-11-24,Leeds United,Bristol City,2,0
2018-11-24,Hull City,Nottingham Forest,0,2
2018-11-24,Brentford,Middlesbrough,1,2
2018-11-24,Everton,Cardiff City,1,0
2018-11-24,Fulham,Southampton,3,2
2018-11-24,Manchester Utd,Crystal Palace,0,0
2018-11-24,Tottenham Hotspur,Chelsea,3,1
2018-11-24,Watford,Liverpool,0,3
2018-11-24,West Ham United,Manchester City,0,4
2018-11-24,Brighton,Leicester City,1,1
2018-11-25,Bournemouth,Arsenal,1,2
2018-11-25,Wolves,Huddersfield Town,0,2
2018-11-25,Aston Villa,Birmingham City,4,2
2018-11-26,Burnley,Newcastle United,1,2
2018-11-27,Leeds United,Reading,1,0
2018-11-27,Brentford,Sheffield United,2,3
2018-11-27,Preston North End,Middlesbrough,1,1
2018-11-27,Hull City,Norwich City,0,0
2018-11-27,Sheffield Weds,Bolton Wanderers,1,0
2018-11-27,Rotherham United,QPR,2,2
2018-11-27,Leicester City,Southampton,0,0
2018-11-28,Aston Villa,Nottingham Forest,5,5
2018-11-28,Ipswich Town,Bristol City,2,3
2018-11-28,Wigan Athletic,Blackburn Rovers,3,1
2018-11-28,Swansea City,West Brom,1,2
2018-11-28,Stoke City,Derby County,2,1
2018-11-28,Millwall,Birmingham City,0,2
2018-11-30,Cardiff City,Wolves,2,1
2018-11-30,Solihull Moors,Blackpool,0,0
2018-12-01,Middlesbrough,Aston Villa,0,3
2018-12-01,Walsall,Sunderland,1,1
2018-12-01,Southend United,Barnsley,2,4
2018-12-01,Plymouth Argyle,Oxford United,1,2
2018-12-01,Peterborough United,Bradford City,2,2
2018-12-01,Birmingham City,Preston North End,3,0
2018-12-01,Sheffield United,Leeds United,0,1
2018-12-01,Reading,Stoke City,2,2
2018-12-01,QPR,Hull City,2,3
2018-12-01,Nottingham Forest,Ipswich Town,2,0
2018-12-01,Newcastle United,West Ham United,0,3
2018-12-01,Southampton,Manchester Utd,2,2
2018-12-01,Derby County,Swansea City,2,1
2018-12-01,Maidstone Utd,Oldham Athletic,0,2
2018-12-01,FC Halifax Town,AFC Wimbledon,1,3
2018-12-01,Charlton Athletic,Doncaster Rovers,0,2
2018-12-01,Accrington Stanley,Cheltenham Town,3,1
2018-12-01,Wrexham,Newport County,0,0
2018-12-01,Blackburn Rovers,Sheffield Weds,4,2
2018-12-01,Bolton Wanderers,Wigan Athletic,1,1
2018-12-01,Norwich City,Rotherham United,3,1
2018-12-01,Manchester City,Bournemouth,3,1
2018-12-01,Leicester City,Watford,2,0
2018-12-01,Huddersfield Town,Brighton,1,2
2018-12-01,Crystal Palace,Burnley,2,0
2018-12-01,Lincoln City,Carlisle United,2,0
2018-12-02,Bristol City,Millwall,1,1
2018-12-02,Barnet,Stockport,1,0
2018-12-02,Swindon Town,Woking,0,1
2018-12-02,Chesterfield,Grimsby Town,0,2
2018-12-02,Rochdale,Portsmouth,0,1
2018-12-02,Shrewsbury Town,Scunthorpe United,1,0
2018-12-02,Slough Town FC,Gillingham,0,1
2018-12-02,Tranmere Rovers,Southport,1,1
2018-12-02,Bury,Luton Town,0,1
2018-12-02,Arsenal,Tottenham Hotspur,4,2
2018-12-02,Chelsea,Fulham,2,0
2018-12-02,Liverpool,Everton,1,0
2018-12-03,West Brom,Brentford,1,1
2018-12-03,Guiseley,Fleetwood Town,1,2
2018-12-04,Brighton,Crystal Palace,3,1
2018-12-04,Watford,Manchester City,1,2
2018-12-04,West Ham United,Cardiff City,3,1
2018-12-04,Bournemouth,Huddersfield Town,2,1
2018-12-05,Wolves,Chelsea,2,1
2018-12-05,Tottenham Hotspur,Southampton,3,1
2018-12-05,Everton,Newcastle United,1,1
2018-12-05,Fulham,Leicester City,1,1
2018-12-05,Burnley,Liverpool,1,3
2018-12-05,Manchester Utd,Arsenal,2,2
2018-12-07,West Brom,Aston Villa,2,2
2018-12-08,Bournemouth,Liverpool,0,4
2018-12-08,Burnley,Brighton,1,0
2018-12-08,Cardiff City,Southampton,1,0
2018-12-08,Chelsea,Manchester City,2,0
2018-12-08,Leicester City,Tottenham Hotspur,0,2
2018-12-08,Manchester Utd,Fulham,4,1
2018-12-08,West Ham United,Crystal Palace,3,2
2018-12-08,Arsenal,Huddersfield Town,1,0
2018-12-08,Millwall,Hull City,2,2
2018-12-08,Stoke City,Ipswich Town,2,0
2018-12-08,Birmingham City,Bristol City,0,1
2018-12-08,Brentford,Swansea City,2,3
2018-12-08,Leeds United,QPR,2,1
2018-12-08,Middlesbrough,Blackburn Rovers,1,1
2018-12-08,Norwich City,Bolton Wanderers,3,2
2018-12-08,Nottingham Forest,Preston North End,0,1
2018-12-08,Reading,Sheffield United,0,2
2018-12-08,Sheffield Weds,Rotherham United,2,2
2018-12-08,Wigan Athletic,Derby County,0,1
2018-12-09,Newcastle United,Wolves,1,2
2018-12-10,Everton,Watford,2,2
2018-12-11,Bradford City,Peterborough United,4,4
2018-12-11,Newport County,Wrexham,4,0
2018-12-11,Sunderland,Walsall,0,1
2018-12-14,Sheffield United,West Brom,1,2
2018-12-15,Manchester City,Everton,3,1
2018-12-15,Fulham,West Ham United,0,2
2018-12-15,Crystal Palace,Leicester City,1,0
2018-12-15,Tottenham Hotspur,Burnley,1,0
2018-12-15,Swansea City,Sheffield Weds,2,1
2018-12-15,Bolton Wanderers,Leeds United,0,1
2018-12-15,QPR,Middlesbrough,2,1
2018-12-15,Preston North End,Millwall,3,2
2018-12-15,Ipswich Town,Wigan Athletic,1,0
2018-12-15,Hull City,Brentford,2,0
2018-12-15,Bristol City,Norwich City,2,2
2018-12-15,Watford,Cardiff City,3,2
2018-12-15,Blackburn Rovers,Birmingham City,2,2
2018-12-15,Aston Villa,Stoke City,2,2
2018-12-15,Rotherham United,Reading,1,1
2018-12-15,Wolves,Bournemouth,2,0
2018-12-15,Huddersfield Town,Newcastle United,0,1
2018-12-16,Brighton,Chelsea,1,2
2018-12-16,Southampton,Arsenal,3,2
2018-12-16,Liverpool,Manchester Utd,3,1
2018-12-17,Derby County,Nottingham Forest,0,0
2018-12-17,Southport,Tranmere Rovers,0,2
2018-12-18,Blackpool,Solihull Moors,3,2
2018-12-18,Leicester City,Manchester City,1,1
2018-12-18,Middlesbrough,Burton Albion,0,1
2018-12-19,Chelsea,Bournemouth,1,0
2018-12-19,Arsenal,Tottenham Hotspur,0,2
2018-12-21,Wolves,Liverpool,0,2
2018-12-22,Wigan Athletic,Birmingham City,0,3
2018-12-22,Newcastle United,Fulham,0,0
2018-12-22,Arsenal,Burnley,3,1
2018-12-22,Cardiff City,Manchester Utd,1,5
2018-12-22,Chelsea,Leicester City,0,1
2018-12-22,Huddersfield Town,Southampton,1,3
2018-12-22,Manchester City,Crystal Palace,2,3
2018-12-22,Stoke City,Millwall,1,0
2018-12-22,West Ham United,Watford,0,2
2018-12-22,Bournemouth,Brighton,2,0
2018-12-22,Rotherham United,West Brom,0,4
2018-12-22,Derby County,Bristol City,1,1
2018-12-22,Brentford,Bolton Wanderers,1,0
2018-12-22,Blackburn Rovers,Norwich City,0,1
2018-12-22,Hull City,Swansea City,3,2
2018-12-22,Ipswich Town,Sheffield United,1,1
2018-12-22,Nottingham Forest,QPR,0,1
2018-12-22,Reading,Middlesbrough,0,1
2018-12-22,Sheffield Weds,Preston North End,1,0
2018-12-23,Everton,Tottenham Hotspur,2,6
2018-12-23,Aston Villa,Leeds United,2,3
2018-12-26,Middlesbrough,Sheffield Weds,0,1
2018-12-26,Birmingham City,Stoke City,2,0
2018-12-26,Bolton Wanderers,Rotherham United,2,1
2018-12-26,Millwall,Reading,1,0
2018-12-26,Norwich City,Nottingham Forest,3,3
2018-12-26,Preston North End,Hull City,1,2
2018-12-26,Swansea City,Aston Villa,0,1
2018-12-26,Sheffield United,Derby County,3,1
2018-12-26,Bristol City,Brentford,1,1
2018-12-26,West Brom,Wigan Athletic,2,0
2018-12-26,Brighton,Arsenal,1,1
2018-12-26,Burnley,Everton,1,5
2018-12-26,Crystal Palace,Cardiff City,0,0
2018-12-26,Fulham,Wolves,1,1
2018-12-26,Leicester City,Manchester City,2,1
2018-12-26,Liverpool,Newcastle United,4,0
2018-12-26,Manchester Utd,Huddersfield Town,3,1
2018-12-26,Tottenham Hotspur,Bournemouth,5,0
2018-12-26,Watford,Chelsea,1,2
2018-12-26,QPR,Ipswich Town,3,0
2018-12-26,Leeds United,Blackburn Rovers,3,2
2018-12-27,Southampton,West Ham United,1,2
2018-12-29,Fulham,Huddersfield Town,1,0
2018-12-29,QPR,Reading,0,0
2018-12-29,Sheffield United,Blackburn Rovers,3,0
2018-12-29,Swansea City,Wigan Athletic,2,2
2018-12-29,West Brom,Sheffield Weds,1,1
2018-12-29,Brighton,Everton,1,0
2018-12-29,Leicester City,Cardiff City,0,1
2018-12-29,Liverpool,Arsenal,5,1
2018-12-29,Bolton Wanderers,Stoke City,0,0
2018-12-29,Birmingham City,Brentford,0,0
2018-12-29,Tottenham Hotspur,Wolves,1,3
2018-12-29,Watford,Newcastle United,1,1
2018-12-29,Millwall,Nottingham Forest,1,0
2018-12-29,Bristol City,Rotherham United,1,0
2018-12-29,Middlesbrough,Ipswich Town,2,0
2018-12-29,Leeds United,Hull City,0,2
2018-12-29,Preston North End,Aston Villa,1,1
2018-12-29,Norwich City,Derby County,3,4
2018-12-30,Southampton,Manchester City,1,3
2018-12-30,Crystal Palace,Chelsea,0,1
2018-12-30,Manchester Utd,Bournemouth,4,1
2018-12-30,Burnley,West Ham United,2,0
2019-01-01,Aston Villa,QPR,2,2
2019-01-01,Stoke City,Bristol City,0,2
2019-01-01,Blackburn Rovers,West Brom,2,1
2019-01-01,Arsenal,Fulham,4,1
2019-01-01,Cardiff City,Tottenham Hotspur,0,3
2019-01-01,Sheffield Weds,Birmingham City,1,1
2019-01-01,Rotherham United,Preston North End,2,1
2019-01-01,Reading,Swansea City,1,4
2019-01-01,Wigan Athletic,Sheffield United,0,3
2019-01-01,Ipswich Town,Millwall,2,3
2019-01-01,Hull City,Bolton Wanderers,6,0
2019-01-01,Derby County,Middlesbrough,1,1
2019-01-01,Brentford,Norwich City,1,1
2019-01-01,Nottingham Forest,Leeds United,4,2
2019-01-01,Everton,Leicester City,0,1
2019-01-02,Wolves,Crystal Palace,0,2
2019-01-02,West Ham United,Brighton,2,2
2019-01-02,Newcastle United,Manchester Utd,0,2
2019-01-02,Huddersfield Town,Burnley,1,2
2019-01-02,Chelsea,Southampton,0,0
2019-01-02,Bournemouth,Watford,3,3
2019-01-03,Manchester City,Liverpool,2,1
2019-01-04,Tranmere Rovers,Tottenham Hotspur,0,7
2019-01-05,Derby County,Southampton,2,2
2019-01-05,Everton,Lincoln City,2,1
2019-01-05,Bolton Wanderers,Walsall,5,2
2019-01-05,Blackpool,Arsenal,0,3
2019-01-05,Chelsea,Nottingham Forest,2,0
2019-01-05,Bournemouth,Brighton,1,3
2019-01-05,Brentford,Oxford United,1,0
2019-01-05,Bristol City,Huddersfield Town,1,0
2019-01-05,Burnley,Barnsley,1,0
2019-01-05,Fleetwood Town,AFC Wimbledon,2,3
2019-01-05,Crystal Palace,Grimsby Town,1,0
2019-01-05,Aston Villa,Swansea City,0,3
2019-01-05,Gillingham,Cardiff City,1,0
2019-01-05,Accrington Stanley,Ipswich Town,1,0
2019-01-05,Middlesbrough,Peterborough United,5,0
2019-01-05,West Ham United,Birmingham City,2,0
2019-01-05,Manchester Utd,Reading,2,0
2019-01-05,Shrewsbury Town,Stoke City,1,1
2019-01-05,West Brom,Wigan Athletic,1,0
2019-01-05,Sheffield Weds,Luton Town,0,0
2019-01-05,Norwich City,Portsmouth,0,1
2019-01-05,Newcastle United,Blackburn Rovers,1,1
2019-01-06,Sheffield United,Barnet,0,1
2019-01-06,Fulham,Oldham Athletic,1,2
2019-01-06,Manchester City,Rotherham United,7,0
2019-01-06,Millwall,Hull City,2,1
2019-01-06,Newport County,Leicester City,2,1
2019-01-06,Preston North End,Doncaster Rovers,1,3
2019-01-06,QPR,Leeds United,2,1
2019-01-06,Woking,Watford,0,2
2019-01-07,Wolves,Liverpool,2,1
2019-01-08,Tottenham Hotspur,Chelsea,1,0
2019-01-09,Manchester City,Burton Albion,9,0
2019-01-11,Leeds United,Derby County,2,0
2019-01-12,Sheffield United,QPR,1,0
2019-01-12,Reading,Nottingham Forest,2,0
2019-01-12,Brighton,Liverpool,0,1
2019-01-12,Millwall,Blackburn Rovers,0,2
2019-01-12,Ipswich Town,Rotherham United,1,0
2019-01-12,Hull City,Sheffield Weds,3,0
2019-01-12,Bristol City,Bolton Wanderers,2,1
2019-01-12,Brentford,Stoke City,3,1
2019-01-12,Birmingham City,Middlesbrough,1,2
2019-01-12,Preston North End,Swansea City,1,1
2019-01-12,Burnley,Fulham,2,1
2019-01-12,Cardiff City,Huddersfield Town,0,0
2019-01-12,Chelsea,Newcastle United,2,1
2019-01-12,Crystal Palace,Watford,1,2
2019-01-12,Leicester City,Southampton,1,2
2019-01-12,West Ham United,Arsenal,1,0
2019-01-12,West Brom,Norwich City,1,1
2019-01-12,Wigan Athletic,Aston Villa,3,0
2019-01-13,Everton,Bournemouth,2,0
2019-01-13,Tottenham Hotspur,Manchester Utd,0,1
2019-01-14,Manchester City,Wolves,3,0
2019-01-15,Blackburn Rovers,Newcastle United,2,4
2019-01-15,Luton Town,Sheffield Weds,0,1
2019-01-15,Stoke City,Shrewsbury Town,2,3
2019-01-16,Southampton,Derby County,2,2
2019-01-18,Norwich City,Birmingham City,3,1
2019-01-19,Arsenal,Chelsea,2,0
2019-01-19,Nottingham Forest,Bristol City,0,1
2019-01-19,QPR,Preston North End,1,4
2019-01-19,Rotherham United,Brentford,2,4
2019-01-19,Sheffield Weds,Wigan Athletic,1,0
2019-01-19,Stoke City,Leeds United,2,1
2019-01-19,Swansea City,Sheffield United,1,0
2019-01-19,Bournemouth,West Ham United,2,0
2019-01-19,Southampton,Everton,2,1
2019-01-19,Manchester Utd,Brighton,2,1
2019-01-19,Newcastle United,Cardiff City,3,0
2019-01-19,Watford,Burnley,0,0
2019-01-19,Wolves,Leicester City,4,3
2019-01-19,Middlesbrough,Millwall,1,1
2019-01-19,Derby County,Reading,2,1
2019-01-19,Blackburn Rovers,Ipswich Town,2,0
2019-01-19,Aston Villa,Hull City,2,2
2019-01-19,Liverpool,Crystal Palace,4,3
2019-01-20,Fulham,Tottenham Hotspur,1,2
2019-01-20,Huddersfield Town,Manchester City,0,3
2019-01-21,Bolton Wanderers,West Brom,0,2
2019-01-23,Burton Albion,Manchester City,0,1
2019-01-24,Chelsea,Tottenham Hotspur,2,1
2019-01-25,Bristol City,Bolton Wanderers,2,1
2019-01-25,Arsenal,Manchester Utd,1,3
2019-01-26,Middlesbrough,Newport County,1,1
2019-01-26,Millwall,Everton,3,2
2019-01-26,AFC Wimbledon,West Ham United,4,2
2019-01-26,Accrington Stanley,Derby County,0,1
2019-01-26,Brighton,West Brom,0,0
2019-01-26,Rotherham United,Leeds United,1,2
2019-01-26,Aston Villa,Ipswich Town,2,1
2019-01-26,Blackburn Rovers,Hull City,3,0
2019-01-26,Norwich City,Sheffield United,2,2
2019-01-26,Nottingham Forest,Wigan Athletic,3,1
2019-01-26,Stoke City,Preston North End,0,2
2019-01-26,Newcastle United,Watford,0,2
2019-01-26,Manchester City,Burnley,5,0
2019-01-26,Swansea City,Gillingham,4,1
2019-01-26,Shrewsbury Town,Wolves,2,2
2019-01-26,Portsmouth,QPR,1,1
2019-01-26,Doncaster Rovers,Oldham Athletic,2,1
2019-01-27,Crystal Palace,Tottenham Hotspur,2,0
2019-01-27,Chelsea,Sheffield Weds,3,0
2019-01-28,Barnet,Brentford,3,3
2019-01-29,Wolves,West Ham United,3,0
2019-01-29,Newcastle United,Manchester City,2,1
2019-01-29,Manchester Utd,Burnley,2,2
2019-01-29,Huddersfield Town,Everton,0,1
2019-01-29,Fulham,Brighton,4,2
2019-01-29,Arsenal,Cardiff City,2,1
2019-01-29,Bolton Wanderers,Reading,1,1
2019-01-29,Swansea City,Birmingham City,3,3
2019-01-30,Liverpool,Leicester City,1,1
2019-01-30,Tottenham Hotspur,Watford,2,1
2019-01-30,Southampton,Crystal Palace,1,1
2019-01-30,Bournemouth,Chelsea,4,0
2019-02-01,Preston North End,Derby County,0,0
2019-02-02,Tottenham Hotspur,Newcastle United,1,0
2019-02-02,Everton,Wolves,1,3
2019-02-02,Crystal Palace,Fulham,2,0
2019-02-02,Chelsea,Huddersfield Town,5,0
2019-02-02,Cardiff City,Bournemouth,2,0
2019-02-02,Burnley,Southampton,1,1
2019-02-02,Brighton,Watford,0,0
2019-02-02,Leeds United,Norwich City,1,3
2019-02-02,Ipswich Town,Sheffield Weds,0,1
2019-02-02,Wigan Athletic,QPR,2,1
2019-02-02,Bristol City,Swansea City,2,0
2019-02-02,Hull City,Stoke City,2,0
2019-02-02,Sheffield United,Bolton Wanderers,2,0
2019-02-02,Birmingham City,Nottingham Forest,2,0
2019-02-02,West Brom,Middlesbrough,2,3
2019-02-02,Millwall,Rotherham United,0,0
2019-02-02,Brentford,Blackburn Rovers,5,2
2019-02-02,Reading,Aston Villa,0,0
2019-02-03,Leicester City,Manchester Utd,0,1
2019-02-03,Manchester City,Arsenal,3,1
2019-02-04,West Ham United,Liverpool,1,1
2019-02-05,Newport County,Middlesbrough,2,0
2019-02-05,QPR,Portsmouth,2,0
2019-02-05,Brentford,Barnet,3,1
2019-02-05,Wolves,Shrewsbury Town,3,2
2019-02-06,West Brom,Brighton,1,3
2019-02-06,Everton,Manchester City,0,2
2019-02-08,Aston Villa,Sheffield United,3,3
2019-02-09,Brighton,Burnley,1,3
2019-02-09,Crystal Palace,West Ham United,1,1
2019-02-09,Fulham,Manchester Utd,0,3
2019-02-09,Huddersfield Town,Arsenal,1,2
2019-02-09,Liverpool,Bournemouth,3,0
2019-02-09,Watford,Everton,1,0
2019-02-09,Blackburn Rovers,Bristol City,0,1
2019-02-09,Bolton Wanderers,Preston North End,1,2
2019-02-09,Derby County,Hull City,2,0
2019-02-09,Middlesbrough,Leeds United,1,1
2019-02-09,Nottingham Forest,Brentford,2,1
2019-02-09,QPR,Birmingham City,3,4
2019-02-09,Rotherham United,Wigan Athletic,1,1
2019-02-09,Sheffield Weds,Reading,0,0
2019-02-09,Stoke City,West Brom,0,1
2019-02-09,Swansea City,Millwall,1,0
2019-02-09,Southampton,Cardiff City,1,2
2019-02-10,Manchester City,Chelsea,6,0
2019-02-10,Norwich City,Ipswich Town,3,0
2019-02-10,Tottenham Hotspur,Leicester City,3,1
2019-02-11,Wolves,Newcastle United,1,1
2019-02-12,Birmingham City,Bolton Wanderers,0,1
2019-02-12,Bristol City,QPR,2,1
2019-02-12,Hull City,Rotherham United,2,2
2019-02-12,Millwall,Sheffield Weds,0,0
2019-02-12,West Brom,Nottingham Forest,2,2
2019-02-13,Reading,Blackburn Rovers,2,1
2019-02-13,Brentford,Aston Villa,1,0
2019-02-13,Ipswich Town,Derby County,1,1
2019-02-13,Wigan Athletic,Stoke City,0,0
2019-02-13,Sheffield United,Middlesbrough,1,0
2019-02-13,Leeds United,Swansea City,2,1
2019-02-13,Preston North End,Norwich City,3,1
2019-02-15,QPR,Watford,0,1
2019-02-16,Brighton,Derby County,2,1
2019-02-16,Aston Villa,West Brom,0,2
2019-02-16,Bolton Wanderers,Norwich City,0,4
2019-02-16,Ipswich Town,Stoke City,1,1
2019-02-16,Preston North End,Nottingham Forest,0,0
2019-02-16,Rotherham United,Sheffield Weds,2,2
2019-02-16,Newport County,Manchester City,1,4
2019-02-16,AFC Wimbledon,Millwall,0,1
2019-02-16,Sheffield United,Reading,4,0
2019-02-17,Blackburn Rovers,Middlesbrough,0,1
2019-02-17,Swansea City,Brentford,4,1
2019-02-17,Bristol City,Wolves,0,1
2019-02-17,Doncaster Rovers,Crystal Palace,0,2
2019-02-18,Chelsea,Manchester Utd,0,2
2019-02-19,QPR,West Brom,2,3
2019-02-20,Derby County,Millwall,0,1
2019-02-22,Cardiff City,Watford,1,5
2019-02-22,West Ham United,Fulham,3,1
2019-02-23,Sheffield Weds,Swansea City,3,1
2019-02-23,Reading,Rotherham United,1,1
2019-02-23,Stoke City,Aston Villa,1,1
2019-02-23,Millwall,Preston North End,1,3
2019-02-23,Middlesbrough,QPR,2,0
2019-02-23,Leeds United,Bolton Wanderers,2,1
2019-02-23,Brentford,Hull City,5,1
2019-02-23,Birmingham City,Blackburn Rovers,2,2
2019-02-23,West Brom,Sheffield United,0,1
2019-02-23,Wigan Athletic,Ipswich Town,1,1
2019-02-23,Norwich City,Bristol City,3,2
2019-02-23,Newcastle United,Huddersfield Town,2,0
2019-02-23,Bournemouth,Wolves,1,1
2019-02-23,Leicester City,Crystal Palace,1,4
2019-02-23,Burnley,Tottenham Hotspur,2,1
2019-02-24,Manchester Utd,Liverpool,0,0
2019-02-24,Arsenal,Southampton,2,0
2019-02-24,Chelsea,Manchester City,0,0
2019-02-25,Nottingham Forest,Derby County,1,0
2019-02-26,Sheffield Weds,Brentford,2,0
2019-02-26,QPR,Leeds United,1,0
2019-02-26,Hull City,Millwall,2,1
2019-02-26,Bristol City,Birmingham City,1,2
2019-02-26,Cardiff City,Everton,0,3
2019-02-26,Huddersfield Town,Wolves,1,0
2019-02-26,Newcastle United,Burnley,2,0
2019-02-26,Leicester City,Brighton,2,1
2019-02-27,Southampton,Fulham,2,0
2019-02-27,Chelsea,Tottenham Hotspur,2,0
2019-02-27,Arsenal,Bournemouth,5,1
2019-02-27,Manchester City,West Ham United,1,0
2019-02-27,Liverpool,Watford,5,0
2019-02-27,Crystal Palace,Manchester Utd,1,3
2019-03-01,Leeds United,West Brom,4,0
2019-03-02,Manchester Utd,Southampton,3,2
2019-03-02,Wolves,Cardiff City,2,0
2019-03-02,Tottenham Hotspur,Arsenal,1,1
2019-03-02,Brighton,Huddersfield Town,1,0
2019-03-02,West Ham United,Newcastle United,2,0
2019-03-02,Aston Villa,Derby County,4,0
2019-03-02,Brentford,QPR,3,0
2019-03-02,Hull City,Birmingham City,2,0
2019-03-02,Ipswich Town,Reading,1,2
2019-03-02,Millwall,Norwich City,1,3
2019-03-02,Preston North End,Bristol City,1,1
2019-03-02,Stoke City,Nottingham Forest,2,0
2019-03-02,Swansea City,Bolton Wanderers,2,0
2019-03-02,Wigan Athletic,Middlesbrough,0,0
2019-03-02,Bournemouth,Manchester City,0,1
2019-03-02,Burnley,Crystal Palace,1,3
2019-03-02,Rotherham United,Blackburn Rovers,3,2
2019-03-03,Watford,Leicester City,2,1
2019-03-03,Fulham,Chelsea,1,2
2019-03-03,Everton,Liverpool,0,0
2019-03-04,Sheffield Weds,Sheffield United,0,0
2019-03-05,Derby County,Wigan Athletic,2,1
2019-03-08,Norwich City,Swansea City,1,0
2019-03-09,Crystal Palace,Brighton,1,2
2019-03-09,Cardiff City,West Ham United,2,0
2019-03-09,Manchester City,Watford,3,1
2019-03-09,Newcastle United,Everton,3,2
2019-03-09,Southampton,Tottenham Hotspur,2,1
2019-03-09,Huddersfield Town,Bournemouth,0,2
2019-03-09,Blackburn Rovers,Preston North End,0,1
2019-03-09,Bolton Wanderers,Millwall,2,1
2019-03-09,Leicester City,Fulham,3,1
2019-03-09,Derby County,Sheffield Weds,1,1
2019-03-09,West Brom,Ipswich Town,1,1
2019-03-09,Sheffield United,Rotherham United,2,0
2019-03-09,Bristol City,Leeds United,0,1
2019-03-09,Reading,Wigan Athletic,3,2
2019-03-09,QPR,Stoke City,0,0
2019-03-09,Nottingham Forest,Hull City,3,0
2019-03-09,Middlesbrough,Brentford,1,2
2019-03-10,Liverpool,Burnley,4,2
2019-03-10,Chelsea,Wolves,1,1
2019-03-10,Arsenal,Manchester Utd,2,0
2019-03-10,Birmingham City,Aston Villa,0,1
2019-03-12,Sheffield United,Brentford,2,0
2019-03-12,Blackburn Rovers,Wigan Athletic,3,0
2019-03-12,Bolton Wanderers,Sheffield Weds,0,2
2019-03-12,Bristol City,Ipswich Town,1,1
2019-03-12,Reading,Leeds United,0,3
2019-03-13,Middlesbrough,Preston North End,1,2
2019-03-13,Derby County,Stoke City,0,0
2019-03-13,Birmingham City,Millwall,0,2
2019-03-13,QPR,Rotherham United,1,2
2019-03-13,Norwich City,Hull City,3,2
2019-03-13,Nottingham Forest,Aston Villa,1,3
2019-03-13,West Brom,Swansea City,3,0
2019-03-16,Preston North End,Birmingham City,1,0
2019-03-16,Rotherham United,Norwich City,1,2
2019-03-16,Sheffield Weds,Blackburn Rovers,4,2
2019-03-16,Stoke City,Reading,0,0
2019-03-16,Wigan Athletic,Bolton Wanderers,5,2
2019-03-16,Hull City,QPR,2,2
2019-03-16,Leeds United,Sheffield United,0,1
2019-03-16,Aston Villa,Middlesbrough,3,0
2019-03-16,Brentford,West Brom,0,1
2019-03-16,Ipswich Town,Nottingham Forest,1,1
2019-03-16,West Ham United,Huddersfield Town,4,3
2019-03-16,Burnley,Leicester City,1,2
2019-03-16,Bournemouth,Newcastle United,2,2
2019-03-16,Wolves,Manchester Utd,2,1
2019-03-16,Watford,Crystal Palace,2,1
2019-03-16,Swansea City,Manchester City,2,3
2019-03-17,Fulham,Liverpool,1,2
2019-03-17,Everton,Chelsea,2,0
2019-03-17,Millwall,Brighton,2,2
2019-03-29,West Brom,Birmingham City,3,2
2019-03-30,Sheffield United,Bristol City,2,3
2019-03-30,Derby County,Rotherham United,6,1
2019-03-30,Ipswich Town,Hull City,0,2
2019-03-30,Leeds United,Millwall,3,2
2019-03-30,Middlesbrough,Norwich City,0,1
2019-03-30,Reading,Preston North End,2,1
2019-03-30,Stoke City,Sheffield Weds,0,0
2019-03-30,Aston Villa,Blackburn Rovers,2,1
2019-03-30,West Ham United,Everton,0,2
2019-03-30,Brighton,Southampton,0,1
2019-03-30,Burnley,Wolves,2,0
2019-03-30,Crystal Palace,Huddersfield Town,2,0
2019-03-30,Fulham,Manchester City,0,2
2019-03-30,Leicester City,Bournemouth,2,0
2019-03-30,Manchester Utd,Watford,2,1
2019-03-30,Wigan Athletic,Brentford,0,0
2019-03-30,QPR,Bolton Wanderers,1,2
2019-03-30,Nottingham Forest,Swansea City,2,1
2019-03-31,Liverpool,Tottenham Hotspur,2,1
2019-03-31,Cardiff City,Chelsea,1,2
2019-04-01,Arsenal,Newcastle United,2,0
2019-04-02,Watford,Fulham,4,1
2019-04-02,Wolves,Manchester Utd,2,1
2019-04-02,Swansea City,Brentford,3,0
2019-04-02,Middlesbrough,Bristol City,0,1
2019-04-03,Tottenham Hotspur,Crystal Palace,2,0
2019-04-03,Chelsea,Brighton,3,0
2019-04-03,Manchester City,Cardiff City,2,0
2019-04-05,Southampton,Liverpool,1,3
2019-04-06,Swansea City,Middlesbrough,3,1
2019-04-06,Millwall,West Brom,2,0
2019-04-06,Norwich City,QPR,4,0
2019-04-06,Manchester City,Brighton,1,0
2019-04-06,Preston North End,Sheffield United,0,1
2019-04-06,Rotherham United,Nottingham Forest,2,1
2019-04-06,Sheffield Weds,Aston Villa,1,3
2019-04-06,Bournemouth,Burnley,1,3
2019-04-06,Huddersfield Town,Leicester City,1,4
2019-04-06,Bristol City,Wigan Athletic,2,2
2019-04-06,Hull City,Reading,3,1
2019-04-06,Brentford,Derby County,3,3
2019-04-06,Newcastle United,Crystal Palace,0,1
2019-04-06,Birmingham City,Leeds United,1,0
2019-04-06,Blackburn Rovers,Stoke City,0,1
2019-04-06,Bolton Wanderers,Ipswich Town,1,2
2019-04-07,Watford,Wolves,3,2
2019-04-07,Everton,Arsenal,1,0
2019-04-08,Chelsea,West Ham United,2,0
2019-04-09,Sheffield Weds,Nottingham Forest,3,0
2019-04-09,Swansea City,Stoke City,3,1
2019-04-09,Bolton Wanderers,Middlesbrough,0,2
2019-04-09,Bristol City,West Brom,3,2
2019-04-09,Preston North End,Leeds United,0,2
2019-04-09,Blackburn Rovers,Derby County,2,0
2019-04-10,Rotherham United,Aston Villa,1,2
2019-04-10,Norwich City,Reading,2,2
2019-04-10,Millwall,QPR,0,0
2019-04-10,Brentford,Ipswich Town,2,0
2019-04-10,Birmingham City,Sheffield United,1,1
2019-04-10,Hull City,Wigan Athletic,2,1
2019-04-12,Leicester City,Newcastle United,0,1
2019-04-13,Reading,Brentford,2,1
2019-04-13,Stoke City,Rotherham United,2,2
2019-04-13,Sheffield United,Millwall,1,1
2019-04-13,Tottenham Hotspur,Huddersfield Town,4,0
2019-04-13,Southampton,Wolves,3,1
2019-04-13,Manchester Utd,West Ham United,2,1
2019-04-13,Fulham,Everton,2,0
2019-04-13,Burnley,Cardiff City,2,0
2019-04-13,QPR,Swansea City,4,0
2019-04-13,Brighton,Bournemouth,0,5
2019-04-13,Derby County,Bolton Wanderers,4,0
2019-04-13,Ipswich Town,Birmingham City,1,1
2019-04-13,Leeds United,Sheffield Weds,1,0
2019-04-13,Middlesbrough,Hull City,1,0
2019-04-13,Nottingham Forest,Blackburn Rovers,1,2
2019-04-13,West Brom,Preston North End,4,1
2019-04-13,Aston Villa,Bristol City,2,1
2019-04-14,Liverpool,Chelsea,2,0
2019-04-14,Wigan Athletic,Norwich City,1,1
2019-04-14,Crystal Palace,Manchester City,1,3
2019-04-15,Watford,Arsenal,0,1
2019-04-16,Brighton,Cardiff City,0,2
2019-04-19,Swansea City,Rotherham United,4,3
2019-04-19,Sheffield United,Nottingham Forest,2,0
2019-04-19,QPR,Blackburn Rovers,1,2
2019-04-19,Preston North End,Ipswich Town,4,0
2019-04-19,Norwich City,Sheffield Weds,2,2
2019-04-19,Millwall,Brentford,1,1
2019-04-19,Middlesbrough,Stoke City,1,0
2019-04-19,Leeds United,Wigan Athletic,1,2
2019-04-19,Bristol City,Reading,1,1
2019-04-19,Bolton Wanderers,Aston Villa,0,2
2019-04-19,Birmingham City,Derby County,2,2
2019-04-19,West Brom,Hull City,3,2
2019-04-20,Newcastle United,Southampton,3,1
2019-04-20,West Ham United,Leicester City,2,2
2019-04-20,Wolves,Brighton,0,0
2019-04-20,Manchester City,Tottenham Hotspur,1,0
2019-04-20,Huddersfield Town,Watford,1,2
2019-04-20,Bournemouth,Fulham,0,1
2019-04-21,Arsenal,Crystal Palace,2,3
2019-04-21,Cardiff City,Liverpool,0,2
2019-04-21,Everton,Manchester Utd,4,0
2019-04-22,Aston Villa,Millwall,1,0
2019-04-22,Blackburn Rovers,Bolton Wanderers,2,0
2019-04-22,Brentford,Leeds United,2,0
2019-04-22,Derby County,QPR,2,0
2019-04-22,Hull City,Sheffield United,0,3
2019-04-22,Ipswich Town,Swansea City,0,1
2019-04-22,Nottingham Forest,Middlesbrough,3,0
2019-04-22,Rotherham United,Birmingham City,1,3
2019-04-22,Reading,West Brom,0,0
2019-04-22,Stoke City,Norwich City,2,2
2019-04-22,Wigan Athletic,Preston North End,2,0
2019-04-22,Sheffield Weds,Bristol City,2,0
2019-04-22,Chelsea,Burnley,2,2
2019-04-23,Tottenham Hotspur,Brighton,1,0
2019-04-23,Watford,Southampton,1,1
2019-04-24,Wolves,Arsenal,3,1
2019-04-24,Manchester Utd,Manchester City,0,2
2019-04-26,Liverpool,Huddersfield Town,5,0
2019-04-27,Swansea City,Hull City,2,2
2019-04-27,Sheffield United,Ipswich Town,2,0
2019-04-27,QPR,Nottingham Forest,0,1
2019-04-27,Preston North End,Sheffield Weds,3,3
2019-04-27,West Brom,Rotherham United,2,1
2019-04-27,Millwall,Stoke City,0,0
2019-04-27,Bolton Wanderers,Brentford,0,1
2019-04-27,Birmingham City,Wigan Athletic,1,1
2019-04-27,Norwich City,Blackburn Rovers,2,1
2019-04-27,Bristol City,Derby County,0,2
2019-04-27,Middlesbrough,Reading,2,1
2019-04-27,Brighton,Newcastle United,1,1
2019-04-27,Crystal Palace,Everton,0,0
2019-04-27,Fulham,Cardiff City,1,0
2019-04-27,Watford,Wolves,1,2
2019-04-27,Tottenham Hotspur,West Ham United,0,1
2019-04-27,Southampton,Bournemouth,3,3
2019-04-28,Manchester Utd,Chelsea,1,1
2019-04-28,Leicester City,Arsenal,3,0
2019-04-28,Burnley,Manchester City,0,1
2019-04-28,Leeds United,Aston Villa,1,1
2019-04-30,Millwall,Bristol City,1,2
2019-05-01,Swansea City,Derby County,1,1
2019-05-03,Everton,Burnley,2,0
2019-05-04,West Ham United,Southampton,3,0
2019-05-04,Wolves,Fulham,1,0
2019-05-04,Bournemouth,Tottenham Hotspur,1,0
2019-05-04,Cardiff City,Crystal Palace,2,3
2019-05-04,Newcastle United,Liverpool,2,3
2019-05-05,Aston Villa,Norwich City,1,2
2019-05-05,Blackburn Rovers,Swansea City,2,2
2019-05-05,Brentford,Preston North End,3,0
2019-05-05,Derby County,West Brom,3,1
2019-05-05,Hull City,Bristol City,1,1
2019-05-05,Ipswich Town,Leeds United,3,2
2019-05-05,Nottingham Forest,Bolton Wanderers,1,0
2019-05-05,Huddersfield Town,Manchester Utd,1,1
2019-05-05,Reading,Birmingham City,0,0
2019-05-05,Rotherham United,Middlesbrough,1,2
2019-05-05,Chelsea,Watford,3,0
2019-05-05,Arsenal,Brighton,1,1
2019-05-05,Sheffield Weds,QPR,1,2
2019-05-05,Wigan Athletic,Millwall,1,0
2019-05-05,Stoke City,Sheffield United,2,2
2019-05-06,Manchester City,Leicester City,1,0
2019-05-11,Aston Villa,West Brom,2,1
2019-05-11,Derby County,Leeds United,0,1
2019-05-12,Southampton,Huddersfield Town,1,1
2019-05-12,Manchester Utd,Cardiff City,0,2
2019-05-12,Brighton,Manchester City,1,4
2019-05-12,Burnley,Arsenal,1,3
2019-05-12,Crystal Palace,Bournemouth,5,3
2019-05-12,Fulham,Newcastle United,0,4
2019-05-12,Leicester City,Chelsea,0,0
2019-05-12,Watford,West Ham United,1,4
2019-05-12,Liverpool,Wolves,2,0
2019-05-12,Tottenham Hotspur,Everton,2,2
2019-05-14,West Brom,Aston Villa,1,0
2019-05-15,Leeds United,Derby County,2,4
2019-05-18,Manchester City,Watford,6,0
2019-05-27,Aston Villa,Derby County,2,1
2019-08-02,Luton Town,Middlesbrough,3,3
2019-08-03,Barnsley,Fulham,1,0
2019-08-03,Blackburn Rovers,Charlton Athletic,1,2
2019-08-03,Brentford,Birmingham City,0,1
2019-08-03,Millwall,Preston North End,1,0
2019-08-03,Nottingham Forest,West Brom,1,2
2019-08-03,Reading,Sheffield Weds,1,3
2019-08-03,Stoke City,QPR,1,2
2019-08-03,Swansea City,Hull City,2,1
2019-08-03,Wigan Athletic,Cardiff City,3,2
2019-08-04,Bristol City,Leeds United,1,3
2019-08-05,Huddersfield Town,Derby County,1,2
2019-08-06,Portsmouth,Birmingham City,3,0
2019-08-09,Liverpool,Norwich City,4,1
2019-08-10,Fulham,Blackburn Rovers,2,0
2019-08-10,Bournemouth,Sheffield United,1,1
2019-08-10,Burnley,Southampton,3,0
2019-08-10,Crystal Palace,Everton,0,0
2019-08-10,Tottenham Hotspur,Aston Villa,3,1
2019-08-10,Watford,Brighton,0,3
2019-08-10,West Ham United,Manchester City,0,5
2019-08-10,Derby County,Swansea City,0,0
2019-08-10,West Brom,Millwall,1,1
2019-08-10,QPR,Huddersfield Town,1,1
2019-08-10,Middlesbrough,Brentford,0,1
2019-08-10,Leeds United,Nottingham Forest,1,1
2019-08-10,Hull City,Reading,2,1
2019-08-10,Birmingham City,Bristol City,1,1
2019-08-10,Cardiff City,Luton Town,2,1
2019-08-10,Sheffield Weds,Barnsley,2,0
2019-08-10,Charlton Athletic,Stoke City,3,1
2019-08-10,Preston North End,Wigan Athletic,3,0
2019-08-11,Manchester Utd,Chelsea,4,0
2019-08-11,Leicester City,Wolves,0,0
2019-08-11,Newcastle United,Arsenal,0,1
2019-08-13,QPR,Bristol City,3,3
2019-08-13,Wycombe Wanderers,Reading,1,1
2019-08-13,Wigan Athletic,Stoke City,0,1
2019-08-13,West Brom,Millwall,1,2
2019-08-13,Walsall,Crawley Town,2,3
2019-08-13,Mansfield Town,Morecambe,2,2
2019-08-13,Luton Town,Ipswich Town,3,1
2019-08-13,Tranmere Rovers,Hull City,0,3
2019-08-13,Swansea City,Northampton Town,3,1
2019-08-13,Stevenage,Southend United,1,2
2019-08-13,Shrewsbury Town,Rotherham United,0,4
2019-08-13,Scunthorpe United,Derby County,0,1
2019-08-13,Salford City FC,Leeds United,0,3
2019-08-13,Port Vale,Burton Albion,1,2
2019-08-13,Plymouth Argyle,Leyton Orient,2,0
2019-08-13,Rochdale,Bolton Wanderers,5,2
2019-08-13,Nottingham Forest,Fleetwood Town,1,0
2019-08-13,Oxford United,Peterborough United,1,0
2019-08-13,Blackpool,Macclesfield Town,2,2
2019-08-13,Accrington Stanley,Sunderland,1,3
2019-08-13,Barnsley,Carlisle United,0,3
2019-08-13,Blackburn Rovers,Oldham Athletic,3,2
2019-08-13,Middlesbrough,Crewe Alexandra,2,2
2019-08-13,Brentford,Cambridge United,1,1
2019-08-13,Bradford City,Preston North End,0,4
2019-08-13,Charlton Athletic,Forest Green Rovers,0,0
2019-08-13,Colchester United,Swindon Town,3,0
2019-08-13,Coventry City,Exeter City,4,1
2019-08-13,Gillingham,Newport County,2,2
2019-08-13,Grimsby Town,Doncaster Rovers,1,0
2019-08-13,Huddersfield Town,Lincoln City,0,1
2019-08-13,Bristol Rovers,Cheltenham Town,3,0
2019-08-13,AFC Wimbledon,Milton Keynes Dons,2,2
2019-08-16,Huddersfield Town,Fulham,1,2
2019-08-17,Nottingham Forest,Birmingham City,3,0
2019-08-17,Stoke City,Derby County,2,2
2019-08-17,Manchester City,Tottenham Hotspur,2,2
2019-08-17,Southampton,Liverpool,1,2
2019-08-17,Norwich City,Newcastle United,3,1
2019-08-17,Millwall,Sheffield Weds,1,0
2019-08-17,Everton,Watford,1,0
2019-08-17,Brighton,West Ham United,1,1
2019-08-17,Aston Villa,Bournemouth,1,2
2019-08-17,Arsenal,Burnley,2,1
2019-08-17,Wigan Athletic,Leeds United,0,2
2019-08-17,Luton Town,West Brom,1,2
2019-08-17,Swansea City,Preston North End,3,2
2019-08-17,Brentford,Hull City,1,1
2019-08-17,Blackburn Rovers,Middlesbrough,1,0
2019-08-17,Barnsley,Charlton Athletic,2,2
2019-08-17,Bristol City,QPR,2,0
2019-08-18,Chelsea,Leicester City,1,1
2019-08-18,Sheffield United,Crystal Palace,1,0
2019-08-18,Reading,Cardiff City,3,0
2019-08-19,Wolves,Manchester Utd,1,1
2019-08-20,Birmingham City,Barnsley,2,0
2019-08-20,Derby County,Bristol City,1,2
2019-08-20,Hull City,Blackburn Rovers,0,1
2019-08-20,Middlesbrough,Wigan Athletic,1,0
2019-08-20,Sheffield Weds,Luton Town,1,0
2019-08-21,West Brom,Reading,1,1
2019-08-21,QPR,Swansea City,1,3
2019-08-21,Preston North End,Stoke City,3,1
2019-08-21,Charlton Athletic,Nottingham Forest,1,1
2019-08-21,Fulham,Millwall,4,0
2019-08-21,Leeds United,Brentford,1,0
2019-08-21,Cardiff City,Huddersfield Town,2,1
2019-08-23,Aston Villa,Everton,2,0
2019-08-24,Charlton Athletic,Brentford,1,0
2019-08-24,Blackburn Rovers,Cardiff City,0,0
2019-08-24,Brighton,Southampton,0,2
2019-08-24,Liverpool,Arsenal,3,1
2019-08-24,Manchester Utd,Crystal Palace,1,2
2019-08-24,Norwich City,Chelsea,2,3
2019-08-24,Sheffield United,Leicester City,1,2
2019-08-24,Watford,West Ham United,1,3
2019-08-24,Stoke City,Leeds United,0,3
2019-08-24,QPR,Wigan Athletic,3,1
2019-08-24,Preston North End,Sheffield Weds,2,1
2019-08-24,Middlesbrough,Millwall,1,1
2019-08-24,Hull City,Bristol City,1,3
2019-08-24,Huddersfield Town,Reading,0,2
2019-08-24,Fulham,Nottingham Forest,1,2
2019-08-24,Barnsley,Luton Town,1,3
2019-08-24,Derby County,West Brom,1,1
2019-08-25,Swansea City,Birmingham City,3,0
2019-08-25,Bournemouth,Manchester City,1,3
2019-08-25,Tottenham Hotspur,Newcastle United,0,1
2019-08-25,Wolves,Burnley,1,1
2019-08-27,Burton Albion,Morecambe,4,0
2019-08-27,Watford,Coventry City,3,0
2019-08-27,Southend United,Milton Keynes Dons,1,4
2019-08-27,Sheffield United,Blackburn Rovers,2,1
2019-08-27,Rochdale,Carlisle United,2,1
2019-08-27,Preston North End,Hull City,2,2
2019-08-27,Plymouth Argyle,Reading,2,4
2019-08-27,Oxford United,Millwall,2,2
2019-08-27,Nottingham Forest,Derby County,3,0
2019-08-27,Leeds United,Stoke City,2,2
2019-08-27,Fulham,Southampton,0,1
2019-08-27,Crystal Palace,Colchester United,0,0
2019-08-27,Bristol Rovers,Brighton,1,2
2019-08-27,Crawley Town,Norwich City,1,0
2019-08-27,Cardiff City,Luton Town,0,3
2019-08-27,Newport County,West Ham United,0,2
2019-08-27,Crewe Alexandra,Aston Villa,1,6
2019-08-28,Rotherham United,Sheffield Weds,0,1
2019-08-28,Bournemouth,Forest Green Rovers,0,0
2019-08-28,Burnley,Sunderland,1,3
2019-08-28,Lincoln City,Everton,2,4
2019-08-28,Newcastle United,Leicester City,1,1
2019-08-28,QPR,Portsmouth,0,2
2019-08-28,Swansea City,Cambridge United,6,0
2019-08-30,Cardiff City,Fulham,1,1
2019-08-31,Birmingham City,Stoke City,2,1
2019-08-31,West Ham United,Norwich City,2,0
2019-08-31,Newcastle United,Watford,1,1
2019-08-31,Manchester City,Brighton,4,0
2019-08-31,Leicester City,Bournemouth,3,1
2019-08-31,Crystal Palace,Aston Villa,1,0
2019-08-31,Chelsea,Sheffield United,2,2
2019-08-31,Burnley,Liverpool,0,3
2019-08-31,Southampton,Manchester Utd,1,1
2019-08-31,Bristol City,Middlesbrough,2,2
2019-08-31,Leeds United,Swansea City,0,1
2019-08-31,Luton Town,Huddersfield Town,2,1
2019-08-31,Millwall,Hull City,1,1
2019-08-31,Nottingham Forest,Preston North End,1,1
2019-08-31,Sheffield Weds,QPR,1,2
2019-08-31,Reading,Charlton Athletic,0,2
2019-08-31,West Brom,Blackburn Rovers,3,2
2019-08-31,Wigan Athletic,Barnsley,0,0
2019-08-31,Brentford,Derby County,3,0
2019-09-01,Arsenal,Tottenham Hotspur,2,2
2019-09-01,Everton,Wolves,3,2
2019-09-10,Grimsby Town,Macclesfield Town,0,0
2019-09-13,Derby County,Cardiff City,1,1
2019-09-14,Sheffield United,Southampton,0,1
2019-09-14,QPR,Luton Town,3,2
2019-09-14,Wolves,Chelsea,2,5
2019-09-14,Tottenham Hotspur,Crystal Palace,4,0
2019-09-14,Middlesbrough,Reading,1,0
2019-09-14,Norwich City,Manchester City,3,2
2019-09-14,Fulham,West Brom,1,1
2019-09-14,Liverpool,Newcastle United,3,1
2019-09-14,Brighton,Burnley,1,1
2019-09-14,Hull City,Wigan Athletic,2,2
2019-09-14,Stoke City,Bristol City,1,2
2019-09-14,Blackburn Rovers,Millwall,2,0
2019-09-14,Charlton Athletic,Birmingham City,0,1
2019-09-14,Manchester Utd,Leicester City,1,0
2019-09-14,Swansea City,Nottingham Forest,0,1
2019-09-14,Preston North End,Brentford,2,0
2019-09-15,Huddersfield Town,Sheffield Weds,0,2
2019-09-15,Barnsley,Leeds United,0,2
2019-09-15,Bournemouth,Everton,3,1
2019-09-15,Watford,Arsenal,2,2
2019-09-16,Aston Villa,West Ham United,0,0
2019-09-20,Southampton,Bournemouth,1,3
2019-09-21,Luton Town,Hull City,0,3
2019-09-21,Leeds United,Derby County,1,1
2019-09-21,Cardiff City,Middlesbrough,1,0
2019-09-21,Burnley,Norwich City,2,0
2019-09-21,Everton,Sheffield United,0,2
2019-09-21,Leicester City,Tottenham Hotspur,2,1
2019-09-21,Manchester City,Watford,8,0
2019-09-21,Newcastle United,Brighton,0,0
2019-09-21,Reading,Blackburn Rovers,1,2
2019-09-21,Sheffield Weds,Fulham,1,1
2019-09-21,Wigan Athletic,Charlton Athletic,2,0
2019-09-21,Bristol City,Swansea City,0,0
2019-09-21,Brentford,Stoke City,0,0
2019-09-21,Birmingham City,Preston North End,0,1
2019-09-21,Millwall,QPR,1,2
2019-09-21,Nottingham Forest,Barnsley,1,0
2019-09-22,West Brom,Huddersfield Town,4,2
2019-09-22,Chelsea,Liverpool,1,2
2019-09-22,Crystal Palace,Wolves,1,1
2019-09-22,West Ham United,Manchester Utd,2,0
2019-09-22,Arsenal,Aston Villa,3,2
2019-09-24,Arsenal,Nottingham Forest,5,0
2019-09-24,Colchester United,Tottenham Hotspur,0,0
2019-09-24,Crawley Town,Stoke City,1,1
2019-09-24,Luton Town,Leicester City,0,4
2019-09-24,Portsmouth,Southampton,0,4
2019-09-24,Preston North End,Manchester City,0,3
2019-09-24,Sheffield Weds,Everton,0,2
2019-09-24,Watford,Swansea City,2,1
2019-09-25,Wolves,Reading,1,1
2019-09-25,Sheffield United,Sunderland,0,1
2019-09-25,Oxford United,West Ham United,4,0
2019-09-25,Chelsea,Grimsby Town,7,1
2019-09-25,Manchester Utd,Rochdale,1,1
2019-09-25,Burton Albion,Bournemouth,2,0
2019-09-25,Brighton,Aston Villa,1,3
2019-09-25,Milton Keynes Dons,Liverpool,0,2
2019-09-27,Fulham,Wigan Athletic,2,0
2019-09-27,Stoke City,Nottingham Forest,2,3
2019-09-28,Blackburn Rovers,Luton Town,1,2
2019-09-28,Charlton Athletic,Leeds United,1,0
2019-09-28,Derby County,Birmingham City,3,2
2019-09-28,Huddersfield Town,Millwall,1,1
2019-09-28,Hull City,Cardiff City,2,2
2019-09-28,Swansea City,Reading,1,1
2019-09-28,Preston North End,Bristol City,3,3
2019-09-28,Chelsea,Brighton,2,0
2019-09-28,Crystal Palace,Norwich City,2,0
2019-09-28,Everton,Manchester City,1,3
2019-09-28,Sheffield United,Liverpool,0,1
2019-09-28,Tottenham Hotspur,Southampton,2,1
2019-09-28,Wolves,Watford,2,0
2019-09-28,Aston Villa,Burnley,2,2
2019-09-28,Bournemouth,West Ham United,2,2
2019-09-28,QPR,West Brom,0,2
2019-09-28,Middlesbrough,Sheffield Weds,1,4
2019-09-29,Barnsley,Brentford,1,3
2019-09-29,Leicester City,Newcastle United,5,0
2019-09-30,Manchester Utd,Arsenal,1,1
2019-10-01,Blackburn Rovers,Nottingham Forest,1,1
2019-10-01,Wigan Athletic,Birmingham City,1,0
2019-10-01,Stoke City,Huddersfield Town,0,1
2019-10-01,Reading,Fulham,1,4
2019-10-01,Hull City,Sheffield Weds,1,0
2019-10-01,Middlesbrough,Preston North End,1,1
2019-10-01,Leeds United,West Brom,1,0
2019-10-02,Luton Town,Millwall,1,1
2019-10-02,Charlton Athletic,Swansea City,1,2
2019-10-02,Cardiff City,QPR,3,0
2019-10-02,Brentford,Bristol City,1,1
2019-10-02,Barnsley,Derby County,2,2
2019-10-04,Birmingham City,Middlesbrough,2,1
2019-10-05,Brighton,Tottenham Hotspur,3,0
2019-10-05,Burnley,Everton,1,0
2019-10-05,Liverpool,Leicester City,2,1
2019-10-05,Norwich City,Aston Villa,1,5
2019-10-05,Watford,Sheffield United,0,0
2019-10-05,West Ham United,Crystal Palace,1,2
2019-10-05,Fulham,Charlton Athletic,2,2
2019-10-05,Bristol City,Reading,1,0
2019-10-05,Huddersfield Town,Hull City,3,0
2019-10-05,Millwall,Leeds United,2,1
2019-10-05,Nottingham Forest,Brentford,1,0
2019-10-05,Preston North End,Barnsley,5,1
2019-10-05,QPR,Blackburn Rovers,4,2
2019-10-05,Derby County,Luton Town,2,0
2019-10-05,Swansea City,Stoke City,1,2
2019-10-05,West Brom,Cardiff City,4,2
2019-10-05,Sheffield Weds,Wigan Athletic,1,0
2019-10-06,Arsenal,Bournemouth,1,0
2019-10-06,Southampton,Chelsea,1,4
2019-10-06,Newcastle United,Manchester Utd,1,0
2019-10-06,Manchester City,Wolves,0,2
2019-10-18,Cardiff City,Sheffield Weds,1,1
2019-10-19,Leicester City,Burnley,2,1
2019-10-19,Stoke City,Fulham,2,0
2019-10-19,Everton,West Ham United,2,0
2019-10-19,Chelsea,Newcastle United,1,0
2019-10-19,Bournemouth,Norwich City,0,0
2019-10-19,Aston Villa,Brighton,2,1
2019-10-19,Blackburn Rovers,Huddersfield Town,2,2
2019-10-19,Wolves,Southampton,1,1
2019-10-19,Reading,Preston North End,1,0
2019-10-19,Middlesbrough,West Brom,0,1
2019-10-19,Luton Town,Bristol City,3,0
2019-10-19,Leeds United,Birmingham City,1,0
2019-10-19,Hull City,QPR,2,3
2019-10-19,Charlton Athletic,Derby County,3,0
2019-10-19,Barnsley,Swansea City,1,1
2019-10-19,Brentford,Millwall,3,2
2019-10-19,Tottenham Hotspur,Watford,1,1
2019-10-19,Crystal Palace,Manchester City,0,2
2019-10-20,Wigan Athletic,Nottingham Forest,1,0
2019-10-20,Manchester Utd,Liverpool,1,1
2019-10-21,Sheffield United,Arsenal,1,0
2019-10-22,Millwall,Cardiff City,2,2
2019-10-22,Preston North End,Leeds United,1,1
2019-10-22,QPR,Reading,2,2
2019-10-22,Birmingham City,Blackburn Rovers,1,0
2019-10-22,West Brom,Barnsley,2,2
2019-10-22,Swansea City,Brentford,0,3
2019-10-22,Sheffield Weds,Stoke City,1,0
2019-10-23,Fulham,Luton Town,3,2
2019-10-23,Huddersfield Town,Middlesbrough,0,0
2019-10-23,Nottingham Forest,Hull City,1,2
2019-10-23,Derby County,Wigan Athletic,1,0
2019-10-23,Bristol City,Charlton Athletic,2,1
2019-10-25,Southampton,Leicester City,0,9
2019-10-26,Manchester City,Aston Villa,3,0
2019-10-26,Burnley,Chelsea,2,4
2019-10-26,Brighton,Everton,3,2
2019-10-26,Millwall,Stoke City,2,0
2019-10-26,Middlesbrough,Fulham,0,0
2019-10-26,Hull City,Derby County,2,0
2019-10-26,Huddersfield Town,Barnsley,2,1
2019-10-26,Birmingham City,Luton Town,2,1
2019-10-26,Preston North End,Blackburn Rovers,3,2
2019-10-26,Sheffield Weds,Leeds United,0,0
2019-10-26,West Brom,Charlton Athletic,2,2
2019-10-26,Watford,Bournemouth,0,0
2019-10-26,West Ham United,Sheffield United,1,1
2019-10-27,Norwich City,Manchester Utd,1,3
2019-10-27,Liverpool,Tottenham Hotspur,2,1
2019-10-27,Arsenal,Crystal Palace,2,2
2019-10-27,Bristol City,Wigan Athletic,2,2
2019-10-27,Swansea City,Cardiff City,1,0
2019-10-27,Newcastle United,Wolves,1,1
2019-10-28,QPR,Brentford,1,3
2019-10-29,Burton Albion,Leicester City,1,3
2019-10-29,Crawley Town,Colchester United,1,3
2019-10-29,Everton,Watford,2,0
2019-10-29,Manchester City,Southampton,3,1
2019-10-29,Oxford United,Sunderland,1,1
2019-10-30,Aston Villa,Wolves,2,1
2019-10-30,Chelsea,Manchester Utd,1,2
2019-10-30,Liverpool,Arsenal,5,5
2019-11-01,Barnsley,Bristol City,2,2
2019-11-02,West Ham United,Newcastle United,2,3
2019-11-02,Brentford,Huddersfield Town,0,1
2019-11-02,Blackburn Rovers,Sheffield Weds,2,1
2019-11-02,Arsenal,Wolves,1,1
2019-11-02,Aston Villa,Liverpool,1,2
2019-11-02,Brighton,Norwich City,2,0
2019-11-02,Bournemouth,Manchester Utd,1,0
2019-11-02,Wigan Athletic,Swansea City,1,2
2019-11-02,Reading,Millwall,2,1
2019-11-02,Luton Town,Nottingham Forest,1,2
2019-11-02,Leeds United,QPR,2,0
2019-11-02,Fulham,Hull City,0,3
2019-11-02,Derby County,Middlesbrough,2,0
2019-11-02,Cardiff City,Birmingham City,4,2
2019-11-02,Manchester City,Southampton,2,1
2019-11-02,Watford,Chelsea,1,2
2019-11-02,Sheffield United,Burnley,3,0
2019-11-03,Crystal Palace,Leicester City,0,2
2019-11-03,Charlton Athletic,Preston North End,0,1
2019-11-03,Everton,Tottenham Hotspur,1,1
2019-11-04,Stoke City,West Brom,0,2
2019-11-08,Norwich City,Watford,0,2
2019-11-08,Dulwich Hamlet FC,Carlisle United,1,4
2019-11-09,Stevenage,Peterborough United,1,1
2019-11-09,Southampton,Everton,1,2
2019-11-09,Newcastle United,Bournemouth,2,1
2019-11-09,Leicester City,Arsenal,2,0
2019-11-09,Chelsea,Crystal Palace,2,0
2019-11-09,Burnley,West Ham United,3,0
2019-11-09,Shrewsbury Town,Bradford City,1,1
2019-11-09,Reading,Luton Town,3,0
2019-11-09,QPR,Middlesbrough,2,2
2019-11-09,Tottenham Hotspur,Sheffield United,1,1
2019-11-09,Preston North End,Huddersfield Town,3,1
2019-11-09,Millwall,Charlton Athletic,2,1
2019-11-09,Leeds United,Blackburn Rovers,2,1
2019-11-09,Hull City,West Brom,0,1
2019-11-09,Birmingham City,Fulham,0,1
2019-11-09,Barnsley,Stoke City,2,4
2019-11-09,Stourbridge FC,Eastleigh,2,2
2019-11-09,Salford City FC,Burton Albion,1,1
2019-11-09,Walsall,Darlington,2,2
2019-11-09,Nottingham Forest,Derby County,1,0
2019-11-09,Sheffield Weds,Swansea City,2,2
2019-11-09,Wigan Athletic,Brentford,0,3
2019-11-09,Ebbsfleet United,Notts County,2,3
2019-11-09,AFC Wimbledon,Doncaster Rovers,1,1
2019-11-09,Accrington Stanley,Crewe Alexandra,0,2
2019-11-09,Blackpool,Morecambe,4,1
2019-11-09,Bolton Wanderers,Plymouth Argyle,0,1
2019-11-09,Cambridge United,Exeter City,1,1
2019-11-09,Carshalton Athletic FC,Boston United,1,4
2019-11-09,Cheltenham Town,Swindon Town,1,1
2019-11-09,Colchester United,Coventry City,0,2
2019-11-09,Crawley Town,Scunthorpe United,4,1
2019-11-09,Sunderland,Gillingham,1,1
2019-11-09,Forest Green Rovers,Billericay Town FC,4,0
2019-11-09,Grimsby Town,Newport County,1,1
2019-11-09,Ipswich Town,Lincoln City,1,1
2019-11-09,Maidenhead United,Rotherham United,1,3
2019-11-09,Maidstone Utd,Torquay,1,0
2019-11-09,Mansfield Town,Chorley FC,1,0
2019-11-09,Milton Keynes Dons,Port Vale,0,1
2019-11-09,Nantwich Town FC,Fylde,0,1
2019-11-09,Oxford City FC,Solihull Moors,1,5
2019-11-09,Tranmere Rovers,Wycombe Wanderers,2,2
2019-11-10,Cardiff City,Bristol City,0,1
2019-11-10,Barnet,Fleetwood Town,0,2
2019-11-10,Chippenham Town FC,Northampton Town,0,3
2019-11-10,Dover Athletic,Southend United,1,0
2019-11-10,Gateshead,Oldham Athletic,1,2
2019-11-10,Hayes&Yeading,Oxford United,0,2
2019-11-10,Leyton Orient,Maldon & Tiptree FC,1,2
2019-11-10,Macclesfield Town,Kingstonian FC,0,4
2019-11-10,Wrexham,Rochdale,0,0
2019-11-10,York City,Altrincham,0,1
2019-11-10,Liverpool,Manchester City,3,1
2019-11-10,Manchester Utd,Brighton,3,1
2019-11-10,Wolves,Aston Villa,2,1
2019-11-10,Bristol Rovers,Bromley,1,1
2019-11-11,Harrogate Town FC,Portsmouth,1,2
2019-11-12,Yeovil Town,Hartlepool United,1,4
2019-11-19,Burton Albion,Salford City FC,4,1
2019-11-19,Bromley,Bristol Rovers,0,1
2019-11-19,Doncaster Rovers,AFC Wimbledon,2,0
2019-11-19,Eastleigh,Stourbridge FC,3,0
2019-11-19,Exeter City,Cambridge United,1,0
2019-11-19,Gillingham,Sunderland,1,0
2019-11-19,Peterborough United,Stevenage,2,0
2019-11-19,Bradford City,Shrewsbury Town,0,1
2019-11-19,Swindon Town,Cheltenham Town,0,1
2019-11-19,Rochdale,Wrexham,1,0
2019-11-20,Wycombe Wanderers,Tranmere Rovers,1,2
2019-11-20,Lincoln City,Ipswich Town,0,1
2019-11-20,Darlington,Walsall,0,1
2019-11-20,Newport County,Grimsby Town,2,0
2019-11-22,Fulham,QPR,2,1
2019-11-23,Watford,Burnley,0,3
2019-11-23,Manchester City,Chelsea,2,1
2019-11-23,Everton,Norwich City,0,2
2019-11-23,Crystal Palace,Liverpool,1,2
2019-11-23,Brighton,Leicester City,0,2
2019-11-23,Bournemouth,Wolves,1,2
2019-11-23,Arsenal,Southampton,2,2
2019-11-23,West Ham United,Tottenham Hotspur,2,3
2019-11-23,Huddersfield Town,Birmingham City,1,1
2019-11-23,Blackburn Rovers,Barnsley,3,2
2019-11-23,West Brom,Sheffield Weds,2,1
2019-11-23,Swansea City,Millwall,0,1
2019-11-23,Stoke City,Wigan Athletic,2,1
2019-11-23,Luton Town,Leeds United,1,2
2019-11-23,Derby County,Preston North End,1,0
2019-11-23,Charlton Athletic,Cardiff City,2,2
2019-11-23,Brentford,Reading,1,0
2019-11-23,Bristol City,Nottingham Forest,0,0
2019-11-24,Middlesbrough,Hull City,2,2
2019-11-24,Sheffield United,Manchester Utd,3,3
2019-11-25,Aston Villa,Newcastle United,2,0
2019-11-26,Reading,Leeds United,0,1
2019-11-26,Millwall,Wigan Athletic,2,2
2019-11-26,Luton Town,Charlton Athletic,2,1
2019-11-26,Huddersfield Town,Swansea City,1,1
2019-11-26,Fulham,Derby County,3,0
2019-11-26,Cardiff City,Stoke City,1,0
2019-11-27,Hull City,Preston North End,4,0
2019-11-27,Middlesbrough,Barnsley,1,0
2019-11-27,QPR,Nottingham Forest,0,4
2019-11-27,Sheffield Weds,Birmingham City,1,1
2019-11-27,West Brom,Bristol City,4,1
2019-11-27,Blackburn Rovers,Brentford,1,0
2019-11-29,Swansea City,Fulham,1,2
2019-11-29,Maldon & Tiptree FC,Newport County,0,1
2019-11-30,Tottenham Hotspur,Bournemouth,3,2
2019-11-30,Liverpool,Brighton,2,1
2019-11-30,Chelsea,West Ham United,0,1
2019-11-30,Burnley,Crystal Palace,0,2
2019-11-30,Barnsley,Hull City,3,1
2019-11-30,Walsall,Oxford United,0,1
2019-11-30,Shrewsbury Town,Mansfield Town,2,0
2019-11-30,Portsmouth,Altrincham,2,1
2019-11-30,Oldham Athletic,Burton Albion,0,1
2019-11-30,Kingstonian FC,Fylde,0,2
2019-11-30,Forest Green Rovers,Carlisle United,2,2
2019-11-30,Eastleigh,Crewe Alexandra,1,1
2019-11-30,Cheltenham Town,Port Vale,1,3
2019-11-30,Southampton,Watford,2,1
2019-11-30,Newcastle United,Manchester City,2,2
2019-11-30,Birmingham City,Millwall,1,1
2019-11-30,Stoke City,Blackburn Rovers,1,2
2019-11-30,Brentford,Luton Town,7,0
2019-11-30,Bristol City,Huddersfield Town,5,2
2019-11-30,Charlton Athletic,Sheffield Weds,1,3
2019-11-30,Derby County,QPR,1,1
2019-11-30,Leeds United,Middlesbrough,4,0
2019-11-30,Nottingham Forest,Cardiff City,0,1
2019-11-30,Wigan Athletic,Reading,1,3
2019-12-01,Gillingham,Doncaster Rovers,3,0
2019-12-01,Northampton Town,Notts County,3,1
2019-12-01,Peterborough United,Dover Athletic,3,0
2019-12-01,Rochdale,Boston United,0,0
2019-12-01,Tranmere Rovers,Chichester City FC,5,1
2019-12-01,Bristol Rovers,Plymouth Argyle,1,1
2019-12-01,Blackpool,Maidstone Utd,3,1
2019-12-01,Coventry City,Ipswich Town,1,1
2019-12-01,Exeter City,Hartlepool United,2,2
2019-12-01,Leicester City,Everton,2,1
2019-12-01,Manchester Utd,Aston Villa,2,2
2019-12-01,Norwich City,Arsenal,2,2
2019-12-01,Wolves,Sheffield United,1,1
2019-12-01,Crawley Town,Fleetwood Town,1,2
2019-12-02,Solihull Moors,Rotherham United,3,4
2019-12-02,Preston North End,West Brom,0,1
2019-12-03,Burnley,Manchester City,1,4
2019-12-03,Crystal Palace,Bournemouth,1,0
2019-12-04,Liverpool,Everton,5,2
2019-12-04,Leicester City,Watford,2,0
2019-12-04,Manchester Utd,Tottenham Hotspur,2,1
2019-12-04,Southampton,Norwich City,2,1
2019-12-04,Wolves,West Ham United,2,0
2019-12-04,Chelsea,Aston Villa,2,1
2019-12-05,Sheffield United,Newcastle United,0,2
2019-12-05,Arsenal,Brighton,1,2
2019-12-06,Millwall,Nottingham Forest,2,2
2019-12-07,Watford,Crystal Palace,0,0
2019-12-07,Tottenham Hotspur,Burnley,5,0
2019-12-07,Manchester City,Manchester Utd,1,2
2019-12-07,Everton,Chelsea,3,1
2019-12-07,Bournemouth,Liverpool,0,3
2019-12-07,Sheffield Weds,Brentford,2,1
2019-12-07,QPR,Preston North End,2,0
2019-12-07,Blackburn Rovers,Derby County,1,0
2019-12-07,Fulham,Bristol City,1,2
2019-12-07,Huddersfield Town,Leeds United,0,2
2019-12-07,Hull City,Stoke City,2,1
2019-12-07,Luton Town,Wigan Athletic,2,1
2019-12-07,Middlesbrough,Charlton Athletic,1,0
2019-12-07,Reading,Birmingham City,2,3
2019-12-07,Cardiff City,Barnsley,3,2
2019-12-08,West Brom,Swansea City,5,1
2019-12-08,Norwich City,Sheffield United,1,2
2019-12-08,Aston Villa,Leicester City,1,4
2019-12-08,Brighton,Wolves,2,2
2019-12-08,Newcastle United,Southampton,2,1
2019-12-09,West Ham United,Arsenal,1,3
2019-12-10,Carlisle United,Forest Green Rovers,1,0
2019-12-10,Crewe Alexandra,Eastleigh,3,1
2019-12-10,Hartlepool United,Exeter City,1,0
2019-12-10,Ipswich Town,Coventry City,1,2
2019-12-10,Bristol City,Millwall,1,2
2019-12-10,Charlton Athletic,Huddersfield Town,0,1
2019-12-10,Leeds United,Hull City,2,0
2019-12-10,Nottingham Forest,Middlesbrough,1,1
2019-12-10,Preston North End,Fulham,2,1
2019-12-10,Stoke City,Luton Town,3,0
2019-12-11,Birmingham City,QPR,0,2
2019-12-11,Brentford,Cardiff City,2,1
2019-12-11,Derby County,Sheffield Weds,1,1
2019-12-11,Wigan Athletic,West Brom,1,1
2019-12-11,Swansea City,Blackburn Rovers,1,1
2019-12-11,Barnsley,Reading,1,1
2019-12-13,Charlton Athletic,Hull City,2,2
2019-12-14,Stoke City,Reading,0,0
2019-12-14,Derby County,Millwall,0,1
2019-12-14,Bristol City,Blackburn Rovers,0,2
2019-12-14,Brentford,Fulham,1,0
2019-12-14,Birmingham City,West Brom,2,3
2019-12-14,Barnsley,QPR,5,3
2019-12-14,Preston North End,Luton Town,2,1
2019-12-14,Swansea City,Middlesbrough,3,1
2019-12-14,Wigan Athletic,Huddersfield Town,1,1
2019-12-14,Leeds United,Cardiff City,3,3
2019-12-14,Nottingham Forest,Sheffield Weds,0,4
2019-12-14,Chelsea,Bournemouth,0,1
2019-12-14,Leicester City,Norwich City,1,1
2019-12-14,Liverpool,Watford,2,0
2019-12-14,Sheffield United,Aston Villa,2,0
2019-12-14,Southampton,West Ham United,0,1
2019-12-14,Burnley,Newcastle United,1,0
2019-12-15,Arsenal,Manchester City,0,3
2019-12-15,Manchester Utd,Everton,1,1
2019-12-15,Wolves,Tottenham Hotspur,1,2
2019-12-16,Crystal Palace,Brighton,1,1
2019-12-16,Boston United,Rochdale,1,2
2019-12-17,Aston Villa,Liverpool,5,0
2019-12-17,Plymouth Argyle,Bristol Rovers,0,1
2019-12-18,Manchester Utd,Colchester United,3,0
2019-12-18,Everton,Leicester City,2,2
2019-12-18,Oxford United,Manchester City,1,3
2019-12-20,Middlesbrough,Stoke City,2,1
2019-12-21,Cardiff City,Preston North End,0,0
2019-12-21,Brighton,Sheffield United,0,1
2019-12-21,Bournemouth,Burnley,0,1
2019-12-21,Aston Villa,Southampton,1,3
2019-12-21,Newcastle United,Crystal Palace,1,0
2019-12-21,Norwich City,Wolves,1,2
2019-12-21,Everton,Arsenal,0,0
2019-12-21,West Brom,Brentford,1,1
2019-12-21,Manchester City,Leicester City,3,1
2019-12-21,Fulham,Leeds United,2,1
2019-12-21,Reading,Derby County,3,0
2019-12-21,Huddersfield Town,Nottingham Forest,2,1
2019-12-21,Hull City,Birmingham City,3,0
2019-12-21,Luton Town,Swansea City,0,1
2019-12-21,Millwall,Barnsley,1,2
2019-12-21,QPR,Charlton Athletic,2,2
2019-12-22,Sheffield Weds,Bristol City,1,0
2019-12-22,Watford,Manchester Utd,2,0
2019-12-22,Tottenham Hotspur,Chelsea,0,2
2019-12-23,Blackburn Rovers,Wigan Athletic,0,0
2019-12-26,Sheffield United,Watford,1,1
2019-12-26,Aston Villa,Norwich City,1,0
2019-12-26,Bournemouth,Arsenal,1,1
2019-12-26,Chelsea,Southampton,0,2
2019-12-26,Crystal Palace,West Ham United,2,1
2019-12-26,Everton,Burnley,1,0
2019-12-26,Manchester Utd,Newcastle United,4,1
2019-12-26,Tottenham Hotspur,Brighton,2,1
2019-12-26,Leicester City,Liverpool,0,4
2019-12-26,Middlesbrough,Huddersfield Town,1,0
2019-12-26,Reading,QPR,1,0
2019-12-26,Luton Town,Fulham,3,3
2019-12-26,Leeds United,Preston North End,1,1
2019-12-26,Hull City,Nottingham Forest,0,2
2019-12-26,Charlton Athletic,Bristol City,3,2
2019-12-26,Cardiff City,Millwall,1,1
2019-12-26,Brentford,Swansea City,3,1
2019-12-26,Blackburn Rovers,Birmingham City,1,1
2019-12-26,Wigan Athletic,Derby County,1,1
2019-12-26,Barnsley,West Brom,1,1
2019-12-26,Stoke City,Sheffield Weds,3,2
2019-12-27,Wolves,Manchester City,3,2
2019-12-28,Norwich City,Tottenham Hotspur,2,2
2019-12-28,Brighton,Bournemouth,2,0
2019-12-28,Southampton,Crystal Palace,1,1
2019-12-28,West Ham United,Leicester City,1,2
2019-12-28,Newcastle United,Everton,1,2
2019-12-28,Watford,Aston Villa,3,0
2019-12-28,Burnley,Manchester Utd,0,2
2019-12-29,Birmingham City,Leeds United,4,5
2019-12-29,Arsenal,Chelsea,1,2
2019-12-29,West Brom,Middlesbrough,0,2
2019-12-29,Swansea City,Barnsley,0,0
2019-12-29,Sheffield Weds,Cardiff City,1,2
2019-12-29,Preston North End,Reading,0,2
2019-12-29,Nottingham Forest,Wigan Athletic,1,0
2019-12-29,QPR,Hull City,1,2
2019-12-29,Fulham,Stoke City,1,0
2019-12-29,Huddersfield Town,Blackburn Rovers,2,1
2019-12-29,Millwall,Brentford,1,0
2019-12-29,Manchester City,Sheffield United,2,0
2019-12-29,Liverpool,Wolves,1,0
2019-12-29,Bristol City,Luton Town,3,0
2019-12-30,Derby County,Charlton Athletic,2,1
2020-01-01,Millwall,Luton Town,3,1
2020-01-01,Birmingham City,Wigan Athletic,2,3
2020-01-01,Bristol City,Brentford,0,4
2020-01-01,Fulham,Reading,1,2
2020-01-01,Nottingham Forest,Blackburn Rovers,3,2
2020-01-01,Huddersfield Town,Stoke City,2,5
2020-01-01,QPR,Cardiff City,6,1
2020-01-01,Arsenal,Manchester Utd,2,0
2020-01-01,Brighton,Chelsea,1,1
2020-01-01,Burnley,Aston Villa,1,2
2020-01-01,Manchester City,Everton,2,1
2020-01-01,Preston North End,Middlesbrough,0,2
2020-01-01,Norwich City,Crystal Palace,1,1
2020-01-01,Southampton,Tottenham Hotspur,1,0
2020-01-01,Newcastle United,Leicester City,0,3
2020-01-01,West Ham United,Bournemouth,4,0
2020-01-01,West Brom,Leeds United,1,1
2020-01-01,Sheffield Weds,Hull City,0,1
2020-01-01,Watford,Wolves,2,1
2020-01-02,Liverpool,Sheffield United,2,0
2020-01-02,Swansea City,Charlton Athletic,1,0
2020-01-02,Derby County,Barnsley,2,1
2020-01-04,Preston North End,Norwich City,2,4
2020-01-04,Wolves,Manchester Utd,0,0
2020-01-04,Watford,Tranmere Rovers,3,3
2020-01-04,Southampton,Huddersfield Town,2,0
2020-01-04,Rotherham United,Hull City,2,3
2020-01-04,Rochdale,Newcastle United,1,1
2020-01-04,Reading,Blackpool,2,2
2020-01-04,Oxford United,Hartlepool United,4,1
2020-01-04,Brentford,Stoke City,1,0
2020-01-04,Manchester City,Port Vale,4,1
2020-01-04,Leicester City,Wigan Athletic,2,0
2020-01-04,Fulham,Aston Villa,2,1
2020-01-04,Fleetwood Town,Portsmouth,1,2
2020-01-04,Cardiff City,Carlisle United,2,2
2020-01-04,Burnley,Peterborough United,4,2
2020-01-04,Bristol City,Shrewsbury Town,1,1
2020-01-04,Birmingham City,Blackburn Rovers,2,1
2020-01-04,Bournemouth,Luton Town,4,0
2020-01-04,Brighton,Sheffield Weds,0,1
2020-01-04,Millwall,Newport County,3,0
2020-01-05,Sheffield United,Fylde,2,1
2020-01-05,QPR,Swansea City,5,1
2020-01-05,Middlesbrough,Tottenham Hotspur,1,1
2020-01-05,Crystal Palace,Derby County,0,1
2020-01-05,Gillingham,West Ham United,0,2
2020-01-05,Crewe Alexandra,Barnsley,1,3
2020-01-05,Chelsea,Nottingham Forest,2,0
2020-01-05,Charlton Athletic,West Brom,0,1
2020-01-05,Burton Albion,Northampton Town,2,4
2020-01-05,Bristol Rovers,Coventry City,2,2
2020-01-05,Liverpool,Everton,1,0
2020-01-06,Arsenal,Leeds United,1,0
2020-01-07,Manchester Utd,Manchester City,1,3
2020-01-08,Leicester City,Aston Villa,1,1
2020-01-10,Sheffield United,West Ham United,1,0
2020-01-11,Brentford,QPR,3,1
2020-01-11,Barnsley,Huddersfield Town,2,1
2020-01-11,Blackburn Rovers,Preston North End,1,1
2020-01-11,Chelsea,Burnley,3,0
2020-01-11,Charlton Athletic,West Brom,2,2
2020-01-11,Hull City,Fulham,0,1
2020-01-11,Leeds United,Sheffield Weds,0,2
2020-01-11,Luton Town,Birmingham City,1,2
2020-01-11,Middlesbrough,Derby County,2,2
2020-01-11,Stoke City,Millwall,0,0
2020-01-11,Reading,Nottingham Forest,1,1
2020-01-11,Wolves,Newcastle United,1,1
2020-01-11,Tottenham Hotspur,Liverpool,0,1
2020-01-11,Manchester Utd,Norwich City,4,0
2020-01-11,Leicester City,Southampton,1,2
2020-01-11,Everton,Brighton,1,0
2020-01-11,Crystal Palace,Arsenal,1,1
2020-01-11,Wigan Athletic,Bristol City,0,2
2020-01-12,Cardiff City,Swansea City,0,0
2020-01-12,Bournemouth,Watford,0,3
2020-01-12,Aston Villa,Manchester City,1,6
2020-01-14,Coventry City,Bristol Rovers,3,0
2020-01-14,Tottenham Hotspur,Middlesbrough,2,1
2020-01-14,Newcastle United,Rochdale,4,1
2020-01-14,Blackpool,Reading,0,2
2020-01-14,Shrewsbury Town,Bristol City,1,0
2020-01-15,Carlisle United,Cardiff City,3,4
2020-01-15,Manchester Utd,Wolves,1,0
2020-01-17,Fulham,Middlesbrough,1,0
2020-01-18,QPR,Leeds United,1,0
2020-01-18,Sheffield Weds,Blackburn Rovers,0,5
2020-01-18,Millwall,Reading,2,0
2020-01-18,Huddersfield Town,Brentford,0,0
2020-01-18,Derby County,Hull City,1,0
2020-01-18,Swansea City,Wigan Athletic,2,1
2020-01-18,Bristol City,Barnsley,1,0
2020-01-18,Preston North End,Charlton Athletic,2,1
2020-01-18,Birmingham City,Cardiff City,1,1
2020-01-18,Arsenal,Sheffield United,1,1
2020-01-18,Brighton,Aston Villa,1,1
2020-01-18,Manchester City,Crystal Palace,2,2
2020-01-18,Newcastle United,Chelsea,1,0
2020-01-18,Norwich City,Bournemouth,1,0
2020-01-18,Southampton,Wolves,2,3
2020-01-18,Watford,Tottenham Hotspur,0,0
2020-01-18,West Ham United,Everton,1,1
2020-01-19,Nottingham Forest,Luton Town,3,1
2020-01-19,Liverpool,Manchester Utd,2,0
2020-01-19,Burnley,Leicester City,2,1
2020-01-20,West Brom,Stoke City,0,1
2020-01-21,Everton,Newcastle United,2,2
2020-01-21,Aston Villa,Watford,2,1
2020-01-21,Barnsley,Preston North End,0,3
2020-01-21,Middlesbrough,Birmingham City,1,1
2020-01-21,Bournemouth,Brighton,3,1
2020-01-21,Chelsea,Arsenal,2,2
2020-01-21,Crystal Palace,Southampton,0,2
2020-01-21,Sheffield United,Manchester City,0,1
2020-01-22,Nottingham Forest,Reading,1,1
2020-01-22,Leicester City,West Ham United,4,1
2020-01-22,Manchester Utd,Burnley,0,2
2020-01-22,Tottenham Hotspur,Norwich City,2,1
2020-01-22,Charlton Athletic,Fulham,0,0
2020-01-23,Wolves,Liverpool,1,2
2020-01-23,Tranmere Rovers,Watford,2,1
2020-01-24,Northampton Town,Derby County,0,0
2020-01-24,QPR,Sheffield Weds,1,2
2020-01-25,Reading,Cardiff City,1,1
2020-01-25,Portsmouth,Barnsley,4,2
2020-01-25,Newcastle United,Oxford United,0,0
2020-01-25,Millwall,Sheffield United,0,2
2020-01-25,Brentford,Leicester City,0,1
2020-01-25,Coventry City,Birmingham City,0,0
2020-01-25,Burnley,Norwich City,1,2
2020-01-25,West Ham United,West Brom,0,1
2020-01-25,Stoke City,Swansea City,2,0
2020-01-25,Hull City,Chelsea,1,2
2020-01-25,Southampton,Tottenham Hotspur,1,1
2020-01-26,Shrewsbury Town,Liverpool,2,2
2020-01-26,Manchester City,Fulham,4,0
2020-01-26,Tranmere Rovers,Manchester Utd,0,6
2020-01-27,Bournemouth,Arsenal,1,2
2020-01-28,Cardiff City,West Brom,2,1
2020-01-28,Brentford,Nottingham Forest,0,1
2020-01-28,Luton Town,Derby County,3,2
2020-01-28,Aston Villa,Leicester City,2,1
2020-01-28,Reading,Bristol City,0,1
2020-01-28,Hull City,Huddersfield Town,1,2
2020-01-28,Blackburn Rovers,QPR,2,1
2020-01-28,Wigan Athletic,Sheffield Weds,2,1
2020-01-28,Leeds United,Millwall,3,2
2020-01-29,West Ham United,Liverpool,0,2
2020-01-29,Manchester City,Manchester Utd,0,1
2020-01-31,Cardiff City,Reading,1,1
2020-01-31,Derby County,Stoke City,4,0
2020-02-01,Birmingham City,Nottingham Forest,2,1
2020-02-01,Charlton Athletic,Barnsley,2,1
2020-02-01,Fulham,Huddersfield Town,3,2
2020-02-01,Watford,Everton,2,3
2020-02-01,Bournemouth,Aston Villa,2,1
2020-02-01,Leeds United,Wigan Athletic,0,1
2020-02-01,Crystal Palace,Sheffield United,0,1
2020-02-01,Leicester City,Chelsea,2,2
2020-02-01,Liverpool,Southampton,4,0
2020-02-01,Manchester Utd,Wolves,0,0
2020-02-01,Newcastle United,Norwich City,0,0
2020-02-01,West Ham United,Brighton,3,3
2020-02-01,Middlesbrough,Blackburn Rovers,1,1
2020-02-01,Hull City,Brentford,1,5
2020-02-01,QPR,Bristol City,0,1
2020-02-01,Sheffield Weds,Millwall,0,0
2020-02-01,West Brom,Luton Town,2,0
2020-02-01,Preston North End,Swansea City,1,1
2020-02-02,Burnley,Arsenal,0,0
2020-02-02,Tottenham Hotspur,Manchester City,2,0
2020-02-04,Derby County,Northampton Town,4,2
2020-02-04,Birmingham City,Coventry City,2,2
2020-02-04,Liverpool,Shrewsbury Town,1,0
2020-02-04,Oxford United,Newcastle United,2,3
2020-02-04,Cardiff City,Reading,3,3
2020-02-05,Tottenham Hotspur,Southampton,3,2
2020-02-07,Bristol City,Birmingham City,1,3
2020-02-08,Brighton,Watford,1,1
2020-02-08,Wigan Athletic,Preston North End,1,2
2020-02-08,Swansea City,Derby County,2,3
2020-02-08,Stoke City,Charlton Athletic,3,1
2020-02-08,Reading,Hull City,1,1
2020-02-08,Nottingham Forest,Leeds United,2,0
2020-02-08,Luton Town,Cardiff City,0,1
2020-02-08,Huddersfield Town,QPR,2,0
2020-02-08,Blackburn Rovers,Fulham,0,1
2020-02-08,Barnsley,Sheffield Weds,1,1
2020-02-08,Everton,Crystal Palace,3,1
2020-02-08,Brentford,Middlesbrough,3,2
2020-02-09,Sheffield United,Bournemouth,2,1
2020-02-09,Millwall,West Brom,0,2
2020-02-11,Swansea City,QPR,0,0
2020-02-11,Nottingham Forest,Charlton Athletic,0,1
2020-02-11,Brentford,Leeds United,1,1
2020-02-11,Wigan Athletic,Middlesbrough,2,2
2020-02-11,Barnsley,Birmingham City,0,1
2020-02-11,Blackburn Rovers,Hull City,3,0
2020-02-12,Bristol City,Derby County,3,2
2020-02-12,Huddersfield Town,Cardiff City,0,3
2020-02-12,Luton Town,Sheffield Weds,1,0
2020-02-12,Millwall,Fulham,1,1
2020-02-12,Reading,West Brom,1,2
2020-02-12,Stoke City,Preston North End,0,2
2020-02-14,Wolves,Leicester City,0,0
2020-02-14,Hull City,Swansea City,4,4
2020-02-15,Derby County,Huddersfield Town,1,1
2020-02-15,Fulham,Barnsley,0,3
2020-02-15,Leeds United,Bristol City,1,0
2020-02-15,Middlesbrough,Luton Town,0,1
2020-02-15,Preston North End,Millwall,0,1
2020-02-15,Sheffield Weds,Reading,0,3
2020-02-15,QPR,Stoke City,4,2
2020-02-15,Norwich City,Liverpool,0,1
2020-02-15,West Brom,Nottingham Forest,2,2
2020-02-15,Charlton Athletic,Blackburn Rovers,0,2
2020-02-15,Cardiff City,Wigan Athletic,2,2
2020-02-15,Birmingham City,Brentford,1,1
2020-02-15,Southampton,Burnley,1,2
2020-02-16,Arsenal,Newcastle United,4,0
2020-02-16,Aston Villa,Tottenham Hotspur,2,3
2020-02-17,Chelsea,Manchester Utd,0,2
2020-02-19,Manchester City,West Ham United,2,0
2020-02-21,Derby County,Fulham,1,1
2020-02-22,Nottingham Forest,QPR,0,0
2020-02-22,Birmingham City,Sheffield Weds,3,3
2020-02-22,Stoke City,Cardiff City,2,0
2020-02-22,Brentford,Blackburn Rovers,2,2
2020-02-22,Wigan Athletic,Millwall,1,0
2020-02-22,Bristol City,West Brom,0,3
2020-02-22,Barnsley,Middlesbrough,1,0
2020-02-22,Preston North End,Hull City,2,1
2020-02-22,Swansea City,Huddersfield Town,3,1
2020-02-22,Southampton,Aston Villa,2,0
2020-02-22,Chelsea,Tottenham Hotspur,2,1
2020-02-22,Charlton Athletic,Luton Town,3,1
2020-02-22,Burnley,Bournemouth,3,0
2020-02-22,Leeds United,Reading,1,0
2020-02-22,Sheffield United,Brighton,1,1
2020-02-22,Crystal Palace,Newcastle United,1,0
2020-02-22,Leicester City,Manchester City,0,1
2020-02-23,Arsenal,Everton,3,2
2020-02-23,Manchester Utd,Watford,3,0
2020-02-23,Wolves,Norwich City,3,0
2020-02-24,Liverpool,West Ham United,3,2
2020-02-25,West Brom,Preston North End,2,0
2020-02-25,QPR,Derby County,2,1
2020-02-25,Luton Town,Brentford,2,1
2020-02-25,Huddersfield Town,Bristol City,2,1
2020-02-25,Cardiff City,Nottingham Forest,0,1
2020-02-26,Reading,Wigan Athletic,0,3
2020-02-26,Sheffield Weds,Charlton Athletic,1,0
2020-02-26,Blackburn Rovers,Stoke City,0,0
2020-02-26,Fulham,Swansea City,1,0
2020-02-26,Hull City,Barnsley,0,1
2020-02-26,Middlesbrough,Leeds United,0,1
2020-02-26,Millwall,Birmingham City,0,0
2020-02-28,Norwich City,Leicester City,1,0
2020-02-29,QPR,Birmingham City,2,2
2020-02-29,Reading,Barnsley,2,0
2020-02-29,Sheffield Weds,Derby County,1,3
2020-02-29,West Brom,Wigan Athletic,0,1
2020-02-29,Luton Town,Stoke City,1,1
2020-02-29,Millwall,Bristol City,1,1
2020-02-29,Hull City,Leeds United,0,4
2020-02-29,Huddersfield Town,Charlton Athletic,4,0
2020-02-29,Fulham,Preston North End,2,0
2020-02-29,Cardiff City,Brentford,2,2
2020-02-29,Blackburn Rovers,Swansea City,2,2
2020-02-29,West Ham United,Southampton,3,1
2020-02-29,Watford,Liverpool,3,0
2020-02-29,Newcastle United,Burnley,0,0
2020-02-29,Brighton,Crystal Palace,0,1
2020-02-29,Bournemouth,Chelsea,2,2
2020-03-01,Tottenham Hotspur,Wolves,2,3
2020-03-01,Everton,Manchester Utd,1,1
2020-03-01,Aston Villa,Manchester City,1,2
2020-03-02,Portsmouth,Arsenal,0,2
2020-03-02,Middlesbrough,Nottingham Forest,2,2
2020-03-03,Chelsea,Liverpool,2,0
2020-03-03,West Brom,Newcastle United,2,3
2020-03-03,Reading,Sheffield United,1,2
2020-03-04,Sheffield Weds,Manchester City,0,1
2020-03-04,Leicester City,Birmingham City,1,0
2020-03-04,Tottenham Hotspur,Norwich City,1,1
2020-03-05,Derby County,Manchester Utd,0,3
2020-03-06,Nottingham Forest,Millwall,0,3
2020-03-07,Bristol City,Fulham,1,1
2020-03-07,Brentford,Sheffield Weds,5,0
2020-03-07,Leeds United,Huddersfield Town,2,0
2020-03-07,Barnsley,Cardiff City,0,2
2020-03-07,Arsenal,West Ham United,1,0
2020-03-07,Preston North End,QPR,1,3
2020-03-07,Stoke City,Hull City,5,1
2020-03-07,Swansea City,West Brom,0,0
2020-03-07,Wigan Athletic,Luton Town,0,0
2020-03-07,Charlton Athletic,Middlesbrough,0,1
2020-03-07,Birmingham City,Reading,1,3
2020-03-07,Burnley,Tottenham Hotspur,1,1
2020-03-07,Liverpool,Bournemouth,2,1
2020-03-07,Wolves,Brighton,0,0
2020-03-07,Southampton,Newcastle United,0,1
2020-03-07,Sheffield United,Norwich City,1,0
2020-03-07,Crystal Palace,Watford,1,0
2020-03-08,Chelsea,Everton,4,0
2020-03-08,Manchester Utd,Manchester City,2,0
2020-03-08,Derby County,Blackburn Rovers,3,0
2020-03-09,Leicester City,Aston Villa,4,0
2020-06-17,Manchester City,Arsenal,3,0
2020-06-17,Aston Villa,Sheffield United,0,0
2020-06-19,Tottenham Hotspur,Manchester Utd,1,1
2020-06-19,Norwich City,Southampton,0,3
2020-06-20,Sheffield Weds,Nottingham Forest,1,1
2020-06-20,West Brom,Birmingham City,0,0
2020-06-20,Bournemouth,Crystal Palace,0,2
2020-06-20,Brighton,Arsenal,2,1
2020-06-20,Reading,Stoke City,1,1
2020-06-20,Watford,Leicester City,1,1
2020-06-20,Middlesbrough,Swansea City,0,3
2020-06-20,Blackburn Rovers,Bristol City,3,1
2020-06-20,Fulham,Brentford,0,2
2020-06-20,Huddersfield Town,Wigan Athletic,0,2
2020-06-20,Hull City,Charlton Athletic,0,1
2020-06-20,Luton Town,Preston North End,1,1
2020-06-20,QPR,Barnsley,0,1
2020-06-20,West Ham United,Wolves,0,2
2020-06-20,Millwall,Derby County,2,3
2020-06-21,Everton,Liverpool,0,0
2020-06-21,Aston Villa,Chelsea,1,2
2020-06-21,Newcastle United,Sheffield United,3,0
2020-06-21,Cardiff City,Leeds United,2,0
2020-06-22,Manchester City,Burnley,5,0
2020-06-23,Leicester City,Brighton,0,0
2020-06-23,Tottenham Hotspur,West Ham United,2,0
2020-06-24,Norwich City,Everton,0,1
2020-06-24,Newcastle United,Aston Villa,1,1
2020-06-24,Wolves,Bournemouth,1,0
2020-06-24,Liverpool,Crystal Palace,4,0
2020-06-24,Manchester Utd,Sheffield United,3,0
2020-06-25,Burnley,Watford,1,0
2020-06-25,Chelsea,Manchester City,2,1
2020-06-25,Southampton,Arsenal,0,2
2020-06-26,Brentford,West Brom,1,0
2020-06-27,Stoke City,Middlesbrough,0,2
2020-06-27,Derby County,Reading,2,1
2020-06-27,Birmingham City,Hull City,3,3
2020-06-27,Charlton Athletic,QPR,1,0
2020-06-27,Aston Villa,Wolves,0,1
2020-06-27,Leeds United,Fulham,3,0
2020-06-27,Preston North End,Cardiff City,1,3
2020-06-27,Wigan Athletic,Blackburn Rovers,2,0
2020-06-27,Swansea City,Luton Town,0,1
2020-06-27,Norwich City,Manchester Utd,1,2
2020-06-27,Barnsley,Millwall,0,0
2020-06-28,Watford,Southampton,1,3
2020-06-28,Sheffield United,Arsenal,1,2
2020-06-28,Nottingham Forest,Huddersfield Town,3,1
2020-06-28,Bristol City,Sheffield Weds,1,2
2020-06-28,Leicester City,Chelsea,0,1
2020-06-28,Newcastle United,Manchester City,0,2
2020-06-29,Crystal Palace,Burnley,0,1
2020-06-30,Brighton,Manchester Utd,0,3
2020-06-30,Wigan Athletic,Stoke City,3,0
2020-06-30,Reading,Brentford,0,3
2020-06-30,QPR,Fulham,1,2
2020-06-30,Millwall,Swansea City,1,1
2020-06-30,Cardiff City,Charlton Athletic,0,0
2020-06-30,Barnsley,Blackburn Rovers,2,0
2020-06-30,Leeds United,Luton Town,1,1
2020-07-01,Birmingham City,Huddersfield Town,0,3
2020-07-01,Preston North End,Derby County,0,1
2020-07-01,Arsenal,Norwich City,4,0
2020-07-01,Bournemouth,Newcastle United,1,4
2020-07-01,Everton,Leicester City,2,1
2020-07-01,West Ham United,Chelsea,3,2
2020-07-01,Nottingham Forest,Bristol City,1,0
2020-07-01,Sheffield Weds,West Brom,0,3
2020-07-02,Hull City,Middlesbrough,2,1
2020-07-02,Manchester City,Liverpool,4,0
2020-07-02,Sheffield United,Tottenham Hotspur,3,1
2020-07-03,Charlton Athletic,Millwall,0,1
2020-07-04,Chelsea,Watford,3,0
2020-07-04,Leicester City,Crystal Palace,3,0
2020-07-04,Manchester Utd,Bournemouth,5,2
2020-07-04,Norwich City,Brighton,0,1
2020-07-04,Blackburn Rovers,Leeds United,1,3
2020-07-04,Stoke City,Barnsley,4,0
2020-07-04,Luton Town,Reading,0,5
2020-07-04,Huddersfield Town,Preston North End,0,0
2020-07-04,Fulham,Birmingham City,1,0
2020-07-04,Derby County,Nottingham Forest,1,1
2020-07-04,Bristol City,Cardiff City,0,1
2020-07-04,Brentford,Wigan Athletic,3,0
2020-07-04,Wolves,Arsenal,0,2
2020-07-05,Swansea City,Sheffield Weds,2,1
2020-07-05,Middlesbrough,QPR,0,1
2020-07-05,West Brom,Hull City,4,2
2020-07-05,Southampton,Manchester City,1,0
2020-07-05,Burnley,Sheffield United,1,1
2020-07-05,Liverpool,Aston Villa,2,0
2020-07-05,Newcastle United,West Ham United,2,2
2020-07-06,Tottenham Hotspur,Everton,1,0
2020-07-07,Cardiff City,Blackburn Rovers,2,3
2020-07-07,Crystal Palace,Chelsea,2,3
2020-07-07,Arsenal,Leicester City,1,1
2020-07-07,Reading,Huddersfield Town,0,0
2020-07-07,Brentford,Charlton Athletic,2,1
2020-07-07,Watford,Norwich City,2,1
2020-07-07,Luton Town,Barnsley,1,1
2020-07-07,Nottingham Forest,Fulham,0,1
2020-07-08,West Brom,Derby County,2,0
2020-07-08,Sheffield Weds,Preston North End,1,3
2020-07-08,Millwall,Middlesbrough,0,2
2020-07-08,Bristol City,Hull City,2,1
2020-07-08,Birmingham City,Swansea City,1,3
2020-07-08,Brighton,Liverpool,1,3
2020-07-08,West Ham United,Burnley,0,1
2020-07-08,Sheffield United,Wolves,1,0
2020-07-08,Manchester City,Newcastle United,5,0
2020-07-08,Wigan Athletic,QPR,1,0
2020-07-09,Everton,Southampton,1,1
2020-07-09,Aston Villa,Manchester Utd,0,3
2020-07-09,Leeds United,Stoke City,5,0
2020-07-09,Bournemouth,Tottenham Hotspur,0,0
2020-07-10,Fulham,Cardiff City,2,0
2020-07-10,Huddersfield Town,Luton Town,0,2
2020-07-11,Charlton Athletic,Reading,0,1
2020-07-11,Derby County,Brentford,1,3
2020-07-11,Hull City,Millwall,0,1
2020-07-11,Middlesbrough,Bristol City,1,3
2020-07-11,Preston North End,Nottingham Forest,1,1
2020-07-11,QPR,Sheffield Weds,0,3
2020-07-11,Blackburn Rovers,West Brom,1,1
2020-07-11,Brighton,Manchester City,0,5
2020-07-11,Liverpool,Burnley,1,1
2020-07-11,Norwich City,West Ham United,0,4
2020-07-11,Sheffield United,Chelsea,3,0
2020-07-11,Watford,Newcastle United,2,1
2020-07-11,Barnsley,Wigan Athletic,0,0
2020-07-12,Tottenham Hotspur,Arsenal,2,1
2020-07-12,Wolves,Everton,3,0
2020-07-12,Bournemouth,Leicester City,4,1
2020-07-12,Stoke City,Birmingham City,2,0
2020-07-12,Swansea City,Leeds United,0,1
2020-07-12,Aston Villa,Crystal Palace,2,0
2020-07-13,Manchester Utd,Southampton,2,2
2020-07-14,Chelsea,Norwich City,1,0
2020-07-14,Cardiff City,Derby County,2,1
2020-07-14,Luton Town,QPR,1,1
2020-07-14,Millwall,Blackburn Rovers,1,0
2020-07-14,Reading,Middlesbrough,1,2
2020-07-14,Sheffield Weds,Huddersfield Town,0,0
2020-07-14,West Brom,Fulham,0,0
2020-07-14,Wigan Athletic,Hull City,8,0
2020-07-15,Manchester City,Bournemouth,2,1
2020-07-15,Newcastle United,Tottenham Hotspur,1,3
2020-07-15,Arsenal,Liverpool,2,1
2020-07-15,Burnley,Wolves,1,1
2020-07-15,Nottingham Forest,Swansea City,2,2
2020-07-15,Bristol City,Stoke City,1,1
2020-07-15,Brentford,Preston North End,1,0
2020-07-15,Birmingham City,Charlton Athletic,1,1
2020-07-16,Southampton,Brighton,1,1
2020-07-16,Leicester City,Sheffield United,2,0
2020-07-16,Everton,Aston Villa,1,1
2020-07-16,Crystal Palace,Manchester Utd,0,2
2020-07-16,Leeds United,Barnsley,1,0
2020-07-17,Huddersfield Town,West Brom,2,1
2020-07-17,West Ham United,Watford,3,1
2020-07-18,Middlesbrough,Cardiff City,1,3
2020-07-18,Swansea City,Bristol City,1,0
2020-07-18,Stoke City,Brentford,1,0
2020-07-18,QPR,Millwall,4,3
2020-07-18,Preston North End,Birmingham City,2,0
2020-07-18,Hull City,Luton Town,0,1
2020-07-18,Fulham,Sheffield Weds,5,3
2020-07-18,Charlton Athletic,Wigan Athletic,2,2
2020-07-18,Blackburn Rovers,Reading,4,3
2020-07-18,Norwich City,Burnley,0,2
2020-07-18,Arsenal,Manchester City,2,0
2020-07-19,Bournemouth,Southampton,0,2
2020-07-19,Tottenham Hotspur,Leicester City,3,0
2020-07-19,Manchester Utd,Chelsea,1,3
2020-07-19,Barnsley,Nottingham Forest,1,0
2020-07-19,Derby County,Leeds United,1,3
2020-07-20,Wolves,Crystal Palace,2,0
2020-07-20,Sheffield United,Everton,0,1
2020-07-20,Brighton,Newcastle United,0,0
2020-07-21,Watford,Manchester City,0,4
2020-07-21,Aston Villa,Arsenal,1,0
2020-07-22,Manchester Utd,West Ham United,1,1
2020-07-22,Wigan Athletic,Fulham,1,1
2020-07-22,West Brom,QPR,2,2
2020-07-22,Sheffield Weds,Middlesbrough,1,2
2020-07-22,Reading,Swansea City,1,4
2020-07-22,Nottingham Forest,Stoke City,1,4
2020-07-22,Luton Town,Blackburn Rovers,3,2
2020-07-22,Millwall,Huddersfield Town,4,1
2020-07-22,Cardiff City,Hull City,3,0
2020-07-22,Bristol City,Preston North End,1,1
2020-07-22,Brentford,Barnsley,1,2
2020-07-22,Birmingham City,Derby County,1,3
2020-07-22,Liverpool,Chelsea,5,3
2020-07-22,Leeds United,Charlton Athletic,4,0
2020-07-26,Southampton,Sheffield United,3,1
2020-07-26,Swansea City,Brentford,1,0
2020-07-26,Arsenal,Watford,3,2
2020-07-26,Burnley,Brighton,1,2
2020-07-26,Chelsea,Wolves,2,0
2020-07-26,Crystal Palace,Tottenham Hotspur,1,1
2020-07-26,Everton,Bournemouth,1,3
2020-07-26,Leicester City,Manchester Utd,0,2
2020-07-26,Manchester City,Norwich City,5,0
2020-07-26,West Ham United,Aston Villa,1,1
2020-07-26,Newcastle United,Liverpool,1,3
2020-07-27,Cardiff City,Fulham,0,2
2020-07-29,Brentford,Swansea City,3,1
2020-07-30,Fulham,Cardiff City,1,2
2020-08-01,Arsenal,Chelsea,2,1
2020-08-04,Brentford,Fulham,1,2
2020-08-29,Stoke City,Blackpool,0,0
2020-08-29,Stoke City,Blackpool,0,0
2020-08-29,Stevenage,Portsmouth,3,3
2020-08-29,Preston North End,Mansfield Town,4,0
2020-08-29,Stevenage,Portsmouth,3,3
2020-08-29,Blackburn Rovers,Doncaster Rovers,3,2
2020-08-29,Preston North End,Mansfield Town,4,0
2020-08-29,Blackburn Rovers,Doncaster Rovers,3,2
2020-09-04,Middlesbrough,Shrewsbury Town,4,3
2020-09-04,Middlesbrough,Shrewsbury Town,4,3
2020-09-04,Burton Albion,Accrington Stanley,1,1
2020-09-04,Burton Albion,Accrington Stanley,1,1
2020-09-05,Salford City FC,Rotherham United,1,1
2020-09-05,Grimsby Town,Morecambe,1,1
2020-09-05,Milton Keynes Dons,Coventry City,0,1
2020-09-05,Luton Town,Norwich City,3,1
2020-09-05,Newport County,Swansea City,2,0
2020-09-05,Crewe Alexandra,Lincoln City,1,2
2020-09-05,Barnsley,Nottingham Forest,1,0
2020-09-05,Birmingham City,Cambridge United,0,1
2020-09-05,Bolton Wanderers,Bradford City,1,2
2020-09-05,Derby County,Barrow,0,0
2020-09-05,Northampton Town,Cardiff City,3,0
2020-09-05,Oxford United,AFC Wimbledon,1,1
2020-09-05,Scunthorpe United,Port Vale,1,2
2020-09-05,Peterborough United,Cheltenham Town,0,1
2020-09-05,Crawley Town,Millwall,1,3
2020-09-05,Plymouth Argyle,QPR,3,2
2020-09-05,Walsall,Sheffield Weds,0,0
2020-09-05,Tranmere Rovers,Harrogate Town FC,1,1
2020-09-05,Swindon Town,Charlton Athletic,1,3
2020-09-05,Sunderland,Hull City,0,0
2020-09-05,Gillingham,Southend United,1,0
2020-09-05,Forest Green Rovers,Leyton Orient,1,2
2020-09-05,Fleetwood Town,Wigan Athletic,3,2
2020-09-05,Reading,Colchester United,3,1
2020-09-05,Oldham Athletic,Carlisle United,3,0
2020-09-05,Bristol City,Exeter City,2,0
2020-09-05,Crewe Alexandra,Lincoln City,1,2
2020-09-05,Birmingham City,Cambridge United,0,1
2020-09-05,Luton Town,Norwich City,3,1
2020-09-05,Milton Keynes Dons,Coventry City,0,1
2020-09-05,Newport County,Swansea City,2,0
2020-09-05,Northampton Town,Cardiff City,3,0
2020-09-05,Oldham Athletic,Carlisle United,3,0
2020-09-05,Oxford United,AFC Wimbledon,1,1
2020-09-05,Barnsley,Nottingham Forest,1,0
2020-09-05,Plymouth Argyle,QPR,3,2
2020-09-05,Reading,Colchester United,3,1
2020-09-05,Salford City FC,Rotherham United,1,1
2020-09-05,Scunthorpe United,Port Vale,1,2
2020-09-05,Sunderland,Hull City,0,0
2020-09-05,Swindon Town,Charlton Athletic,1,3
2020-09-05,Tranmere Rovers,Harrogate Town FC,1,1
2020-09-05,Walsall,Sheffield Weds,0,0
2020-09-05,Ipswich Town,Bristol Rovers,3,0
2020-09-05,Huddersfield Town,Rochdale,0,1
2020-09-05,Peterborough United,Cheltenham Town,0,1
2020-09-05,Ipswich Town,Bristol Rovers,3,0
2020-09-05,Bolton Wanderers,Bradford City,1,2
2020-09-05,Bristol City,Exeter City,2,0
2020-09-05,Crawley Town,Millwall,1,3
2020-09-05,Huddersfield Town,Rochdale,0,1
2020-09-05,Derby County,Barrow,0,0
2020-09-05,Fleetwood Town,Wigan Athletic,3,2
2020-09-05,Grimsby Town,Morecambe,1,1
2020-09-05,Forest Green Rovers,Leyton Orient,1,2
2020-09-05,Gillingham,Southend United,1,0
2020-09-06,Brentford,Wycombe Wanderers,1,1
2020-09-06,Brentford,Wycombe Wanderers,1,1
2020-09-11,Watford,Middlesbrough,1,0
2020-09-11,Watford,Middlesbrough,1,0
2020-09-12,QPR,Nottingham Forest,2,0
2020-09-12,Preston North End,Swansea City,0,1
2020-09-12,Millwall,Stoke City,0,0
2020-09-12,Huddersfield Town,Norwich City,0,1
2020-09-12,Derby County,Reading,0,2
2020-09-12,Fulham,Arsenal,0,3
2020-09-12,Cardiff City,Sheffield Weds,0,2
2020-09-12,Bristol City,Coventry City,2,1
2020-09-12,Bournemouth,Blackburn Rovers,3,2
2020-09-12,Birmingham City,Brentford,1,0
2020-09-12,Barnsley,Luton Town,0,1
2020-09-12,Wycombe Wanderers,Rotherham United,0,1
2020-09-12,Wycombe Wanderers,Rotherham United,0,1
2020-09-12,QPR,Nottingham Forest,2,0
2020-09-12,Preston North End,Swansea City,0,1
2020-09-12,Millwall,Stoke City,0,0
2020-09-12,Fulham,Arsenal,0,3
2020-09-12,Liverpool,Leeds United,4,3
2020-09-12,West Ham United,Newcastle United,0,2
2020-09-12,Huddersfield Town,Norwich City,0,1
2020-09-12,Barnsley,Luton Town,0,1
2020-09-12,Birmingham City,Brentford,1,0
2020-09-12,Bournemouth,Blackburn Rovers,3,2
2020-09-12,Crystal Palace,Southampton,1,0
2020-09-12,Bristol City,Coventry City,2,1
2020-09-12,West Ham United,Newcastle United,0,2
2020-09-12,Liverpool,Leeds United,4,3
2020-09-12,Crystal Palace,Southampton,1,0
2020-09-12,Cardiff City,Sheffield Weds,0,2
2020-09-12,Derby County,Reading,0,2
2020-09-13,West Brom,Leicester City,0,3
2020-09-13,West Brom,Leicester City,0,3
2020-09-13,Tottenham Hotspur,Everton,0,1
2020-09-13,Tottenham Hotspur,Everton,0,1
2020-09-14,Brighton,Chelsea,1,3
2020-09-14,Brighton,Chelsea,1,3
2020-09-14,Sheffield United,Wolves,0,2
2020-09-14,Sheffield United,Wolves,0,2
2020-09-15,Fleetwood Town,Port Vale,2,1
2020-09-15,Bournemouth,Crystal Palace,0,0
2020-09-15,Bradford City,Lincoln City,0,5
2020-09-15,West Ham United,Charlton Athletic,3,0
2020-09-15,Rochdale,Sheffield Weds,0,2
2020-09-15,Reading,Luton Town,0,1
2020-09-15,Oxford United,Watford,1,1
2020-09-15,Derby County,Preston North End,1,2
2020-09-15,West Ham United,Charlton Athletic,3,0
2020-09-15,Rochdale,Sheffield Weds,0,2
2020-09-15,Oxford United,Watford,1,1
2020-09-15,Newport County,Cambridge United,1,0
2020-09-15,Newcastle United,Blackburn Rovers,1,0
2020-09-15,Morecambe,Oldham Athletic,1,0
2020-09-15,Millwall,Cheltenham Town,3,1
2020-09-15,Reading,Luton Town,0,1
2020-09-15,Leyton Orient,Plymouth Argyle,3,2
2020-09-15,Morecambe,Oldham Athletic,1,0
2020-09-15,Newcastle United,Blackburn Rovers,1,0
2020-09-15,Middlesbrough,Barnsley,0,2
2020-09-15,Leyton Orient,Plymouth Argyle,3,2
2020-09-15,Gillingham,Coventry City,1,1
2020-09-15,Burton Albion,Aston Villa,1,3
2020-09-15,Millwall,Cheltenham Town,3,1
2020-09-15,Middlesbrough,Barnsley,0,2
2020-09-15,Bournemouth,Crystal Palace,0,0
2020-09-15,Bradford City,Lincoln City,0,5
2020-09-15,Burton Albion,Aston Villa,1,3
2020-09-15,Derby County,Preston North End,1,2
2020-09-15,Fleetwood Town,Port Vale,2,1
2020-09-15,Gillingham,Coventry City,1,1
2020-09-15,Newport County,Cambridge United,1,0
2020-09-16,Leeds United,Hull City,1,1
2020-09-16,West Brom,Harrogate Town FC,3,0
2020-09-16,Ipswich Town,Fulham,0,1
2020-09-16,Bristol City,Northampton Town,4,0
2020-09-16,Southampton,Brentford,0,2
2020-09-16,Bristol City,Northampton Town,4,0
2020-09-16,West Brom,Harrogate Town FC,3,0
2020-09-16,Southampton,Brentford,0,2
2020-09-16,Leeds United,Hull City,1,1
2020-09-16,Ipswich Town,Fulham,0,1
2020-09-16,Everton,Salford City FC,3,0
2020-09-16,Everton,Salford City FC,3,0
2020-09-17,Brighton,Portsmouth,4,0
2020-09-17,Wolves,Stoke City,0,1
2020-09-17,Burnley,Sheffield United,1,1
2020-09-17,Brighton,Portsmouth,4,0
2020-09-17,Burnley,Sheffield United,1,1
2020-09-17,Wolves,Stoke City,0,1
2020-09-18,Coventry City,QPR,3,2
2020-09-18,Coventry City,QPR,3,2
2020-09-19,Arsenal,West Ham United,2,1
2020-09-19,Swansea City,Birmingham City,0,0
2020-09-19,Reading,Barnsley,2,0
2020-09-19,Nottingham Forest,Cardiff City,0,2
2020-09-19,Norwich City,Preston North End,2,2
2020-09-19,Middlesbrough,Bournemouth,1,1
2020-09-19,Arsenal,West Ham United,2,1
2020-09-19,Everton,West Brom,5,2
2020-09-19,Leeds United,Fulham,4,3
2020-09-19,Manchester Utd,Crystal Palace,1,3
2020-09-19,Swansea City,Birmingham City,0,0
2020-09-19,Sheffield Weds,Watford,0,0
2020-09-19,Rotherham United,Millwall,0,1
2020-09-19,Reading,Barnsley,2,0
2020-09-19,Nottingham Forest,Cardiff City,0,2
2020-09-19,Norwich City,Preston North End,2,2
2020-09-19,Middlesbrough,Bournemouth,1,1
2020-09-19,Manchester Utd,Crystal Palace,1,3
2020-09-19,Luton Town,Derby County,2,1
2020-09-19,Brentford,Huddersfield Town,3,0
2020-09-19,Blackburn Rovers,Wycombe Wanderers,5,0
2020-09-19,Sheffield Weds,Watford,0,0
2020-09-19,Blackburn Rovers,Wycombe Wanderers,5,0
2020-09-19,Brentford,Huddersfield Town,3,0
2020-09-19,Luton Town,Derby County,2,1
2020-09-19,Leeds United,Fulham,4,3
2020-09-19,Everton,West Brom,5,2
2020-09-19,Rotherham United,Millwall,0,1
2020-09-20,Stoke City,Bristol City,0,2
2020-09-20,Newcastle United,Brighton,0,3
2020-09-20,Southampton,Tottenham Hotspur,2,5
2020-09-20,Newcastle United,Brighton,0,3
2020-09-20,Leicester City,Burnley,4,2
2020-09-20,Chelsea,Liverpool,0,2
2020-09-20,Stoke City,Bristol City,0,2
2020-09-20,Chelsea,Liverpool,0,2
2020-09-20,Leicester City,Burnley,4,2
2020-09-20,Southampton,Tottenham Hotspur,2,5
2020-09-21,Wolves,Manchester City,1,3
2020-09-21,Aston Villa,Sheffield United,1,0
2020-09-21,Aston Villa,Sheffield United,1,0
2020-09-21,Wolves,Manchester City,1,3
2020-09-22,West Brom,Brentford,2,2
2020-09-22,Newport County,Watford,3,1
2020-09-22,West Ham United,Hull City,5,1
2020-09-22,Luton Town,Manchester Utd,0,3
2020-09-22,West Ham United,Hull City,5,1
2020-09-22,West Brom,Brentford,2,2
2020-09-22,Newport County,Watford,3,1
2020-09-22,Luton Town,Manchester Utd,0,3
2020-09-22,Leyton Orient,Tottenham Hotspur,0,3
2020-09-22,Leyton Orient,Tottenham Hotspur,0,3
2020-09-23,Preston North End,Brighton,0,2
2020-09-23,Stoke City,Gillingham,1,0
2020-09-23,Millwall,Burnley,0,2
2020-09-23,Leicester City,Arsenal,0,2
2020-09-23,Fulham,Sheffield Weds,2,0
2020-09-23,Fleetwood Town,Everton,2,5
2020-09-23,Chelsea,Barnsley,6,0
2020-09-23,Morecambe,Newcastle United,0,7
2020-09-23,Fulham,Sheffield Weds,2,0
2020-09-23,Millwall,Burnley,0,2
2020-09-23,Morecambe,Newcastle United,0,7
2020-09-23,Preston North End,Brighton,0,2
2020-09-23,Stoke City,Gillingham,1,0
2020-09-23,Fleetwood Town,Everton,2,5
2020-09-23,Chelsea,Barnsley,6,0
2020-09-23,Leicester City,Arsenal,0,2
2020-09-24,Manchester City,Bournemouth,2,1
2020-09-24,Lincoln City,Liverpool,2,7
2020-09-24,Manchester City,Bournemouth,2,1
2020-09-24,Bristol City,Aston Villa,0,3
2020-09-24,Lincoln City,Liverpool,2,7
2020-09-24,Bristol City,Aston Villa,0,3
2020-09-25,Huddersfield Town,Nottingham Forest,1,0
2020-09-25,Huddersfield Town,Nottingham Forest,1,0
2020-09-26,Millwall,Brentford,1,1
2020-09-26,Birmingham City,Rotherham United,1,1
2020-09-26,Cardiff City,Reading,1,2
2020-09-26,Barnsley,Coventry City,0,0
2020-09-26,Birmingham City,Rotherham United,1,1
2020-09-26,Cardiff City,Reading,1,2
2020-09-26,Derby County,Blackburn Rovers,0,4
2020-09-26,Derby County,Blackburn Rovers,0,4
2020-09-26,Millwall,Brentford,1,1
2020-09-26,QPR,Middlesbrough,1,1
2020-09-26,Wycombe Wanderers,Swansea City,0,2
2020-09-26,Wycombe Wanderers,Swansea City,0,2
2020-09-26,Watford,Luton Town,1,0
2020-09-26,QPR,Middlesbrough,1,1
2020-09-26,Preston North End,Stoke City,0,1
2020-09-26,Preston North End,Stoke City,0,1
2020-09-26,Watford,Luton Town,1,0
2020-09-26,Barnsley,Coventry City,0,0
2020-09-26,Burnley,Southampton,0,1
2020-09-26,Burnley,Southampton,0,1
2020-09-26,Crystal Palace,Everton,1,2
2020-09-26,West Brom,Chelsea,3,3
2020-09-26,Crystal Palace,Everton,1,2
2020-09-26,Brighton,Manchester Utd,2,3
2020-09-26,Brighton,Manchester Utd,2,3
2020-09-26,West Brom,Chelsea,3,3
2020-09-27,Manchester City,Leicester City,2,5
2020-09-27,West Ham United,Wolves,4,0
2020-09-27,Bournemouth,Norwich City,1,0
2020-09-27,Bournemouth,Norwich City,1,0
2020-09-27,Bristol City,Sheffield Weds,2,0
2020-09-27,Sheffield United,Leeds United,0,1
2020-09-27,Sheffield United,Leeds United,0,1
2020-09-27,Tottenham Hotspur,Newcastle United,1,1
2020-09-27,West Ham United,Wolves,4,0
2020-09-27,Bristol City,Sheffield Weds,2,0
2020-09-27,Manchester City,Leicester City,2,5
2020-09-27,Tottenham Hotspur,Newcastle United,1,1
2020-09-28,Fulham,Aston Villa,0,3
2020-09-28,Fulham,Aston Villa,0,3
2020-09-28,Liverpool,Arsenal,3,1
2020-09-28,Liverpool,Arsenal,3,1
2020-09-29,Tottenham Hotspur,Chelsea,1,1
2020-09-29,Tottenham Hotspur,Chelsea,1,1
2020-09-30,Everton,West Ham United,4,1
2020-09-30,Burnley,Manchester City,0,3
2020-09-30,Brighton,Manchester Utd,0,3
2020-09-30,Newport County,Newcastle United,1,1
2020-09-30,Brighton,Manchester Utd,0,3
2020-09-30,Newport County,Newcastle United,1,1
2020-09-30,Everton,West Ham United,4,1
2020-09-30,Burnley,Manchester City,0,3
2020-10-01,Aston Villa,Stoke City,0,1
2020-10-01,Brentford,Fulham,3,0
2020-10-01,Liverpool,Arsenal,0,0
2020-10-01,Brentford,Fulham,3,0
2020-10-01,Aston Villa,Stoke City,0,1
2020-10-01,Liverpool,Arsenal,0,0
2020-10-02,Coventry City,Bournemouth,1,3
2020-10-02,Coventry City,Bournemouth,1,3
2020-10-03,Swansea City,Millwall,2,1
2020-10-03,Luton Town,Wycombe Wanderers,2,0
2020-10-03,Newcastle United,Burnley,3,1
2020-10-03,Reading,Watford,1,0
2020-10-03,Nottingham Forest,Bristol City,1,2
2020-10-03,Chelsea,Crystal Palace,4,0
2020-10-03,Norwich City,Derby County,0,1
2020-10-03,Middlesbrough,Barnsley,2,1
2020-10-03,Rotherham United,Huddersfield Town,1,1
2020-10-03,Sheffield Weds,QPR,1,1
2020-10-03,Leeds United,Manchester City,1,1
2020-10-03,Everton,Brighton,4,2
2020-10-03,Swansea City,Millwall,2,1
2020-10-03,Sheffield Weds,QPR,1,1
2020-10-03,Rotherham United,Huddersfield Town,1,1
2020-10-03,Chelsea,Crystal Palace,4,0
2020-10-03,Everton,Brighton,4,2
2020-10-03,Newcastle United,Burnley,3,1
2020-10-03,Leeds United,Manchester City,1,1
2020-10-03,Reading,Watford,1,0
2020-10-03,Nottingham Forest,Bristol City,1,2
2020-10-03,Blackburn Rovers,Cardiff City,0,0
2020-10-03,Blackburn Rovers,Cardiff City,0,0
2020-10-03,Luton Town,Wycombe Wanderers,2,0
2020-10-03,Middlesbrough,Barnsley,2,1
2020-10-03,Norwich City,Derby County,0,1
2020-10-04,Leicester City,West Ham United,0,3
2020-10-04,Aston Villa,Liverpool,7,2
2020-10-04,Wolves,Fulham,1,0
2020-10-04,Southampton,West Brom,2,0
2020-10-04,Manchester Utd,Tottenham Hotspur,1,6
2020-10-04,Arsenal,Sheffield United,2,1
2020-10-04,Wolves,Fulham,1,0
2020-10-04,Aston Villa,Liverpool,7,2
2020-10-04,Stoke City,Birmingham City,1,1
2020-10-04,Brentford,Preston North End,2,4
2020-10-04,Southampton,West Brom,2,0
2020-10-04,Manchester Utd,Tottenham Hotspur,1,6
2020-10-04,Leicester City,West Ham United,0,3
2020-10-04,Arsenal,Sheffield United,2,1
2020-10-04,Stoke City,Birmingham City,1,1
2020-10-04,Brentford,Preston North End,2,4
2020-10-16,Derby County,Watford,0,1
2020-10-16,Derby County,Watford,0,1
2020-10-17,Brentford,Coventry City,2,0
2020-10-17,Luton Town,Stoke City,0,2
2020-10-17,Middlesbrough,Reading,0,0
2020-10-17,Rotherham United,Norwich City,1,2
2020-10-17,Swansea City,Huddersfield Town,1,2
2020-10-17,Wycombe Wanderers,Millwall,1,2
2020-10-17,Birmingham City,Sheffield Weds,0,1
2020-10-17,Barnsley,Bristol City,2,2
2020-10-17,Blackburn Rovers,Nottingham Forest,0,1
2020-10-17,Bournemouth,QPR,0,0
2020-10-17,Rotherham United,Norwich City,1,2
2020-10-17,Middlesbrough,Reading,0,0
2020-10-17,Luton Town,Stoke City,0,2
2020-10-17,Brentford,Coventry City,2,0
2020-10-17,Bournemouth,QPR,0,0
2020-10-17,Blackburn Rovers,Nottingham Forest,0,1
2020-10-17,Birmingham City,Sheffield Weds,0,1
2020-10-17,Barnsley,Bristol City,2,2
2020-10-17,Chelsea,Southampton,3,3
2020-10-17,Everton,Liverpool,2,2
2020-10-17,Manchester City,Arsenal,1,0
2020-10-17,Newcastle United,Manchester Utd,1,4
2020-10-17,Wycombe Wanderers,Millwall,1,2
2020-10-17,Everton,Liverpool,2,2
2020-10-17,Newcastle United,Manchester Utd,1,4
2020-10-17,Manchester City,Arsenal,1,0
2020-10-17,Chelsea,Southampton,3,3
2020-10-17,Swansea City,Huddersfield Town,1,2
2020-10-18,Tottenham Hotspur,West Ham United,3,3
2020-10-18,Sheffield United,Fulham,1,1
2020-10-18,Leicester City,Aston Villa,0,1
2020-10-18,Crystal Palace,Brighton,1,1
2020-10-18,Tottenham Hotspur,West Ham United,3,3
2020-10-18,Crystal Palace,Brighton,1,1
2020-10-18,Leicester City,Aston Villa,0,1
2020-10-18,Sheffield United,Fulham,1,1
2020-10-18,Preston North End,Cardiff City,0,1
2020-10-18,Preston North End,Cardiff City,0,1
2020-10-19,Leeds United,Wolves,0,1
2020-10-19,Leeds United,Wolves,0,1
2020-10-19,West Brom,Burnley,0,0
2020-10-19,West Brom,Burnley,0,0
2020-10-20,Coventry City,Swansea City,1,1
2020-10-20,Norwich City,Birmingham City,1,0
2020-10-20,Nottingham Forest,Rotherham United,1,1
2020-10-20,Reading,Wycombe Wanderers,1,0
2020-10-20,Reading,Wycombe Wanderers,1,0
2020-10-20,Nottingham Forest,Rotherham United,1,1
2020-10-20,Norwich City,Birmingham City,1,0
2020-10-20,Millwall,Luton Town,2,0
2020-10-20,Huddersfield Town,Derby County,1,0
2020-10-20,Bristol City,Middlesbrough,0,1
2020-10-20,Bristol City,Middlesbrough,0,1
2020-10-20,Huddersfield Town,Derby County,1,0
2020-10-20,Millwall,Luton Town,2,0
2020-10-20,Coventry City,Swansea City,1,1
2020-10-21,Cardiff City,Bournemouth,1,1
2020-10-21,QPR,Preston North End,0,2
2020-10-21,Sheffield Weds,Brentford,1,2
2020-10-21,Stoke City,Barnsley,2,2
2020-10-21,Watford,Blackburn Rovers,3,1
2020-10-21,Cardiff City,Bournemouth,1,1
2020-10-21,Stoke City,Barnsley,2,2
2020-10-21,Sheffield Weds,Brentford,1,2
2020-10-21,QPR,Preston North End,0,2
2020-10-21,Watford,Blackburn Rovers,3,1
2020-10-23,Nottingham Forest,Derby County,1,1
2020-10-23,Aston Villa,Leeds United,0,3
2020-10-23,Aston Villa,Leeds United,0,3
2020-10-23,Nottingham Forest,Derby County,1,1
2020-10-24,Watford,Bournemouth,1,1
2020-10-24,Reading,Rotherham United,3,0
2020-10-24,Sheffield Weds,Luton Town,0,1
2020-10-24,Stoke City,Brentford,3,2
2020-10-24,Coventry City,Blackburn Rovers,0,4
2020-10-24,Stoke City,Brentford,3,2
2020-10-24,Sheffield Weds,Luton Town,0,1
2020-10-24,Reading,Rotherham United,3,0
2020-10-24,QPR,Birmingham City,0,0
2020-10-24,Norwich City,Wycombe Wanderers,2,1
2020-10-24,Huddersfield Town,Preston North End,1,2
2020-10-24,QPR,Birmingham City,0,0
2020-10-24,Cardiff City,Middlesbrough,1,1
2020-10-24,Bristol City,Swansea City,1,1
2020-10-24,West Ham United,Manchester City,1,1
2020-10-24,Manchester Utd,Chelsea,0,0
2020-10-24,Liverpool,Sheffield United,2,1
2020-10-24,Fulham,Crystal Palace,1,2
2020-10-24,Watford,Bournemouth,1,1
2020-10-24,Norwich City,Wycombe Wanderers,2,1
2020-10-24,Millwall,Barnsley,1,1
2020-10-24,Huddersfield Town,Preston North End,1,2
2020-10-24,Liverpool,Sheffield United,2,1
2020-10-24,West Ham United,Manchester City,1,1
2020-10-24,Manchester Utd,Chelsea,0,0
2020-10-24,Millwall,Barnsley,1,1
2020-10-24,Bristol City,Swansea City,1,1
2020-10-24,Cardiff City,Middlesbrough,1,1
2020-10-24,Coventry City,Blackburn Rovers,0,4
2020-10-24,Fulham,Crystal Palace,1,2
2020-10-25,Arsenal,Leicester City,0,1
2020-10-25,Wolves,Newcastle United,1,1
2020-10-25,Wolves,Newcastle United,1,1
2020-10-25,Arsenal,Leicester City,0,1
2020-10-25,Southampton,Everton,2,0
2020-10-25,Southampton,Everton,2,0
2020-10-26,Brighton,West Brom,1,1
2020-10-26,Burnley,Tottenham Hotspur,0,1
2020-10-26,Brighton,West Brom,1,1
2020-10-26,Burnley,Tottenham Hotspur,0,1
2020-10-27,Wycombe Wanderers,Watford,1,1
2020-10-27,Middlesbrough,Coventry City,2,0
2020-10-27,Wycombe Wanderers,Watford,1,1
2020-10-27,Swansea City,Stoke City,2,0
2020-10-27,Middlesbrough,Coventry City,2,0
2020-10-27,Brentford,Norwich City,1,1
2020-10-27,Blackburn Rovers,Reading,2,4
2020-10-27,Barnsley,QPR,3,0
2020-10-27,Barnsley,QPR,3,0
2020-10-27,Blackburn Rovers,Reading,2,4
2020-10-27,Brentford,Norwich City,1,1
2020-10-27,Swansea City,Stoke City,2,0
2020-10-28,Bournemouth,Bristol City,1,0
2020-10-28,Birmingham City,Huddersfield Town,2,1
2020-10-28,Luton Town,Nottingham Forest,1,1
2020-10-28,Bournemouth,Bristol City,1,0
2020-10-28,Derby County,Cardiff City,1,1
2020-10-28,Luton Town,Nottingham Forest,1,1
2020-10-28,Preston North End,Millwall,0,2
2020-10-28,Rotherham United,Sheffield Weds,3,0
2020-10-28,Preston North End,Millwall,0,2
2020-10-28,Rotherham United,Sheffield Weds,3,0
2020-10-28,Derby County,Cardiff City,1,1
2020-10-28,Birmingham City,Huddersfield Town,2,1
2020-10-30,Wolves,Crystal Palace,2,0
2020-10-30,Coventry City,Reading,3,2
2020-10-30,Wolves,Crystal Palace,2,0
2020-10-30,Coventry City,Reading,3,2
2020-10-31,Liverpool,West Ham United,2,1
2020-10-31,Sheffield United,Manchester City,0,1
2020-10-31,Sheffield United,Manchester City,0,1
2020-10-31,Liverpool,West Ham United,2,1
2020-10-31,Luton Town,Brentford,0,3
2020-10-31,Barnsley,Watford,1,0
2020-10-31,Bristol City,Norwich City,1,3
2020-10-31,Bristol City,Norwich City,1,3
2020-10-31,Luton Town,Brentford,0,3
2020-10-31,Middlesbrough,Nottingham Forest,1,0
2020-10-31,Millwall,Huddersfield Town,0,3
2020-10-31,Preston North End,Birmingham City,1,2
2020-10-31,QPR,Cardiff City,3,2
2020-10-31,Stoke City,Rotherham United,1,0
2020-10-31,Swansea City,Blackburn Rovers,2,0
2020-10-31,Wycombe Wanderers,Sheffield Weds,1,0
2020-10-31,Burnley,Chelsea,0,3
2020-10-31,Bournemouth,Derby County,1,1
2020-10-31,Burnley,Chelsea,0,3
2020-10-31,Barnsley,Watford,1,0
2020-10-31,Middlesbrough,Nottingham Forest,1,0
2020-10-31,Millwall,Huddersfield Town,0,3
2020-10-31,QPR,Cardiff City,3,2
2020-10-31,Stoke City,Rotherham United,1,0
2020-10-31,Preston North End,Birmingham City,1,2
2020-10-31,Swansea City,Blackburn Rovers,2,0
2020-10-31,Wycombe Wanderers,Sheffield Weds,1,0
2020-10-31,Bournemouth,Derby County,1,1
2020-11-01,Tottenham Hotspur,Brighton,2,1
2020-11-01,Manchester Utd,Arsenal,0,1
2020-11-01,Aston Villa,Southampton,3,4
2020-11-01,Aston Villa,Southampton,3,4
2020-11-01,Manchester Utd,Arsenal,0,1
2020-11-01,Newcastle United,Everton,2,1
2020-11-01,Tottenham Hotspur,Brighton,2,1
2020-11-01,Newcastle United,Everton,2,1
2020-11-02,Leeds United,Leicester City,1,4
2020-11-02,Fulham,West Brom,2,0
2020-11-02,Fulham,West Brom,2,0
2020-11-02,Leeds United,Leicester City,1,4
2020-11-03,Blackburn Rovers,Middlesbrough,0,0
2020-11-03,Cardiff City,Barnsley,3,0
2020-11-03,Brentford,Swansea City,1,1
2020-11-03,Blackburn Rovers,Middlesbrough,0,0
2020-11-03,Huddersfield Town,Bristol City,1,2
2020-11-03,Sheffield Weds,Bournemouth,1,0
2020-11-03,Norwich City,Millwall,0,0
2020-11-03,Sheffield Weds,Bournemouth,1,0
2020-11-03,Norwich City,Millwall,0,0
2020-11-03,Huddersfield Town,Bristol City,1,2
2020-11-03,Cardiff City,Barnsley,3,0
2020-11-03,Brentford,Swansea City,1,1
2020-11-04,Birmingham City,Wycombe Wanderers,1,2
2020-11-04,Nottingham Forest,Coventry City,2,1
2020-11-04,Reading,Preston North End,0,3
2020-11-04,Rotherham United,Luton Town,0,1
2020-11-04,Watford,Stoke City,3,2
2020-11-04,Derby County,QPR,0,1
2020-11-04,Watford,Stoke City,3,2
2020-11-04,Rotherham United,Luton Town,0,1
2020-11-04,Nottingham Forest,Coventry City,2,1
2020-11-04,Reading,Preston North End,0,3
2020-11-04,Birmingham City,Wycombe Wanderers,1,2
2020-11-04,Derby County,QPR,0,1
2020-11-06,Brighton,Burnley,0,0
2020-11-06,Cardiff City,Bristol City,0,1
2020-11-06,Harrogate Town FC,Skelmersdale United FC,4,1
2020-11-06,Harrogate Town FC,Skelmersdale United FC,4,1
2020-11-06,Cardiff City,Bristol City,0,1
2020-11-06,Southampton,Newcastle United,2,0
2020-11-06,Southampton,Newcastle United,2,0
2020-11-06,Brighton,Burnley,0,0
2020-11-07,Huddersfield Town,Luton Town,1,1
2020-11-07,Brentford,Middlesbrough,0,0
2020-11-07,Blackburn Rovers,QPR,3,1
2020-11-07,Birmingham City,Bournemouth,1,3
2020-11-07,Norwich City,Swansea City,1,0
2020-11-07,Nottingham Forest,Wycombe Wanderers,2,0
2020-11-07,Reading,Stoke City,0,3
2020-11-07,Rotherham United,Preston North End,2,1
2020-11-07,Sheffield Weds,Millwall,0,0
2020-11-07,Watford,Coventry City,3,2
2020-11-07,Derby County,Barnsley,0,2
2020-11-07,Stevenage,Concord Rangers FC,2,2
2020-11-07,Watford,Coventry City,3,2
2020-11-07,Walsall,Bristol Rovers,1,2
2020-11-07,Tranmere Rovers,Accrington Stanley,2,1
2020-11-07,Birmingham City,Bournemouth,1,3
2020-11-07,Blackburn Rovers,QPR,3,1
2020-11-07,Brentford,Middlesbrough,0,0
2020-11-07,Salford City FC,Hartlepool United,2,0
2020-11-07,Derby County,Barnsley,0,2
2020-11-07,Huddersfield Town,Luton Town,1,1
2020-11-07,Norwich City,Swansea City,1,0
2020-11-07,Nottingham Forest,Wycombe Wanderers,2,0
2020-11-07,Reading,Stoke City,0,3
2020-11-07,Tonbridge Angels FC,Bradford City,0,7
2020-11-07,Swindon Town,Darlington,1,2
2020-11-07,Sunderland,Mansfield Town,0,1
2020-11-07,Sheffield Weds,Millwall,0,0
2020-11-07,Rotherham United,Preston North End,2,1
2020-11-07,Rochdale,Stockport,1,2
2020-11-07,Crystal Palace,Leeds United,4,1
2020-11-07,Rochdale,Stockport,1,2
2020-11-07,Port Vale,King's Lynn Town FC,0,1
2020-11-07,Oxford United,Peterborough United,1,2
2020-11-07,Lincoln City,Forest Green Rovers,6,2
2020-11-07,Leyton Orient,Newport County,1,2
2020-11-07,Ipswich Town,Portsmouth,2,3
2020-11-07,Hull City,Fleetwood Town,2,0
2020-11-07,Chelsea,Sheffield United,4,1
2020-11-07,FC United of Manchester,Doncaster Rovers,1,5
2020-11-07,Exeter City,Fylde,2,1
2020-11-07,Salford City FC,Hartlepool United,2,0
2020-11-07,Dagenham & Redbridge,Grimsby Town,3,1
2020-11-07,Cheltenham Town,South Shields FC,3,1
2020-11-07,Charlton Athletic,Plymouth Argyle,0,1
2020-11-07,Cambridge United,Shrewsbury Town,0,2
2020-11-07,Bromley,Yeovil Town,0,1
2020-11-07,Brackley Town FC,Bishop's Stortford FC,3,3
2020-11-07,Boreham Wood,Southend United,3,3
2020-11-07,Bolton Wanderers,Crewe Alexandra,2,3
2020-11-07,Banbury United FC,Canvey Island FC,1,2
2020-11-07,West Ham United,Fulham,1,0
2020-11-07,Everton,Manchester Utd,1,3
2020-11-07,Colchester United,Marine FC,1,1
2020-11-07,Crystal Palace,Leeds United,4,1
2020-11-07,Stevenage,Concord Rangers FC,2,2
2020-11-07,Swindon Town,Darlington,1,2
2020-11-07,Port Vale,King's Lynn Town FC,0,1
2020-11-07,Oxford United,Peterborough United,1,2
2020-11-07,Lincoln City,Forest Green Rovers,6,2
2020-11-07,Leyton Orient,Newport County,1,2
2020-11-07,Ipswich Town,Portsmouth,2,3
2020-11-07,Hull City,Fleetwood Town,2,0
2020-11-07,Gillingham,Woking,3,2
2020-11-07,FC United of Manchester,Doncaster Rovers,1,5
2020-11-07,Exeter City,Fylde,2,1
2020-11-07,Dagenham & Redbridge,Grimsby Town,3,1
2020-11-07,Sunderland,Mansfield Town,0,1
2020-11-07,Colchester United,Marine FC,1,1
2020-11-07,Charlton Athletic,Plymouth Argyle,0,1
2020-11-07,Cambridge United,Shrewsbury Town,0,2
2020-11-07,Bromley,Yeovil Town,0,1
2020-11-07,Brackley Town FC,Bishop's Stortford FC,3,3
2020-11-07,Boreham Wood,Southend United,3,3
2020-11-07,Bolton Wanderers,Crewe Alexandra,2,3
2020-11-07,Banbury United FC,Canvey Island FC,1,2
2020-11-07,Walsall,Bristol Rovers,1,2
2020-11-07,Tranmere Rovers,Accrington Stanley,2,1
2020-11-07,Tonbridge Angels FC,Bradford City,0,7
2020-11-07,Cheltenham Town,South Shields FC,3,1
2020-11-07,Chelsea,Sheffield United,4,1
2020-11-07,Gillingham,Woking,3,2
2020-11-07,Everton,Manchester Utd,1,3
2020-11-07,West Ham United,Fulham,1,0
2020-11-08,Manchester City,Liverpool,1,1
2020-11-08,Arsenal,Aston Villa,0,3
2020-11-08,Leicester City,Wolves,1,0
2020-11-08,Torquay,Crawley Town,5,6
2020-11-08,West Brom,Tottenham Hotspur,0,1
2020-11-08,West Brom,Tottenham Hotspur,0,1
2020-11-08,Maldon & Tiptree FC,Morecambe,0,1
2020-11-08,Hayes&Yeading,Carlisle United,2,2
2020-11-08,Manchester City,Liverpool,1,1
2020-11-08,Leicester City,Wolves,1,0
2020-11-08,Arsenal,Aston Villa,0,3
2020-11-08,Wigan Athletic,Chorley FC,2,3
2020-11-08,Hampton & Richmond Borough FC,Oldham Athletic,2,3
2020-11-08,Scunthorpe United,Solihull Moors,2,3
2020-11-08,Eastbourne Bor,Blackpool,0,3
2020-11-08,Eastleigh,Milton Keynes Dons,0,0
2020-11-08,Havant & W'ville,Cray Valley Paper Mills FC,1,0
2020-11-08,Wigan Athletic,Chorley FC,2,3
2020-11-08,Torquay,Crawley Town,5,6
2020-11-08,Scunthorpe United,Solihull Moors,2,3
2020-11-08,Maldon & Tiptree FC,Morecambe,0,1
2020-11-08,Hayes&Yeading,Carlisle United,2,2
2020-11-08,Havant & W'ville,Cray Valley Paper Mills FC,1,0
2020-11-08,Hampton & Richmond Borough FC,Oldham Athletic,2,3
2020-11-08,Eastleigh,Milton Keynes Dons,0,0
2020-11-08,Eastbourne Bor,Blackpool,0,3
2020-11-08,Barnet,Burton Albion,1,0
2020-11-08,Barnet,Burton Albion,1,0
2020-11-09,Oxford City FC,Northampton Town,2,1
2020-11-09,Oxford City FC,Northampton Town,2,1
2020-11-20,Coventry City,Birmingham City,0,0
2020-11-20,Coventry City,Birmingham City,0,0
2020-11-21,Swansea City,Rotherham United,1,0
2020-11-21,Luton Town,Blackburn Rovers,1,1
2020-11-21,Bristol City,Derby County,1,0
2020-11-21,Bournemouth,Reading,4,2
2020-11-21,Barnsley,Nottingham Forest,2,0
2020-11-21,Millwall,Cardiff City,1,1
2020-11-21,Middlesbrough,Norwich City,0,1
2020-11-21,Stoke City,Huddersfield Town,4,3
2020-11-21,Bristol City,Derby County,1,0
2020-11-21,Bournemouth,Reading,4,2
2020-11-21,Barnsley,Nottingham Forest,2,0
2020-11-21,Aston Villa,Brighton,1,2
2020-11-21,Manchester Utd,West Brom,1,0
2020-11-21,Newcastle United,Chelsea,0,2
2020-11-21,Tottenham Hotspur,Manchester City,2,0
2020-11-21,Manchester Utd,West Brom,1,0
2020-11-21,Aston Villa,Brighton,1,2
2020-11-21,Tottenham Hotspur,Manchester City,2,0
2020-11-21,Newcastle United,Chelsea,0,2
2020-11-21,Middlesbrough,Norwich City,0,1
2020-11-21,Millwall,Cardiff City,1,1
2020-11-21,Luton Town,Blackburn Rovers,1,1
2020-11-21,QPR,Watford,1,1
2020-11-21,Stoke City,Huddersfield Town,4,3
2020-11-21,Swansea City,Rotherham United,1,0
2020-11-21,Wycombe Wanderers,Brentford,0,0
2020-11-21,Wycombe Wanderers,Brentford,0,0
2020-11-21,Preston North End,Sheffield Weds,1,0
2020-11-21,QPR,Watford,1,1
2020-11-21,Preston North End,Sheffield Weds,1,0
2020-11-22,Liverpool,Leicester City,3,0
2020-11-22,Sheffield United,West Ham United,0,1
2020-11-22,Liverpool,Leicester City,3,0
2020-11-22,Fulham,Everton,2,3
2020-11-22,Leeds United,Arsenal,0,0
2020-11-22,Fulham,Everton,2,3
2020-11-22,Sheffield United,West Ham United,0,1
2020-11-22,Leeds United,Arsenal,0,0
2020-11-23,Burnley,Crystal Palace,1,0
2020-11-23,Wolves,Southampton,1,1
2020-11-23,Wolves,Southampton,1,1
2020-11-23,Burnley,Crystal Palace,1,0
2020-11-24,Stoke City,Norwich City,2,3
2020-11-24,Barnsley,Brentford,0,1
2020-11-24,Barnsley,Brentford,0,1
2020-11-24,Luton Town,Birmingham City,1,1
2020-11-24,Preston North End,Blackburn Rovers,0,3
2020-11-24,QPR,Rotherham United,3,2
2020-11-24,Wycombe Wanderers,Huddersfield Town,0,0
2020-11-24,Bournemouth,Nottingham Forest,2,0
2020-11-24,QPR,Rotherham United,3,2
2020-11-24,Bournemouth,Nottingham Forest,2,0
2020-11-24,Luton Town,Birmingham City,1,1
2020-11-24,Preston North End,Blackburn Rovers,0,3
2020-11-24,Wycombe Wanderers,Huddersfield Town,0,0
2020-11-24,Stoke City,Norwich City,2,3
2020-11-25,Bristol City,Watford,0,0
2020-11-25,Coventry City,Cardiff City,1,0
2020-11-25,Millwall,Reading,1,1
2020-11-25,Swansea City,Sheffield Weds,1,1
2020-11-25,Bristol City,Watford,0,0
2020-11-25,Coventry City,Cardiff City,1,0
2020-11-25,Middlesbrough,Derby County,3,0
2020-11-25,Millwall,Reading,1,1
2020-11-25,Swansea City,Sheffield Weds,1,1
2020-11-25,Middlesbrough,Derby County,3,0
2020-11-26,Barrow,AFC Wimbledon,0,0
2020-11-26,Barrow,AFC Wimbledon,0,0
2020-11-27,Brentford,QPR,2,1
2020-11-27,Crystal Palace,Newcastle United,0,2
2020-11-27,Tranmere Rovers,Brackley Town FC,1,0
2020-11-27,Tranmere Rovers,Brackley Town FC,1,0
2020-11-27,Brentford,QPR,2,1
2020-11-27,Crystal Palace,Newcastle United,0,2
2020-11-28,Birmingham City,Millwall,0,0
2020-11-28,Blackburn Rovers,Barnsley,2,1
2020-11-28,Cardiff City,Luton Town,4,0
2020-11-28,Cheltenham Town,Crewe Alexandra,2,1
2020-11-28,Norwich City,Coventry City,1,1
2020-11-28,Reading,Bristol City,3,1
2020-11-28,Rotherham United,Bournemouth,2,2
2020-11-28,Sheffield Weds,Stoke City,0,0
2020-11-28,Watford,Preston North End,4,1
2020-11-28,Everton,Leeds United,0,1
2020-11-28,Huddersfield Town,Middlesbrough,3,2
2020-11-28,Derby County,Wycombe Wanderers,1,1
2020-11-28,Manchester City,Burnley,5,0
2020-11-28,Brighton,Liverpool,1,1
2020-11-28,West Brom,Sheffield United,1,0
2020-11-28,Manchester City,Burnley,5,0
2020-11-28,Everton,Leeds United,0,1
2020-11-28,Brighton,Liverpool,1,1
2020-11-28,Portsmouth,King's Lynn Town FC,6,1
2020-11-28,Plymouth Argyle,Lincoln City,2,0
2020-11-28,Peterborough United,Chorley FC,1,2
2020-11-28,Newport County,Salford City FC,3,0
2020-11-28,Morecambe,Solihull Moors,4,2
2020-11-28,Harrogate Town FC,Blackpool,0,4
2020-11-28,Bradford City,Oldham Athletic,1,2
2020-11-28,Bradford City,Oldham Athletic,1,2
2020-11-28,Gillingham,Exeter City,2,3
2020-11-28,West Brom,Sheffield United,1,0
2020-11-28,Cheltenham Town,Crewe Alexandra,2,1
2020-11-28,Peterborough United,Chorley FC,1,2
2020-11-28,Blackburn Rovers,Barnsley,2,1
2020-11-28,Cardiff City,Luton Town,4,0
2020-11-28,Portsmouth,King's Lynn Town FC,6,1
2020-11-28,Plymouth Argyle,Lincoln City,2,0
2020-11-28,Newport County,Salford City FC,3,0
2020-11-28,Morecambe,Solihull Moors,4,2
2020-11-28,Harrogate Town FC,Blackpool,0,4
2020-11-28,Gillingham,Exeter City,2,3
2020-11-28,Derby County,Wycombe Wanderers,1,1
2020-11-28,Huddersfield Town,Middlesbrough,3,2
2020-11-28,Norwich City,Coventry City,1,1
2020-11-28,Reading,Bristol City,3,1
2020-11-28,Birmingham City,Millwall,0,0
2020-11-28,Sheffield Weds,Stoke City,0,0
2020-11-28,Watford,Preston North End,4,1
2020-11-28,Rotherham United,Bournemouth,2,2
2020-11-29,Arsenal,Wolves,1,2
2020-11-29,Stevenage,Hull City,1,1
2020-11-29,Shrewsbury Town,Oxford City FC,1,0
2020-11-29,Marine FC,Havant & W'ville,1,0
2020-11-29,Nottingham Forest,Swansea City,0,1
2020-11-29,Stockport,Yeovil Town,3,2
2020-11-29,Stevenage,Hull City,1,1
2020-11-29,Shrewsbury Town,Oxford City FC,1,0
2020-11-29,Southampton,Manchester Utd,2,3
2020-11-29,Mansfield Town,Dagenham & Redbridge,2,1
2020-11-29,Carlisle United,Doncaster Rovers,1,2
2020-11-29,Bristol Rovers,Darlington,6,0
2020-11-29,Barnet,Milton Keynes Dons,0,1
2020-11-29,Mansfield Town,Dagenham & Redbridge,2,1
2020-11-29,Carlisle United,Doncaster Rovers,1,2
2020-11-29,Bristol Rovers,Darlington,6,0
2020-11-29,Barnet,Milton Keynes Dons,0,1
2020-11-29,AFC Wimbledon,Crawley Town,1,2
2020-11-29,Chelsea,Tottenham Hotspur,0,0
2020-11-29,Arsenal,Wolves,1,2
2020-11-29,Stockport,Yeovil Town,3,2
2020-11-29,Nottingham Forest,Swansea City,0,1
2020-11-29,Southampton,Manchester Utd,2,3
2020-11-29,Chelsea,Tottenham Hotspur,0,0
2020-11-29,AFC Wimbledon,Crawley Town,1,2
2020-11-29,Marine FC,Havant & W'ville,1,0
2020-11-30,West Ham United,Aston Villa,2,1
2020-11-30,Leicester City,Fulham,1,2
2020-11-30,West Ham United,Aston Villa,2,1
2020-11-30,Canvey Island FC,Boreham Wood,0,3
2020-11-30,Leicester City,Fulham,1,2
2020-11-30,Canvey Island FC,Boreham Wood,0,3
2020-12-01,Birmingham City,Barnsley,1,2
2020-12-01,Derby County,Coventry City,1,1
2020-12-01,QPR,Bristol City,1,2
2020-12-01,Rotherham United,Brentford,0,2
2020-12-01,Bournemouth,Preston North End,2,3
2020-12-01,Cardiff City,Huddersfield Town,3,0
2020-12-01,QPR,Bristol City,1,2
2020-12-01,Derby County,Coventry City,1,1
2020-12-01,Cardiff City,Huddersfield Town,3,0
2020-12-01,Bournemouth,Preston North End,2,3
2020-12-01,Birmingham City,Barnsley,1,2
2020-12-01,Rotherham United,Brentford,0,2
2020-12-02,Blackburn Rovers,Millwall,2,1
2020-12-02,Nottingham Forest,Watford,0,0
2020-12-02,Luton Town,Norwich City,3,1
2020-12-02,Sheffield Weds,Reading,1,1
2020-12-02,Nottingham Forest,Watford,0,0
2020-12-02,Middlesbrough,Swansea City,2,1
2020-12-02,Luton Town,Norwich City,3,1
2020-12-02,Blackburn Rovers,Millwall,2,1
2020-12-02,Sheffield Weds,Reading,1,1
2020-12-02,Wycombe Wanderers,Stoke City,0,1
2020-12-02,Wycombe Wanderers,Stoke City,0,1
2020-12-02,Middlesbrough,Swansea City,2,1
2020-12-04,Barnsley,Bournemouth,0,4
2020-12-04,Barnsley,Bournemouth,0,4
2020-12-05,Swansea City,Luton Town,2,0
2020-12-05,Burnley,Everton,1,1
2020-12-05,Watford,Cardiff City,0,1
2020-12-05,Stoke City,Middlesbrough,1,0
2020-12-05,Reading,Nottingham Forest,2,0
2020-12-05,Preston North End,Wycombe Wanderers,2,2
2020-12-05,Norwich City,Sheffield Weds,2,1
2020-12-05,Millwall,Derby County,0,1
2020-12-05,Huddersfield Town,QPR,2,0
2020-12-05,Coventry City,Rotherham United,3,1
2020-12-05,Bristol City,Birmingham City,0,1
2020-12-05,Brentford,Blackburn Rovers,2,2
2020-12-05,Chelsea,Leeds United,3,1
2020-12-05,Manchester City,Fulham,2,0
2020-12-05,West Ham United,Manchester Utd,1,3
2020-12-05,Chelsea,Leeds United,3,1
2020-12-05,Manchester City,Fulham,2,0
2020-12-05,West Ham United,Manchester Utd,1,3
2020-12-05,Bristol City,Birmingham City,0,1
2020-12-05,Swansea City,Luton Town,2,0
2020-12-05,Watford,Cardiff City,0,1
2020-12-05,Stoke City,Middlesbrough,1,0
2020-12-05,Burnley,Everton,1,1
2020-12-05,Reading,Nottingham Forest,2,0
2020-12-05,Preston North End,Wycombe Wanderers,2,2
2020-12-05,Norwich City,Sheffield Weds,2,1
2020-12-05,Brentford,Blackburn Rovers,2,2
2020-12-05,Millwall,Derby County,0,1
2020-12-05,Coventry City,Rotherham United,3,1
2020-12-05,Huddersfield Town,QPR,2,0
2020-12-06,West Brom,Crystal Palace,1,5
2020-12-06,Tottenham Hotspur,Arsenal,2,0
2020-12-06,Sheffield United,Leicester City,1,2
2020-12-06,Liverpool,Wolves,4,0
2020-12-06,Tottenham Hotspur,Arsenal,2,0
2020-12-06,Liverpool,Wolves,4,0
2020-12-06,Sheffield United,Leicester City,1,2
2020-12-06,West Brom,Crystal Palace,1,5
2020-12-07,Brighton,Southampton,1,2
2020-12-07,Brighton,Southampton,1,2
2020-12-08,Swansea City,Bournemouth,0,0
2020-12-08,Watford,Rotherham United,2,0
2020-12-08,Huddersfield Town,Sheffield Weds,2,0
2020-12-08,Coventry City,Luton Town,0,0
2020-12-08,Stoke City,Cardiff City,1,2
2020-12-08,Millwall,QPR,1,1
2020-12-08,Huddersfield Town,Sheffield Weds,2,0
2020-12-08,Coventry City,Luton Town,0,0
2020-12-08,Millwall,QPR,1,1
2020-12-08,Stoke City,Cardiff City,1,2
2020-12-08,Swansea City,Bournemouth,0,0
2020-12-08,Watford,Rotherham United,2,0
2020-12-09,Barnsley,Wycombe Wanderers,2,1
2020-12-09,Brentford,Derby County,0,0
2020-12-09,Bristol City,Blackburn Rovers,1,0
2020-12-09,Norwich City,Nottingham Forest,2,1
2020-12-09,Reading,Birmingham City,1,2
2020-12-09,Preston North End,Middlesbrough,3,0
2020-12-09,Norwich City,Nottingham Forest,2,1
2020-12-09,Reading,Birmingham City,1,2
2020-12-09,Preston North End,Middlesbrough,3,0
2020-12-09,Barnsley,Wycombe Wanderers,2,1
2020-12-09,Brentford,Derby County,0,0
2020-12-09,Bristol City,Blackburn Rovers,1,0
2020-12-11,Leeds United,West Ham United,1,2
2020-12-11,Leeds United,West Ham United,1,2
2020-12-12,QPR,Reading,0,1
2020-12-12,Wolves,Aston Villa,0,1
2020-12-12,Nottingham Forest,Brentford,1,3
2020-12-12,Newcastle United,West Brom,2,1
2020-12-12,Bournemouth,Huddersfield Town,5,0
2020-12-12,Middlesbrough,Millwall,3,0
2020-12-12,Luton Town,Preston North End,3,0
2020-12-12,Birmingham City,Watford,0,1
2020-12-12,Rotherham United,Bristol City,2,0
2020-12-12,Derby County,Stoke City,0,0
2020-12-12,Cardiff City,Swansea City,0,2
2020-12-12,Blackburn Rovers,Norwich City,1,2
2020-12-12,Sheffield Weds,Barnsley,1,2
2020-12-12,Middlesbrough,Millwall,3,0
2020-12-12,Manchester Utd,Manchester City,0,0
2020-12-12,Nottingham Forest,Brentford,1,3
2020-12-12,QPR,Reading,0,1
2020-12-12,Derby County,Stoke City,0,0
2020-12-12,Sheffield Weds,Barnsley,1,2
2020-12-12,Wycombe Wanderers,Coventry City,1,2
2020-12-12,Wolves,Aston Villa,0,1
2020-12-12,Newcastle United,West Brom,2,1
2020-12-12,Manchester Utd,Manchester City,0,0
2020-12-12,Wycombe Wanderers,Coventry City,1,2
2020-12-12,Everton,Chelsea,1,0
2020-12-12,Bournemouth,Huddersfield Town,5,0
2020-12-12,Blackburn Rovers,Norwich City,1,2
2020-12-12,Birmingham City,Watford,0,1
2020-12-12,Luton Town,Preston North End,3,0
2020-12-12,Everton,Chelsea,1,0
2020-12-12,Cardiff City,Swansea City,0,2
2020-12-12,Rotherham United,Bristol City,2,0
2020-12-13,Southampton,Sheffield United,3,0
2020-12-13,Leicester City,Brighton,3,0
2020-12-13,Arsenal,Burnley,0,1
2020-12-13,Fulham,Liverpool,1,1
2020-12-13,Fulham,Liverpool,1,1
2020-12-13,Arsenal,Burnley,0,1
2020-12-13,Leicester City,Brighton,3,0
2020-12-13,Southampton,Sheffield United,3,0
2020-12-13,Crystal Palace,Tottenham Hotspur,1,1
2020-12-13,Crystal Palace,Tottenham Hotspur,1,1
2020-12-15,Wolves,Chelsea,2,1
2020-12-15,Wolves,Chelsea,2,1
2020-12-15,Barnsley,Preston North End,2,1
2020-12-15,Watford,Brentford,1,1
2020-12-15,Manchester City,West Brom,1,1
2020-12-15,Barnsley,Preston North End,2,1
2020-12-15,Bournemouth,Wycombe Wanderers,1,0
2020-12-15,Bristol City,Millwall,0,2
2020-12-15,Nottingham Forest,Sheffield Weds,2,0
2020-12-15,QPR,Stoke City,0,0
2020-12-15,Manchester City,West Brom,1,1
2020-12-15,Bournemouth,Wycombe Wanderers,1,0
2020-12-15,Watford,Brentford,1,1
2020-12-15,Bristol City,Millwall,0,2
2020-12-15,Nottingham Forest,Sheffield Weds,2,0
2020-12-15,QPR,Stoke City,0,0
2020-12-16,Leeds United,Newcastle United,5,2
2020-12-16,Fulham,Brighton,0,0
2020-12-16,Arsenal,Southampton,1,1
2020-12-16,Blackburn Rovers,Rotherham United,2,1
2020-12-16,Cardiff City,Birmingham City,3,2
2020-12-16,Coventry City,Huddersfield Town,0,0
2020-12-16,Derby County,Swansea City,2,0
2020-12-16,Middlesbrough,Luton Town,1,0
2020-12-16,Reading,Norwich City,1,2
2020-12-16,Blackburn Rovers,Rotherham United,2,1
2020-12-16,Cardiff City,Birmingham City,3,2
2020-12-16,Coventry City,Huddersfield Town,0,0
2020-12-16,Derby County,Swansea City,2,0
2020-12-16,Middlesbrough,Luton Town,1,0
2020-12-16,Reading,Norwich City,1,2
2020-12-16,Leicester City,Everton,0,2
2020-12-16,West Ham United,Crystal Palace,1,1
2020-12-16,Liverpool,Tottenham Hotspur,2,1
2020-12-16,Leeds United,Newcastle United,5,2
2020-12-16,Liverpool,Tottenham Hotspur,2,1
2020-12-16,West Ham United,Crystal Palace,1,1
2020-12-16,Fulham,Brighton,0,0
2020-12-16,Arsenal,Southampton,1,1
2020-12-16,Leicester City,Everton,0,2
2020-12-17,Sheffield United,Manchester Utd,2,3
2020-12-17,Aston Villa,Burnley,0,0
2020-12-17,Aston Villa,Burnley,0,0
2020-12-17,Sheffield United,Manchester Utd,2,3
2020-12-18,Preston North End,Bristol City,1,0
2020-12-18,Preston North End,Bristol City,1,0
2020-12-19,Norwich City,Cardiff City,2,0
2020-12-19,Huddersfield Town,Watford,2,0
2020-12-19,Luton Town,Bournemouth,0,0
2020-12-19,Millwall,Nottingham Forest,1,1
2020-12-19,Norwich City,Cardiff City,2,0
2020-12-19,Sheffield Weds,Coventry City,1,0
2020-12-19,Stoke City,Blackburn Rovers,1,0
2020-12-19,Swansea City,Barnsley,2,0
2020-12-19,Brentford,Reading,3,1
2020-12-19,Birmingham City,Middlesbrough,1,4
2020-12-19,Luton Town,Bournemouth,0,0
2020-12-19,Brentford,Reading,3,1
2020-12-19,Birmingham City,Middlesbrough,1,4
2020-12-19,Crystal Palace,Liverpool,0,7
2020-12-19,Everton,Arsenal,2,1
2020-12-19,Newcastle United,Fulham,1,1
2020-12-19,Southampton,Manchester City,0,1
2020-12-19,Wycombe Wanderers,QPR,1,1
2020-12-19,Southampton,Manchester City,0,1
2020-12-19,Newcastle United,Fulham,1,1
2020-12-19,Everton,Arsenal,2,1
2020-12-19,Crystal Palace,Liverpool,0,7
2020-12-19,Huddersfield Town,Watford,2,0
2020-12-19,Millwall,Nottingham Forest,1,1
2020-12-19,Sheffield Weds,Coventry City,1,0
2020-12-19,Wycombe Wanderers,QPR,1,1
2020-12-19,Stoke City,Blackburn Rovers,1,0
2020-12-19,Swansea City,Barnsley,2,0
2020-12-20,Brighton,Sheffield United,1,1
2020-12-20,Manchester Utd,Leeds United,6,2
2020-12-20,Tottenham Hotspur,Leicester City,0,2
2020-12-20,West Brom,Aston Villa,0,3
2020-12-20,West Brom,Aston Villa,0,3
2020-12-20,Tottenham Hotspur,Leicester City,0,2
2020-12-20,Manchester Utd,Leeds United,6,2
2020-12-20,Brighton,Sheffield United,1,1
2020-12-21,Burnley,Wolves,2,1
2020-12-21,Burnley,Wolves,2,1
2020-12-21,Chelsea,West Ham United,3,0
2020-12-21,Chelsea,West Ham United,3,0
2020-12-22,Arsenal,Manchester City,1,4
2020-12-22,Brentford,Newcastle United,1,0
2020-12-22,Arsenal,Manchester City,1,4
2020-12-22,Brentford,Newcastle United,1,0
2020-12-23,Everton,Manchester Utd,0,2
2020-12-23,Stoke City,Tottenham Hotspur,1,3
2020-12-23,Stoke City,Tottenham Hotspur,1,3
2020-12-23,Everton,Manchester Utd,0,2
2020-12-26,Coventry City,Stoke City,0,0
2020-12-26,Derby County,Preston North End,0,1
2020-12-26,Nottingham Forest,Birmingham City,0,0
2020-12-26,Blackburn Rovers,Sheffield Weds,1,1
2020-12-26,Barnsley,Huddersfield Town,2,1
2020-12-26,QPR,Swansea City,0,2
2020-12-26,Reading,Luton Town,2,1
2020-12-26,Watford,Norwich City,1,0
2020-12-26,Bristol City,Wycombe Wanderers,2,1
2020-12-26,Barnsley,Huddersfield Town,2,1
2020-12-26,Watford,Norwich City,1,0
2020-12-26,Aston Villa,Crystal Palace,3,0
2020-12-26,QPR,Swansea City,0,2
2020-12-26,Arsenal,Chelsea,3,1
2020-12-26,Nottingham Forest,Birmingham City,0,0
2020-12-26,Derby County,Preston North End,0,1
2020-12-26,Coventry City,Stoke City,0,0
2020-12-26,Cardiff City,Brentford,2,3
2020-12-26,Bristol City,Wycombe Wanderers,2,1
2020-12-26,Blackburn Rovers,Sheffield Weds,1,1
2020-12-26,Fulham,Southampton,0,0
2020-12-26,Reading,Luton Town,2,1
2020-12-26,Cardiff City,Brentford,2,3
2020-12-26,Manchester City,Newcastle United,2,0
2020-12-26,Fulham,Southampton,0,0
2020-12-26,Leicester City,Manchester Utd,2,2
2020-12-26,Manchester City,Newcastle United,2,0
2020-12-26,Sheffield United,Everton,0,1
2020-12-26,Aston Villa,Crystal Palace,3,0
2020-12-26,Leicester City,Manchester Utd,2,2
2020-12-26,Arsenal,Chelsea,3,1
2020-12-26,Sheffield United,Everton,0,1
2020-12-27,West Ham United,Brighton,2,2
2020-12-27,Liverpool,West Brom,1,1
2020-12-27,Leeds United,Burnley,1,0
2020-12-27,Liverpool,West Brom,1,1
2020-12-27,Leeds United,Burnley,1,0
2020-12-27,Wolves,Tottenham Hotspur,1,1
2020-12-27,Wolves,Tottenham Hotspur,1,1
2020-12-27,West Ham United,Brighton,2,2
2020-12-28,Crystal Palace,Leicester City,1,1
2020-12-28,Chelsea,Aston Villa,1,1
2020-12-28,Crystal Palace,Leicester City,1,1
2020-12-28,Chelsea,Aston Villa,1,1
2020-12-29,Norwich City,QPR,1,1
2020-12-29,Preston North End,Coventry City,2,0
2020-12-29,Rotherham United,Barnsley,1,2
2020-12-29,Sheffield Weds,Middlesbrough,2,1
2020-12-29,Stoke City,Nottingham Forest,1,1
2020-12-29,Wycombe Wanderers,Cardiff City,2,1
2020-12-29,Huddersfield Town,Blackburn Rovers,2,1
2020-12-29,Luton Town,Bristol City,2,1
2020-12-29,West Brom,Leeds United,0,5
2020-12-29,Burnley,Sheffield United,1,0
2020-12-29,Birmingham City,Derby County,0,4
2020-12-29,Brighton,Arsenal,0,1
2020-12-29,Burnley,Sheffield United,1,0
2020-12-29,Manchester Utd,Wolves,1,0
2020-12-29,Wycombe Wanderers,Cardiff City,2,1
2020-12-29,Stoke City,Nottingham Forest,1,1
2020-12-29,Sheffield Weds,Middlesbrough,2,1
2020-12-29,Rotherham United,Barnsley,1,2
2020-12-29,Brighton,Arsenal,0,1
2020-12-29,Preston North End,Coventry City,2,0
2020-12-29,Luton Town,Bristol City,2,1
2020-12-29,Huddersfield Town,Blackburn Rovers,2,1
2020-12-29,Birmingham City,Derby County,0,4
2020-12-29,Southampton,West Ham United,0,0
2020-12-29,West Brom,Leeds United,0,5
2020-12-29,Southampton,West Ham United,0,0
2020-12-29,Manchester Utd,Wolves,1,0
2020-12-29,Norwich City,QPR,1,1
2020-12-30,Newcastle United,Liverpool,0,0
2020-12-30,Brentford,Bournemouth,2,1
2020-12-30,Swansea City,Reading,0,0
2020-12-30,Brentford,Bournemouth,2,1
2020-12-30,Newcastle United,Liverpool,0,0
2020-12-30,Swansea City,Reading,0,0
2021-01-01,Manchester Utd,Aston Villa,2,1
2021-01-01,Sheffield Weds,Derby County,1,0
2021-01-01,Manchester Utd,Aston Villa,2,1
2021-01-01,Everton,West Ham United,0,1
2021-01-01,Everton,West Ham United,0,1
2021-01-01,Sheffield Weds,Derby County,1,0
2021-01-02,Millwall,Coventry City,1,2
2021-01-02,West Brom,Arsenal,0,4
2021-01-02,Tottenham Hotspur,Leeds United,3,0
2021-01-02,Crystal Palace,Sheffield United,2,0
2021-01-02,Wycombe Wanderers,Middlesbrough,1,3
2021-01-02,Swansea City,Watford,2,1
2021-01-02,Stoke City,Bournemouth,0,1
2021-01-02,Preston North End,Nottingham Forest,0,1
2021-01-02,Birmingham City,Blackburn Rovers,0,2
2021-01-02,Huddersfield Town,Reading,1,2
2021-01-02,Brighton,Wolves,3,3
2021-01-02,West Brom,Arsenal,0,4
2021-01-02,Norwich City,Barnsley,1,0
2021-01-02,Huddersfield Town,Reading,1,2
2021-01-02,Birmingham City,Blackburn Rovers,0,2
2021-01-02,Brighton,Wolves,3,3
2021-01-02,Millwall,Coventry City,1,2
2021-01-02,Norwich City,Barnsley,1,0
2021-01-02,Crystal Palace,Sheffield United,2,0
2021-01-02,Stoke City,Bournemouth,0,1
2021-01-02,Swansea City,Watford,2,1
2021-01-02,Wycombe Wanderers,Middlesbrough,1,3
2021-01-02,Tottenham Hotspur,Leeds United,3,0
2021-01-02,Preston North End,Nottingham Forest,0,1
2021-01-03,Newcastle United,Leicester City,1,2
2021-01-03,Newcastle United,Leicester City,1,2
2021-01-03,Chelsea,Manchester City,1,3
2021-01-03,Chelsea,Manchester City,1,3
2021-01-04,Southampton,Liverpool,1,0
2021-01-04,Southampton,Liverpool,1,0
2021-01-05,Tottenham Hotspur,Brentford,2,0
2021-01-05,Tottenham Hotspur,Brentford,2,0
2021-01-06,Manchester Utd,Manchester City,0,2
2021-01-06,Manchester Utd,Manchester City,0,2
2021-01-08,Aston Villa,Liverpool,1,4
2021-01-08,Wolves,Crystal Palace,1,0
2021-01-08,Aston Villa,Liverpool,1,4
2021-01-08,Wolves,Crystal Palace,1,0
2021-01-09,Wycombe Wanderers,Preston North End,4,1
2021-01-09,Blackburn Rovers,Doncaster Rovers,0,1
2021-01-09,Stoke City,Leicester City,0,4
2021-01-09,Stevenage,Swansea City,0,2
2021-01-09,QPR,Fulham,0,2
2021-01-09,Nottingham Forest,Cardiff City,1,0
2021-01-09,Norwich City,Coventry City,2,0
2021-01-09,Manchester Utd,Watford,1,0
2021-01-09,Luton Town,Reading,1,0
2021-01-09,Arsenal,Newcastle United,2,0
2021-01-09,Exeter City,Sheffield Weds,0,2
2021-01-09,Chorley FC,Derby County,2,0
2021-01-09,Burnley,Milton Keynes Dons,1,1
2021-01-09,Bristol Rovers,Sheffield United,2,3
2021-01-09,Brentford,Middlesbrough,2,1
2021-01-09,Bournemouth,Oldham Athletic,4,1
2021-01-09,Boreham Wood,Millwall,0,2
2021-01-09,Blackpool,West Brom,2,2
2021-01-09,Everton,Rotherham United,2,1
2021-01-09,Huddersfield Town,Plymouth Argyle,2,3
2021-01-09,Huddersfield Town,Plymouth Argyle,2,3
2021-01-09,Burnley,Milton Keynes Dons,1,1
2021-01-09,Nottingham Forest,Cardiff City,1,0
2021-01-09,Norwich City,Coventry City,2,0
2021-01-09,Manchester Utd,Watford,1,0
2021-01-09,Stoke City,Leicester City,0,4
2021-01-09,Wycombe Wanderers,Preston North End,4,1
2021-01-09,Luton Town,Reading,1,0
2021-01-09,Exeter City,Sheffield Weds,0,2
2021-01-09,Everton,Rotherham United,2,1
2021-01-09,Chorley FC,Derby County,2,0
2021-01-09,QPR,Fulham,0,2
2021-01-09,Bristol Rovers,Sheffield United,2,3
2021-01-09,Brentford,Middlesbrough,2,1
2021-01-09,Bournemouth,Oldham Athletic,4,1
2021-01-09,Boreham Wood,Millwall,0,2
2021-01-09,Stevenage,Swansea City,0,2
2021-01-09,Blackburn Rovers,Doncaster Rovers,0,1
2021-01-09,Arsenal,Newcastle United,2,0
2021-01-09,Blackpool,West Brom,2,2
2021-01-10,Newport County,Brighton,1,1
2021-01-10,Marine FC,Tottenham Hotspur,0,5
2021-01-10,Newport County,Brighton,1,1
2021-01-10,Barnsley,Tranmere Rovers,2,0
2021-01-10,Bristol City,Portsmouth,2,1
2021-01-10,Cheltenham Town,Mansfield Town,2,1
2021-01-10,Crawley Town,Leeds United,3,0
2021-01-10,Chelsea,Morecambe,4,0
2021-01-10,Manchester City,Birmingham City,3,0
2021-01-10,Manchester City,Birmingham City,3,0
2021-01-10,Crawley Town,Leeds United,3,0
2021-01-10,Cheltenham Town,Mansfield Town,2,1
2021-01-10,Chelsea,Morecambe,4,0
2021-01-10,Bristol City,Portsmouth,2,1
2021-01-10,Barnsley,Tranmere Rovers,2,0
2021-01-10,Marine FC,Tottenham Hotspur,0,5
2021-01-11,Stockport,West Ham United,0,1
2021-01-11,Stockport,West Ham United,0,1
2021-01-12,Bournemouth,Millwall,1,1
2021-01-12,Wolves,Everton,1,2
2021-01-12,Sheffield United,Newcastle United,1,0
2021-01-12,Burnley,Manchester Utd,0,1
2021-01-12,Luton Town,QPR,0,2
2021-01-12,Burnley,Manchester Utd,0,1
2021-01-12,Bournemouth,Millwall,1,1
2021-01-12,Wolves,Everton,1,2
2021-01-12,Sheffield United,Newcastle United,1,0
2021-01-12,Luton Town,QPR,0,2
2021-01-13,Manchester City,Brighton,1,0
2021-01-13,Tottenham Hotspur,Fulham,1,1
2021-01-13,Tottenham Hotspur,Fulham,1,1
2021-01-13,Manchester City,Brighton,1,0
2021-01-14,Arsenal,Crystal Palace,0,0
2021-01-14,Arsenal,Crystal Palace,0,0
2021-01-16,Barnsley,Swansea City,0,2
2021-01-16,Barnsley,Swansea City,0,2
2021-01-16,Leicester City,Southampton,2,0
2021-01-16,Watford,Huddersfield Town,2,0
2021-01-16,Nottingham Forest,Millwall,3,1
2021-01-16,Middlesbrough,Birmingham City,0,1
2021-01-16,Derby County,Rotherham United,0,1
2021-01-16,Cardiff City,Norwich City,1,2
2021-01-16,Derby County,Rotherham United,0,1
2021-01-16,Bristol City,Preston North End,2,0
2021-01-16,Middlesbrough,Birmingham City,0,1
2021-01-16,Blackburn Rovers,Stoke City,1,1
2021-01-16,Blackburn Rovers,Stoke City,1,1
2021-01-16,Bournemouth,Luton Town,0,1
2021-01-16,Bristol City,Preston North End,2,0
2021-01-16,Cardiff City,Norwich City,1,2
2021-01-16,Watford,Huddersfield Town,2,0
2021-01-16,Bournemouth,Luton Town,0,1
2021-01-16,Nottingham Forest,Millwall,3,1
2021-01-16,West Ham United,Burnley,1,0
2021-01-16,Leicester City,Southampton,2,0
2021-01-16,West Ham United,Burnley,1,0
2021-01-16,Wolves,West Brom,2,3
2021-01-16,Fulham,Chelsea,0,1
2021-01-16,Fulham,Chelsea,0,1
2021-01-16,Leeds United,Brighton,0,1
2021-01-16,Leeds United,Brighton,0,1
2021-01-16,Wolves,West Brom,2,3
2021-01-17,Sheffield United,Tottenham Hotspur,1,3
2021-01-17,Liverpool,Manchester Utd,0,0
2021-01-17,Manchester City,Crystal Palace,4,0
2021-01-17,Liverpool,Manchester Utd,0,0
2021-01-17,Manchester City,Crystal Palace,4,0
2021-01-17,Sheffield United,Tottenham Hotspur,1,3
2021-01-18,Arsenal,Newcastle United,3,0
2021-01-18,Arsenal,Newcastle United,3,0
2021-01-19,Leicester City,Chelsea,2,0
2021-01-19,Leicester City,Chelsea,2,0
2021-01-19,Southampton,Shrewsbury Town,2,0
2021-01-19,West Ham United,West Brom,2,1
2021-01-19,Derby County,Bournemouth,1,0
2021-01-19,West Ham United,West Brom,2,1
2021-01-19,Southampton,Shrewsbury Town,2,0
2021-01-19,Reading,Coventry City,3,0
2021-01-19,Rotherham United,Stoke City,3,3
2021-01-19,Watford,Barnsley,1,0
2021-01-19,Watford,Barnsley,1,0
2021-01-19,Rotherham United,Stoke City,3,3
2021-01-19,Derby County,Bournemouth,1,0
2021-01-19,Reading,Coventry City,3,0
2021-01-20,Norwich City,Bristol City,2,0
2021-01-20,Nottingham Forest,Middlesbrough,1,2
2021-01-20,Cardiff City,QPR,0,1
2021-01-20,Manchester City,Aston Villa,2,0
2021-01-20,Fulham,Manchester Utd,1,2
2021-01-20,Brentford,Luton Town,1,0
2021-01-20,Birmingham City,Preston North End,0,1
2021-01-20,Fulham,Manchester Utd,1,2
2021-01-20,Manchester City,Aston Villa,2,0
2021-01-20,Birmingham City,Preston North End,0,1
2021-01-20,Brentford,Luton Town,1,0
2021-01-20,Cardiff City,QPR,0,1
2021-01-20,Huddersfield Town,Millwall,0,1
2021-01-20,Norwich City,Bristol City,2,0
2021-01-20,Huddersfield Town,Millwall,0,1
2021-01-20,Nottingham Forest,Middlesbrough,1,2
2021-01-21,Liverpool,Burnley,0,1
2021-01-21,Liverpool,Burnley,0,1
2021-01-22,Stoke City,Watford,1,2
2021-01-22,Chorley FC,Wolves,0,1
2021-01-22,Stoke City,Watford,1,2
2021-01-22,Chorley FC,Wolves,0,1
2021-01-23,Swansea City,Nottingham Forest,5,1
2021-01-23,Southampton,Arsenal,1,0
2021-01-23,Sheffield United,Plymouth Argyle,2,1
2021-01-23,Millwall,Bristol City,0,3
2021-01-23,Cheltenham Town,Manchester City,1,3
2021-01-23,Brighton,Blackpool,2,1
2021-01-23,Barnsley,Norwich City,1,0
2021-01-23,QPR,Derby County,0,1
2021-01-23,Barnsley,Norwich City,1,0
2021-01-23,Brighton,Blackpool,2,1
2021-01-23,Cheltenham Town,Manchester City,1,3
2021-01-23,Millwall,Bristol City,0,3
2021-01-23,Sheffield United,Plymouth Argyle,2,1
2021-01-23,Southampton,Arsenal,1,0
2021-01-23,Swansea City,Nottingham Forest,5,1
2021-01-23,West Ham United,Doncaster Rovers,4,0
2021-01-23,Aston Villa,Newcastle United,2,0
2021-01-23,QPR,Derby County,0,1
2021-01-23,West Ham United,Doncaster Rovers,4,0
2021-01-23,Aston Villa,Newcastle United,2,0
2021-01-24,Preston North End,Reading,0,0
2021-01-24,Middlesbrough,Blackburn Rovers,0,1
2021-01-24,Fulham,Burnley,0,3
2021-01-24,Chelsea,Luton Town,3,1
2021-01-24,Everton,Sheffield Weds,3,0
2021-01-24,Manchester Utd,Liverpool,3,2
2021-01-24,Manchester Utd,Liverpool,3,2
2021-01-24,Fulham,Burnley,0,3
2021-01-24,Preston North End,Reading,0,0
2021-01-24,Middlesbrough,Blackburn Rovers,0,1
2021-01-24,Brentford,Leicester City,1,3
2021-01-24,Brentford,Leicester City,1,3
2021-01-24,Everton,Sheffield Weds,3,0
2021-01-24,Chelsea,Luton Town,3,1
2021-01-25,Wycombe Wanderers,Tottenham Hotspur,1,4
2021-01-25,Wycombe Wanderers,Tottenham Hotspur,1,4
2021-01-26,Newcastle United,Leeds United,1,2
2021-01-26,Southampton,Arsenal,1,3
2021-01-26,Bournemouth,Crawley Town,2,1
2021-01-26,Crystal Palace,West Ham United,2,3
2021-01-26,West Brom,Manchester City,0,5
2021-01-26,Bristol City,Huddersfield Town,2,1
2021-01-26,Millwall,Watford,0,0
2021-01-26,Bristol City,Huddersfield Town,2,1
2021-01-26,Millwall,Watford,0,0
2021-01-26,Crystal Palace,West Ham United,2,3
2021-01-26,Newcastle United,Leeds United,1,2
2021-01-26,Southampton,Arsenal,1,3
2021-01-26,West Brom,Manchester City,0,5
2021-01-26,Bournemouth,Crawley Town,2,1
2021-01-27,Barnsley,Cardiff City,2,2
2021-01-27,Coventry City,Sheffield Weds,2,0
2021-01-27,Middlesbrough,Rotherham United,0,3
2021-01-27,Swansea City,Brentford,1,1
2021-01-27,Brighton,Fulham,0,0
2021-01-27,Burnley,Aston Villa,3,2
2021-01-27,Chelsea,Wolves,0,0
2021-01-27,Swansea City,Brentford,1,1
2021-01-27,Everton,Leicester City,1,1
2021-01-27,Barnsley,Cardiff City,2,2
2021-01-27,Coventry City,Sheffield Weds,2,0
2021-01-27,Manchester Utd,Sheffield United,1,2
2021-01-27,Manchester Utd,Sheffield United,1,2
2021-01-27,Everton,Leicester City,1,1
2021-01-27,Middlesbrough,Rotherham United,0,3
2021-01-27,Chelsea,Wolves,0,0
2021-01-27,Burnley,Aston Villa,3,2
2021-01-27,Brighton,Fulham,0,0
2021-01-28,Tottenham Hotspur,Liverpool,1,3
2021-01-28,Tottenham Hotspur,Liverpool,1,3
2021-01-29,Reading,Bournemouth,3,1
2021-01-29,Reading,Bournemouth,3,1
2021-01-30,Arsenal,Manchester Utd,0,0
2021-01-30,Crystal Palace,Wolves,1,0
2021-01-30,Southampton,Aston Villa,0,1
2021-01-30,Manchester City,Sheffield United,1,0
2021-01-30,Everton,Newcastle United,0,2
2021-01-30,Rotherham United,Swansea City,1,3
2021-01-30,Nottingham Forest,Barnsley,0,0
2021-01-30,Birmingham City,Coventry City,1,1
2021-01-30,West Brom,Fulham,2,2
2021-01-30,Southampton,Aston Villa,0,1
2021-01-30,Manchester City,Sheffield United,1,0
2021-01-30,Everton,Newcastle United,0,2
2021-01-30,Crystal Palace,Wolves,1,0
2021-01-30,Sheffield Weds,Preston North End,1,0
2021-01-30,Arsenal,Manchester Utd,0,0
2021-01-30,Blackburn Rovers,Luton Town,1,0
2021-01-30,Brentford,Wycombe Wanderers,7,2
2021-01-30,Cardiff City,Millwall,1,1
2021-01-30,Derby County,Bristol City,1,0
2021-01-30,Huddersfield Town,Stoke City,1,1
2021-01-30,Norwich City,Middlesbrough,0,0
2021-01-30,Birmingham City,Coventry City,1,1
2021-01-30,West Brom,Fulham,2,2
2021-01-30,Blackburn Rovers,Luton Town,1,0
2021-01-30,Brentford,Wycombe Wanderers,7,2
2021-01-30,Derby County,Bristol City,1,0
2021-01-30,Huddersfield Town,Stoke City,1,1
2021-01-30,Norwich City,Middlesbrough,0,0
2021-01-30,Nottingham Forest,Barnsley,0,0
2021-01-30,Rotherham United,Swansea City,1,3
2021-01-30,Sheffield Weds,Preston North End,1,0
2021-01-30,Cardiff City,Millwall,1,1
2021-01-31,Chelsea,Burnley,2,0
2021-01-31,Brighton,Tottenham Hotspur,1,0
2021-01-31,Chelsea,Burnley,2,0
2021-01-31,Leicester City,Leeds United,1,3
2021-01-31,West Ham United,Liverpool,1,3
2021-01-31,Brighton,Tottenham Hotspur,1,0
2021-01-31,Leicester City,Leeds United,1,3
2021-01-31,West Ham United,Liverpool,1,3
2021-02-01,Watford,QPR,1,2
2021-02-01,Watford,QPR,1,2
2021-02-02,Wycombe Wanderers,Birmingham City,0,0
2021-02-02,Wycombe Wanderers,Birmingham City,0,0
2021-02-02,Millwall,Norwich City,0,0
2021-02-02,Coventry City,Nottingham Forest,1,2
2021-02-02,Bournemouth,Sheffield Weds,1,2
2021-02-02,Wolves,Arsenal,2,1
2021-02-02,Sheffield United,West Brom,2,1
2021-02-02,Newcastle United,Crystal Palace,1,2
2021-02-02,Millwall,Norwich City,0,0
2021-02-02,Coventry City,Nottingham Forest,1,2
2021-02-02,Bournemouth,Sheffield Weds,1,2
2021-02-02,Manchester Utd,Southampton,9,0
2021-02-02,Manchester Utd,Southampton,9,0
2021-02-02,Newcastle United,Crystal Palace,1,2
2021-02-02,Sheffield United,West Brom,2,1
2021-02-02,Wolves,Arsenal,2,1
2021-02-03,Liverpool,Brighton,0,1
2021-02-03,Rotherham United,Derby County,3,0
2021-02-03,Brentford,Bristol City,3,2
2021-02-03,Liverpool,Brighton,0,1
2021-02-03,Leeds United,Everton,1,2
2021-02-03,Fulham,Leicester City,0,2
2021-02-03,Burnley,Manchester City,0,2
2021-02-03,Aston Villa,West Ham United,1,3
2021-02-03,Rotherham United,Derby County,3,0
2021-02-03,Brentford,Bristol City,3,2
2021-02-03,Aston Villa,West Ham United,1,3
2021-02-03,Burnley,Manchester City,0,2
2021-02-03,Fulham,Leicester City,0,2
2021-02-03,Leeds United,Everton,1,2
2021-02-04,Tottenham Hotspur,Chelsea,0,1
2021-02-04,Tottenham Hotspur,Chelsea,0,1
2021-02-05,Swansea City,Norwich City,2,0
2021-02-05,Swansea City,Norwich City,2,0
2021-02-06,Coventry City,Watford,0,0
2021-02-06,Bournemouth,Birmingham City,3,2
2021-02-06,Bristol City,Cardiff City,0,2
2021-02-06,Luton Town,Huddersfield Town,1,1
2021-02-06,Manchester Utd,Everton,3,3
2021-02-06,Millwall,Sheffield Weds,4,1
2021-02-06,Fulham,West Ham United,0,0
2021-02-06,Burnley,Brighton,1,1
2021-02-06,Aston Villa,Arsenal,1,0
2021-02-06,Bournemouth,Birmingham City,3,2
2021-02-06,Bristol City,Cardiff City,0,2
2021-02-06,Coventry City,Watford,0,0
2021-02-06,Newcastle United,Southampton,3,2
2021-02-06,Middlesbrough,Brentford,1,4
2021-02-06,Middlesbrough,Brentford,1,4
2021-02-06,Preston North End,Rotherham United,1,2
2021-02-06,QPR,Blackburn Rovers,1,0
2021-02-06,Stoke City,Reading,0,0
2021-02-06,Wycombe Wanderers,Nottingham Forest,0,3
2021-02-06,Wycombe Wanderers,Nottingham Forest,0,3
2021-02-06,Stoke City,Reading,0,0
2021-02-06,QPR,Blackburn Rovers,1,0
2021-02-06,Millwall,Sheffield Weds,4,1
2021-02-06,Luton Town,Huddersfield Town,1,1
2021-02-06,Preston North End,Rotherham United,1,2
2021-02-06,Aston Villa,Arsenal,1,0
2021-02-06,Burnley,Brighton,1,1
2021-02-06,Fulham,West Ham United,0,0
2021-02-06,Newcastle United,Southampton,3,2
2021-02-06,Manchester Utd,Everton,3,3
2021-02-07,Wolves,Leicester City,0,0
2021-02-07,Tottenham Hotspur,West Brom,2,0
2021-02-07,Sheffield United,Chelsea,1,2
2021-02-07,Liverpool,Manchester City,1,4
2021-02-07,Sheffield United,Chelsea,1,2
2021-02-07,Tottenham Hotspur,West Brom,2,0
2021-02-07,Wolves,Leicester City,0,0
2021-02-07,Liverpool,Manchester City,1,4
2021-02-08,Leeds United,Crystal Palace,2,0
2021-02-08,Leeds United,Crystal Palace,2,0
2021-02-09,Manchester Utd,West Ham United,1,0
2021-02-09,Sheffield Weds,Wycombe Wanderers,2,0
2021-02-09,Rotherham United,Cardiff City,1,2
2021-02-09,Manchester Utd,West Ham United,1,0
2021-02-09,Burnley,Bournemouth,0,2
2021-02-09,Burnley,Bournemouth,0,2
2021-02-09,Sheffield Weds,Wycombe Wanderers,2,0
2021-02-09,Rotherham United,Cardiff City,1,2
2021-02-10,Everton,Tottenham Hotspur,5,4
2021-02-10,Reading,Brentford,1,3
2021-02-10,Swansea City,Manchester City,1,3
2021-02-10,Sheffield United,Bristol City,1,0
2021-02-10,Leicester City,Brighton,1,0
2021-02-10,Everton,Tottenham Hotspur,5,4
2021-02-10,Swansea City,Manchester City,1,3
2021-02-10,Sheffield United,Bristol City,1,0
2021-02-10,Reading,Brentford,1,3
2021-02-10,Leicester City,Brighton,1,0
2021-02-11,Wolves,Southampton,0,2
2021-02-11,Wolves,Southampton,0,2
2021-02-11,Barnsley,Chelsea,0,1
2021-02-11,Barnsley,Chelsea,0,1
2021-02-12,Blackburn Rovers,Preston North End,1,2
2021-02-12,Blackburn Rovers,Preston North End,1,2
2021-02-13,Derby County,Middlesbrough,2,1
2021-02-13,Cardiff City,Coventry City,3,1
2021-02-13,Brighton,Aston Villa,0,0
2021-02-13,Watford,Bristol City,6,0
2021-02-13,Reading,Millwall,1,2
2021-02-13,Nottingham Forest,Bournemouth,0,0
2021-02-13,Norwich City,Stoke City,4,1
2021-02-13,Huddersfield Town,Wycombe Wanderers,2,3
2021-02-13,Birmingham City,Luton Town,0,1
2021-02-13,Cardiff City,Coventry City,3,1
2021-02-13,Birmingham City,Luton Town,0,1
2021-02-13,Crystal Palace,Burnley,0,3
2021-02-13,Leicester City,Liverpool,3,1
2021-02-13,Manchester City,Tottenham Hotspur,3,0
2021-02-13,Derby County,Middlesbrough,2,1
2021-02-13,Huddersfield Town,Wycombe Wanderers,2,3
2021-02-13,Reading,Millwall,1,2
2021-02-13,Nottingham Forest,Bournemouth,0,0
2021-02-13,Norwich City,Stoke City,4,1
2021-02-13,Brighton,Aston Villa,0,0
2021-02-13,Crystal Palace,Burnley,0,3
2021-02-13,Leicester City,Liverpool,3,1
2021-02-13,Manchester City,Tottenham Hotspur,3,0
2021-02-13,Watford,Bristol City,6,0
2021-02-14,Arsenal,Leeds United,4,2
2021-02-14,Brentford,Barnsley,0,2
2021-02-14,West Brom,Manchester Utd,1,1
2021-02-14,Southampton,Wolves,1,2
2021-02-14,Everton,Fulham,0,2
2021-02-14,Everton,Fulham,0,2
2021-02-14,Southampton,Wolves,1,2
2021-02-14,West Brom,Manchester Utd,1,1
2021-02-14,Brentford,Barnsley,0,2
2021-02-14,Arsenal,Leeds United,4,2
2021-02-15,Chelsea,Newcastle United,2,0
2021-02-15,West Ham United,Sheffield United,3,0
2021-02-15,Chelsea,Newcastle United,2,0
2021-02-15,West Ham United,Sheffield United,3,0
2021-02-16,Wycombe Wanderers,Derby County,1,2
2021-02-16,Stoke City,Sheffield Weds,1,0
2021-02-16,Preston North End,Watford,0,1
2021-02-16,Luton Town,Cardiff City,0,2
2021-02-16,Bristol City,Reading,0,2
2021-02-16,Luton Town,Cardiff City,0,2
2021-02-16,Middlesbrough,Huddersfield Town,2,1
2021-02-16,Wycombe Wanderers,Derby County,1,2
2021-02-16,Stoke City,Sheffield Weds,1,0
2021-02-16,Preston North End,Watford,0,1
2021-02-16,Middlesbrough,Huddersfield Town,2,1
2021-02-16,Bristol City,Reading,0,2
2021-02-17,Coventry City,Norwich City,0,2
2021-02-17,Burnley,Fulham,1,1
2021-02-17,Burnley,Fulham,1,1
2021-02-17,Everton,Manchester City,1,3
2021-02-17,Swansea City,Nottingham Forest,1,0
2021-02-17,QPR,Brentford,2,1
2021-02-17,Millwall,Birmingham City,2,0
2021-02-17,Coventry City,Norwich City,0,2
2021-02-17,Bournemouth,Rotherham United,1,0
2021-02-17,Barnsley,Blackburn Rovers,2,1
2021-02-17,Barnsley,Blackburn Rovers,2,1
2021-02-17,Swansea City,Nottingham Forest,1,0
2021-02-17,QPR,Brentford,2,1
2021-02-17,Millwall,Birmingham City,2,0
2021-02-17,Bournemouth,Rotherham United,1,0
2021-02-17,Everton,Manchester City,1,3
2021-02-19,Watford,Derby County,2,1
2021-02-19,Wolves,Leeds United,1,0
2021-02-19,Wolves,Leeds United,1,0
2021-02-19,Watford,Derby County,2,1
2021-02-20,Burnley,West Brom,0,0
2021-02-20,Fulham,Sheffield United,1,0
2021-02-20,Bristol City,Barnsley,0,1
2021-02-20,Burnley,West Brom,0,0
2021-02-20,Fulham,Sheffield United,1,0
2021-02-20,Liverpool,Everton,0,2
2021-02-20,Southampton,Chelsea,1,1
2021-02-20,Liverpool,Everton,0,2
2021-02-20,Southampton,Chelsea,1,1
2021-02-20,Reading,Middlesbrough,0,2
2021-02-20,Huddersfield Town,Swansea City,4,1
2021-02-20,Cardiff City,Preston North End,4,0
2021-02-20,QPR,Bournemouth,2,1
2021-02-20,Nottingham Forest,Blackburn Rovers,1,0
2021-02-20,Norwich City,Rotherham United,1,0
2021-02-20,Millwall,Wycombe Wanderers,0,0
2021-02-20,Coventry City,Brentford,2,0
2021-02-20,Coventry City,Brentford,2,0
2021-02-20,Cardiff City,Preston North End,4,0
2021-02-20,Bristol City,Barnsley,0,1
2021-02-20,Sheffield Weds,Birmingham City,0,1
2021-02-20,Stoke City,Luton Town,3,0
2021-02-20,Stoke City,Luton Town,3,0
2021-02-20,Sheffield Weds,Birmingham City,0,1
2021-02-20,Reading,Middlesbrough,0,2
2021-02-20,QPR,Bournemouth,2,1
2021-02-20,Nottingham Forest,Blackburn Rovers,1,0
2021-02-20,Norwich City,Rotherham United,1,0
2021-02-20,Millwall,Wycombe Wanderers,0,0
2021-02-20,Huddersfield Town,Swansea City,4,1
2021-02-21,West Ham United,Tottenham Hotspur,2,1
2021-02-21,Aston Villa,Leicester City,1,2
2021-02-21,Manchester Utd,Newcastle United,3,1
2021-02-21,West Ham United,Tottenham Hotspur,2,1
2021-02-21,Manchester Utd,Newcastle United,3,1
2021-02-21,Arsenal,Manchester City,0,1
2021-02-21,Aston Villa,Leicester City,1,2
2021-02-21,Arsenal,Manchester City,0,1
2021-02-22,Brighton,Crystal Palace,1,2
2021-02-22,Brighton,Crystal Palace,1,2
2021-02-23,Leeds United,Southampton,3,0
2021-02-23,Leeds United,Southampton,3,0
2021-02-23,Birmingham City,Norwich City,1,3
2021-02-23,Derby County,Huddersfield Town,2,0
2021-02-23,Luton Town,Millwall,1,1
2021-02-23,Middlesbrough,Bristol City,1,3
2021-02-23,Rotherham United,Nottingham Forest,0,1
2021-02-23,Wycombe Wanderers,Reading,1,0
2021-02-23,Birmingham City,Norwich City,1,3
2021-02-23,Derby County,Huddersfield Town,2,0
2021-02-23,Luton Town,Millwall,1,1
2021-02-23,Middlesbrough,Bristol City,1,3
2021-02-23,Rotherham United,Nottingham Forest,0,1
2021-02-23,Wycombe Wanderers,Reading,1,0
2021-02-24,Preston North End,QPR,0,0
2021-02-24,Barnsley,Stoke City,2,0
2021-02-24,Swansea City,Coventry City,1,0
2021-02-24,Bournemouth,Cardiff City,1,2
2021-02-24,Blackburn Rovers,Watford,2,3
2021-02-24,Preston North End,QPR,0,0
2021-02-24,Swansea City,Coventry City,1,0
2021-02-24,Barnsley,Stoke City,2,0
2021-02-24,Blackburn Rovers,Watford,2,3
2021-02-24,Brentford,Sheffield Weds,3,0
2021-02-24,Brentford,Sheffield Weds,3,0
2021-02-24,Bournemouth,Cardiff City,1,2
2021-02-26,Derby County,Nottingham Forest,1,1
2021-02-26,Derby County,Nottingham Forest,1,1
2021-02-27,Leeds United,Aston Villa,0,1
2021-02-27,Manchester City,West Ham United,2,1
2021-02-27,Newcastle United,Wolves,1,1
2021-02-27,Rotherham United,Reading,0,1
2021-02-27,Swansea City,Bristol City,1,3
2021-02-27,Preston North End,Huddersfield Town,3,0
2021-02-27,Middlesbrough,Cardiff City,1,1
2021-02-27,Luton Town,Sheffield Weds,3,2
2021-02-27,Brentford,Stoke City,2,1
2021-02-27,Bournemouth,Watford,1,0
2021-02-27,Blackburn Rovers,Coventry City,1,1
2021-02-27,West Brom,Brighton,1,0
2021-02-27,Birmingham City,QPR,2,1
2021-02-27,Barnsley,Millwall,2,1
2021-02-27,Barnsley,Millwall,2,1
2021-02-27,Preston North End,Huddersfield Town,3,0
2021-02-27,Middlesbrough,Cardiff City,1,1
2021-02-27,Luton Town,Sheffield Weds,3,2
2021-02-27,Brentford,Stoke City,2,1
2021-02-27,Bournemouth,Watford,1,0
2021-02-27,Blackburn Rovers,Coventry City,1,1
2021-02-27,Birmingham City,QPR,2,1
2021-02-27,Swansea City,Bristol City,1,3
2021-02-27,Rotherham United,Reading,0,1
2021-02-27,Leeds United,Aston Villa,0,1
2021-02-27,Manchester City,West Ham United,2,1
2021-02-27,Newcastle United,Wolves,1,1
2021-02-27,West Brom,Brighton,1,0
2021-02-28,Leicester City,Arsenal,1,3
2021-02-28,Wycombe Wanderers,Norwich City,0,2
2021-02-28,Tottenham Hotspur,Burnley,4,0
2021-02-28,Chelsea,Manchester Utd,0,0
2021-02-28,Crystal Palace,Fulham,0,0
2021-02-28,Leicester City,Arsenal,1,3
2021-02-28,Chelsea,Manchester Utd,0,0
2021-02-28,Crystal Palace,Fulham,0,0
2021-02-28,Sheffield United,Liverpool,0,2
2021-02-28,Sheffield United,Liverpool,0,2
2021-02-28,Tottenham Hotspur,Burnley,4,0
2021-02-28,Wycombe Wanderers,Norwich City,0,2
2021-03-01,Everton,Southampton,1,0
2021-03-01,Everton,Southampton,1,0
2021-03-02,Manchester City,Wolves,4,1
2021-03-02,Manchester City,Wolves,4,1
2021-03-02,Coventry City,Middlesbrough,1,2
2021-03-02,Reading,Blackburn Rovers,1,0
2021-03-02,Huddersfield Town,Birmingham City,1,1
2021-03-02,Millwall,Preston North End,2,1
2021-03-02,Nottingham Forest,Luton Town,0,1
2021-03-02,Reading,Blackburn Rovers,1,0
2021-03-02,Cardiff City,Derby County,4,0
2021-03-02,Coventry City,Middlesbrough,1,2
2021-03-02,Cardiff City,Derby County,4,0
2021-03-02,Nottingham Forest,Luton Town,0,1
2021-03-02,Millwall,Preston North End,2,1
2021-03-02,Huddersfield Town,Birmingham City,1,1
2021-03-03,Crystal Palace,Manchester Utd,0,0
2021-03-03,Burnley,Leicester City,1,1
2021-03-03,Sheffield United,Aston Villa,1,0
2021-03-03,QPR,Barnsley,1,3
2021-03-03,Norwich City,Brentford,1,0
2021-03-03,Bristol City,Bournemouth,1,2
2021-03-03,Sheffield Weds,Rotherham United,1,2
2021-03-03,Watford,Wycombe Wanderers,2,0
2021-03-03,Stoke City,Swansea City,1,2
2021-03-03,Bristol City,Bournemouth,1,2
2021-03-03,QPR,Barnsley,1,3
2021-03-03,Sheffield Weds,Rotherham United,1,2
2021-03-03,Stoke City,Swansea City,1,2
2021-03-03,Watford,Wycombe Wanderers,2,0
2021-03-03,Burnley,Leicester City,1,1
2021-03-03,Crystal Palace,Manchester Utd,0,0
2021-03-03,Sheffield United,Aston Villa,1,0
2021-03-03,Norwich City,Brentford,1,0
2021-03-04,Fulham,Tottenham Hotspur,0,1
2021-03-04,Liverpool,Chelsea,0,1
2021-03-04,West Brom,Everton,0,1
2021-03-04,Fulham,Tottenham Hotspur,0,1
2021-03-04,Liverpool,Chelsea,0,1
2021-03-04,West Brom,Everton,0,1
2021-03-05,Huddersfield Town,Cardiff City,0,0
2021-03-05,Huddersfield Town,Cardiff City,0,0
2021-03-06,Barnsley,Birmingham City,1,0
2021-03-06,Bristol City,QPR,0,2
2021-03-06,Coventry City,Derby County,1,0
2021-03-06,Millwall,Blackburn Rovers,0,2
2021-03-06,Watford,Nottingham Forest,1,0
2021-03-06,Swansea City,Middlesbrough,2,1
2021-03-06,Stoke City,Wycombe Wanderers,2,0
2021-03-06,Reading,Sheffield Weds,3,0
2021-03-06,Watford,Nottingham Forest,1,0
2021-03-06,Swansea City,Middlesbrough,2,1
2021-03-06,Sheffield United,Southampton,0,2
2021-03-06,Reading,Sheffield Weds,3,0
2021-03-06,Barnsley,Birmingham City,1,0
2021-03-06,Bristol City,QPR,0,2
2021-03-06,Sheffield United,Southampton,0,2
2021-03-06,Burnley,Arsenal,1,1
2021-03-06,Brighton,Leicester City,1,2
2021-03-06,Aston Villa,Wolves,0,0
2021-03-06,Stoke City,Wycombe Wanderers,2,0
2021-03-06,Coventry City,Derby County,1,0
2021-03-06,Norwich City,Luton Town,3,0
2021-03-06,Brighton,Leicester City,1,2
2021-03-06,Aston Villa,Wolves,0,0
2021-03-06,Burnley,Arsenal,1,1
2021-03-06,Preston North End,Bournemouth,1,1
2021-03-06,Preston North End,Bournemouth,1,1
2021-03-06,Millwall,Blackburn Rovers,0,2
2021-03-06,Norwich City,Luton Town,3,0
2021-03-07,West Brom,Newcastle United,0,0
2021-03-07,Tottenham Hotspur,Crystal Palace,4,1
2021-03-07,Manchester City,Manchester Utd,0,2
2021-03-07,Liverpool,Fulham,0,1
2021-03-07,Liverpool,Fulham,0,1
2021-03-07,Manchester City,Manchester Utd,0,2
2021-03-07,Tottenham Hotspur,Crystal Palace,4,1
2021-03-07,West Brom,Newcastle United,0,0
2021-03-08,West Ham United,Leeds United,2,0
2021-03-08,Chelsea,Everton,2,0
2021-03-08,West Ham United,Leeds United,2,0
2021-03-08,Chelsea,Everton,2,0
2021-03-09,Blackburn Rovers,Swansea City,1,1
2021-03-09,QPR,Wycombe Wanderers,1,0
2021-03-09,Blackburn Rovers,Swansea City,1,1
2021-03-09,QPR,Wycombe Wanderers,1,0
2021-03-10,Manchester City,Southampton,5,2
2021-03-10,Barnsley,Derby County,0,0
2021-03-10,Manchester City,Southampton,5,2
2021-03-10,Barnsley,Derby County,0,0
2021-03-12,Newcastle United,Aston Villa,1,1
2021-03-12,Newcastle United,Aston Villa,1,1
2021-03-12,Blackburn Rovers,Brentford,0,1
2021-03-12,Blackburn Rovers,Brentford,0,1
2021-03-13,Crystal Palace,West Brom,1,0
2021-03-13,Everton,Burnley,1,2
2021-03-13,Fulham,Manchester City,0,3
2021-03-13,Leeds United,Chelsea,0,0
2021-03-13,Cardiff City,Watford,1,2
2021-03-13,Crystal Palace,West Brom,1,0
2021-03-13,Birmingham City,Bristol City,0,3
2021-03-13,Leeds United,Chelsea,0,0
2021-03-13,Fulham,Manchester City,0,3
2021-03-13,Everton,Burnley,1,2
2021-03-13,Middlesbrough,Stoke City,3,0
2021-03-13,Luton Town,Swansea City,0,1
2021-03-13,Derby County,Millwall,0,1
2021-03-13,Wycombe Wanderers,Preston North End,1,0
2021-03-13,QPR,Huddersfield Town,0,1
2021-03-13,Nottingham Forest,Reading,1,1
2021-03-13,Cardiff City,Watford,1,2
2021-03-13,Luton Town,Swansea City,0,1
2021-03-13,Derby County,Millwall,0,1
2021-03-13,Bournemouth,Barnsley,2,3
2021-03-13,Bournemouth,Barnsley,2,3
2021-03-13,Birmingham City,Bristol City,0,3
2021-03-13,Nottingham Forest,Reading,1,1
2021-03-13,Middlesbrough,Stoke City,3,0
2021-03-13,Wycombe Wanderers,Preston North End,1,0
2021-03-13,QPR,Huddersfield Town,0,1
2021-03-14,Leicester City,Sheffield United,5,0
2021-03-14,Arsenal,Tottenham Hotspur,2,1
2021-03-14,Sheffield Weds,Norwich City,1,2
2021-03-14,Manchester Utd,West Ham United,1,0
2021-03-14,Southampton,Brighton,1,2
2021-03-14,Leicester City,Sheffield United,5,0
2021-03-14,Arsenal,Tottenham Hotspur,2,1
2021-03-14,Southampton,Brighton,1,2
2021-03-14,Sheffield Weds,Norwich City,1,2
2021-03-14,Manchester Utd,West Ham United,1,0
2021-03-15,Wolves,Liverpool,0,1
2021-03-15,Wolves,Liverpool,0,1
2021-03-16,Luton Town,Coventry City,2,0
2021-03-16,Bournemouth,Swansea City,3,0
2021-03-16,Bournemouth,Swansea City,3,0
2021-03-16,Cardiff City,Stoke City,0,0
2021-03-16,Rotherham United,Watford,1,4
2021-03-16,Middlesbrough,Preston North End,2,0
2021-03-16,Derby County,Brentford,2,2
2021-03-16,Luton Town,Coventry City,2,0
2021-03-16,Middlesbrough,Preston North End,2,0
2021-03-16,Cardiff City,Stoke City,0,0
2021-03-16,Derby County,Brentford,2,2
2021-03-16,Rotherham United,Watford,1,4
2021-03-17,Birmingham City,Reading,2,1
2021-03-17,Blackburn Rovers,Bristol City,0,0
2021-03-17,Nottingham Forest,Norwich City,0,2
2021-03-17,Birmingham City,Reading,2,1
2021-03-17,Blackburn Rovers,Bristol City,0,0
2021-03-17,Nottingham Forest,Norwich City,0,2
2021-03-17,QPR,Millwall,3,2
2021-03-17,Sheffield Weds,Huddersfield Town,1,1
2021-03-17,Wycombe Wanderers,Barnsley,1,3
2021-03-17,QPR,Millwall,3,2
2021-03-17,Sheffield Weds,Huddersfield Town,1,1
2021-03-17,Wycombe Wanderers,Barnsley,1,3
2021-03-19,Fulham,Leeds United,1,2
2021-03-19,Fulham,Leeds United,1,2
2021-03-20,Preston North End,Luton Town,0,1
2021-03-20,Stoke City,Derby County,1,0
2021-03-20,Reading,QPR,1,1
2021-03-20,Norwich City,Blackburn Rovers,1,1
2021-03-20,Millwall,Middlesbrough,1,0
2021-03-20,Coventry City,Wycombe Wanderers,0,0
2021-03-20,Bristol City,Rotherham United,0,2
2021-03-20,Brentford,Nottingham Forest,1,1
2021-03-20,Barnsley,Sheffield Weds,1,2
2021-03-20,Swansea City,Cardiff City,0,1
2021-03-20,Watford,Birmingham City,3,0
2021-03-20,Preston North End,Luton Town,0,1
2021-03-20,Everton,Manchester City,0,2
2021-03-20,Bristol City,Rotherham United,0,2
2021-03-20,Brentford,Nottingham Forest,1,1
2021-03-20,Barnsley,Sheffield Weds,1,2
2021-03-20,Brighton,Newcastle United,3,0
2021-03-20,Bournemouth,Southampton,0,3
2021-03-20,Millwall,Middlesbrough,1,0
2021-03-20,Brighton,Newcastle United,3,0
2021-03-20,Coventry City,Wycombe Wanderers,0,0
2021-03-20,Norwich City,Blackburn Rovers,1,1
2021-03-20,Bournemouth,Southampton,0,3
2021-03-20,Everton,Manchester City,0,2
2021-03-20,Watford,Birmingham City,3,0
2021-03-20,Swansea City,Cardiff City,0,1
2021-03-20,Stoke City,Derby County,1,0
2021-03-20,Reading,QPR,1,1
2021-03-21,West Ham United,Arsenal,3,3
2021-03-21,Aston Villa,Tottenham Hotspur,0,2
2021-03-21,Leicester City,Manchester Utd,3,1
2021-03-21,Chelsea,Sheffield United,2,0
2021-03-21,West Ham United,Arsenal,3,3
2021-03-21,Chelsea,Sheffield United,2,0
2021-03-21,Aston Villa,Tottenham Hotspur,0,2
2021-03-21,Leicester City,Manchester Utd,3,1
2021-04-02,Wycombe Wanderers,Blackburn Rovers,1,0
2021-04-02,Watford,Sheffield Weds,1,0
2021-04-02,QPR,Coventry City,3,0
2021-04-02,Preston North End,Norwich City,1,1
2021-04-02,Millwall,Rotherham United,1,0
2021-04-02,Cardiff City,Nottingham Forest,0,1
2021-04-02,Bristol City,Stoke City,0,2
2021-04-02,Bournemouth,Middlesbrough,3,1
2021-04-02,Birmingham City,Swansea City,1,0
2021-04-02,Barnsley,Reading,1,1
2021-04-02,Derby County,Luton Town,2,0
2021-04-02,Bournemouth,Middlesbrough,3,1
2021-04-02,Preston North End,Norwich City,1,1
2021-04-02,QPR,Coventry City,3,0
2021-04-02,Watford,Sheffield Weds,1,0
2021-04-02,Wycombe Wanderers,Blackburn Rovers,1,0
2021-04-02,Derby County,Luton Town,2,0
2021-04-02,Cardiff City,Nottingham Forest,0,1
2021-04-02,Bristol City,Stoke City,0,2
2021-04-02,Millwall,Rotherham United,1,0
2021-04-02,Birmingham City,Swansea City,1,0
2021-04-02,Barnsley,Reading,1,1
2021-04-03,Huddersfield Town,Brentford,1,1
2021-04-03,Leicester City,Manchester City,0,2
2021-04-03,Leeds United,Sheffield United,2,1
2021-04-03,Chelsea,West Brom,2,5
2021-04-03,Arsenal,Liverpool,0,3
2021-04-03,Huddersfield Town,Brentford,1,1
2021-04-03,Arsenal,Liverpool,0,3
2021-04-03,Chelsea,West Brom,2,5
2021-04-03,Leeds United,Sheffield United,2,1
2021-04-03,Leicester City,Manchester City,0,2
2021-04-04,Aston Villa,Fulham,3,1
2021-04-04,Southampton,Burnley,3,2
2021-04-04,Manchester Utd,Brighton,2,1
2021-04-04,Newcastle United,Tottenham Hotspur,2,2
2021-04-04,Southampton,Burnley,3,2
2021-04-04,Newcastle United,Tottenham Hotspur,2,2
2021-04-04,Manchester Utd,Brighton,2,1
2021-04-04,Aston Villa,Fulham,3,1
2021-04-05,Stoke City,Millwall,1,2
2021-04-05,Blackburn Rovers,Bournemouth,0,2
2021-04-05,Reading,Derby County,3,1
2021-04-05,Luton Town,Barnsley,1,2
2021-04-05,Middlesbrough,Watford,1,1
2021-04-05,Nottingham Forest,QPR,3,1
2021-04-05,Sheffield Weds,Cardiff City,5,0
2021-04-05,Rotherham United,Wycombe Wanderers,0,3
2021-04-05,Coventry City,Bristol City,3,1
2021-04-05,Wolves,West Ham United,2,3
2021-04-05,Swansea City,Preston North End,0,1
2021-04-05,Coventry City,Bristol City,3,1
2021-04-05,Everton,Crystal Palace,1,1
2021-04-05,Wolves,West Ham United,2,3
2021-04-05,Everton,Crystal Palace,1,1
2021-04-05,Blackburn Rovers,Bournemouth,0,2
2021-04-05,Stoke City,Millwall,1,2
2021-04-05,Swansea City,Preston North End,0,1
2021-04-05,Rotherham United,Wycombe Wanderers,0,3
2021-04-05,Reading,Derby County,3,1
2021-04-05,Nottingham Forest,QPR,3,1
2021-04-05,Middlesbrough,Watford,1,1
2021-04-05,Luton Town,Barnsley,1,2
2021-04-05,Sheffield Weds,Cardiff City,5,0
2021-04-06,Brentford,Birmingham City,0,0
2021-04-06,Norwich City,Huddersfield Town,7,0
2021-04-06,Brentford,Birmingham City,0,0
2021-04-06,Norwich City,Huddersfield Town,7,0
2021-04-09,Fulham,Wolves,0,1
2021-04-09,Watford,Reading,2,0
2021-04-09,Fulham,Wolves,0,1
2021-04-09,Watford,Reading,2,0
2021-04-10,Crystal Palace,Chelsea,1,4
2021-04-10,Barnsley,Middlesbrough,2,0
2021-04-10,Birmingham City,Stoke City,2,0
2021-04-10,Bournemouth,Coventry City,4,1
2021-04-10,Bristol City,Nottingham Forest,0,0
2021-04-10,Cardiff City,Blackburn Rovers,2,2
2021-04-10,Liverpool,Aston Villa,2,1
2021-04-10,Barnsley,Middlesbrough,2,0
2021-04-10,Millwall,Swansea City,0,3
2021-04-10,Preston North End,Brentford,0,5
2021-04-10,QPR,Sheffield Weds,4,1
2021-04-10,Wycombe Wanderers,Luton Town,1,3
2021-04-10,Manchester City,Leeds United,1,2
2021-04-10,Liverpool,Aston Villa,2,1
2021-04-10,Crystal Palace,Chelsea,1,4
2021-04-10,Huddersfield Town,Rotherham United,0,0
2021-04-10,Derby County,Norwich City,0,1
2021-04-10,Manchester City,Leeds United,1,2
2021-04-10,Bournemouth,Coventry City,4,1
2021-04-10,Cardiff City,Blackburn Rovers,2,2
2021-04-10,Derby County,Norwich City,0,1
2021-04-10,Huddersfield Town,Rotherham United,0,0
2021-04-10,Millwall,Swansea City,0,3
2021-04-10,Preston North End,Brentford,0,5
2021-04-10,Bristol City,Nottingham Forest,0,0
2021-04-10,QPR,Sheffield Weds,4,1
2021-04-10,Wycombe Wanderers,Luton Town,1,3
2021-04-10,Birmingham City,Stoke City,2,0
2021-04-11,Sheffield United,Arsenal,0,3
2021-04-11,Tottenham Hotspur,Manchester Utd,1,3
2021-04-11,Burnley,Newcastle United,1,2
2021-04-11,Sheffield United,Arsenal,0,3
2021-04-11,Tottenham Hotspur,Manchester Utd,1,3
2021-04-11,West Ham United,Leicester City,3,2
2021-04-11,Burnley,Newcastle United,1,2
2021-04-11,West Ham United,Leicester City,3,2
2021-04-12,Brighton,Everton,0,0
2021-04-12,West Brom,Southampton,3,0
2021-04-12,West Brom,Southampton,3,0
2021-04-12,Brighton,Everton,0,0
2021-04-13,Sheffield Weds,Swansea City,0,2
2021-04-13,Sheffield Weds,Swansea City,0,2
2021-04-13,Rotherham United,QPR,3,1
2021-04-13,Huddersfield Town,Bournemouth,1,2
2021-04-13,Huddersfield Town,Bournemouth,1,2
2021-04-13,Rotherham United,QPR,3,1
2021-04-15,Rotherham United,Coventry City,0,1
2021-04-15,Rotherham United,Coventry City,0,1
2021-04-16,Reading,Cardiff City,1,1
2021-04-16,Everton,Tottenham Hotspur,2,2
2021-04-16,Blackburn Rovers,Derby County,2,1
2021-04-16,Blackburn Rovers,Derby County,2,1
2021-04-16,Everton,Tottenham Hotspur,2,2
2021-04-16,Reading,Cardiff City,1,1
2021-04-17,Norwich City,Bournemouth,1,3
2021-04-17,Brentford,Millwall,0,0
2021-04-17,Luton Town,Watford,1,0
2021-04-17,Nottingham Forest,Huddersfield Town,0,2
2021-04-17,Sheffield Weds,Bristol City,1,1
2021-04-17,Middlesbrough,QPR,1,2
2021-04-17,Norwich City,Bournemouth,1,3
2021-04-17,Newcastle United,West Ham United,3,2
2021-04-17,Stoke City,Preston North End,0,0
2021-04-17,Luton Town,Watford,1,0
2021-04-17,Brentford,Millwall,0,0
2021-04-17,Middlesbrough,QPR,1,2
2021-04-17,Chelsea,Manchester City,1,0
2021-04-17,Wolves,Sheffield United,1,0
2021-04-17,Swansea City,Wycombe Wanderers,2,2
2021-04-17,Chelsea,Manchester City,1,0
2021-04-17,Nottingham Forest,Huddersfield Town,0,2
2021-04-17,Sheffield Weds,Bristol City,1,1
2021-04-17,Stoke City,Preston North End,0,0
2021-04-17,Swansea City,Wycombe Wanderers,2,2
2021-04-17,Wolves,Sheffield United,1,0
2021-04-17,Newcastle United,West Ham United,3,2
2021-04-18,Coventry City,Barnsley,2,0
2021-04-18,Arsenal,Fulham,1,1
2021-04-18,Manchester Utd,Burnley,3,1
2021-04-18,Arsenal,Fulham,1,1
2021-04-18,Leicester City,Southampton,1,0
2021-04-18,Manchester Utd,Burnley,3,1
2021-04-18,Rotherham United,Birmingham City,0,1
2021-04-18,Coventry City,Barnsley,2,0
2021-04-18,Leicester City,Southampton,1,0
2021-04-18,Rotherham United,Birmingham City,0,1
2021-04-19,Leeds United,Liverpool,1,1
2021-04-19,Leeds United,Liverpool,1,1
2021-04-20,Swansea City,QPR,0,1
2021-04-20,Chelsea,Brighton,0,0
2021-04-20,Norwich City,Watford,0,1
2021-04-20,Brentford,Cardiff City,1,1
2021-04-20,Sheffield Weds,Blackburn Rovers,1,0
2021-04-20,Preston North End,Derby County,3,0
2021-04-20,Sheffield Weds,Blackburn Rovers,1,0
2021-04-20,Preston North End,Derby County,3,0
2021-04-20,Norwich City,Watford,0,1
2021-04-20,Brentford,Cardiff City,1,1
2021-04-20,Swansea City,QPR,0,1
2021-04-20,Chelsea,Brighton,0,0
2021-04-21,Huddersfield Town,Barnsley,0,1
2021-04-21,Rotherham United,Middlesbrough,1,2
2021-04-21,Birmingham City,Nottingham Forest,1,1
2021-04-21,Huddersfield Town,Barnsley,0,1
2021-04-21,Luton Town,Reading,0,0
2021-04-21,Millwall,Bournemouth,1,4
2021-04-21,Tottenham Hotspur,Southampton,2,1
2021-04-21,Aston Villa,Manchester City,1,2
2021-04-21,Millwall,Bournemouth,1,4
2021-04-21,Stoke City,Coventry City,2,3
2021-04-21,Wycombe Wanderers,Bristol City,2,1
2021-04-21,Rotherham United,Middlesbrough,1,2
2021-04-21,Stoke City,Coventry City,2,3
2021-04-21,Wycombe Wanderers,Bristol City,2,1
2021-04-21,Birmingham City,Nottingham Forest,1,1
2021-04-21,Tottenham Hotspur,Southampton,2,1
2021-04-21,Aston Villa,Manchester City,1,2
2021-04-21,Luton Town,Reading,0,0
2021-04-22,Leicester City,West Brom,3,0
2021-04-22,Leicester City,West Brom,3,0
2021-04-23,Arsenal,Everton,0,1
2021-04-23,Arsenal,Everton,0,1
2021-04-24,Derby County,Birmingham City,1,2
2021-04-24,Blackburn Rovers,Huddersfield Town,5,2
2021-04-24,Bournemouth,Brentford,0,1
2021-04-24,Cardiff City,Wycombe Wanderers,2,1
2021-04-24,Coventry City,Preston North End,0,1
2021-04-24,QPR,Norwich City,1,3
2021-04-24,Nottingham Forest,Stoke City,1,1
2021-04-24,Middlesbrough,Sheffield Weds,3,1
2021-04-24,Barnsley,Rotherham United,1,0
2021-04-24,Watford,Millwall,1,0
2021-04-24,Liverpool,Newcastle United,1,1
2021-04-24,Middlesbrough,Sheffield Weds,3,1
2021-04-24,West Ham United,Chelsea,0,1
2021-04-24,Sheffield United,Brighton,1,0
2021-04-24,Liverpool,Newcastle United,1,1
2021-04-24,Sheffield United,Brighton,1,0
2021-04-24,West Ham United,Chelsea,0,1
2021-04-24,Cardiff City,Wycombe Wanderers,2,1
2021-04-24,Coventry City,Preston North End,0,1
2021-04-24,Derby County,Birmingham City,1,2
2021-04-24,Blackburn Rovers,Huddersfield Town,5,2
2021-04-24,Nottingham Forest,Stoke City,1,1
2021-04-24,QPR,Norwich City,1,3
2021-04-24,Watford,Millwall,1,0
2021-04-24,Barnsley,Rotherham United,1,0
2021-04-24,Bournemouth,Brentford,0,1
2021-04-25,Bristol City,Luton Town,2,3
2021-04-25,Reading,Swansea City,2,2
2021-04-25,Manchester City,Tottenham Hotspur,1,0
2021-04-25,Manchester City,Tottenham Hotspur,1,0
2021-04-25,Reading,Swansea City,2,2
2021-04-25,Bristol City,Luton Town,2,3
2021-04-25,Wolves,Burnley,0,4
2021-04-25,Wolves,Burnley,0,4
2021-04-25,Leeds United,Manchester Utd,0,0
2021-04-25,Aston Villa,West Brom,2,2
2021-04-25,Aston Villa,West Brom,2,2
2021-04-25,Leeds United,Manchester Utd,0,0
2021-04-26,Leicester City,Crystal Palace,2,1
2021-04-26,Leicester City,Crystal Palace,2,1
2021-04-27,Brentford,Rotherham United,1,0
2021-04-27,Brentford,Rotherham United,1,0
2021-04-30,Southampton,Leicester City,1,1
2021-04-30,Southampton,Leicester City,1,1
2021-05-01,Huddersfield Town,Coventry City,1,1
2021-05-01,Brentford,Watford,2,0
2021-05-01,Crystal Palace,Manchester City,0,2
2021-05-01,Everton,Aston Villa,1,2
2021-05-01,Birmingham City,Cardiff City,0,4
2021-05-01,Millwall,Bristol City,4,1
2021-05-01,Sheffield Weds,Nottingham Forest,0,0
2021-05-01,Rotherham United,Blackburn Rovers,1,1
2021-05-01,Preston North End,Barnsley,2,0
2021-05-01,Luton Town,Middlesbrough,1,1
2021-05-01,Birmingham City,Cardiff City,0,4
2021-05-01,Brentford,Watford,2,0
2021-05-01,Luton Town,Middlesbrough,1,1
2021-05-01,Norwich City,Reading,4,1
2021-05-01,Millwall,Bristol City,4,1
2021-05-01,Sheffield Weds,Nottingham Forest,0,0
2021-05-01,Preston North End,Barnsley,2,0
2021-05-01,Brighton,Leeds United,2,0
2021-05-01,Chelsea,Fulham,2,0
2021-05-01,Crystal Palace,Manchester City,0,2
2021-05-01,Everton,Aston Villa,1,2
2021-05-01,Norwich City,Reading,4,1
2021-05-01,Swansea City,Derby County,2,1
2021-05-01,Wycombe Wanderers,Bournemouth,1,0
2021-05-01,Brighton,Leeds United,2,0
2021-05-01,Chelsea,Fulham,2,0
2021-05-01,Wycombe Wanderers,Bournemouth,1,0
2021-05-01,Swansea City,Derby County,2,1
2021-05-01,Stoke City,QPR,0,2
2021-05-01,Rotherham United,Blackburn Rovers,1,1
2021-05-01,Stoke City,QPR,0,2
2021-05-01,Huddersfield Town,Coventry City,1,1
2021-05-02,Tottenham Hotspur,Sheffield United,4,0
2021-05-02,Newcastle United,Arsenal,0,2
2021-05-02,Newcastle United,Arsenal,0,2
2021-05-02,Tottenham Hotspur,Sheffield United,4,0
2021-05-03,West Brom,Wolves,1,1
2021-05-03,West Brom,Wolves,1,1
2021-05-03,Burnley,West Ham United,1,2
2021-05-03,Burnley,West Ham United,1,2
2021-05-04,Luton Town,Rotherham United,0,0
2021-05-04,Luton Town,Rotherham United,0,0
2021-05-07,Leicester City,Newcastle United,2,4
2021-05-07,Leicester City,Newcastle United,2,4
2021-05-08,Sheffield United,Crystal Palace,0,2
2021-05-08,Manchester City,Chelsea,1,2
2021-05-08,Liverpool,Southampton,2,0
2021-05-08,Leeds United,Tottenham Hotspur,3,1
2021-05-08,Nottingham Forest,Preston North End,1,2
2021-05-08,Leeds United,Tottenham Hotspur,3,1
2021-05-08,Barnsley,Norwich City,2,2
2021-05-08,Blackburn Rovers,Birmingham City,5,2
2021-05-08,Bournemouth,Stoke City,0,2
2021-05-08,Bristol City,Brentford,1,3
2021-05-08,Cardiff City,Rotherham United,1,1
2021-05-08,Derby County,Sheffield Weds,3,3
2021-05-08,Middlesbrough,Wycombe Wanderers,0,3
2021-05-08,Nottingham Forest,Preston North End,1,2
2021-05-08,QPR,Luton Town,3,1
2021-05-08,Reading,Huddersfield Town,2,2
2021-05-08,Watford,Swansea City,2,0
2021-05-08,Bournemouth,Stoke City,0,2
2021-05-08,Sheffield United,Crystal Palace,0,2
2021-05-08,Manchester City,Chelsea,1,2
2021-05-08,Liverpool,Southampton,2,0
2021-05-08,Blackburn Rovers,Birmingham City,5,2
2021-05-08,Barnsley,Norwich City,2,2
2021-05-08,Coventry City,Millwall,6,1
2021-05-08,Watford,Swansea City,2,0
2021-05-08,Reading,Huddersfield Town,2,2
2021-05-08,QPR,Luton Town,3,1
2021-05-08,Bristol City,Brentford,1,3
2021-05-08,Cardiff City,Rotherham United,1,1
2021-05-08,Coventry City,Millwall,6,1
2021-05-08,Middlesbrough,Wycombe Wanderers,0,3
2021-05-08,Derby County,Sheffield Weds,3,3
2021-05-09,Aston Villa,Manchester Utd,1,3
2021-05-09,West Ham United,Everton,0,1
2021-05-09,Wolves,Brighton,2,1
2021-05-09,Wolves,Brighton,2,1
2021-05-09,West Ham United,Everton,0,1
2021-05-09,Arsenal,West Brom,3,1
2021-05-09,Aston Villa,Manchester Utd,1,3
2021-05-09,Arsenal,West Brom,3,1
2021-05-10,Fulham,Burnley,0,2
2021-05-10,Fulham,Burnley,0,2
2021-05-11,Southampton,Crystal Palace,3,1
2021-05-11,Manchester Utd,Leicester City,1,2
2021-05-11,Manchester Utd,Leicester City,1,2
2021-05-11,Southampton,Crystal Palace,3,1
2021-05-12,Chelsea,Arsenal,0,1
2021-05-12,Chelsea,Arsenal,0,1
2021-05-13,Aston Villa,Everton,0,0
2021-05-13,Manchester Utd,Liverpool,2,4
2021-05-13,Aston Villa,Everton,0,0
2021-05-13,Manchester Utd,Liverpool,2,4
2021-05-14,Newcastle United,Manchester City,3,4
2021-05-14,Newcastle United,Manchester City,3,4
2021-05-15,Southampton,Fulham,3,1
2021-05-15,Brighton,West Ham United,1,1
2021-05-15,Burnley,Leeds United,0,4
2021-05-15,Chelsea,Leicester City,0,1
2021-05-15,Burnley,Leeds United,0,4
2021-05-15,Southampton,Fulham,3,1
2021-05-15,Brighton,West Ham United,1,1
2021-05-15,Chelsea,Leicester City,0,1
2021-05-16,Tottenham Hotspur,Wolves,2,0
2021-05-16,Everton,Sheffield United,0,1
2021-05-16,West Brom,Liverpool,1,2
2021-05-16,Crystal Palace,Aston Villa,3,2
2021-05-16,West Brom,Liverpool,1,2
2021-05-16,Tottenham Hotspur,Wolves,2,0
2021-05-16,Crystal Palace,Aston Villa,3,2
2021-05-16,Everton,Sheffield United,0,1
2021-05-17,Barnsley,Swansea City,0,1
2021-05-17,Barnsley,Swansea City,0,1
2021-05-17,Bournemouth,Brentford,1,0
2021-05-17,Bournemouth,Brentford,1,0
2021-05-18,Chelsea,Leicester City,2,1
2021-05-18,Brighton,Manchester City,3,2
2021-05-18,Manchester Utd,Fulham,1,1
2021-05-18,Brighton,Manchester City,3,2
2021-05-18,Chelsea,Leicester City,2,1
2021-05-18,Manchester Utd,Fulham,1,1
2021-05-18,Southampton,Leeds United,0,2
2021-05-18,Southampton,Leeds United,0,2
2021-05-19,Burnley,Liverpool,0,3
2021-05-19,West Brom,West Ham United,1,3
2021-05-19,Tottenham Hotspur,Aston Villa,1,2
2021-05-19,Burnley,Liverpool,0,3
2021-05-19,West Brom,West Ham United,1,3
2021-05-19,Tottenham Hotspur,Aston Villa,1,2
2021-05-19,Newcastle United,Sheffield United,1,0
2021-05-19,Newcastle United,Sheffield United,1,0
2021-05-19,Crystal Palace,Arsenal,1,3
2021-05-19,Everton,Wolves,1,0
2021-05-19,Everton,Wolves,1,0
2021-05-19,Crystal Palace,Arsenal,1,3
2021-05-22,Swansea City,Barnsley,1,1
2021-05-22,Brentford,Bournemouth,3,1
2021-05-22,Swansea City,Barnsley,1,1
2021-05-22,Brentford,Bournemouth,3,1
2021-05-23,Manchester City,Everton,5,0
2021-05-23,Sheffield United,Burnley,1,0
2021-05-23,Leicester City,Tottenham Hotspur,2,4
2021-05-23,West Ham United,Southampton,3,0
2021-05-23,Wolves,Manchester Utd,1,2
2021-05-23,Wolves,Manchester Utd,1,2
2021-05-23,Liverpool,Crystal Palace,2,0
2021-05-23,Leeds United,West Brom,3,1
2021-05-23,Manchester City,Everton,5,0
2021-05-23,Aston Villa,Chelsea,2,1
2021-05-23,Arsenal,Brighton,2,0
2021-05-23,Sheffield United,Burnley,1,0
2021-05-23,West Ham United,Southampton,3,0
2021-05-23,Arsenal,Brighton,2,0
2021-05-23,Aston Villa,Chelsea,2,1
2021-05-23,Fulham,Newcastle United,0,2
2021-05-23,Leeds United,West Brom,3,1
2021-05-23,Leicester City,Tottenham Hotspur,2,4
2021-05-23,Liverpool,Crystal Palace,2,0
2021-05-23,Fulham,Newcastle United,0,2
2021-05-29,Brentford,Swansea City,2,0
2021-05-29,Brentford,Swansea City,2,0
2022-07-29,Huddersfield Town,Burnley,0,1
2022-07-30,Millwall,Stoke City,2,0
2022-07-30,Blackpool,Reading,1,0
2022-07-30,Cardiff City,Norwich City,1,0
2022-07-30,Hull City,Bristol City,2,1
2022-07-30,Luton Town,Birmingham City,0,0
2022-07-30,Middlesbrough,West Brom,1,1
2022-07-30,Blackburn Rovers,QPR,1,0
2022-07-30,Rotherham United,Swansea City,1,1
2022-07-30,Wigan Athletic,Preston North End,0,0
2022-07-31,Sunderland,Coventry City,1,1
2022-08-01,Watford,Sheffield United,1,0
2022-08-02,Cambridge United,Millwall,1,0
2022-08-05,Birmingham City,Huddersfield Town,2,1
2022-08-05,Crystal Palace,Arsenal,0,2
2022-08-06,Tottenham Hotspur,Southampton,4,1
2022-08-06,Newcastle United,Nottingham Forest,2,0
2022-08-06,Leeds United,Wolves,2,1
2022-08-06,Fulham,Liverpool,2,2
2022-08-06,Everton,Chelsea,0,1
2022-08-06,Bournemouth,Aston Villa,2,0
2022-08-06,QPR,Middlesbrough,3,2
2022-08-06,Stoke City,Blackpool,2,0
2022-08-06,Sheffield United,Millwall,2,0
2022-08-06,Reading,Cardiff City,2,1
2022-08-06,Preston North End,Hull City,0,0
2022-08-06,Norwich City,Wigan Athletic,1,1
2022-08-06,Burnley,Luton Town,1,1
2022-08-06,Bristol City,Sunderland,2,3
2022-08-06,Swansea City,Blackburn Rovers,0,3
2022-08-07,Manchester Utd,Brighton,1,2
2022-08-07,Leicester City,Brentford,2,2
2022-08-07,West Ham United,Manchester City,0,2
2022-08-08,West Brom,Watford,1,1
2022-08-09,Milton Keynes Dons,Sutton United,1,0
2022-08-09,Bolton Wanderers,Salford City FC,5,1
2022-08-09,Huddersfield Town,Preston North End,1,4
2022-08-09,Harrogate Town FC,Stockport,0,1
2022-08-09,Grimsby Town,Crewe Alexandra,4,0
2022-08-09,Forest Green Rovers,Leyton Orient,2,0
2022-08-09,Fleetwood Town,Wigan Athletic,1,0
2022-08-09,Doncaster Rovers,Lincoln City,0,3
2022-08-09,Ipswich Town,Colchester United,0,1
2022-08-09,Crawley Town,Bristol Rovers,1,0
2022-08-09,Charlton Athletic,QPR,1,1
2022-08-09,Cardiff City,Portsmouth,0,3
2022-08-09,Bradford City,Hull City,2,1
2022-08-09,Blackpool,Barrow,0,0
2022-08-09,Accrington Stanley,Tranmere Rovers,2,2
2022-08-09,AFC Wimbledon,Gillingham,0,2
2022-08-09,Cheltenham Town,Exeter City,0,7
2022-08-09,Luton Town,Newport County,2,3
2022-08-09,Mansfield Town,Derby County,1,2
2022-08-09,Oxford United,Swansea City,2,2
2022-08-09,Rochdale,Burton Albion,2,0
2022-08-09,Shrewsbury Town,Carlisle United,3,2
2022-08-09,Walsall,Swindon Town,2,0
2022-08-09,Morecambe,Stoke City,0,0
2022-08-09,Northampton Town,Wycombe Wanderers,1,2
2022-08-09,Norwich City,Birmingham City,2,2
2022-08-09,Reading,Stevenage,1,2
2022-08-10,Coventry City,Bristol City,1,4
2022-08-10,Middlesbrough,Barnsley,0,1
2022-08-10,Blackburn Rovers,Hartlepool United,4,0
2022-08-10,Sheffield Weds,Sunderland,2,0
2022-08-10,Plymouth Argyle,Peterborough United,0,2
2022-08-10,Port Vale,Rotherham United,1,2
2022-08-11,West Brom,Sheffield United,1,0
2022-08-12,Watford,Burnley,1,0
2022-08-13,Blackpool,Swansea City,0,1
2022-08-13,Cardiff City,Birmingham City,1,0
2022-08-13,Manchester City,Bournemouth,4,0
2022-08-13,Wolves,Fulham,0,0
2022-08-13,Arsenal,Leicester City,4,2
2022-08-13,Huddersfield Town,Stoke City,3,1
2022-08-13,Brentford,Manchester Utd,4,0
2022-08-13,Brighton,Newcastle United,0,0
2022-08-13,Southampton,Leeds United,2,2
2022-08-13,Aston Villa,Everton,2,1
2022-08-13,Rotherham United,Reading,4,0
2022-08-13,Luton Town,Preston North End,0,1
2022-08-13,Wigan Athletic,Bristol City,1,1
2022-08-13,Sunderland,QPR,2,2
2022-08-13,Hull City,Norwich City,2,1
2022-08-13,Millwall,Coventry City,3,2
2022-08-14,Blackburn Rovers,West Brom,2,1
2022-08-14,Middlesbrough,Sheffield United,2,2
2022-08-14,Chelsea,Tottenham Hotspur,2,2
2022-08-14,Nottingham Forest,West Ham United,1,0
2022-08-15,Liverpool,Crystal Palace,1,1
2022-08-16,Birmingham City,Watford,1,1
2022-08-16,Burnley,Hull City,1,1
2022-08-16,Norwich City,Huddersfield Town,2,1
2022-08-16,Preston North End,Rotherham United,0,0
2022-08-16,QPR,Blackpool,0,1
2022-08-16,Swansea City,Millwall,2,2
2022-08-16,Bristol City,Luton Town,2,0
2022-08-17,West Brom,Cardiff City,0,0
2022-08-17,Reading,Blackburn Rovers,3,0
2022-08-17,Sheffield United,Sunderland,2,1
2022-08-17,Stoke City,Middlesbrough,2,2
2022-08-19,Norwich City,Millwall,2,0
2022-08-20,Fulham,Brentford,3,2
2022-08-20,Everton,Nottingham Forest,1,1
2022-08-20,Crystal Palace,Aston Villa,3,1
2022-08-20,Bournemouth,Arsenal,0,3
2022-08-20,Leicester City,Southampton,1,2
2022-08-20,West Brom,Hull City,5,2
2022-08-20,Stoke City,Sunderland,0,1
2022-08-20,Sheffield United,Blackburn Rovers,3,0
2022-08-20,QPR,Rotherham United,1,1
2022-08-20,Preston North End,Watford,0,0
2022-08-20,Burnley,Blackpool,3,3
2022-08-20,Birmingham City,Wigan Athletic,0,1
2022-08-20,Swansea City,Luton Town,0,2
2022-08-20,Tottenham Hotspur,Wolves,1,0
2022-08-20,Reading,Middlesbrough,1,0
2022-08-21,West Ham United,Brighton,0,2
2022-08-21,Newcastle United,Manchester City,3,3
2022-08-21,Leeds United,Chelsea,3,0
2022-08-21,Bristol City,Cardiff City,2,0
2022-08-22,Manchester Utd,Liverpool,2,1
2022-08-23,Wolves,Preston North End,2,1
2022-08-23,Crawley Town,Fulham,2,0
2022-08-23,Derby County,West Brom,1,0
2022-08-23,Fleetwood Town,Everton,0,1
2022-08-23,Gillingham,Exeter City,0,0
2022-08-23,Grimsby Town,Nottingham Forest,0,3
2022-08-23,Newport County,Portsmouth,3,2
2022-08-23,Oxford United,Crystal Palace,0,2
2022-08-23,Colchester United,Brentford,0,2
2022-08-23,Rotherham United,Morecambe,0,1
2022-08-23,Sheffield Weds,Rochdale,3,0
2022-08-23,Shrewsbury Town,Burnley,0,1
2022-08-23,Stevenage,Peterborough United,1,0
2022-08-23,Stockport,Leicester City,0,0
2022-08-23,Norwich City,Bournemouth,2,2
2022-08-23,Cambridge United,Southampton,0,3
2022-08-23,Watford,Milton Keynes Dons,0,2
2022-08-23,Bradford City,Blackburn Rovers,1,2
2022-08-23,Bolton Wanderers,Aston Villa,1,4
2022-08-23,Barrow,Lincoln City,2,2
2022-08-23,Walsall,Charlton Athletic,0,1
2022-08-24,Forest Green Rovers,Brighton,0,3
2022-08-24,Leeds United,Barnsley,3,1
2022-08-24,Tranmere Rovers,Newcastle United,1,2
2022-08-24,Wycombe Wanderers,Bristol City,1,3
2022-08-26,Luton Town,Sheffield United,1,1
2022-08-27,Wigan Athletic,Burnley,1,5
2022-08-27,Watford,QPR,2,3
2022-08-27,Sunderland,Norwich City,0,1
2022-08-27,Rotherham United,Birmingham City,2,0
2022-08-27,Millwall,Reading,0,1
2022-08-27,Brentford,Everton,1,1
2022-08-27,Hull City,Coventry City,3,2
2022-08-27,Huddersfield Town,West Brom,2,2
2022-08-27,Blackpool,Bristol City,3,3
2022-08-27,Blackburn Rovers,Stoke City,0,1
2022-08-27,Middlesbrough,Swansea City,2,1
2022-08-27,Arsenal,Fulham,2,1
2022-08-27,Cardiff City,Preston North End,0,0
2022-08-27,Southampton,Manchester Utd,0,1
2022-08-27,Manchester City,Crystal Palace,4,2
2022-08-27,Liverpool,Bournemouth,9,0
2022-08-27,Chelsea,Leicester City,2,1
2022-08-27,Brighton,Leeds United,1,0
2022-08-28,Wolves,Newcastle United,1,1
2022-08-28,Nottingham Forest,Tottenham Hotspur,0,2
2022-08-28,Aston Villa,West Ham United,0,1
2022-08-30,Leeds United,Everton,1,1
2022-08-30,Southampton,Chelsea,2,1
2022-08-30,Birmingham City,Norwich City,1,2
2022-08-30,Fulham,Brighton,2,1
2022-08-30,Cardiff City,Luton Town,1,2
2022-08-30,QPR,Hull City,3,1
2022-08-30,Sheffield United,Reading,4,0
2022-08-30,Burnley,Millwall,2,0
2022-08-30,Wigan Athletic,West Brom,1,1
2022-08-30,Watford,Middlesbrough,2,1
2022-08-30,Crystal Palace,Brentford,1,1
2022-08-31,Coventry City,Preston North End,0,1
2022-08-31,Stoke City,Swansea City,1,1
2022-08-31,Sunderland,Rotherham United,3,0
2022-08-31,Arsenal,Aston Villa,2,1
2022-08-31,Bournemouth,Wolves,0,0
2022-08-31,Liverpool,Newcastle United,2,1
2022-08-31,Manchester City,Nottingham Forest,6,0
2022-08-31,Blackpool,Blackburn Rovers,0,1
2022-08-31,Bristol City,Huddersfield Town,2,0
2022-08-31,West Ham United,Tottenham Hotspur,1,1
2022-09-01,Leicester City,Manchester Utd,0,1
2022-09-02,West Brom,Burnley,1,1
2022-09-03,Millwall,Cardiff City,2,0
2022-09-03,Luton Town,Wigan Athletic,1,2
2022-09-03,Rotherham United,Watford,1,1
2022-09-03,Swansea City,QPR,1,0
2022-09-03,Norwich City,Coventry City,3,0
2022-09-03,Preston North End,Birmingham City,0,1
2022-09-03,Blackburn Rovers,Bristol City,2,3
2022-09-03,Brentford,Leeds United,5,2
2022-09-03,Chelsea,West Ham United,2,1
2022-09-03,Aston Villa,Manchester City,1,1
2022-09-03,Everton,Liverpool,0,0
2022-09-03,Newcastle United,Crystal Palace,0,0
2022-09-03,Nottingham Forest,Bournemouth,2,3
2022-09-03,Tottenham Hotspur,Fulham,2,1
2022-09-03,Wolves,Southampton,1,0
2022-09-04,Reading,Stoke City,2,1
2022-09-04,Hull City,Sheffield United,0,2
2022-09-04,Huddersfield Town,Blackpool,0,1
2022-09-04,Manchester Utd,Arsenal,3,1
2022-09-04,Brighton,Leicester City,5,2
2022-09-05,Middlesbrough,Sunderland,1,0
2022-09-13,Swansea City,Sheffield United,0,1
2022-09-13,Preston North End,Burnley,1,1
2022-09-13,Middlesbrough,Cardiff City,2,3
2022-09-13,Hull City,Stoke City,0,3
2022-09-13,Huddersfield Town,Wigan Athletic,1,2
2022-09-13,Blackburn Rovers,Watford,2,0
2022-09-14,Luton Town,Coventry City,2,2
2022-09-14,Reading,Sunderland,0,3
2022-09-14,Norwich City,Bristol City,3,2
2022-09-14,Millwall,QPR,0,2
2022-09-14,West Brom,Birmingham City,2,3
2022-09-14,Rotherham United,Blackpool,3,0
2022-09-16,Aston Villa,Southampton,1,0
2022-09-16,Nottingham Forest,Fulham,2,3
2022-09-17,Watford,Sunderland,2,2
2022-09-17,Birmingham City,Coventry City,0,0
2022-09-17,Newcastle United,Bournemouth,1,1
2022-09-17,Tottenham Hotspur,Leicester City,6,2
2022-09-17,Burnley,Bristol City,2,1
2022-09-17,Huddersfield Town,Cardiff City,1,0
2022-09-17,Luton Town,Blackburn Rovers,2,0
2022-09-17,Middlesbrough,Rotherham United,0,0
2022-09-17,Millwall,Blackpool,2,1
2022-09-17,Wolves,Manchester City,0,3
2022-09-17,Preston North End,Sheffield United,0,2
2022-09-17,QPR,Stoke City,0,0
2022-09-17,Wigan Athletic,Reading,0,1
2022-09-17,Swansea City,Hull City,3,0
2022-09-17,Norwich City,West Brom,1,1
2022-09-18,Brentford,Arsenal,0,3
2022-09-18,Everton,West Ham United,1,0
2022-09-30,Hull City,Luton Town,0,2
2022-10-01,Sheffield United,Birmingham City,1,1
2022-10-01,Rotherham United,Wigan Athletic,0,2
2022-10-01,Coventry City,Middlesbrough,1,0
2022-10-01,Cardiff City,Burnley,1,1
2022-10-01,Bristol City,QPR,1,2
2022-10-01,Blackpool,Norwich City,0,1
2022-10-01,Blackburn Rovers,Millwall,2,1
2022-10-01,Sunderland,Preston North End,0,0
2022-10-01,Reading,Huddersfield Town,3,1
2022-10-01,Bournemouth,Brentford,0,0
2022-10-01,Crystal Palace,Chelsea,1,2
2022-10-01,Fulham,Newcastle United,1,4
2022-10-01,Liverpool,Brighton,3,3
2022-10-01,Southampton,Everton,1,2
2022-10-01,West Ham United,Wolves,2,0
2022-10-01,Arsenal,Tottenham Hotspur,3,1
2022-10-01,West Brom,Swansea City,2,3
2022-10-02,Stoke City,Watford,0,4
2022-10-02,Leeds United,Aston Villa,0,0
2022-10-02,Manchester City,Manchester Utd,6,3
2022-10-03,Leicester City,Nottingham Forest,4,0
2022-10-04,Bristol City,Coventry City,0,0
2022-10-04,Cardiff City,Blackburn Rovers,1,0
2022-10-04,Luton Town,Huddersfield Town,3,3
2022-10-04,Reading,Norwich City,1,1
2022-10-04,Sheffield United,QPR,0,1
2022-10-04,Sunderland,Blackpool,0,0
2022-10-05,Burnley,Stoke City,1,1
2022-10-05,Hull City,Wigan Athletic,2,1
2022-10-05,Watford,Swansea City,1,2
2022-10-05,Rotherham United,Millwall,1,1
2022-10-05,Preston North End,West Brom,1,0
2022-10-05,Middlesbrough,Birmingham City,1,0
2022-10-07,QPR,Reading,2,1
2022-10-08,Coventry City,Burnley,0,1
2022-10-08,Blackburn Rovers,Rotherham United,3,0
2022-10-08,Bournemouth,Leicester City,2,1
2022-10-08,Brighton,Tottenham Hotspur,0,1
2022-10-08,Chelsea,Wolves,3,0
2022-10-08,Manchester City,Southampton,4,0
2022-10-08,Newcastle United,Brentford,5,1
2022-10-08,Wigan Athletic,Cardiff City,1,3
2022-10-08,Birmingham City,Bristol City,3,0
2022-10-08,Swansea City,Sunderland,2,1
2022-10-08,West Brom,Luton Town,0,0
2022-10-08,Stoke City,Sheffield United,3,1
2022-10-08,Norwich City,Preston North End,2,3
2022-10-08,Millwall,Middlesbrough,2,0
2022-10-08,Blackpool,Watford,3,1
2022-10-09,Huddersfield Town,Hull City,2,0
2022-10-09,West Ham United,Fulham,3,1
2022-10-09,Everton,Manchester Utd,1,2
2022-10-09,Crystal Palace,Leeds United,2,1
2022-10-09,Arsenal,Liverpool,3,2
2022-10-10,Nottingham Forest,Aston Villa,1,1
2022-10-11,Wigan Athletic,Blackburn Rovers,1,0
2022-10-12,Bristol City,Preston North End,2,1
2022-10-14,Brentford,Brighton,2,0
2022-10-15,Wolves,Nottingham Forest,1,0
2022-10-15,Tottenham Hotspur,Everton,2,0
2022-10-15,Leicester City,Crystal Palace,0,0
2022-10-15,Fulham,Bournemouth,2,2
2022-10-15,Burnley,Swansea City,4,0
2022-10-15,Bristol City,Millwall,1,2
2022-10-15,Cardiff City,Coventry City,0,1
2022-10-15,Reading,West Brom,0,2
2022-10-15,Luton Town,QPR,3,1
2022-10-15,Middlesbrough,Blackburn Rovers,1,2
2022-10-15,Preston North End,Stoke City,0,2
2022-10-15,Rotherham United,Huddersfield Town,2,1
2022-10-15,Sheffield United,Blackpool,3,3
2022-10-15,Sunderland,Wigan Athletic,2,1
2022-10-15,Watford,Norwich City,2,1
2022-10-16,Liverpool,Manchester City,1,0
2022-10-16,Manchester Utd,Newcastle United,0,0
2022-10-16,Southampton,West Ham United,1,1
2022-10-16,Hull City,Birmingham City,0,2
2022-10-16,Aston Villa,Chelsea,0,2
2022-10-16,Leeds United,Arsenal,0,1
2022-10-18,Huddersfield Town,Preston North End,0,1
2022-10-18,Norwich City,Luton Town,0,1
2022-10-18,Stoke City,Rotherham United,0,1
2022-10-18,Swansea City,Reading,3,2
2022-10-18,West Brom,Bristol City,0,2
2022-10-18,Brighton,Nottingham Forest,0,0
2022-10-18,Blackburn Rovers,Sunderland,2,0
2022-10-18,Crystal Palace,Wolves,2,1
2022-10-19,Blackpool,Hull City,1,3
2022-10-19,Coventry City,Sheffield United,1,0
2022-10-19,Millwall,Watford,3,0
2022-10-19,Bournemouth,Southampton,0,1
2022-10-19,Newcastle United,Everton,1,0
2022-10-19,Liverpool,West Ham United,1,0
2022-10-19,Manchester Utd,Tottenham Hotspur,2,0
2022-10-19,QPR,Cardiff City,3,0
2022-10-19,Wigan Athletic,Middlesbrough,1,4
2022-10-19,Brentford,Chelsea,0,0
2022-10-19,Birmingham City,Burnley,1,1
2022-10-20,Fulham,Aston Villa,3,0
2022-10-20,Leicester City,Leeds United,2,0
2022-10-22,Stoke City,Coventry City,0,2
2022-10-22,Everton,Crystal Palace,3,0
2022-10-22,Manchester City,Brighton,3,1
2022-10-22,Nottingham Forest,Liverpool,1,0
2022-10-22,Sunderland,Burnley,2,4
2022-10-22,Sheffield United,Norwich City,2,2
2022-10-22,Rotherham United,Hull City,2,4
2022-10-22,Reading,Bristol City,2,0
2022-10-22,Millwall,West Brom,2,1
2022-10-22,Middlesbrough,Huddersfield Town,0,0
2022-10-22,Blackpool,Preston North End,4,2
2022-10-22,Blackburn Rovers,Birmingham City,2,1
2022-10-22,Chelsea,Manchester Utd,1,1
2022-10-22,QPR,Wigan Athletic,2,1
2022-10-23,Aston Villa,Brentford,4,0
2022-10-23,Wolves,Leicester City,0,4
2022-10-23,Leeds United,Fulham,2,3
2022-10-23,Southampton,Arsenal,1,1
2022-10-23,Tottenham Hotspur,Newcastle United,1,2
2022-10-23,Swansea City,Cardiff City,2,0
2022-10-23,Watford,Luton Town,4,0
2022-10-24,West Ham United,Bournemouth,2,0
2022-10-25,Burnley,Norwich City,1,0
2022-10-25,Coventry City,Rotherham United,2,2
2022-10-28,Birmingham City,QPR,2,0
2022-10-29,Leicester City,Manchester City,0,1
2022-10-29,Crystal Palace,Southampton,1,0
2022-10-29,Fulham,Everton,0,0
2022-10-29,Bournemouth,Tottenham Hotspur,2,3
2022-10-29,Liverpool,Leeds United,1,2
2022-10-29,Newcastle United,Aston Villa,4,0
2022-10-29,Wigan Athletic,Watford,0,1
2022-10-29,West Brom,Sheffield United,0,2
2022-10-29,Luton Town,Sunderland,1,1
2022-10-29,Norwich City,Stoke City,3,1
2022-10-29,Brentford,Wolves,1,1
2022-10-29,Hull City,Blackburn Rovers,0,1
2022-10-29,Huddersfield Town,Millwall,1,0
2022-10-29,Coventry City,Blackpool,1,2
2022-10-29,Cardiff City,Rotherham United,1,0
2022-10-29,Burnley,Reading,2,1
2022-10-29,Bristol City,Swansea City,1,1
2022-10-29,Preston North End,Middlesbrough,2,1
2022-10-29,Brighton,Chelsea,4,1
2022-10-30,Arsenal,Nottingham Forest,5,0
2022-10-30,Manchester Utd,West Ham United,1,0
2022-11-01,Luton Town,Reading,0,0
2022-11-01,West Brom,Blackpool,1,0
2022-11-01,Preston North End,Swansea City,1,0
2022-11-01,Hull City,Middlesbrough,1,3
2022-11-01,Coventry City,Blackburn Rovers,1,0
2022-11-01,Bristol City,Sheffield United,0,1
2022-11-02,Wigan Athletic,Stoke City,0,1
2022-11-02,Huddersfield Town,Sunderland,0,2
2022-11-02,Burnley,Rotherham United,3,2
2022-11-02,Birmingham City,Millwall,0,0
2022-11-02,Norwich City,QPR,0,0
2022-11-02,Cardiff City,Watford,1,2
2022-11-04,Reading,Preston North End,1,2
2022-11-04,Sheffield Weds,Morecambe,2,0
2022-11-04,Hereford,Portsmouth,1,3
2022-11-05,Shrewsbury Town,York City,2,1
2022-11-05,Sunderland,Cardiff City,0,1
2022-11-05,Peterborough United,Salford City FC,0,0
2022-11-05,Stoke City,Birmingham City,1,2
2022-11-05,Milton Keynes Dons,Taunton Town FC,6,0
2022-11-05,Maidenhead United,Dagenham & Redbridge,0,1
2022-11-05,Grimsby Town,Plymouth Argyle,5,1
2022-11-05,Solihull Moors,Hartlepool United,2,2
2022-11-05,Port Vale,Exeter City,2,3
2022-11-05,South Shields FC,Forest Green Rovers,0,2
2022-11-05,Blackpool,Luton Town,0,1
2022-11-05,Sutton United,Farnborough FC,0,2
2022-11-05,Weymouth,AFC Wimbledon,1,1
2022-11-05,Wycombe Wanderers,Walsall,0,2
2022-11-05,Rotherham United,Norwich City,1,2
2022-11-05,QPR,West Brom,0,1
2022-11-05,Millwall,Hull City,0,0
2022-11-05,Middlesbrough,Bristol City,1,1
2022-11-05,Gateshead,Stevenage,2,3
2022-11-05,Blackburn Rovers,Huddersfield Town,1,0
2022-11-05,Stockport,Swindon Town,4,0
2022-11-05,Fylde,Gillingham,1,1
2022-11-05,Newport County,Colchester United,2,0
2022-11-05,Ebbsfleet United,FC Halifax Town,2,1
2022-11-05,Swansea City,Wigan Athletic,2,2
2022-11-05,Watford,Coventry City,0,1
2022-11-05,Sheffield United,Burnley,5,2
2022-11-05,Wolves,Brighton,2,3
2022-11-05,Nottingham Forest,Brentford,2,2
2022-11-05,Manchester City,Fulham,2,1
2022-11-05,Fleetwood Town,Oxford City FC,3,1
2022-11-05,Everton,Leicester City,0,2
2022-11-05,Barnet,Chelmsford City FC,1,1
2022-11-05,Barrow,Mansfield Town,0,1
2022-11-05,Bolton Wanderers,Barnsley,1,2
2022-11-05,Boreham Wood,Eastleigh,3,1
2022-11-05,Leeds United,Bournemouth,4,3
2022-11-05,Bristol Rovers,Rochdale,1,0
2022-11-05,Doncaster Rovers,King's Lynn Town FC,0,1
2022-11-05,Crewe Alexandra,Leyton Orient,1,0
2022-11-05,Crawley Town,Accrington Stanley,1,4
2022-11-05,Bradford City,Harrogate Town FC,0,1
2022-11-05,Chippenham Town FC,Lincoln City,1,0
2022-11-05,Chesterfield,Northampton Town,1,0
2022-11-05,Cheltenham Town,Alvechurch FC,1,2
2022-11-05,Charlton Athletic,Coalville Town FC,4,1
2022-11-05,Carlisle United,Tranmere Rovers,2,1
2022-11-05,Buxton FC,Merthyr Town FC,2,0
2022-11-05,Burton Albion,Needham Market FC,2,0
2022-11-06,Southampton,Newcastle United,1,4
2022-11-06,Chelsea,Arsenal,0,1
2022-11-06,Aston Villa,Manchester Utd,3,1
2022-11-06,Tottenham Hotspur,Liverpool,1,2
2022-11-06,West Ham United,Crystal Palace,1,2
2022-11-06,Curzon Ashton FC,Cambridge United,0,0
2022-11-06,Torquay,Derby County,2,2
2022-11-06,Wrexham,Oldham Athletic,3,0
2022-11-07,Bracknell Town FC,Ipswich Town,0,3
2022-11-08,Birmingham City,Swansea City,2,2
2022-11-08,Blackpool,Middlesbrough,0,3
2022-11-08,Cardiff City,Hull City,2,3
2022-11-08,Coventry City,Wigan Athletic,2,0
2022-11-08,QPR,Huddersfield Town,1,2
2022-11-08,Sheffield United,Rotherham United,0,1
2022-11-08,Stoke City,Luton Town,2,0
2022-11-08,Watford,Reading,2,0
2022-11-08,Milton Keynes Dons,Morecambe,2,0
2022-11-08,Leicester City,Newport County,3,0
2022-11-08,Burnley,Crawley Town,3,1
2022-11-08,Bristol City,Lincoln City,1,3
2022-11-08,Brentford,Gillingham,1,1
2022-11-08,Bournemouth,Everton,4,1
2022-11-08,Stevenage,Charlton Athletic,1,1
2022-11-09,Wolves,Leeds United,1,0
2022-11-09,Nottingham Forest,Tottenham Hotspur,2,0
2022-11-09,Newcastle United,Crystal Palace,0,0
2022-11-09,Manchester City,Chelsea,2,0
2022-11-09,Southampton,Sheffield Weds,1,1
2022-11-09,Arsenal,Brighton,1,3
2022-11-09,West Ham United,Blackburn Rovers,2,2
2022-11-09,Liverpool,Derby County,0,0
2022-11-10,Manchester Utd,Aston Villa,4,2
2022-11-11,Birmingham City,Sunderland,1,2
2022-11-12,Bristol City,Watford,0,0
2022-11-12,Cardiff City,Sheffield United,0,1
2022-11-12,Huddersfield Town,Swansea City,0,0
2022-11-12,Hull City,Reading,1,2
2022-11-12,Luton Town,Rotherham United,1,1
2022-11-12,Norwich City,Middlesbrough,1,2
2022-11-12,Preston North End,Millwall,2,4
2022-11-12,West Brom,Stoke City,2,0
2022-11-12,Wigan Athletic,Blackpool,2,1
2022-11-12,West Ham United,Leicester City,0,2
2022-11-12,Nottingham Forest,Crystal Palace,1,0
2022-11-12,Newcastle United,Chelsea,1,0
2022-11-12,Manchester City,Brentford,1,2
2022-11-12,Liverpool,Southampton,3,1
2022-11-12,Bournemouth,Everton,3,0
2022-11-12,Coventry City,QPR,2,0
2022-11-12,Wolves,Arsenal,0,2
2022-11-12,Tottenham Hotspur,Leeds United,4,3
2022-11-13,Fulham,Manchester Utd,1,2
2022-11-13,Brighton,Aston Villa,1,2
2022-11-13,Burnley,Blackburn Rovers,3,0
2022-11-14,Chelmsford City FC,Barnet,0,1
2022-11-15,Cambridge United,Curzon Ashton FC,0,0
2022-11-15,Derby County,Torquay,5,0
2022-11-15,Hartlepool United,Solihull Moors,1,1
2022-11-15,AFC Wimbledon,Weymouth,3,1
2022-11-15,Gillingham,Fylde,1,0
2022-11-16,Salford City FC,Peterborough United,0,3
2022-11-16,Woking,Oxford United,1,2
2022-11-26,King's Lynn Town FC,Stevenage,0,3
2022-11-26,Wrexham,Farnborough FC,4,1
2022-11-26,Portsmouth,Milton Keynes Dons,3,2
2022-11-26,Walsall,Carlisle United,2,1
2022-11-26,Oxford United,Exeter City,4,1
2022-11-26,Shrewsbury Town,Peterborough United,3,1
2022-11-26,Hartlepool United,Harrogate Town FC,3,1
2022-11-26,Dagenham & Redbridge,Gillingham,1,1
2022-11-26,Charlton Athletic,Stockport,2,2
2022-11-26,Cambridge United,Grimsby Town,1,2
2022-11-26,Barnsley,Crewe Alexandra,3,0
2022-11-26,Accrington Stanley,Barnet,1,0
2022-11-26,AFC Wimbledon,Chesterfield,0,2
2022-11-26,Forest Green Rovers,Alvechurch FC,2,1
2022-11-26,Sheffield Weds,Mansfield Town,2,1
2022-11-27,Bristol Rovers,Boreham Wood,0,2
2022-11-27,Burton Albion,Chippenham Town FC,6,1
2022-11-27,Ipswich Town,Buxton FC,4,0
2022-11-27,Newport County,Derby County,1,2
2022-11-27,Ebbsfleet United,Fleetwood Town,0,1
2022-12-03,Sunderland,Millwall,3,0
2022-12-07,Stockport,Charlton Athletic,3,1
2022-12-08,Gillingham,Dagenham & Redbridge,3,2
2022-12-10,Sheffield United,Huddersfield Town,1,0
2022-12-10,Blackburn Rovers,Preston North End,1,4
2022-12-10,Blackpool,Birmingham City,0,0
2022-12-10,Middlesbrough,Luton Town,2,1
2022-12-10,Millwall,Wigan Athletic,1,1
2022-12-10,Reading,Coventry City,1,0
2022-12-10,Rotherham United,Bristol City,1,3
2022-12-10,Swansea City,Norwich City,0,1
2022-12-10,Stoke City,Cardiff City,2,2
2022-12-11,Watford,Hull City,0,0
2022-12-11,QPR,Burnley,0,3
2022-12-12,Sunderland,West Brom,1,2
2022-12-16,Birmingham City,Reading,3,2
2022-12-17,Burnley,Middlesbrough,3,1
2022-12-17,Cardiff City,Blackpool,1,1
2022-12-17,Bristol City,Stoke City,1,2
2022-12-17,Hull City,Sunderland,1,1
2022-12-17,Norwich City,Blackburn Rovers,0,2
2022-12-17,Preston North End,QPR,0,1
2022-12-17,Coventry City,Swansea City,3,3
2022-12-17,Huddersfield Town,Watford,0,2
2022-12-17,West Brom,Rotherham United,3,0
2022-12-19,Wigan Athletic,Sheffield United,1,2
2022-12-20,Southampton,Lincoln City,2,1
2022-12-20,Wolves,Gillingham,2,0
2022-12-20,Newcastle United,Bournemouth,1,0
2022-12-20,Milton Keynes Dons,Leicester City,0,3
2022-12-21,Coventry City,West Brom,1,0
2022-12-21,Charlton Athletic,Brighton,0,0
2022-12-21,Blackburn Rovers,Nottingham Forest,1,4
2022-12-21,Manchester Utd,Burnley,2,0
2022-12-22,Manchester City,Liverpool,3,2
2022-12-26,Southampton,Brighton,1,3
2022-12-26,Crystal Palace,Fulham,0,3
2022-12-26,Brentford,Tottenham Hotspur,2,2
2022-12-26,Aston Villa,Liverpool,1,3
2022-12-26,Sunderland,Blackburn Rovers,2,1
2022-12-26,Arsenal,West Ham United,3,1
2022-12-26,Rotherham United,Stoke City,2,2
2022-12-26,Watford,Millwall,0,2
2022-12-26,Everton,Wolves,1,2
2022-12-26,Leicester City,Newcastle United,0,3
2022-12-26,Sheffield United,Coventry City,3,1
2022-12-26,Middlesbrough,Wigan Athletic,4,1
2022-12-26,Luton Town,Norwich City,2,1
2022-12-26,Hull City,Blackpool,1,1
2022-12-26,Cardiff City,QPR,0,0
2022-12-26,Preston North End,Huddersfield Town,1,2
2022-12-26,Bristol City,West Brom,0,2
2022-12-27,Reading,Swansea City,2,1
2022-12-27,Burnley,Birmingham City,3,0
2022-12-27,Chelsea,Bournemouth,2,0
2022-12-27,Manchester Utd,Nottingham Forest,3,0
2022-12-28,Leeds United,Manchester City,1,3
2022-12-29,West Brom,Preston North End,2,0
2022-12-29,Blackburn Rovers,Middlesbrough,1,2
2022-12-29,Blackpool,Sheffield United,1,2
2022-12-29,Millwall,Bristol City,0,0
2022-12-29,Wigan Athletic,Sunderland,1,4
2022-12-29,Huddersfield Town,Rotherham United,2,0
2022-12-29,QPR,Luton Town,0,3
2022-12-29,Coventry City,Cardiff City,0,0
2022-12-30,Swansea City,Watford,4,0
2022-12-30,Birmingham City,Hull City,0,1
2022-12-30,Norwich City,Reading,1,1
2022-12-30,Stoke City,Burnley,0,1
2022-12-30,Liverpool,Leicester City,2,1
2022-12-30,West Ham United,Brentford,0,2
2022-12-31,Brighton,Arsenal,2,4
2022-12-31,Wolves,Manchester Utd,0,1
2022-12-31,Fulham,Southampton,2,1
2022-12-31,Manchester City,Everton,1,1
2022-12-31,Newcastle United,Leeds United,0,0
2022-12-31,Bournemouth,Crystal Palace,0,2
2023-01-01,Blackpool,Sunderland,1,1
2023-01-01,Coventry City,Bristol City,1,1
2023-01-01,Huddersfield Town,Luton Town,1,2
2023-01-01,Millwall,Rotherham United,3,0
2023-01-01,Blackburn Rovers,Cardiff City,1,0
2023-01-01,Nottingham Forest,Chelsea,1,1
2023-01-01,Tottenham Hotspur,Aston Villa,0,2
2023-01-02,Stoke City,Preston North End,0,1
2023-01-02,QPR,Sheffield United,1,1
2023-01-02,Norwich City,Watford,0,1
2023-01-02,Birmingham City,Middlesbrough,1,3
2023-01-02,Swansea City,Burnley,1,2
2023-01-02,Brentford,Liverpool,3,1
2023-01-02,Wigan Athletic,Hull City,1,4
2023-01-02,West Brom,Reading,1,0
2023-01-03,Arsenal,Newcastle United,0,0
2023-01-03,Manchester Utd,Bournemouth,3,0
2023-01-03,Leicester City,Fulham,0,1
2023-01-03,Everton,Brighton,1,4
2023-01-04,Southampton,Nottingham Forest,0,1
2023-01-04,Leeds United,West Ham United,2,2
2023-01-04,Crystal Palace,Tottenham Hotspur,0,4
2023-01-04,Aston Villa,Wolves,1,1
2023-01-05,Chelsea,Manchester City,0,1
2023-01-06,Manchester Utd,Everton,3,1
2023-01-07,Tottenham Hotspur,Portsmouth,1,0
2023-01-07,Grimsby Town,Burton Albion,1,0
2023-01-07,Sheffield Weds,Newcastle United,2,1
2023-01-07,Blackpool,Nottingham Forest,4,1
2023-01-07,Boreham Wood,Accrington Stanley,1,1
2023-01-07,Bournemouth,Burnley,2,4
2023-01-07,Brentford,West Ham United,0,1
2023-01-07,Chesterfield,West Brom,3,3
2023-01-07,Coventry City,Wrexham,3,4
2023-01-07,Crystal Palace,Southampton,1,2
2023-01-07,Fleetwood Town,QPR,2,1
2023-01-07,Gillingham,Leicester City,0,1
2023-01-07,Hull City,Fulham,0,2
2023-01-07,Ipswich Town,Rotherham United,4,1
2023-01-07,Liverpool,Wolves,2,2
2023-01-07,Luton Town,Wigan Athletic,1,1
2023-01-07,Middlesbrough,Brighton,1,5
2023-01-07,Millwall,Sheffield United,0,2
2023-01-07,Preston North End,Huddersfield Town,3,1
2023-01-07,Reading,Watford,2,0
2023-01-07,Shrewsbury Town,Sunderland,1,2
2023-01-08,Stockport,Walsall,1,2
2023-01-08,Norwich City,Blackburn Rovers,0,1
2023-01-08,Manchester City,Chelsea,4,0
2023-01-08,Hartlepool United,Stoke City,0,3
2023-01-08,Derby County,Barnsley,3,0
2023-01-08,Cardiff City,Leeds United,2,2
2023-01-08,Bristol City,Swansea City,1,1
2023-01-08,Aston Villa,Stevenage,1,2
2023-01-09,Oxford United,Arsenal,0,3
2023-01-10,Newcastle United,Leicester City,2,0
2023-01-10,Manchester Utd,Charlton Athletic,3,0
2023-01-11,Nottingham Forest,Wolves,1,1
2023-01-11,Southampton,Manchester City,2,0
2023-01-12,Fulham,Chelsea,2,1
2023-01-13,Aston Villa,Leeds United,2,1
2023-01-14,Sunderland,Swansea City,1,3
2023-01-14,Sheffield United,Stoke City,3,1
2023-01-14,Rotherham United,Blackburn Rovers,4,0
2023-01-14,Reading,QPR,2,2
2023-01-14,Preston North End,Norwich City,0,4
2023-01-14,Middlesbrough,Millwall,1,0
2023-01-14,Luton Town,West Brom,2,3
2023-01-14,Hull City,Huddersfield Town,1,1
2023-01-14,Cardiff City,Wigan Athletic,1,1
2023-01-14,Burnley,Coventry City,1,0
2023-01-14,Bristol City,Birmingham City,4,2
2023-01-14,Brighton,Liverpool,3,0
2023-01-14,Everton,Southampton,1,2
2023-01-14,Manchester Utd,Manchester City,2,1
2023-01-14,Nottingham Forest,Leicester City,2,0
2023-01-14,Wolves,West Ham United,1,0
2023-01-14,Brentford,Bournemouth,2,0
2023-01-14,Watford,Blackpool,2,0
2023-01-15,Chelsea,Crystal Palace,1,0
2023-01-15,Newcastle United,Fulham,1,0
2023-01-15,Tottenham Hotspur,Arsenal,0,2
2023-01-17,Wolves,Liverpool,0,1
2023-01-17,Wigan Athletic,Luton Town,1,2
2023-01-17,West Brom,Chesterfield,4,0
2023-01-17,Swansea City,Bristol City,1,2
2023-01-17,Forest Green Rovers,Birmingham City,1,2
2023-01-18,Leeds United,Cardiff City,5,2
2023-01-18,Crystal Palace,Manchester Utd,1,1
2023-01-19,Manchester City,Tottenham Hotspur,4,2
2023-01-20,Burnley,West Brom,2,1
2023-01-20,Sheffield United,Hull City,1,0
2023-01-21,Bournemouth,Nottingham Forest,1,1
2023-01-21,Liverpool,Chelsea,0,0
2023-01-21,Leicester City,Brighton,2,2
2023-01-21,Crystal Palace,Newcastle United,0,0
2023-01-21,Birmingham City,Preston North End,1,2
2023-01-21,Bristol City,Blackburn Rovers,1,1
2023-01-21,Cardiff City,Millwall,0,1
2023-01-21,Coventry City,Norwich City,2,4
2023-01-21,QPR,Swansea City,1,1
2023-01-21,Stoke City,Reading,4,0
2023-01-21,Watford,Rotherham United,1,1
2023-01-21,Wigan Athletic,Luton Town,0,2
2023-01-21,Southampton,Aston Villa,0,1
2023-01-21,West Ham United,Everton,2,0
2023-01-22,Manchester City,Wolves,3,0
2023-01-22,Leeds United,Brentford,0,0
2023-01-22,Sunderland,Middlesbrough,2,0
2023-01-22,Arsenal,Manchester Utd,3,2
2023-01-23,Fulham,Tottenham Hotspur,0,1
2023-01-24,Accrington Stanley,Boreham Wood,1,0
2023-01-24,Southampton,Newcastle United,0,1
2023-01-25,Nottingham Forest,Manchester Utd,0,3
2023-01-27,Manchester City,Arsenal,1,0
2023-01-28,Middlesbrough,Watford,2,0
2023-01-28,Accrington Stanley,Leeds United,1,3
2023-01-28,Hull City,QPR,3,0
2023-01-28,Walsall,Leicester City,0,1
2023-01-28,Southampton,Blackpool,2,1
2023-01-28,Sheffield Weds,Fleetwood Town,1,1
2023-01-28,Preston North End,Tottenham Hotspur,0,3
2023-01-28,Manchester Utd,Reading,3,1
2023-01-28,Luton Town,Grimsby Town,2,2
2023-01-28,Ipswich Town,Burnley,0,0
2023-01-28,Fulham,Sunderland,1,1
2023-01-28,Bristol City,West Brom,3,0
2023-01-28,Blackburn Rovers,Birmingham City,2,2
2023-01-28,Coventry City,Huddersfield Town,2,0
2023-01-29,Stoke City,Stevenage,3,1
2023-01-29,Brighton,Liverpool,2,1
2023-01-29,Wrexham,Sheffield United,3,3
2023-01-30,Derby County,West Ham United,0,2
2023-01-31,Birmingham City,Blackburn Rovers,0,1
2023-01-31,Newcastle United,Southampton,2,1
2023-01-31,Luton Town,Cardiff City,1,0
2023-02-01,Manchester Utd,Nottingham Forest,2,0
2023-02-03,West Brom,Coventry City,1,0
2023-02-03,Chelsea,Fulham,0,0
2023-02-04,Swansea City,Birmingham City,3,4
2023-02-04,Wolves,Liverpool,3,0
2023-02-04,Manchester Utd,Crystal Palace,2,1
2023-02-04,Everton,Arsenal,1,0
2023-02-04,Brighton,Bournemouth,1,0
2023-02-04,Brentford,Southampton,3,0
2023-02-04,Aston Villa,Leicester City,2,4
2023-02-04,Newcastle United,West Ham United,1,1
2023-02-04,Millwall,Sunderland,1,1
2023-02-04,Preston North End,Bristol City,1,2
2023-02-04,Reading,Watford,2,2
2023-02-04,Rotherham United,Sheffield United,0,0
2023-02-04,Huddersfield Town,QPR,1,1
2023-02-04,Hull City,Cardiff City,1,0
2023-02-04,Norwich City,Burnley,0,3
2023-02-04,Luton Town,Stoke City,1,0
2023-02-04,Middlesbrough,Blackpool,3,0
2023-02-05,Nottingham Forest,Leeds United,1,0
2023-02-05,Tottenham Hotspur,Manchester City,1,0
2023-02-06,Blackburn Rovers,Wigan Athletic,0,0
2023-02-07,Grimsby Town,Luton Town,3,0
2023-02-07,Blackpool,Huddersfield Town,2,2
2023-02-07,Sheffield United,Wrexham,3,1
2023-02-07,Fleetwood Town,Sheffield Weds,1,0
2023-02-07,Burnley,Ipswich Town,2,1
2023-02-08,Sunderland,Fulham,2,3
2023-02-08,Manchester Utd,Leeds United,2,2
2023-02-10,Birmingham City,West Brom,2,0
2023-02-11,Blackpool,Rotherham United,0,0
2023-02-11,Crystal Palace,Brighton,1,1
2023-02-11,Leicester City,Tottenham Hotspur,4,1
2023-02-11,Southampton,Wolves,1,2
2023-02-11,West Ham United,Chelsea,1,1
2023-02-11,Bristol City,Norwich City,1,0
2023-02-11,Arsenal,Brentford,1,1
2023-02-11,Bournemouth,Newcastle United,1,1
2023-02-11,Fulham,Nottingham Forest,2,0
2023-02-11,Watford,Blackburn Rovers,1,1
2023-02-11,Stoke City,Hull City,0,0
2023-02-11,Wigan Athletic,Huddersfield Town,1,0
2023-02-11,Sheffield United,Swansea City,3,0
2023-02-11,Burnley,Preston North End,3,0
2023-02-11,Cardiff City,Middlesbrough,1,3
2023-02-11,Coventry City,Luton Town,1,1
2023-02-11,Sunderland,Reading,1,0
2023-02-11,QPR,Millwall,1,2
2023-02-12,Manchester City,Aston Villa,3,1
2023-02-12,Leeds United,Manchester Utd,0,2
2023-02-13,Liverpool,Everton,2,0
2023-02-14,Birmingham City,Cardiff City,0,2
2023-02-14,Burnley,Watford,1,1
2023-02-14,Reading,Rotherham United,2,1
2023-02-14,QPR,Sunderland,0,3
2023-02-14,Norwich City,Hull City,3,1
2023-02-14,Coventry City,Millwall,1,0
2023-02-15,Sheffield United,Middlesbrough,1,3
2023-02-15,Arsenal,Manchester City,1,3
2023-02-15,Stoke City,Huddersfield Town,3,0
2023-02-15,Swansea City,Blackpool,2,1
2023-02-15,West Brom,Blackburn Rovers,1,1
2023-02-15,Preston North End,Luton Town,1,1
2023-02-15,Bristol City,Wigan Athletic,1,1
2023-02-17,Cardiff City,Reading,1,0
2023-02-18,Wolves,Bournemouth,0,1
2023-02-18,Nottingham Forest,Manchester City,1,1
2023-02-18,Blackburn Rovers,Swansea City,1,0
2023-02-18,Everton,Leeds United,1,0
2023-02-18,Chelsea,Southampton,0,1
2023-02-18,Brighton,Fulham,0,1
2023-02-18,Brentford,Crystal Palace,1,1
2023-02-18,Aston Villa,Arsenal,2,4
2023-02-18,Huddersfield Town,Birmingham City,2,1
2023-02-18,Newcastle United,Liverpool,0,2
2023-02-18,Blackpool,Stoke City,1,0
2023-02-18,Wigan Athletic,Norwich City,0,0
2023-02-18,Sunderland,Bristol City,1,1
2023-02-18,Rotherham United,Coventry City,0,2
2023-02-18,Millwall,Sheffield United,3,2
2023-02-18,Luton Town,Burnley,0,1
2023-02-18,Hull City,Preston North End,0,0
2023-02-18,Middlesbrough,QPR,3,1
2023-02-19,Tottenham Hotspur,West Ham United,2,0
2023-02-19,Manchester Utd,Leicester City,3,0
2023-02-20,Watford,West Brom,3,2
2023-02-21,Blackburn Rovers,Blackpool,1,0
2023-02-21,Swansea City,Stoke City,1,3
2023-02-21,Norwich City,Birmingham City,3,1
2023-02-21,Rotherham United,Sunderland,2,1
2023-02-21,Millwall,Burnley,1,1
2023-02-24,Fulham,Wolves,1,1
2023-02-25,Birmingham City,Luton Town,0,1
2023-02-25,Burnley,Huddersfield Town,4,0
2023-02-25,Coventry City,Sunderland,2,1
2023-02-25,Norwich City,Cardiff City,2,0
2023-02-25,Preston North End,Wigan Athletic,2,1
2023-02-25,QPR,Blackburn Rovers,1,3
2023-02-25,Sheffield United,Watford,1,0
2023-02-25,Stoke City,Millwall,0,1
2023-02-25,Bristol City,Hull City,1,0
2023-02-25,Reading,Blackpool,3,1
2023-02-25,West Ham United,Nottingham Forest,4,0
2023-02-25,Bournemouth,Manchester City,1,4
2023-02-25,Crystal Palace,Liverpool,0,0
2023-02-25,Everton,Aston Villa,0,2
2023-02-25,West Brom,Middlesbrough,2,0
2023-02-25,Leeds United,Southampton,1,0
2023-02-25,Leicester City,Arsenal,0,1
2023-02-26,Tottenham Hotspur,Chelsea,2,0
2023-02-26,Manchester Utd,Newcastle United,2,0
2023-02-27,Swansea City,Rotherham United,1,1
2023-02-28,Stoke City,Brighton,0,1
2023-02-28,Luton Town,Millwall,2,2
2023-02-28,Fulham,Leeds United,2,0
2023-02-28,Bristol City,Manchester City,0,3
2023-02-28,Preston North End,Coventry City,0,0
2023-02-28,Leicester City,Blackburn Rovers,1,2
2023-03-01,Burnley,Fleetwood Town,1,0
2023-03-01,Sheffield United,Tottenham Hotspur,1,0
2023-03-01,Southampton,Grimsby Town,1,2
2023-03-01,Arsenal,Everton,4,0
2023-03-01,Liverpool,Wolves,2,0
2023-03-01,Manchester Utd,West Ham United,3,1
2023-03-03,Hull City,West Brom,2,0
2023-03-04,Middlesbrough,Reading,5,0
2023-03-04,Sunderland,Stoke City,1,5
2023-03-04,Rotherham United,QPR,3,1
2023-03-04,Watford,Preston North End,0,0
2023-03-04,Wigan Athletic,Birmingham City,1,1
2023-03-04,Millwall,Norwich City,2,3
2023-03-04,Huddersfield Town,Coventry City,0,4
2023-03-04,Luton Town,Swansea City,1,0
2023-03-04,Blackpool,Burnley,0,0
2023-03-04,Blackburn Rovers,Sheffield United,1,0
2023-03-04,Cardiff City,Bristol City,2,0
2023-03-04,Arsenal,Bournemouth,3,2
2023-03-04,Aston Villa,Crystal Palace,1,0
2023-03-04,Brighton,West Ham United,4,0
2023-03-04,Chelsea,Leeds United,1,0
2023-03-04,Manchester City,Newcastle United,2,0
2023-03-04,Southampton,Leicester City,1,0
2023-03-04,Wolves,Tottenham Hotspur,1,0
2023-03-05,Liverpool,Manchester Utd,7,0
2023-03-05,Nottingham Forest,Everton,2,2
2023-03-06,Brentford,Fulham,3,2
2023-03-07,Reading,Sheffield United,0,1
2023-03-07,West Brom,Wigan Athletic,1,0
2023-03-07,Huddersfield Town,Bristol City,0,0
2023-03-10,Stoke City,Blackburn Rovers,3,2
2023-03-11,Sheffield United,Luton Town,0,1
2023-03-11,Bournemouth,Liverpool,1,0
2023-03-11,Crystal Palace,Manchester City,0,1
2023-03-11,Everton,Brentford,1,0
2023-03-11,Leeds United,Brighton,2,2
2023-03-11,West Brom,Huddersfield Town,1,0
2023-03-11,Swansea City,Middlesbrough,1,3
2023-03-11,Reading,Millwall,0,1
2023-03-11,Tottenham Hotspur,Nottingham Forest,3,1
2023-03-11,Preston North End,Cardiff City,2,0
2023-03-11,Coventry City,Hull City,1,1
2023-03-11,Burnley,Wigan Athletic,3,0
2023-03-11,Bristol City,Blackpool,2,0
2023-03-11,QPR,Watford,1,0
2023-03-11,Birmingham City,Rotherham United,2,0
2023-03-11,Leicester City,Chelsea,1,3
2023-03-12,West Ham United,Aston Villa,1,1
2023-03-12,Newcastle United,Wolves,2,1
2023-03-12,Manchester Utd,Southampton,0,0
2023-03-12,Norwich City,Sunderland,0,1
2023-03-12,Fulham,Arsenal,0,3
2023-03-14,Blackpool,QPR,6,1
2023-03-14,Middlesbrough,Stoke City,1,1
2023-03-14,Millwall,Swansea City,2,1
2023-03-14,Rotherham United,Preston North End,1,2
2023-03-14,Wigan Athletic,Coventry City,1,1
2023-03-14,Watford,Birmingham City,3,0
2023-03-15,Luton Town,Bristol City,1,0
2023-03-15,Sunderland,Sheffield United,1,2
2023-03-15,Huddersfield Town,Norwich City,1,1
2023-03-15,Cardiff City,West Brom,1,1
2023-03-15,Brighton,Crystal Palace,1,0
2023-03-15,Southampton,Brentford,0,2
2023-03-15,Hull City,Burnley,1,3
2023-03-15,Blackburn Rovers,Reading,2,1
2023-03-17,Nottingham Forest,Newcastle United,1,2
2023-03-18,Aston Villa,Bournemouth,3,0
2023-03-18,Brentford,Leicester City,1,1
2023-03-18,Chelsea,Everton,2,2
2023-03-18,Southampton,Tottenham Hotspur,3,3
2023-03-18,Wolves,Leeds United,2,4
2023-03-18,QPR,Birmingham City,0,1
2023-03-18,Reading,Hull City,1,1
2023-03-18,Blackpool,Coventry City,1,4
2023-03-18,Middlesbrough,Preston North End,4,0
2023-03-18,Millwall,Huddersfield Town,0,1
2023-03-18,Manchester City,Burnley,6,0
2023-03-18,Stoke City,Norwich City,0,0
2023-03-18,Sunderland,Luton Town,1,1
2023-03-18,Watford,Wigan Athletic,1,1
2023-03-19,Arsenal,Crystal Palace,4,1
2023-03-19,Swansea City,Bristol City,2,0
2023-03-19,Sheffield United,Blackburn Rovers,3,2
2023-03-19,Manchester Utd,Fulham,3,1
2023-03-19,Brighton,Grimsby Town,5,0
2023-03-31,Burnley,Sunderland,0,0
2023-04-01,Arsenal,Leeds United,4,1
2023-04-01,Brighton,Brentford,3,3
2023-04-01,Chelsea,Aston Villa,0,2
2023-04-01,Crystal Palace,Leicester City,2,1
2023-04-01,Manchester City,Liverpool,4,1
2023-04-01,Bournemouth,Fulham,2,1
2023-04-01,Norwich City,Sheffield United,0,1
2023-04-01,Nottingham Forest,Wolves,1,1
2023-04-01,Wigan Athletic,QPR,1,0
2023-04-01,West Brom,Millwall,0,0
2023-04-01,Preston North End,Blackpool,3,1
2023-04-01,Luton Town,Watford,2,0
2023-04-01,Hull City,Rotherham United,0,0
2023-04-01,Huddersfield Town,Middlesbrough,4,2
2023-04-01,Coventry City,Stoke City,0,4
2023-04-01,Cardiff City,Swansea City,2,3
2023-04-01,Bristol City,Reading,1,1
2023-04-01,Birmingham City,Blackburn Rovers,1,0
2023-04-02,Newcastle United,Manchester Utd,2,0
2023-04-02,West Ham United,Southampton,1,0
2023-04-03,Everton,Tottenham Hotspur,1,1
2023-04-04,Bournemouth,Brighton,0,2
2023-04-04,Chelsea,Liverpool,0,0
2023-04-04,Leeds United,Nottingham Forest,2,1
2023-04-04,Leicester City,Aston Villa,1,2
2023-04-05,West Ham United,Newcastle United,1,5
2023-04-05,Manchester Utd,Brentford,1,0
2023-04-07,Blackburn Rovers,Norwich City,0,2
2023-04-07,QPR,Preston North End,0,2
2023-04-07,Millwall,Luton Town,0,0
2023-04-07,Reading,Birmingham City,1,1
2023-04-07,Rotherham United,West Brom,3,1
2023-04-07,Sheffield United,Wigan Athletic,1,0
2023-04-07,Stoke City,Bristol City,1,2
2023-04-07,Sunderland,Hull City,4,4
2023-04-07,Swansea City,Coventry City,0,0
2023-04-07,Watford,Huddersfield Town,2,3
2023-04-07,Blackpool,Cardiff City,1,3
2023-04-07,Middlesbrough,Burnley,1,2
2023-04-08,Manchester Utd,Everton,2,0
2023-04-08,Aston Villa,Nottingham Forest,2,0
2023-04-08,Brentford,Newcastle United,1,2
2023-04-08,Fulham,West Ham United,0,1
2023-04-08,Wolves,Chelsea,1,0
2023-04-08,Tottenham Hotspur,Brighton,2,1
2023-04-08,Leicester City,Bournemouth,0,1
2023-04-08,Southampton,Manchester City,1,4
2023-04-09,Liverpool,Arsenal,2,2
2023-04-09,Leeds United,Crystal Palace,1,5
2023-04-10,West Brom,QPR,2,2
2023-04-10,Preston North End,Reading,2,1
2023-04-10,Norwich City,Rotherham United,0,0
2023-04-10,Luton Town,Blackpool,3,1
2023-04-10,Hull City,Millwall,1,0
2023-04-10,Bristol City,Middlesbrough,2,2
2023-04-10,Coventry City,Watford,2,2
2023-04-10,Cardiff City,Sunderland,0,1
2023-04-10,Birmingham City,Stoke City,0,0
2023-04-10,Huddersfield Town,Blackburn Rovers,2,2
2023-04-10,Wigan Athletic,Swansea City,0,2
2023-04-10,Burnley,Sheffield United,2,0
2023-04-14,Middlesbrough,Norwich City,5,1
2023-04-15,Stoke City,West Brom,1,2
2023-04-15,Wolves,Brentford,2,0
2023-04-15,Tottenham Hotspur,Bournemouth,2,3
2023-04-15,Southampton,Crystal Palace,0,2
2023-04-15,Swansea City,Huddersfield Town,1,0
2023-04-15,Sunderland,Birmingham City,2,1
2023-04-15,Manchester City,Leicester City,3,1
2023-04-15,Everton,Fulham,1,3
2023-04-15,Chelsea,Brighton,1,2
2023-04-15,Aston Villa,Newcastle United,3,0
2023-04-15,Blackburn Rovers,Hull City,0,0
2023-04-15,Blackpool,Wigan Athletic,1,0
2023-04-15,Millwall,Preston North End,2,0
2023-04-15,QPR,Coventry City,0,3
2023-04-15,Reading,Burnley,0,0
2023-04-15,Rotherham United,Luton Town,0,2
2023-04-15,Sheffield United,Cardiff City,4,1
2023-04-15,Watford,Bristol City,2,0
2023-04-16,Nottingham Forest,Manchester Utd,0,2
2023-04-16,West Ham United,Arsenal,2,2
2023-04-17,Leeds United,Liverpool,1,6
2023-04-18,Stoke City,Wigan Athletic,0,1
2023-04-18,Sheffield United,Bristol City,1,0
2023-04-18,Rotherham United,Burnley,2,2
2023-04-18,Millwall,Birmingham City,0,1
2023-04-18,Blackpool,West Brom,0,2
2023-04-18,Sunderland,Huddersfield Town,1,1
2023-04-19,Middlesbrough,Hull City,3,1
2023-04-19,Blackburn Rovers,Coventry City,1,1
2023-04-19,Watford,Cardiff City,1,3
2023-04-19,Reading,Luton Town,1,1
2023-04-19,Swansea City,Preston North End,4,2
2023-04-19,QPR,Norwich City,1,1
2023-04-21,Arsenal,Southampton,3,3
2023-04-22,Bristol City,Rotherham United,2,1
2023-04-22,Cardiff City,Stoke City,1,1
2023-04-22,Crystal Palace,Everton,0,0
2023-04-22,Fulham,Leeds United,2,1
2023-04-22,Leicester City,Wolves,2,1
2023-04-22,Liverpool,Nottingham Forest,3,2
2023-04-22,Burnley,QPR,1,2
2023-04-22,Coventry City,Reading,2,1
2023-04-22,Hull City,Watford,1,0
2023-04-22,Norwich City,Swansea City,0,3
2023-04-22,Preston North End,Blackburn Rovers,1,1
2023-04-22,Wigan Athletic,Millwall,2,1
2023-04-22,Manchester City,Sheffield United,3,0
2023-04-22,Brentford,Aston Villa,1,1
2023-04-22,Birmingham City,Blackpool,0,1
2023-04-23,West Brom,Sunderland,1,2
2023-04-23,Brighton,Manchester Utd,0,0
2023-04-23,Bournemouth,West Ham United,0,4
2023-04-23,Newcastle United,Tottenham Hotspur,6,1
2023-04-24,Luton Town,Middlesbrough,2,1
2023-04-25,Wolves,Crystal Palace,2,0
2023-04-25,Blackburn Rovers,Burnley,0,1
2023-04-25,Aston Villa,Fulham,1,0
2023-04-25,Leeds United,Leicester City,1,1
2023-04-26,Chelsea,Brentford,0,2
2023-04-26,Manchester City,Arsenal,4,1
2023-04-26,Nottingham Forest,Brighton,3,1
2023-04-26,West Ham United,Liverpool,1,2
2023-04-26,Sheffield United,West Brom,2,0
2023-04-27,Everton,Newcastle United,1,4
2023-04-27,Rotherham United,Cardiff City,1,2
2023-04-27,Tottenham Hotspur,Manchester Utd,2,2
2023-04-27,Southampton,Bournemouth,0,1
2023-04-28,Blackpool,Millwall,2,3
2023-04-29,Crystal Palace,West Ham United,4,3
2023-04-29,Brighton,Wolves,6,0
2023-04-29,Brentford,Nottingham Forest,2,1
2023-04-29,West Brom,Norwich City,2,1
2023-04-29,Stoke City,QPR,0,1
2023-04-29,Sheffield United,Preston North End,4,1
2023-04-29,Reading,Wigan Athletic,1,1
2023-04-29,Hull City,Swansea City,1,1
2023-04-29,Coventry City,Birmingham City,2,0
2023-04-29,Bristol City,Burnley,1,2
2023-04-29,Sunderland,Watford,2,2
2023-04-30,Cardiff City,Huddersfield Town,1,2
2023-04-30,Bournemouth,Leeds United,4,1
2023-04-30,Fulham,Manchester City,1,2
2023-04-30,Liverpool,Tottenham Hotspur,4,3
2023-04-30,Manchester Utd,Aston Villa,1,0
2023-04-30,Newcastle United,Southampton,3,1
2023-05-01,Blackburn Rovers,Luton Town,1,1
2023-05-01,Rotherham United,Middlesbrough,1,0
2023-05-01,Leicester City,Everton,2,2
2023-05-02,Arsenal,Chelsea,3,1
2023-05-03,Liverpool,Fulham,1,0
2023-05-03,Manchester City,West Ham United,3,0
2023-05-04,Brighton,Manchester Utd,1,0
2023-05-04,Huddersfield Town,Sheffield United,1,0
2023-05-06,Manchester City,Leeds United,2,1
2023-05-06,Tottenham Hotspur,Crystal Palace,1,0
2023-05-06,Wolves,Aston Villa,1,0
2023-05-06,Bournemouth,Chelsea,1,3
2023-05-06,Liverpool,Brentford,1,0
2023-05-07,West Ham United,Manchester Utd,1,0
2023-05-07,Newcastle United,Arsenal,0,2
2023-05-08,Nottingham Forest,Southampton,4,3
2023-05-08,Brighton,Everton,1,5
2023-05-08,Birmingham City,Sheffield United,1,2
2023-05-08,Burnley,Cardiff City,3,0
2023-05-08,Huddersfield Town,Reading,2,0
2023-05-08,Luton Town,Hull City,0,0
2023-05-08,Middlesbrough,Coventry City,1,1
2023-05-08,Fulham,Leicester City,5,3
2023-05-08,Norwich City,Blackpool,0,1
2023-05-08,Preston North End,Sunderland,0,3
2023-05-08,QPR,Bristol City,0,2
2023-05-08,Swansea City,West Brom,3,2
2023-05-08,Watford,Stoke City,2,0
2023-05-08,Wigan Athletic,Rotherham United,0,0
2023-05-08,Millwall,Blackburn Rovers,3,4
2023-05-13,Aston Villa,Tottenham Hotspur,2,1
2023-05-13,Sunderland,Luton Town,2,1
2023-05-13,Chelsea,Nottingham Forest,2,2
2023-05-13,Crystal Palace,Bournemouth,2,0
2023-05-13,Leeds United,Newcastle United,2,2
2023-05-13,Manchester Utd,Wolves,2,0
2023-05-13,Southampton,Fulham,0,2
2023-05-14,Coventry City,Middlesbrough,0,0
2023-05-14,Everton,Manchester City,0,3
2023-05-14,Brentford,West Ham United,2,0
2023-05-14,Arsenal,Brighton,0,3
2023-05-15,Leicester City,Liverpool,0,3
2023-05-16,Luton Town,Sunderland,2,0
2023-05-17,Middlesbrough,Coventry City,0,1
2023-05-18,Newcastle United,Brighton,4,1
2023-05-20,Bournemouth,Manchester Utd,0,1
2023-05-20,Fulham,Crystal Palace,2,2
2023-05-20,Nottingham Forest,Arsenal,1,0
2023-05-20,Tottenham Hotspur,Brentford,1,3
2023-05-20,Wolves,Everton,1,1
2023-05-20,Liverpool,Aston Villa,1,1
2023-05-21,West Ham United,Leeds United,3,1
2023-05-21,Manchester City,Chelsea,1,0
2023-05-21,Brighton,Southampton,3,1
2023-05-22,Newcastle United,Leicester City,0,0
2023-05-24,Brighton,Manchester City,1,1
2023-05-25,Manchester Utd,Chelsea,4,1
2023-05-27,Coventry City,Luton Town,1,1
2023-05-28,Southampton,Liverpool,4,4
2023-05-28,Manchester Utd,Fulham,2,1
2023-05-28,Leicester City,West Ham United,2,1
2023-05-28,Leeds United,Tottenham Hotspur,1,4
2023-05-28,Everton,Bournemouth,1,0
2023-05-28,Crystal Palace,Nottingham Forest,1,1
2023-05-28,Chelsea,Newcastle United,1,1
2023-05-28,Brentford,Manchester City,1,0
2023-05-28,Arsenal,Wolves,5,0
2023-05-28,Aston Villa,Brighton,2,1
2023-06-03,Manchester City,Manchester Utd,2,1
2023-08-04,Sheffield Weds,Southampton,1,2
2023-08-05,Swansea City,Birmingham City,1,1
2023-08-05,Stoke City,Rotherham United,4,1
2023-08-05,Norwich City,Hull City,2,1
2023-08-05,Middlesbrough,Millwall,0,1
2023-08-05,Watford,QPR,4,0
2023-08-05,Blackburn Rovers,West Brom,2,1
2023-08-05,Bristol City,Preston North End,1,1
2023-08-05,Plymouth Argyle,Huddersfield Town,3,1
2023-08-06,Leeds United,Cardiff City,2,2
2023-08-06,Leicester City,Coventry City,2,1
2023-08-06,Sunderland,Ipswich Town,1,2
2023-08-08,Stoke City,West Brom,2,1
2023-08-08,Sheffield Weds,Stockport,1,1
2023-08-08,Rotherham United,Morecambe,1,1
2023-08-08,Stevenage,Watford,1,1
2023-08-08,Swansea City,Northampton Town,3,0
2023-08-08,Sutton United,Cambridge United,2,2
2023-08-08,Preston North End,Salford City FC,2,2
2023-08-08,Wrexham,Wigan Athletic,0,0
2023-08-08,Sunderland,Crewe Alexandra,1,1
2023-08-08,Port Vale,Fleetwood Town,3,2
2023-08-08,Barnsley,Tranmere Rovers,2,2
2023-08-08,Milton Keynes Dons,Wycombe Wanderers,0,2
2023-08-08,Exeter City,Crawley Town,2,1
2023-08-08,Forest Green Rovers,Portsmouth,1,3
2023-08-08,Gillingham,Southampton,3,1
2023-08-08,Harrogate Town FC,Carlisle United,1,0
2023-08-08,Huddersfield Town,Middlesbrough,2,3
2023-08-08,Hull City,Doncaster Rovers,1,2
2023-08-08,Mansfield Town,Grimsby Town,2,0
2023-08-08,Millwall,Reading,0,4
2023-08-08,Plymouth Argyle,Leyton Orient,2,0
2023-08-08,Derby County,Blackpool,0,2
2023-08-08,Cheltenham Town,Birmingham City,0,2
2023-08-08,Newport County,Charlton Athletic,3,1
2023-08-08,Notts County,Lincoln City,0,2
2023-08-08,Peterborough United,Swindon Town,1,1
2023-08-08,Bolton Wanderers,Barrow,1,0
2023-08-08,Blackburn Rovers,Walsall,4,3
2023-08-08,Accrington Stanley,Bradford City,1,1
2023-08-09,Burton Albion,Leicester City,0,2
2023-08-09,AFC Wimbledon,Coventry City,2,1
2023-08-09,Ipswich Town,Bristol Rovers,2,0
2023-08-09,Leeds United,Shrewsbury Town,2,1
2023-08-09,Bristol City,Oxford United,5,1
2023-08-09,Cardiff City,Colchester United,2,2
2023-08-11,Burnley,Manchester City,0,3
2023-08-12,Watford,Plymouth Argyle,0,0
2023-08-12,West Brom,Swansea City,3,2
2023-08-12,Southampton,Norwich City,4,4
2023-08-12,Ipswich Town,Stoke City,2,0
2023-08-12,Preston North End,Sunderland,2,1
2023-08-12,Rotherham United,Blackburn Rovers,2,2
2023-08-12,Hull City,Sheffield Weds,4,2
2023-08-12,Millwall,Bristol City,0,1
2023-08-12,Huddersfield Town,Leicester City,0,1
2023-08-12,Sheffield United,Crystal Palace,0,1
2023-08-12,Arsenal,Nottingham Forest,2,1
2023-08-12,Everton,Fulham,0,1
2023-08-12,Newcastle United,Aston Villa,5,1
2023-08-12,Coventry City,Middlesbrough,3,0
2023-08-12,Bournemouth,West Ham United,1,1
2023-08-12,Brighton,Luton Town,4,1
2023-08-12,Birmingham City,Leeds United,1,0
2023-08-12,Cardiff City,QPR,1,2
2023-08-13,Chelsea,Liverpool,1,1
2023-08-13,Brentford,Tottenham Hotspur,2,2
2023-08-14,Manchester Utd,Wolves,1,0
2023-08-16,QPR,Norwich City,0,1
2023-08-18,Nottingham Forest,Sheffield United,2,1
2023-08-18,Leeds United,West Brom,1,1
2023-08-19,Wolves,Brighton,1,4
2023-08-19,Tottenham Hotspur,Manchester Utd,2,0
2023-08-19,Manchester City,Newcastle United,1,0
2023-08-19,Liverpool,Bournemouth,3,1
2023-08-19,Middlesbrough,Huddersfield Town,1,1
2023-08-19,Leicester City,Cardiff City,2,1
2023-08-19,Bristol City,Birmingham City,0,2
2023-08-19,Fulham,Brentford,0,3
2023-08-19,Blackburn Rovers,Hull City,1,2
2023-08-19,Plymouth Argyle,Southampton,1,2
2023-08-19,QPR,Ipswich Town,0,1
2023-08-19,Sheffield Weds,Preston North End,0,1
2023-08-19,Stoke City,Watford,1,0
2023-08-19,Sunderland,Rotherham United,2,1
2023-08-19,Swansea City,Coventry City,1,1
2023-08-20,Aston Villa,Everton,4,0
2023-08-20,West Ham United,Chelsea,3,1
2023-08-20,Norwich City,Millwall,3,1
2023-08-21,Crystal Palace,Arsenal,0,1
2023-08-25,Chelsea,Luton Town,3,0
2023-08-25,Hull City,Bristol City,1,1
2023-08-26,Southampton,QPR,2,1
2023-08-26,Rotherham United,Leicester City,1,2
2023-08-26,Preston North End,Swansea City,2,1
2023-08-26,Millwall,Stoke City,1,0
2023-08-26,Ipswich Town,Leeds United,3,4
2023-08-26,Manchester Utd,Nottingham Forest,3,2
2023-08-26,Everton,Wolves,0,1
2023-08-26,Birmingham City,Plymouth Argyle,2,1
2023-08-26,Bournemouth,Tottenham Hotspur,0,2
2023-08-26,Arsenal,Fulham,2,2
2023-08-26,West Brom,Middlesbrough,4,2
2023-08-26,Huddersfield Town,Norwich City,0,4
2023-08-26,Coventry City,Sunderland,0,0
2023-08-26,Cardiff City,Sheffield Weds,2,1
2023-08-26,Brighton,West Ham United,1,3
2023-08-26,Brentford,Crystal Palace,1,1
2023-08-27,Watford,Blackburn Rovers,0,1
2023-08-27,Newcastle United,Liverpool,1,2
2023-08-27,Burnley,Aston Villa,1,3
2023-08-27,Sheffield United,Manchester City,1,2
2023-08-29,Bolton Wanderers,Middlesbrough,1,3
2023-08-29,Bristol City,Norwich City,0,1
2023-08-29,Exeter City,Stevenage,1,1
2023-08-29,Fulham,Tottenham Hotspur,1,1
2023-08-29,Luton Town,Gillingham,3,2
2023-08-29,Newport County,Brentford,1,1
2023-08-29,Plymouth Argyle,Crystal Palace,2,4
2023-08-29,Port Vale,Crewe Alexandra,0,0
2023-08-29,Portsmouth,Peterborough United,1,1
2023-08-29,Salford City FC,Leeds United,1,1
2023-08-29,Sheffield Weds,Mansfield Town,1,1
2023-08-29,Swansea City,Bournemouth,2,3
2023-08-29,Tranmere Rovers,Leicester City,0,2
2023-08-29,Wolves,Blackpool,5,0
2023-08-29,Wrexham,Bradford City,1,1
2023-08-29,Wycombe Wanderers,Sutton United,0,1
2023-08-29,Reading,Ipswich Town,2,2
2023-08-29,Birmingham City,Cardiff City,1,3
2023-08-29,Stoke City,Rotherham United,6,1
2023-08-30,Sheffield United,Lincoln City,0,0
2023-08-30,Harrogate Town FC,Blackburn Rovers,0,8
2023-08-30,Doncaster Rovers,Everton,1,2
2023-08-30,Chelsea,AFC Wimbledon,2,1
2023-08-30,Nottingham Forest,Burnley,0,1
2023-09-01,Luton Town,West Ham United,1,2
2023-09-02,Plymouth Argyle,Blackburn Rovers,3,0
2023-09-02,Leicester City,Hull City,0,1
2023-09-02,Stoke City,Preston North End,0,2
2023-09-02,Ipswich Town,Cardiff City,3,2
2023-09-02,Coventry City,Watford,3,3
2023-09-02,Birmingham City,Millwall,1,1
2023-09-02,Brentford,Bournemouth,2,2
2023-09-02,Sunderland,Southampton,5,0
2023-09-02,Swansea City,Bristol City,1,2
2023-09-02,West Brom,Huddersfield Town,1,2
2023-09-02,Rotherham United,Norwich City,2,1
2023-09-02,Leeds United,Sheffield Weds,0,0
2023-09-02,Middlesbrough,QPR,0,2
2023-09-02,Chelsea,Nottingham Forest,0,1
2023-09-02,Sheffield United,Everton,2,2
2023-09-02,Manchester City,Fulham,5,1
2023-09-02,Burnley,Tottenham Hotspur,2,5
2023-09-02,Brighton,Newcastle United,3,1
2023-09-03,Liverpool,Aston Villa,3,0
2023-09-03,Crystal Palace,Wolves,3,2
2023-09-03,Arsenal,Manchester Utd,3,1
2023-09-15,Southampton,Leicester City,1,4
2023-09-15,Hull City,Coventry City,1,1
2023-09-16,Preston North End,Plymouth Argyle,2,1
2023-09-16,Norwich City,Stoke City,1,0
2023-09-16,Huddersfield Town,Rotherham United,2,0
2023-09-16,Cardiff City,Swansea City,2,0
2023-09-16,Blackburn Rovers,Middlesbrough,2,1
2023-09-16,Bristol City,West Brom,0,0
2023-09-16,Wolves,Liverpool,1,3
2023-09-16,West Ham United,Manchester City,1,3
2023-09-16,Tottenham Hotspur,Sheffield United,2,1
2023-09-16,Newcastle United,Brentford,1,0
2023-09-16,Manchester Utd,Brighton,1,3
2023-09-16,Fulham,Luton Town,1,0
2023-09-16,Sheffield Weds,Ipswich Town,0,1
2023-09-16,QPR,Sunderland,1,3
2023-09-16,Aston Villa,Crystal Palace,3,1
2023-09-16,Watford,Birmingham City,2,0
2023-09-17,Bournemouth,Chelsea,0,0
2023-09-17,Everton,Arsenal,0,1
2023-09-17,Millwall,Leeds United,0,3
2023-09-18,Nottingham Forest,Burnley,1,1
2023-09-19,Sheffield Weds,Middlesbrough,1,1
2023-09-19,Southampton,Ipswich Town,0,1
2023-09-19,Bristol City,Plymouth Argyle,4,1
2023-09-19,Cardiff City,Coventry City,3,2
2023-09-19,QPR,Swansea City,1,1
2023-09-19,Preston North End,Birmingham City,2,1
2023-09-20,Watford,West Brom,2,2
2023-09-20,Millwall,Rotherham United,3,0
2023-09-20,Hull City,Leeds United,0,0
2023-09-20,Huddersfield Town,Stoke City,2,2
2023-09-20,Blackburn Rovers,Sunderland,1,3
2023-09-20,Norwich City,Leicester City,0,2
2023-09-22,Birmingham City,QPR,0,0
2023-09-23,Leeds United,Watford,3,0
2023-09-23,Leicester City,Bristol City,1,0
2023-09-23,Middlesbrough,Southampton,2,1
2023-09-23,Plymouth Argyle,Norwich City,6,2
2023-09-23,Rotherham United,Preston North End,1,1
2023-09-23,Swansea City,Sheffield Weds,3,0
2023-09-23,West Brom,Millwall,0,0
2023-09-23,Ipswich Town,Blackburn Rovers,4,3
2023-09-23,Brentford,Everton,1,3
2023-09-23,Manchester City,Nottingham Forest,2,0
2023-09-23,Burnley,Manchester Utd,0,1
2023-09-23,Crystal Palace,Fulham,0,0
2023-09-23,Luton Town,Wolves,1,1
2023-09-24,Sunderland,Cardiff City,0,1
2023-09-24,Stoke City,Hull City,1,3
2023-09-24,Arsenal,Tottenham Hotspur,2,2
2023-09-24,Brighton,Bournemouth,3,1
2023-09-24,Chelsea,Aston Villa,0,1
2023-09-24,Liverpool,West Ham United,3,1
2023-09-24,Sheffield United,Newcastle United,0,8
2023-09-25,Coventry City,Huddersfield Town,1,1
2023-09-26,Bradford City,Middlesbrough,0,2
2023-09-26,Exeter City,Luton Town,1,0
2023-09-26,Ipswich Town,Wolves,3,2
2023-09-26,Manchester Utd,Crystal Palace,3,0
2023-09-26,Mansfield Town,Peterborough United,2,2
2023-09-26,Port Vale,Sutton United,2,1
2023-09-26,Salford City FC,Burnley,0,4
2023-09-27,Liverpool,Leicester City,3,1
2023-09-27,Newcastle United,Manchester City,1,0
2023-09-27,Lincoln City,West Ham United,0,1
2023-09-27,Aston Villa,Everton,1,2
2023-09-27,Blackburn Rovers,Cardiff City,5,2
2023-09-27,Bournemouth,Stoke City,2,0
2023-09-27,Brentford,Arsenal,0,1
2023-09-27,Chelsea,Brighton,1,0
2023-09-27,Fulham,Norwich City,2,1
2023-09-29,Sheffield Weds,Sunderland,0,3
2023-09-30,Everton,Luton Town,1,2
2023-09-30,Watford,Middlesbrough,2,3
2023-09-30,Southampton,Leeds United,3,1
2023-09-30,QPR,Coventry City,1,3
2023-09-30,Manchester Utd,Crystal Palace,0,1
2023-09-30,Norwich City,Birmingham City,2,0
2023-09-30,Millwall,Swansea City,0,3
2023-09-30,Hull City,Plymouth Argyle,1,1
2023-09-30,Huddersfield Town,Ipswich Town,1,1
2023-09-30,Cardiff City,Rotherham United,2,0
2023-09-30,Bristol City,Stoke City,2,3
2023-09-30,Preston North End,West Brom,0,4
2023-09-30,Bournemouth,Arsenal,0,4
2023-09-30,Wolves,Manchester City,2,1
2023-09-30,West Ham United,Sheffield United,2,0
2023-09-30,Tottenham Hotspur,Liverpool,2,1
2023-09-30,Newcastle United,Burnley,2,0
2023-09-30,Aston Villa,Brighton,6,1
2023-10-01,Nottingham Forest,Brentford,1,1
2023-10-01,Blackburn Rovers,Leicester City,1,4
2023-10-02,Fulham,Chelsea,0,2
2023-10-03,West Brom,Sheffield Weds,1,0
2023-10-03,Stoke City,Southampton,0,1
2023-10-03,Plymouth Argyle,Millwall,0,2
2023-10-03,Middlesbrough,Cardiff City,2,0
2023-10-03,Birmingham City,Huddersfield Town,4,1
2023-10-03,Ipswich Town,Hull City,3,0
2023-10-03,Luton Town,Burnley,1,2
2023-10-04,Coventry City,Blackburn Rovers,1,0
2023-10-04,Leeds United,QPR,1,0
2023-10-04,Leicester City,Preston North End,3,0
2023-10-04,Rotherham United,Bristol City,1,2
2023-10-04,Sunderland,Watford,2,0
2023-10-04,Swansea City,Norwich City,2,1
2023-10-06,Birmingham City,West Brom,3,1
2023-10-07,Cardiff City,Watford,1,1
2023-10-07,Coventry City,Norwich City,1,1
2023-10-07,Ipswich Town,Preston North End,4,2
2023-10-07,Leeds United,Bristol City,2,1
2023-10-07,Everton,Bournemouth,3,0
2023-10-07,Burnley,Chelsea,1,4
2023-10-07,Luton Town,Tottenham Hotspur,0,1
2023-10-07,Leicester City,Stoke City,2,0
2023-10-07,Fulham,Sheffield United,3,1
2023-10-07,Crystal Palace,Nottingham Forest,0,0
2023-10-07,Millwall,Hull City,2,2
2023-10-07,Manchester Utd,Brentford,2,1
2023-10-07,QPR,Blackburn Rovers,0,4
2023-10-07,Sheffield Weds,Huddersfield Town,0,0
2023-10-07,Southampton,Rotherham United,1,1
2023-10-07,Sunderland,Middlesbrough,0,4
2023-10-07,Plymouth Argyle,Swansea City,1,3
2023-10-08,West Ham United,Newcastle United,2,2
2023-10-08,Brighton,Liverpool,2,2
2023-10-08,Arsenal,Manchester City,1,0
2023-10-08,Wolves,Aston Villa,1,1
2023-10-21,Brentford,Burnley,3,0
2023-10-21,Chelsea,Arsenal,2,2
2023-10-21,Liverpool,Everton,2,0
2023-10-21,Manchester City,Brighton,2,1
2023-10-21,Newcastle United,Crystal Palace,4,0
2023-10-21,Nottingham Forest,Luton Town,2,2
2023-10-21,Sheffield United,Manchester Utd,1,2
2023-10-21,Bournemouth,Wolves,1,2
2023-10-21,Blackburn Rovers,Cardiff City,1,0
2023-10-21,Bristol City,Coventry City,1,0
2023-10-21,Huddersfield Town,QPR,2,1
2023-10-21,Hull City,Southampton,1,2
2023-10-21,Middlesbrough,Birmingham City,1,0
2023-10-21,Norwich City,Leeds United,2,3
2023-10-21,Preston North End,Millwall,1,1
2023-10-21,Stoke City,Sunderland,2,1
2023-10-21,Swansea City,Leicester City,1,3
2023-10-21,Watford,Sheffield Weds,1,0
2023-10-21,West Brom,Plymouth Argyle,0,0
2023-10-22,Aston Villa,West Ham United,4,1
2023-10-23,Tottenham Hotspur,Fulham,2,0
2023-10-24,Millwall,Blackburn Rovers,1,2
2023-10-24,Huddersfield Town,Cardiff City,0,4
2023-10-24,West Brom,QPR,2,0
2023-10-24,Swansea City,Watford,0,1
2023-10-24,Norwich City,Middlesbrough,1,2
2023-10-24,Leicester City,Sunderland,1,0
2023-10-25,Stoke City,Leeds United,1,0
2023-10-25,Rotherham United,Coventry City,2,0
2023-10-25,Preston North End,Southampton,2,2
2023-10-25,Plymouth Argyle,Sheffield Weds,3,0
2023-10-25,Birmingham City,Hull City,0,2
2023-10-25,Bristol City,Ipswich Town,0,1
2023-10-27,Crystal Palace,Tottenham Hotspur,1,2
2023-10-28,Wolves,Newcastle United,2,2
2023-10-28,Arsenal,Sheffield United,5,0
2023-10-28,Middlesbrough,Stoke City,0,2
2023-10-28,Chelsea,Brentford,0,2
2023-10-28,Watford,Millwall,2,2
2023-10-28,Sunderland,Norwich City,3,1
2023-10-28,Southampton,Birmingham City,3,1
2023-10-28,QPR,Leicester City,1,2
2023-10-28,Blackburn Rovers,Swansea City,0,1
2023-10-28,Cardiff City,Bristol City,2,0
2023-10-28,Hull City,Preston North End,1,0
2023-10-28,Ipswich Town,Plymouth Argyle,3,2
2023-10-28,Leeds United,Huddersfield Town,4,1
2023-10-28,Bournemouth,Burnley,2,1
2023-10-29,Sheffield Weds,Rotherham United,2,0
2023-10-29,Brighton,Fulham,1,1
2023-10-29,Liverpool,Nottingham Forest,3,0
2023-10-29,Manchester Utd,Manchester City,0,3
2023-10-29,West Ham United,Everton,0,1
2023-10-29,Aston Villa,Luton Town,3,1
2023-10-30,Coventry City,West Brom,0,2
2023-10-31,Exeter City,Middlesbrough,2,3
2023-10-31,Mansfield Town,Port Vale,0,1
2023-11-01,Bournemouth,Liverpool,1,2
2023-11-01,Chelsea,Blackburn Rovers,2,0
2023-11-01,Everton,Burnley,3,0
2023-11-01,Ipswich Town,Fulham,1,3
2023-11-01,Manchester Utd,Newcastle United,0,3
2023-11-01,West Ham United,Arsenal,3,1
2023-11-03,Sheppey & Sheerness United FC,Walsall,1,4
2023-11-03,Barnsley,Horsham FC,3,3
2023-11-03,Leicester City,Leeds United,0,1
2023-11-04,Shrewsbury Town,Colchester United,3,2
2023-11-04,Lincoln City,Morecambe,1,2
2023-11-04,Mansfield Town,Wrexham,1,2
2023-11-04,Marine FC,Harrogate Town FC,1,5
2023-11-04,Newport County,Oldham Athletic,2,0
2023-11-04,Northampton Town,Barrow,1,3
2023-11-04,Notts County,Crawley Town,3,2
2023-11-04,Oxford United,Maidenhead United,2,0
2023-11-04,Peterborough United,Salford City FC,2,2
2023-11-04,Port Vale,Burton Albion,0,0
2023-11-04,Sutton United,Fylde,2,1
2023-11-04,Stockport,Worksop Town FC,5,1
2023-11-04,Leyton Orient,Carlisle United,3,1
2023-11-04,Ramsgate FC,Woking,2,1
2023-11-04,Reading,Milton Keynes Dons,3,2
2023-11-04,Scarborough Athletic FC,Forest Green Rovers,1,1
2023-11-04,Stevenage,Tranmere Rovers,4,3
2023-11-04,Hereford,Gillingham,0,2
2023-11-04,Curzon Ashton FC,Barnet,0,1
2023-11-04,Eastleigh,Boreham Wood,5,1
2023-11-04,Brentford,West Ham United,3,2
2023-11-04,Burnley,Crystal Palace,0,2
2023-11-04,Everton,Brighton,1,1
2023-11-04,Fulham,Manchester Utd,0,1
2023-11-04,Manchester City,Bournemouth,6,1
2023-11-04,Newcastle United,Arsenal,1,0
2023-11-04,Sheffield United,Wolves,2,1
2023-11-04,AFC Wimbledon,Cheltenham Town,5,1
2023-11-04,Alfreton Town,Worthing FC,2,0
2023-11-04,Bolton Wanderers,Solihull Moors,4,0
2023-11-04,Bradford City,Wycombe Wanderers,1,2
2023-11-04,Bristol Rovers,Whitby Town FC,7,2
2023-11-04,Bromley,Blackpool,0,2
2023-11-04,Chesham United FC,Maidstone Utd,0,2
2023-11-04,Chester,York City,0,0
2023-11-04,Swindon Town,Aldershot Town,4,7
2023-11-04,Doncaster Rovers,Accrington Stanley,2,2
2023-11-04,Exeter City,Wigan Athletic,0,2
2023-11-04,Yeovil Town,Gateshead,3,2
2023-11-04,Cambridge United,Bracknell Town FC,2,1
2023-11-04,Birmingham City,Ipswich Town,2,2
2023-11-04,Bristol City,Sheffield Weds,1,0
2023-11-04,Huddersfield Town,Watford,0,0
2023-11-04,Millwall,Southampton,0,1
2023-11-04,Plymouth Argyle,Middlesbrough,3,3
2023-11-04,Preston North End,Coventry City,3,2
2023-11-04,Rotherham United,QPR,1,1
2023-11-04,Stoke City,Cardiff City,0,0
2023-11-04,Swansea City,Sunderland,0,0
2023-11-04,West Brom,Hull City,3,1
2023-11-05,Norwich City,Blackburn Rovers,1,3
2023-11-05,Slough Town FC,Grimsby Town,1,1
2023-11-05,Chesterfield,Portsmouth,1,0
2023-11-05,Charlton Athletic,Cray Valley Paper Mills FC,1,1
2023-11-05,Crewe Alexandra,Derby County,2,2
2023-11-05,Nottingham Forest,Aston Villa,2,0
2023-11-05,Luton Town,Liverpool,1,1
2023-11-05,Kidderminster,Fleetwood Town,1,2
2023-11-06,Tottenham Hotspur,Chelsea,1,4
2023-11-07,Rotherham United,Ipswich Town,2,2
2023-11-10,Blackburn Rovers,Preston North End,1,2
2023-11-11,Bournemouth,Newcastle United,2,0
2023-11-11,Crystal Palace,Everton,2,3
2023-11-11,Wolves,Tottenham Hotspur,2,1
2023-11-11,Manchester Utd,Luton Town,1,0
2023-11-11,Leeds United,Plymouth Argyle,2,1
2023-11-11,Arsenal,Burnley,3,1
2023-11-11,QPR,Bristol City,0,0
2023-11-11,Sheffield Weds,Millwall,0,4
2023-11-11,Southampton,West Brom,2,1
2023-11-11,Middlesbrough,Leicester City,1,0
2023-11-11,Ipswich Town,Swansea City,3,2
2023-11-11,Cardiff City,Norwich City,2,3
2023-11-11,Coventry City,Stoke City,0,0
2023-11-11,Hull City,Huddersfield Town,1,0
2023-11-11,Watford,Rotherham United,5,0
2023-11-11,Sunderland,Birmingham City,3,1
2023-11-12,Aston Villa,Fulham,3,1
2023-11-12,Chelsea,Manchester City,4,4
2023-11-12,Liverpool,Brentford,3,0
2023-11-12,West Ham United,Nottingham Forest,3,2
2023-11-12,Brighton,Sheffield United,1,1
2023-11-14,Forest Green Rovers,Scarborough Athletic FC,5,2
2023-11-14,York City,Chester,2,1
2023-11-14,Accrington Stanley,Doncaster Rovers,1,2
2023-11-14,Burton Albion,Port Vale,0,2
2023-11-14,Derby County,Crewe Alexandra,1,3
2023-11-14,Salford City FC,Peterborough United,4,4
2023-11-14,Grimsby Town,Slough Town FC,7,2
2023-11-14,Horsham FC,Barnsley,0,3
2023-11-15,Cray Valley Paper Mills FC,Charlton Athletic,1,6
2023-11-24,Rotherham United,Leeds United,1,1
2023-11-25,Swansea City,Hull City,2,2
2023-11-25,Stoke City,Blackburn Rovers,0,3
2023-11-25,Bristol City,Middlesbrough,3,2
2023-11-25,Plymouth Argyle,Sunderland,2,0
2023-11-25,Norwich City,QPR,1,0
2023-11-25,Millwall,Coventry City,0,3
2023-11-25,Leicester City,Watford,2,0
2023-11-25,Birmingham City,Sheffield Weds,2,1
2023-11-25,Huddersfield Town,Southampton,1,1
2023-11-25,Preston North End,Cardiff City,1,2
2023-11-25,Sheffield United,Bournemouth,1,3
2023-11-25,Brentford,Arsenal,0,1
2023-11-25,Burnley,West Ham United,1,2
2023-11-25,Luton Town,Crystal Palace,2,1
2023-11-25,Manchester City,Liverpool,1,1
2023-11-25,Newcastle United,Chelsea,4,1
2023-11-25,Nottingham Forest,Brighton,2,3
2023-11-25,West Brom,Ipswich Town,2,0
2023-11-26,Everton,Manchester Utd,0,3
2023-11-26,Tottenham Hotspur,Aston Villa,1,2
2023-11-27,Fulham,Wolves,3,2
2023-11-28,Hull City,Rotherham United,4,1
2023-11-28,Coventry City,Plymouth Argyle,1,0
2023-11-28,Middlesbrough,Preston North End,4,0
2023-11-28,QPR,Stoke City,4,2
2023-11-28,Watford,Norwich City,3,2
2023-11-28,Cardiff City,West Brom,0,1
2023-11-29,Sunderland,Huddersfield Town,1,2
2023-11-29,Southampton,Bristol City,1,0
2023-11-29,Sheffield Weds,Leicester City,1,1
2023-11-29,Leeds United,Swansea City,3,1
2023-11-29,Ipswich Town,Millwall,3,1
2023-11-29,Blackburn Rovers,Birmingham City,4,2
2023-12-01,York City,Wigan Athletic,0,1
2023-12-01,Notts County,Shrewsbury Town,2,3
2023-12-01,Preston North End,QPR,0,2
2023-12-02,Arsenal,Wolves,2,1
2023-12-02,Birmingham City,Rotherham United,0,0
2023-12-02,West Brom,Leicester City,1,2
2023-12-02,Swansea City,Huddersfield Town,1,1
2023-12-02,Southampton,Cardiff City,2,0
2023-12-02,Sheffield Weds,Blackburn Rovers,3,1
2023-12-02,Brentford,Luton Town,3,1
2023-12-02,Plymouth Argyle,Stoke City,2,1
2023-12-02,Millwall,Sunderland,1,1
2023-12-02,Leeds United,Middlesbrough,3,2
2023-12-02,Ipswich Town,Coventry City,2,1
2023-12-02,Hull City,Watford,1,2
2023-12-02,Sutton United,Horsham FC,3,0
2023-12-02,Burnley,Sheffield United,5,0
2023-12-02,Stevenage,Port Vale,1,1
2023-12-02,Nottingham Forest,Everton,0,1
2023-12-02,Newcastle United,Manchester Utd,1,0
2023-12-02,Wycombe Wanderers,Morecambe,0,2
2023-12-02,Bolton Wanderers,Harrogate Town FC,5,1
2023-12-02,Cambridge United,Fleetwood Town,4,0
2023-12-02,Gillingham,Charlton Athletic,2,0
2023-12-02,Maidstone Utd,Barrow,2,1
2023-12-02,Newport County,Barnet,1,1
2023-12-02,Oxford United,Grimsby Town,2,0
2023-12-02,Peterborough United,Doncaster Rovers,2,1
2023-12-03,Bristol City,Norwich City,1,2
2023-12-03,Eastleigh,Reading,2,1
2023-12-03,Wrexham,Yeovil Town,3,0
2023-12-03,Aldershot Town,Stockport,2,2
2023-12-03,Chesterfield,Leyton Orient,1,0
2023-12-03,Bournemouth,Aston Villa,2,2
2023-12-03,Chelsea,Brighton,3,2
2023-12-03,Liverpool,Fulham,4,3
2023-12-03,Manchester City,Tottenham Hotspur,3,3
2023-12-03,West Ham United,Crystal Palace,1,1
2023-12-04,AFC Wimbledon,Ramsgate FC,5,0
2023-12-05,Alfreton Town,Walsall,0,0
2023-12-05,Luton Town,Arsenal,3,4
2023-12-05,Wolves,Burnley,1,0
2023-12-06,Sheffield United,Liverpool,0,2
2023-12-06,Aston Villa,Manchester City,1,0
2023-12-06,Manchester Utd,Chelsea,2,1
2023-12-06,Fulham,Nottingham Forest,5,0
2023-12-06,Crystal Palace,Bournemouth,0,2
2023-12-06,Brighton,Brentford,2,1
2023-12-07,Everton,Newcastle United,3,0
2023-12-07,Tottenham Hotspur,West Ham United,1,2
2023-12-08,Coventry City,Birmingham City,2,0
2023-12-09,Sheffield United,Brentford,1,0
2023-12-09,Blackburn Rovers,Leeds United,0,2
2023-12-09,Cardiff City,Millwall,1,0
2023-12-09,Huddersfield Town,Bristol City,1,1
2023-12-09,Leicester City,Plymouth Argyle,4,0
2023-12-09,Middlesbrough,Ipswich Town,0,2
2023-12-09,Brighton,Burnley,1,1
2023-12-09,Crystal Palace,Liverpool,1,2
2023-12-09,Manchester Utd,Bournemouth,0,3
2023-12-09,Aston Villa,Arsenal,1,0
2023-12-09,Norwich City,Preston North End,0,0
2023-12-09,QPR,Hull City,2,0
2023-12-09,Rotherham United,Swansea City,1,2
2023-12-09,Stoke City,Sheffield Weds,0,1
2023-12-09,Sunderland,West Brom,2,1
2023-12-09,Watford,Southampton,1,1
2023-12-09,Wolves,Nottingham Forest,1,1
2023-12-10,Everton,Chelsea,2,0
2023-12-10,Tottenham Hotspur,Newcastle United,4,1
2023-12-10,Fulham,West Ham United,5,0
2023-12-10,Luton Town,Manchester City,1,2
2023-12-12,Blackburn Rovers,Bristol City,2,1
2023-12-12,Rotherham United,West Brom,0,2
2023-12-12,Sunderland,Leeds United,1,0
2023-12-12,Watford,Ipswich Town,1,2
2023-12-12,Barnet,Newport County,1,4
2023-12-12,Crewe Alexandra,Bristol Rovers,2,4
2023-12-12,Port Vale,Stevenage,3,3
2023-12-12,Scarborough Athletic FC,Forest Green Rovers,2,4
2023-12-12,Walsall,Alfreton Town,1,0
2023-12-12,Huddersfield Town,Preston North End,1,3
2023-12-12,Stoke City,Swansea City,1,1
2023-12-13,Coventry City,Southampton,1,1
2023-12-13,Leicester City,Millwall,3,2
2023-12-13,Middlesbrough,Hull City,1,2
2023-12-13,QPR,Plymouth Argyle,0,0
2023-12-13,Stockport,Aldershot Town,0,1
2023-12-13,Cardiff City,Birmingham City,0,1
2023-12-13,Norwich City,Sheffield Weds,3,1
2023-12-15,Nottingham Forest,Tottenham Hotspur,0,2
2023-12-16,Sheffield Weds,QPR,2,1
2023-12-16,Preston North End,Watford,1,5
2023-12-16,Plymouth Argyle,Rotherham United,3,2
2023-12-16,Millwall,Huddersfield Town,1,1
2023-12-16,Leeds United,Coventry City,1,1
2023-12-16,Ipswich Town,Norwich City,2,2
2023-12-16,Hull City,Cardiff City,3,0
2023-12-16,Swansea City,Middlesbrough,1,2
2023-12-16,Newcastle United,Fulham,3,0
2023-12-16,Manchester City,Crystal Palace,2,2
2023-12-16,Chelsea,Sheffield United,2,0
2023-12-16,Burnley,Everton,0,2
2023-12-16,Southampton,Blackburn Rovers,4,0
2023-12-16,Bristol City,Sunderland,1,0
2023-12-17,West Brom,Stoke City,1,1
2023-12-17,Brentford,Aston Villa,1,2
2023-12-17,Arsenal,Brighton,2,0
2023-12-17,West Ham United,Wolves,3,0
2023-12-17,Liverpool,Manchester Utd,0,0
2023-12-18,Birmingham City,Leicester City,2,3
2023-12-19,Blackpool,Forest Green Rovers,3,0
2023-12-19,Chelsea,Newcastle United,1,1
2023-12-19,Everton,Fulham,1,1
2023-12-19,Port Vale,Middlesbrough,0,3
2023-12-20,Liverpool,West Ham United,5,1
2023-12-21,Crystal Palace,Brighton,1,1
2023-12-22,Bristol City,Hull City,3,2
2023-12-22,Swansea City,Preston North End,2,1
2023-12-22,Aston Villa,Sheffield United,1,1
2023-12-23,Fulham,Burnley,0,2
2023-12-23,Liverpool,Arsenal,1,1
2023-12-23,Luton Town,Newcastle United,1,0
2023-12-23,Nottingham Forest,Bournemouth,2,3
2023-12-23,Tottenham Hotspur,Everton,2,1
2023-12-23,West Ham United,Manchester Utd,2,0
2023-12-23,Sheffield Weds,Cardiff City,1,2
2023-12-23,Plymouth Argyle,Birmingham City,3,3
2023-12-23,Norwich City,Huddersfield Town,2,0
2023-12-23,Stoke City,Millwall,0,0
2023-12-23,Sunderland,Coventry City,0,3
2023-12-23,Middlesbrough,West Brom,1,0
2023-12-23,Leicester City,Rotherham United,3,0
2023-12-23,Leeds United,Ipswich Town,4,0
2023-12-23,Blackburn Rovers,Watford,1,2
2023-12-23,QPR,Southampton,0,1
2023-12-24,Wolves,Chelsea,2,1
2023-12-26,Birmingham City,Stoke City,1,3
2023-12-26,Cardiff City,Plymouth Argyle,2,2
2023-12-26,Huddersfield Town,Blackburn Rovers,3,0
2023-12-26,Hull City,Sunderland,0,1
2023-12-26,Manchester Utd,Aston Villa,3,2
2023-12-26,Coventry City,Sheffield Weds,2,0
2023-12-26,Burnley,Liverpool,0,2
2023-12-26,Bournemouth,Fulham,3,0
2023-12-26,West Brom,Norwich City,1,0
2023-12-26,Watford,Bristol City,1,4
2023-12-26,Southampton,Swansea City,5,0
2023-12-26,Rotherham United,Middlesbrough,1,0
2023-12-26,Preston North End,Leeds United,2,1
2023-12-26,Millwall,QPR,2,0
2023-12-26,Ipswich Town,Leicester City,1,1
2023-12-26,Newcastle United,Nottingham Forest,1,3
2023-12-26,Sheffield United,Luton Town,2,3
2023-12-27,Everton,Manchester City,1,3
2023-12-27,Chelsea,Crystal Palace,2,1
2023-12-27,Brentford,Wolves,1,4
2023-12-28,Brighton,Tottenham Hotspur,4,2
2023-12-28,Arsenal,West Ham United,0,2
2023-12-29,Huddersfield Town,Middlesbrough,1,2
2023-12-29,Rotherham United,Sunderland,1,1
2023-12-29,Birmingham City,Bristol City,0,0
2023-12-29,Cardiff City,Leicester City,0,2
2023-12-29,Coventry City,Swansea City,2,2
2023-12-29,Hull City,Blackburn Rovers,3,2
2023-12-29,West Brom,Leeds United,1,0
2023-12-29,Watford,Stoke City,1,1
2023-12-29,Southampton,Plymouth Argyle,2,1
2023-12-29,Ipswich Town,QPR,0,0
2023-12-29,Millwall,Norwich City,1,0
2023-12-29,Preston North End,Sheffield Weds,0,1
2023-12-30,Aston Villa,Burnley,3,2
2023-12-30,Luton Town,Chelsea,2,3
2023-12-30,Wolves,Everton,3,0
2023-12-30,Nottingham Forest,Manchester Utd,2,1
2023-12-30,Manchester City,Sheffield United,2,0
2023-12-30,Crystal Palace,Brentford,3,1
2023-12-31,Fulham,Arsenal,2,1
2023-12-31,Tottenham Hotspur,Bournemouth,3,1
2024-01-01,QPR,Cardiff City,1,2
2024-01-01,Plymouth Argyle,Watford,3,3
2024-01-01,Norwich City,Southampton,1,1
2024-01-01,Stoke City,Ipswich Town,0,0
2024-01-01,Sunderland,Preston North End,2,0
2024-01-01,Swansea City,West Brom,1,0
2024-01-01,Sheffield Weds,Hull City,3,1
2024-01-01,Liverpool,Newcastle United,4,2
2024-01-01,Bristol City,Millwall,0,1
2024-01-01,Blackburn Rovers,Rotherham United,2,2
2024-01-01,Middlesbrough,Coventry City,1,3
2024-01-01,Leicester City,Huddersfield Town,4,1
2024-01-01,Leeds United,Birmingham City,3,0
2024-01-02,West Ham United,Brighton,0,0
2024-01-04,Crystal Palace,Everton,0,0
2024-01-05,Tottenham Hotspur,Burnley,1,0
2024-01-05,Fulham,Rotherham United,1,0
2024-01-05,Brentford,Wolves,1,1
2024-01-06,Millwall,Leicester City,2,3
2024-01-06,Newport County,Eastleigh,1,1
2024-01-06,Norwich City,Bristol Rovers,1,1
2024-01-06,Plymouth Argyle,Sutton United,3,1
2024-01-06,Stoke City,Brighton,2,4
2024-01-06,Southampton,Walsall,4,0
2024-01-06,Middlesbrough,Aston Villa,0,1
2024-01-06,Sunderland,Newcastle United,0,3
2024-01-06,Swansea City,Morecambe,2,0
2024-01-06,Watford,Chesterfield,2,1
2024-01-06,QPR,Bournemouth,2,3
2024-01-06,Maidstone Utd,Stevenage,1,0
2024-01-06,Sheffield Weds,Cardiff City,4,0
2024-01-06,Gillingham,Sheffield United,0,4
2024-01-06,Coventry City,Oxford United,6,2
2024-01-06,Chelsea,Preston North End,4,0
2024-01-06,Blackburn Rovers,Cambridge United,5,2
2024-01-06,AFC Wimbledon,Ipswich Town,1,3
2024-01-06,Hull City,Birmingham City,1,1
2024-01-07,West Ham United,Bristol City,1,1
2024-01-07,West Brom,Aldershot Town,4,1
2024-01-07,Peterborough United,Leeds United,0,3
2024-01-07,Nottingham Forest,Blackpool,2,2
2024-01-07,Manchester City,Huddersfield Town,5,0
2024-01-07,Luton Town,Bolton Wanderers,0,0
2024-01-07,Shrewsbury Town,Wrexham,0,1
2024-01-07,Arsenal,Liverpool,0,2
2024-01-08,Wigan Athletic,Manchester Utd,0,2
2024-01-09,Middlesbrough,Chelsea,1,0
2024-01-10,Liverpool,Fulham,2,1
2024-01-12,Hull City,Norwich City,1,2
2024-01-12,Burnley,Luton Town,1,1
2024-01-13,Cardiff City,Leeds United,0,3
2024-01-13,Birmingham City,Swansea City,2,2
2024-01-13,Chelsea,Fulham,1,0
2024-01-13,Newcastle United,Manchester City,2,3
2024-01-13,Huddersfield Town,Plymouth Argyle,1,1
2024-01-13,Millwall,Middlesbrough,1,3
2024-01-13,Preston North End,Bristol City,2,0
2024-01-13,Rotherham United,Stoke City,0,1
2024-01-13,Coventry City,Leicester City,3,1
2024-01-13,Southampton,Sheffield Weds,4,0
2024-01-13,West Brom,Blackburn Rovers,4,1
2024-01-13,Ipswich Town,Sunderland,2,1
2024-01-14,Manchester Utd,Tottenham Hotspur,2,2
2024-01-14,Everton,Aston Villa,0,0
2024-01-14,QPR,Watford,1,2
2024-01-16,Eastleigh,Newport County,1,3
2024-01-16,Wolves,Brentford,3,2
2024-01-16,Bolton Wanderers,Luton Town,1,2
2024-01-16,Birmingham City,Hull City,2,1
2024-01-16,Bristol City,West Ham United,1,0
2024-01-17,Blackpool,Nottingham Forest,2,3
2024-01-17,Everton,Crystal Palace,1,0
2024-01-17,Bristol Rovers,Norwich City,1,3
2024-01-19,Sunderland,Hull City,0,1
2024-01-20,Stoke City,Birmingham City,1,2
2024-01-20,Sheffield Weds,Coventry City,1,2
2024-01-20,QPR,Millwall,2,0
2024-01-20,Plymouth Argyle,Cardiff City,3,1
2024-01-20,Swansea City,Southampton,1,3
2024-01-20,Middlesbrough,Rotherham United,1,1
2024-01-20,Bristol City,Watford,1,1
2024-01-20,Blackburn Rovers,Huddersfield Town,1,1
2024-01-20,Brentford,Nottingham Forest,3,2
2024-01-20,Arsenal,Crystal Palace,5,0
2024-01-20,Norwich City,West Brom,2,0
2024-01-21,Leeds United,Preston North End,2,1
2024-01-21,Bournemouth,Liverpool,0,4
2024-01-21,Sheffield United,West Ham United,2,2
2024-01-22,Leicester City,Ipswich Town,1,1
2024-01-22,Brighton,Wolves,0,0
2024-01-23,Chelsea,Middlesbrough,6,1
2024-01-24,Leeds United,Norwich City,1,0
2024-01-24,Fulham,Liverpool,1,1
2024-01-25,Bournemouth,Swansea City,5,0
2024-01-26,Bristol City,Nottingham Forest,0,0
2024-01-26,Chelsea,Aston Villa,0,0
2024-01-26,Sheffield Weds,Coventry City,1,1
2024-01-26,Tottenham Hotspur,Manchester City,0,1
2024-01-27,Fulham,Newcastle United,0,2
2024-01-27,Everton,Luton Town,1,2
2024-01-27,Millwall,Preston North End,1,1
2024-01-27,Sunderland,Stoke City,3,1
2024-01-27,Sheffield United,Brighton,2,5
2024-01-27,Leicester City,Birmingham City,3,0
2024-01-27,Ipswich Town,Maidstone Utd,1,2
2024-01-27,Leeds United,Plymouth Argyle,1,1
2024-01-28,Liverpool,Norwich City,5,2
2024-01-28,Watford,Southampton,1,1
2024-01-28,Newport County,Manchester Utd,2,4
2024-01-28,QPR,Huddersfield Town,1,1
2024-01-28,West Brom,Wolves,0,2
2024-01-29,Blackburn Rovers,Wrexham,4,1
2024-01-30,Nottingham Forest,Arsenal,1,2
2024-01-30,Luton Town,Brighton,4,0
2024-01-30,Fulham,Everton,0,0
2024-01-30,Crystal Palace,Sheffield United,3,2
2024-01-30,Aston Villa,Newcastle United,1,3
2024-01-30,Coventry City,Bristol City,2,2
2024-01-30,Leicester City,Swansea City,3,1
2024-01-31,Manchester City,Burnley,3,1
2024-01-31,Tottenham Hotspur,Brentford,3,2
2024-01-31,Liverpool,Chelsea,4,1
2024-01-31,Sheffield Weds,Watford,0,0
2024-02-01,Wolves,Manchester Utd,3,4
2024-02-01,West Ham United,Bournemouth,1,1
2024-02-02,Bristol City,Leeds United,0,1
2024-02-03,Rotherham United,Southampton,0,2
2024-02-03,Hull City,Millwall,1,0
2024-02-03,Huddersfield Town,Sheffield Weds,4,0
2024-02-03,Norwich City,Coventry City,2,1
2024-02-03,Preston North End,Ipswich Town,3,2
2024-02-03,Burnley,Fulham,2,2
2024-02-03,Sheffield United,Aston Villa,0,5
2024-02-03,Newcastle United,Luton Town,4,4
2024-02-03,Everton,Tottenham Hotspur,2,2
2024-02-03,Blackburn Rovers,QPR,1,2
2024-02-03,Brighton,Crystal Palace,4,1
2024-02-03,Stoke City,Leicester City,0,5
2024-02-03,West Brom,Birmingham City,1,0
2024-02-03,Swansea City,Plymouth Argyle,0,1
2024-02-03,Watford,Cardiff City,0,1
2024-02-04,Manchester Utd,West Ham United,3,0
2024-02-04,Chelsea,Wolves,2,4
2024-02-04,Arsenal,Liverpool,3,1
2024-02-04,Middlesbrough,Sunderland,1,1
2024-02-04,Bournemouth,Nottingham Forest,1,1
2024-02-05,Brentford,Manchester City,1,3
2024-02-06,Southampton,Watford,3,0
2024-02-06,Coventry City,Sheffield Weds,4,1
2024-02-06,Plymouth Argyle,Leeds United,1,4
2024-02-07,Nottingham Forest,Bristol City,1,1
2024-02-07,Aston Villa,Chelsea,1,3
2024-02-09,Sheffield Weds,Birmingham City,2,0
2024-02-10,Watford,Leicester City,1,2
2024-02-10,QPR,Norwich City,2,2
2024-02-10,Middlesbrough,Bristol City,1,2
2024-02-10,Leeds United,Rotherham United,3,0
2024-02-10,Cardiff City,Preston North End,0,2
2024-02-10,Ipswich Town,West Brom,2,2
2024-02-10,Hull City,Swansea City,0,1
2024-02-10,Southampton,Huddersfield Town,5,3
2024-02-10,Sunderland,Plymouth Argyle,3,1
2024-02-10,Liverpool,Burnley,3,1
2024-02-10,Fulham,Bournemouth,3,1
2024-02-10,Wolves,Brentford,0,2
2024-02-10,Tottenham Hotspur,Brighton,2,1
2024-02-10,Blackburn Rovers,Stoke City,3,1
2024-02-10,Manchester City,Everton,2,0
2024-02-10,Nottingham Forest,Newcastle United,2,3
2024-02-10,Luton Town,Sheffield United,1,3
2024-02-11,Aston Villa,Manchester Utd,1,2
2024-02-11,West Ham United,Arsenal,0,6
2024-02-11,Coventry City,Millwall,2,1
2024-02-12,Crystal Palace,Chelsea,1,3
2024-02-13,Birmingham City,Blackburn Rovers,1,0
2024-02-13,Bristol City,Southampton,3,1
2024-02-13,Norwich City,Watford,4,2
2024-02-13,Rotherham United,Hull City,1,2
2024-02-13,Leicester City,Sheffield Weds,2,0
2024-02-13,West Brom,Cardiff City,2,0
2024-02-13,Swansea City,Leeds United,0,4
2024-02-14,Huddersfield Town,Sunderland,1,0
2024-02-14,Millwall,Ipswich Town,0,4
2024-02-14,Plymouth Argyle,Coventry City,2,2
2024-02-14,Preston North End,Middlesbrough,2,1
2024-02-14,Stoke City,QPR,1,0
2024-02-16,West Brom,Southampton,0,2
2024-02-17,Brentford,Liverpool,1,4
2024-02-17,Burnley,Arsenal,0,5
2024-02-17,Fulham,Aston Villa,1,2
2024-02-17,Manchester City,Chelsea,1,1
2024-02-17,Newcastle United,Bournemouth,2,2
2024-02-17,Nottingham Forest,West Ham United,2,0
2024-02-17,Tottenham Hotspur,Wolves,1,2
2024-02-17,Rotherham United,Watford,0,1
2024-02-17,Birmingham City,Sunderland,2,1
2024-02-17,Swansea City,Ipswich Town,1,2
2024-02-17,Plymouth Argyle,Leeds United,0,2
2024-02-17,Norwich City,Cardiff City,4,1
2024-02-17,Millwall,Sheffield Weds,0,2
2024-02-17,Preston North End,Blackburn Rovers,2,2
2024-02-17,Stoke City,Coventry City,0,1
2024-02-17,Huddersfield Town,Hull City,1,2
2024-02-17,Bristol City,QPR,0,1
2024-02-17,Leicester City,Middlesbrough,1,2
2024-02-18,Sheffield United,Brighton,0,5
2024-02-18,Luton Town,Manchester Utd,1,2
2024-02-19,Everton,Crystal Palace,1,1
2024-02-20,Southampton,Hull City,1,2
2024-02-20,Cardiff City,Blackburn Rovers,0,0
2024-02-20,Ipswich Town,Rotherham United,4,3
2024-02-20,Plymouth Argyle,West Brom,0,3
2024-02-20,Manchester City,Brentford,1,0
2024-02-21,Liverpool,Luton Town,4,1
2024-02-23,Leeds United,Leicester City,3,1
2024-02-23,Coventry City,Preston North End,0,3
2024-02-24,Blackburn Rovers,Norwich City,1,1
2024-02-24,Crystal Palace,Burnley,3,0
2024-02-24,Brighton,Everton,1,1
2024-02-24,Bournemouth,Manchester City,0,1
2024-02-24,Manchester Utd,Fulham,1,2
2024-02-24,Aston Villa,Nottingham Forest,4,2
2024-02-24,Arsenal,Newcastle United,4,1
2024-02-24,Watford,Huddersfield Town,1,2
2024-02-24,Sunderland,Swansea City,1,2
2024-02-24,Sheffield Weds,Bristol City,2,1
2024-02-24,QPR,Rotherham United,2,1
2024-02-24,Middlesbrough,Plymouth Argyle,0,2
2024-02-24,Ipswich Town,Birmingham City,3,1
2024-02-24,Hull City,West Brom,1,1
2024-02-24,Cardiff City,Stoke City,2,1
2024-02-24,Southampton,Millwall,1,2
2024-02-25,Wolves,Sheffield United,1,0
2024-02-25,Chelsea,Liverpool,0,1
2024-02-26,Coventry City,Maidstone Utd,5,0
2024-02-26,West Ham United,Brentford,4,2
2024-02-27,Luton Town,Manchester City,2,6
2024-02-27,Bournemouth,Leicester City,0,1
2024-02-27,Blackburn Rovers,Newcastle United,1,1
2024-02-28,Wolves,Brighton,1,0
2024-02-28,Nottingham Forest,Manchester Utd,0,1
2024-02-28,Liverpool,Southampton,3,0
2024-02-28,Chelsea,Leeds United,3,2
2024-03-01,West Brom,Coventry City,2,1
2024-03-02,Fulham,Brighton,3,0
2024-03-02,Everton,West Ham United,1,3
2024-03-02,Brentford,Chelsea,2,2
2024-03-02,Preston North End,Hull City,0,0
2024-03-02,Birmingham City,Southampton,3,4
2024-03-02,Bristol City,Cardiff City,0,1
2024-03-02,Huddersfield Town,Leeds United,1,1
2024-03-02,Leicester City,QPR,1,2
2024-03-02,Millwall,Watford,1,0
2024-03-02,Norwich City,Sunderland,1,0
2024-03-02,Plymouth Argyle,Ipswich Town,0,2
2024-03-02,Rotherham United,Sheffield Weds,0,1
2024-03-02,Stoke City,Middlesbrough,2,0
2024-03-02,Luton Town,Aston Villa,2,3
2024-03-02,Newcastle United,Wolves,3,0
2024-03-02,Swansea City,Blackburn Rovers,2,1
2024-03-02,Tottenham Hotspur,Crystal Palace,3,1
2024-03-02,Nottingham Forest,Liverpool,0,1
2024-03-03,Burnley,Bournemouth,0,2
2024-03-03,Manchester City,Manchester Utd,3,1
2024-03-04,Sheffield United,Arsenal,0,6
2024-03-05,Sheffield Weds,Plymouth Argyle,1,0
2024-03-05,Leeds United,Stoke City,1,0
2024-03-05,Ipswich Town,Bristol City,3,2
2024-03-05,Hull City,Birmingham City,1,1
2024-03-05,Blackburn Rovers,Millwall,1,1
2024-03-05,Coventry City,Rotherham United,5,0
2024-03-05,Sunderland,Leicester City,0,1
2024-03-06,Watford,Swansea City,1,1
2024-03-06,QPR,West Brom,2,2
2024-03-06,Middlesbrough,Norwich City,3,1
2024-03-06,Cardiff City,Huddersfield Town,1,0
2024-03-08,Sheffield Weds,Leeds United,0,2
2024-03-09,Blackburn Rovers,Plymouth Argyle,1,1
2024-03-09,Preston North End,Stoke City,1,2
2024-03-09,QPR,Middlesbrough,0,2
2024-03-09,Southampton,Sunderland,4,2
2024-03-09,Watford,Coventry City,1,2
2024-03-09,Hull City,Leicester City,2,2
2024-03-09,Arsenal,Brentford,2,1
2024-03-09,Cardiff City,Ipswich Town,2,1
2024-03-09,Norwich City,Rotherham United,5,0
2024-03-09,Millwall,Birmingham City,1,0
2024-03-09,Crystal Palace,Luton Town,1,1
2024-03-09,Manchester Utd,Everton,2,0
2024-03-09,Wolves,Fulham,2,1
2024-03-09,Bournemouth,Sheffield United,2,2
2024-03-10,Bristol City,Swansea City,1,0
2024-03-10,Huddersfield Town,West Brom,1,4
2024-03-10,Brighton,Nottingham Forest,1,0
2024-03-10,West Ham United,Burnley,2,2
2024-03-10,Liverpool,Manchester City,1,1
2024-03-10,Aston Villa,Tottenham Hotspur,0,4
2024-03-11,Chelsea,Newcastle United,3,2
2024-03-12,Birmingham City,Middlesbrough,0,1
2024-03-13,Bournemouth,Luton Town,4,3
2024-03-16,Luton Town,Nottingham Forest,1,1
2024-03-16,Burnley,Brentford,2,1
2024-03-16,Fulham,Tottenham Hotspur,3,0
2024-03-16,Wolves,Coventry City,2,3
2024-03-16,Birmingham City,Watford,0,1
2024-03-16,Ipswich Town,Sheffield Weds,6,0
2024-03-16,Middlesbrough,Blackburn Rovers,0,0
2024-03-16,Plymouth Argyle,Preston North End,0,1
2024-03-16,Stoke City,Norwich City,0,3
2024-03-16,Sunderland,QPR,0,0
2024-03-16,Swansea City,Cardiff City,2,0
2024-03-16,West Brom,Bristol City,2,0
2024-03-16,Manchester City,Newcastle United,2,0
2024-03-16,Rotherham United,Huddersfield Town,0,0
2024-03-17,Manchester Utd,Liverpool,4,3
2024-03-17,Chelsea,Leicester City,4,2
2024-03-17,West Ham United,Aston Villa,1,1
2024-03-17,Leeds United,Millwall,2,0
2024-03-29,Bristol City,Leicester City,1,0
2024-03-29,Cardiff City,Sunderland,0,2
2024-03-29,Huddersfield Town,Coventry City,1,3
2024-03-29,Hull City,Stoke City,0,2
2024-03-29,Millwall,West Brom,1,1
2024-03-29,Norwich City,Plymouth Argyle,2,1
2024-03-29,Preston North End,Rotherham United,3,0
2024-03-29,QPR,Birmingham City,2,1
2024-03-29,Sheffield Weds,Swansea City,1,1
2024-03-29,Southampton,Middlesbrough,1,1
2024-03-29,Watford,Leeds United,2,2
2024-03-29,Blackburn Rovers,Ipswich Town,0,1
2024-03-30,Nottingham Forest,Crystal Palace,1,1
2024-03-30,Newcastle United,West Ham United,4,3
2024-03-30,Chelsea,Burnley,2,2
2024-03-30,Brentford,Manchester Utd,1,1
2024-03-30,Bournemouth,Everton,2,1
2024-03-30,Aston Villa,Wolves,2,0
2024-03-30,Tottenham Hotspur,Luton Town,2,1
2024-03-30,Sheffield United,Fulham,3,3
2024-03-31,Liverpool,Brighton,2,1
2024-03-31,Manchester City,Arsenal,0,0
2024-04-01,Birmingham City,Preston North End,1,0
2024-04-01,West Brom,Watford,2,2
2024-04-01,Sunderland,Blackburn Rovers,1,5
2024-04-01,Stoke City,Huddersfield Town,1,1
2024-04-01,Rotherham United,Millwall,2,1
2024-04-01,Plymouth Argyle,Bristol City,0,1
2024-04-01,Middlesbrough,Sheffield Weds,2,0
2024-04-01,Leicester City,Norwich City,3,1
2024-04-01,Leeds United,Hull City,3,1
2024-04-01,Ipswich Town,Southampton,3,2
2024-04-01,Coventry City,Cardiff City,1,2
2024-04-01,Swansea City,QPR,0,1
2024-04-02,Burnley,Wolves,1,1
2024-04-02,Bournemouth,Crystal Palace,1,0
2024-04-02,Newcastle United,Everton,1,1
2024-04-02,West Ham United,Tottenham Hotspur,1,1
2024-04-02,Nottingham Forest,Fulham,3,1
2024-04-03,Arsenal,Luton Town,2,0
2024-04-03,Brentford,Brighton,0,0
2024-04-03,Manchester City,Aston Villa,4,1
2024-04-04,Liverpool,Sheffield United,3,1
2024-04-04,Chelsea,Manchester Utd,4,3
2024-04-05,Rotherham United,Plymouth Argyle,0,1
2024-04-06,Fulham,Newcastle United,0,1
2024-04-06,Luton Town,Bournemouth,2,1
2024-04-06,Wolves,West Ham United,1,2
2024-04-06,Brighton,Arsenal,0,3
2024-04-06,Aston Villa,Brentford,3,3
2024-04-06,Everton,Burnley,1,0
2024-04-06,Crystal Palace,Manchester City,2,4
2024-04-06,Middlesbrough,Swansea City,2,0
2024-04-06,Watford,Preston North End,0,0
2024-04-06,Blackburn Rovers,Southampton,0,0
2024-04-06,Cardiff City,Hull City,1,3
2024-04-06,Sunderland,Bristol City,0,0
2024-04-06,Stoke City,West Brom,2,2
2024-04-06,QPR,Sheffield Weds,0,2
2024-04-06,Norwich City,Ipswich Town,1,0
2024-04-06,Coventry City,Leeds United,2,1
2024-04-06,Leicester City,Birmingham City,2,1
2024-04-06,Huddersfield Town,Millwall,1,0
2024-04-07,Tottenham Hotspur,Nottingham Forest,3,1
2024-04-07,Sheffield United,Chelsea,2,2
2024-04-07,Manchester Utd,Liverpool,2,2
2024-04-09,Millwall,Leicester City,1,0
2024-04-09,Southampton,Coventry City,2,1
2024-04-09,Sheffield Weds,Norwich City,2,2
2024-04-09,Plymouth Argyle,QPR,1,1
2024-04-09,Leeds United,Sunderland,0,0
2024-04-09,Preston North End,Huddersfield Town,4,1
2024-04-10,Ipswich Town,Watford,0,0
2024-04-10,West Brom,Rotherham United,2,0
2024-04-10,Swansea City,Stoke City,3,0
2024-04-10,Hull City,Middlesbrough,2,2
2024-04-10,Birmingham City,Cardiff City,0,1
2024-04-10,Bristol City,Blackburn Rovers,5,0
2024-04-12,Plymouth Argyle,Leicester City,1,0
2024-04-13,Preston North End,Norwich City,0,1
2024-04-13,Millwall,Cardiff City,3,1
2024-04-13,Sheffield Weds,Stoke City,1,1
2024-04-13,Southampton,Watford,3,2
2024-04-13,Bournemouth,Manchester Utd,2,2
2024-04-13,West Brom,Sunderland,0,1
2024-04-13,Birmingham City,Coventry City,3,0
2024-04-13,Brentford,Sheffield United,2,0
2024-04-13,Burnley,Brighton,1,1
2024-04-13,Manchester City,Luton Town,5,1
2024-04-13,Newcastle United,Tottenham Hotspur,4,0
2024-04-13,Nottingham Forest,Wolves,2,2
2024-04-13,Bristol City,Huddersfield Town,1,1
2024-04-13,Swansea City,Rotherham United,1,0
2024-04-13,Hull City,QPR,3,0
2024-04-13,Ipswich Town,Middlesbrough,1,1
2024-04-13,Leeds United,Blackburn Rovers,0,1
2024-04-14,Liverpool,Crystal Palace,0,1
2024-04-14,West Ham United,Fulham,0,2
2024-04-14,Arsenal,Aston Villa,0,2
2024-04-15,Chelsea,Everton,6,0
2024-04-16,Southampton,Preston North End,3,0
2024-04-20,Manchester City,Chelsea,1,0
2024-04-20,Norwich City,Bristol City,1,1
2024-04-20,Huddersfield Town,Swansea City,0,4
2024-04-20,Leicester City,West Brom,2,1
2024-04-20,Sheffield United,Burnley,1,4
2024-04-20,QPR,Preston North End,1,0
2024-04-20,Rotherham United,Birmingham City,0,0
2024-04-20,Stoke City,Plymouth Argyle,3,0
2024-04-20,Sunderland,Millwall,0,1
2024-04-20,Watford,Hull City,0,0
2024-04-20,Cardiff City,Southampton,2,1
2024-04-20,Wolves,Arsenal,0,2
2024-04-20,Luton Town,Brentford,1,5
2024-04-21,Coventry City,Manchester Utd,3,3
2024-04-21,Fulham,Liverpool,1,3
2024-04-21,Everton,Nottingham Forest,2,0
2024-04-21,Crystal Palace,West Ham United,5,2
2024-04-21,Aston Villa,Bournemouth,3,1
2024-04-21,Blackburn Rovers,Sheffield Weds,1,3
2024-04-22,Middlesbrough,Leeds United,3,4
2024-04-23,Arsenal,Chelsea,5,0
2024-04-23,Leicester City,Southampton,5,0
2024-04-24,Wolves,Bournemouth,0,1
2024-04-24,Manchester Utd,Sheffield United,4,2
2024-04-24,Everton,Liverpool,2,0
2024-04-24,Crystal Palace,Newcastle United,2,0
2024-04-24,Coventry City,Hull City,2,3
2024-04-25,Brighton,Manchester City,0,4
2024-04-26,QPR,Leeds United,4,0
2024-04-27,Watford,Sunderland,1,0
2024-04-27,Bristol City,Rotherham United,2,0
2024-04-27,Blackburn Rovers,Coventry City,0,0
2024-04-27,Sheffield Weds,West Brom,3,0
2024-04-27,Aston Villa,Chelsea,2,2
2024-04-27,Millwall,Plymouth Argyle,1,0
2024-04-27,Hull City,Ipswich Town,3,3
2024-04-27,Southampton,Stoke City,0,1
2024-04-27,Norwich City,Swansea City,2,2
2024-04-27,Cardiff City,Middlesbrough,1,4
2024-04-27,West Ham United,Liverpool,2,2
2024-04-27,Newcastle United,Sheffield United,5,1
2024-04-27,Manchester Utd,Burnley,1,1
2024-04-27,Huddersfield Town,Birmingham City,1,1
2024-04-27,Fulham,Crystal Palace,1,1
2024-04-27,Everton,Brentford,1,0
2024-04-27,Wolves,Luton Town,2,1
2024-04-28,Tottenham Hotspur,Arsenal,2,3
2024-04-28,Nottingham Forest,Manchester City,0,2
2024-04-28,Bournemouth,Brighton,3,0
2024-04-29,Preston North End,Leicester City,0,3
2024-04-30,Coventry City,Ipswich Town,1,2
2024-05-02,Chelsea,Tottenham Hotspur,2,0
2024-05-03,Luton Town,Everton,1,1
2024-05-04,Manchester City,Wolves,5,1
2024-05-04,Ipswich Town,Huddersfield Town,2,0
2024-05-04,Leeds United,Southampton,1,2
2024-05-04,Leicester City,Blackburn Rovers,0,2
2024-05-04,Plymouth Argyle,Hull City,1,0
2024-05-04,Arsenal,Bournemouth,3,0
2024-05-04,Stoke City,Bristol City,4,0
2024-05-04,Sunderland,Sheffield Weds,0,2
2024-05-04,Swansea City,Millwall,0,1
2024-05-04,West Brom,Preston North End,3,0
2024-05-04,Coventry City,QPR,1,2
2024-05-04,Birmingham City,Norwich City,1,0
2024-05-04,Rotherham United,Cardiff City,5,2
2024-05-04,Middlesbrough,Watford,3,1
2024-05-04,Sheffield United,Nottingham Forest,1,3
2024-05-04,Brentford,Fulham,0,0
2024-05-04,Burnley,Newcastle United,1,4
2024-05-05,Brighton,Aston Villa,1,0
2024-05-05,Chelsea,West Ham United,5,0
2024-05-05,Liverpool,Tottenham Hotspur,4,2
2024-05-06,Crystal Palace,Manchester Utd,4,0
2024-05-11,Bournemouth,Brentford,1,2
2024-05-11,Everton,Sheffield United,1,0
2024-05-11,Fulham,Manchester City,0,4
2024-05-11,Nottingham Forest,Chelsea,2,3
2024-05-11,Newcastle United,Brighton,1,1
2024-05-11,West Ham United,Luton Town,3,1
2024-05-11,Wolves,Crystal Palace,1,3
2024-05-11,Tottenham Hotspur,Burnley,2,1
2024-05-12,Manchester Utd,Arsenal,0,1
2024-05-12,Norwich City,Leeds United,0,0
2024-05-12,West Brom,Southampton,0,0
2024-05-13,Aston Villa,Liverpool,3,3
2024-05-14,Tottenham Hotspur,Manchester City,0,2
2024-05-15,Brighton,Chelsea,1,2
2024-05-15,Manchester Utd,Newcastle United,3,2
2024-05-16,Leeds United,Norwich City,4,0
2024-05-17,Southampton,West Brom,3,1
2024-05-19,Chelsea,Bournemouth,2,1
2024-05-19,Sheffield United,Tottenham Hotspur,0,3
2024-05-19,Arsenal,Everton,2,1
2024-05-19,Brentford,Newcastle United,2,4
2024-05-19,Brighton,Manchester Utd,0,2
2024-05-19,Burnley,Nottingham Forest,1,2
2024-05-19,Crystal Palace,Aston Villa,5,0
2024-05-19,Liverpool,Wolves,2,0
2024-05-19,Luton Town,Fulham,2,4
2024-05-19,Manchester City,West Ham United,3,1
2024-05-25,Manchester City,Manchester Utd,1,2
2024-05-26,Leeds United,Southampton,0,1
2024-08-09,Blackburn Rovers,Derby County,4,2
2024-08-09,Preston North End,Sheffield United,0,2
2024-08-10,Stoke City,Coventry City,1,0
2024-08-10,QPR,West Brom,1,3
2024-08-10,Oxford United,Norwich City,2,0
2024-08-10,Millwall,Watford,2,3
2024-08-10,Middlesbrough,Swansea City,1,0
2024-08-10,Leeds United,Portsmouth,3,3
2024-08-10,Hull City,Bristol City,1,1
2024-08-10,Cardiff City,Sunderland,0,2
2024-08-11,Sheffield Weds,Plymouth Argyle,4,0
2024-08-12,Luton Town,Burnley,1,4
2024-08-13,Portsmouth,Millwall,0,1
2024-08-13,Stockport,Blackburn Rovers,1,6
2024-08-13,Bolton Wanderers,Mansfield Town,1,1
2024-08-13,Barrow,Port Vale,3,2
2024-08-13,Rotherham United,Crewe Alexandra,2,1
2024-08-13,Burton Albion,Blackpool,0,4
2024-08-13,Salford City FC,Doncaster Rovers,0,2
2024-08-13,Cambridge United,QPR,1,2
2024-08-13,Cardiff City,Bristol Rovers,2,0
2024-08-13,Carlisle United,Stoke City,0,2
2024-08-13,Charlton Athletic,Birmingham City,0,1
2024-08-13,Colchester United,Reading,2,2
2024-08-13,Crawley Town,Swindon Town,4,2
2024-08-13,Preston North End,Sunderland,2,0
2024-08-13,Sheffield United,Wrexham,4,2
2024-08-13,Shrewsbury Town,Notts County,3,3
2024-08-13,Bristol City,Coventry City,0,1
2024-08-13,Bromley,AFC Wimbledon,1,2
2024-08-13,Tranmere Rovers,Accrington Stanley,3,0
2024-08-13,Walsall,Exeter City,1,1
2024-08-13,Watford,Milton Keynes Dons,5,0
2024-08-13,Wigan Athletic,Barnsley,1,1
2024-08-13,Oxford United,Peterborough United,2,0
2024-08-13,Norwich City,Stevenage,4,3
2024-08-13,Northampton Town,Wycombe Wanderers,0,2
2024-08-13,Derby County,Chesterfield,2,1
2024-08-13,Fleetwood Town,West Brom,2,1
2024-08-13,Swansea City,Gillingham,3,1
2024-08-13,Grimsby Town,Bradford City,1,1
2024-08-13,Huddersfield Town,Morecambe,3,0
2024-08-13,Leyton Orient,Newport County,4,1
2024-08-13,Lincoln City,Harrogate Town FC,1,2
2024-08-14,Hull City,Sheffield Weds,1,2
2024-08-14,Leeds United,Middlesbrough,0,3
2024-08-14,Plymouth Argyle,Cheltenham Town,3,0
2024-08-16,Manchester Utd,Fulham,1,0
2024-08-16,Coventry City,Oxford United,3,2
2024-08-17,Nottingham Forest,Bournemouth,1,1
2024-08-17,Norwich City,Blackburn Rovers,2,2
2024-08-17,West Ham United,Aston Villa,1,2
2024-08-17,Newcastle United,Southampton,1,0
2024-08-17,Ipswich Town,Liverpool,0,2
2024-08-17,Everton,Brighton,0,3
2024-08-17,Arsenal,Wolves,2,0
2024-08-17,Burnley,Cardiff City,5,0
2024-08-17,Derby County,Middlesbrough,1,0
2024-08-17,Bristol City,Millwall,4,3
2024-08-17,Plymouth Argyle,Hull City,1,1
2024-08-17,Portsmouth,Luton Town,0,0
2024-08-17,Sheffield United,QPR,2,2
2024-08-17,Swansea City,Preston North End,3,0
2024-08-17,Watford,Stoke City,3,0
2024-08-17,West Brom,Leeds United,0,0
2024-08-18,Brentford,Crystal Palace,2,1
2024-08-18,Sunderland,Sheffield Weds,4,0
2024-08-18,Chelsea,Manchester City,0,2
2024-08-19,Leicester City,Tottenham Hotspur,1,1
2024-08-23,Sheffield Weds,Leeds United,0,2
2024-08-24,Bristol City,Coventry City,1,1
2024-08-24,Hull City,Millwall,0,0
2024-08-24,Middlesbrough,Portsmouth,2,2
2024-08-24,Norwich City,Sheffield United,1,1
2024-08-24,Preston North End,Luton Town,1,0
2024-08-24,Stoke City,West Brom,1,2
2024-08-24,Blackburn Rovers,Oxford United,2,1
2024-08-24,Watford,Derby County,2,1
2024-08-24,QPR,Plymouth Argyle,1,1
2024-08-24,Tottenham Hotspur,Everton,4,0
2024-08-24,Southampton,Nottingham Forest,0,1
2024-08-24,Manchester City,Ipswich Town,4,1
2024-08-24,Fulham,Leicester City,2,1
2024-08-24,Crystal Palace,West Ham United,0,2
2024-08-24,Brighton,Manchester Utd,2,1
2024-08-24,Aston Villa,Arsenal,0,2
2024-08-24,Sunderland,Burnley,1,0
2024-08-25,Wolves,Chelsea,2,6
2024-08-25,Liverpool,Brentford,2,0
2024-08-25,Bournemouth,Newcastle United,1,1
2024-08-25,Swansea City,Cardiff City,1,1
2024-08-27,Fleetwood Town,Rotherham United,2,1
2024-08-27,Leicester City,Tranmere Rovers,4,0
2024-08-27,Everton,Doncaster Rovers,3,0
2024-08-27,Grimsby Town,Sheffield Weds,1,5
2024-08-27,Crystal Palace,Norwich City,4,0
2024-08-27,Coventry City,Oxford United,1,0
2024-08-27,Brighton,Crawley Town,4,0
2024-08-27,Millwall,Leyton Orient,0,1
2024-08-27,QPR,Luton Town,1,1
2024-08-27,Shrewsbury Town,Bolton Wanderers,0,2
2024-08-27,Walsall,Huddersfield Town,3,2
2024-08-27,Watford,Plymouth Argyle,2,0
2024-08-27,Middlesbrough,Stoke City,0,5
2024-08-27,Harrogate Town FC,Preston North End,0,5
2024-08-27,Blackburn Rovers,Blackpool,1,2
2024-08-27,Birmingham City,Fulham,0,2
2024-08-27,Barrow,Derby County,0,0
2024-08-27,Barnsley,Sheffield United,1,0
2024-08-28,Colchester United,Brentford,0,1
2024-08-28,AFC Wimbledon,Ipswich Town,2,2
2024-08-28,Cardiff City,Southampton,3,5
2024-08-28,West Ham United,Bournemouth,1,0
2024-08-28,Nottingham Forest,Newcastle United,1,1
2024-08-28,Swansea City,Wycombe Wanderers,0,1
2024-08-28,Wolves,Burnley,2,0
2024-08-30,Luton Town,QPR,1,2
2024-08-31,Everton,Bournemouth,2,3
2024-08-31,Arsenal,Brighton,1,1
2024-08-31,Brentford,Southampton,3,1
2024-08-31,Nottingham Forest,Wolves,1,1
2024-08-31,Leicester City,Aston Villa,1,2
2024-08-31,Ipswich Town,Fulham,1,1
2024-08-31,West Brom,Swansea City,1,0
2024-08-31,Burnley,Blackburn Rovers,1,1
2024-08-31,Cardiff City,Middlesbrough,0,2
2024-08-31,Coventry City,Norwich City,0,1
2024-08-31,Derby County,Bristol City,3,0
2024-08-31,Leeds United,Hull City,2,0
2024-08-31,Millwall,Sheffield Weds,3,0
2024-08-31,West Ham United,Manchester City,1,3
2024-08-31,Oxford United,Preston North End,3,1
2024-08-31,Plymouth Argyle,Stoke City,0,1
2024-08-31,Portsmouth,Sunderland,1,3
2024-09-01,Newcastle United,Tottenham Hotspur,2,1
2024-09-01,Manchester Utd,Liverpool,0,3
2024-09-01,Sheffield United,Watford,1,0
2024-09-01,Chelsea,Crystal Palace,1,1
2024-09-13,Hull City,Sheffield United,0,2
2024-09-14,Blackburn Rovers,Bristol City,3,0
2024-09-14,Derby County,Cardiff City,1,0
2024-09-14,Leeds United,Burnley,0,1
2024-09-14,Middlesbrough,Preston North End,1,1
2024-09-14,Millwall,Luton Town,0,1
2024-09-14,Oxford United,Stoke City,1,0
2024-09-14,Sheffield Weds,QPR,1,1
2024-09-14,Swansea City,Norwich City,1,0
2024-09-14,Watford,Coventry City,1,1
2024-09-14,Aston Villa,Everton,3,2
2024-09-14,Plymouth Argyle,Sunderland,3,2
2024-09-14,Brighton,Ipswich Town,0,0
2024-09-14,Crystal Palace,Leicester City,2,2
2024-09-14,Fulham,West Ham United,1,1
2024-09-14,Bournemouth,Chelsea,0,1
2024-09-14,Southampton,Manchester Utd,0,3
2024-09-14,Manchester City,Brentford,2,1
2024-09-14,Liverpool,Nottingham Forest,0,1
2024-09-15,Tottenham Hotspur,Arsenal,0,1
2024-09-15,Wolves,Newcastle United,1,2
2024-09-15,Portsmouth,West Brom,0,3
2024-09-17,Preston North End,Fulham,1,1
2024-09-17,Manchester Utd,Barnsley,7,0
2024-09-17,Everton,Southampton,1,1
2024-09-17,Brentford,Leyton Orient,3,1
2024-09-17,Blackpool,Sheffield Weds,0,1
2024-09-17,Stoke City,Fleetwood Town,1,1
2024-09-17,QPR,Crystal Palace,1,2
2024-09-18,Coventry City,Tottenham Hotspur,1,2
2024-09-18,Brighton,Wolves,3,2
2024-09-20,Stoke City,Hull City,1,3
2024-09-21,Liverpool,Bournemouth,3,0
2024-09-21,West Ham United,Chelsea,0,3
2024-09-21,Tottenham Hotspur,Brentford,3,1
2024-09-21,Fulham,Newcastle United,3,1
2024-09-21,Southampton,Ipswich Town,1,1
2024-09-21,Aston Villa,Wolves,3,1
2024-09-21,Crystal Palace,Manchester Utd,0,0
2024-09-21,Leicester City,Everton,1,1
2024-09-21,Burnley,Portsmouth,2,1
2024-09-21,West Brom,Plymouth Argyle,1,0
2024-09-21,Sunderland,Middlesbrough,1,0
2024-09-21,Sheffield United,Derby County,1,0
2024-09-21,QPR,Millwall,1,1
2024-09-21,Bristol City,Oxford United,2,1
2024-09-21,Luton Town,Sheffield Weds,2,1
2024-09-21,Coventry City,Swansea City,1,2
2024-09-21,Cardiff City,Leeds United,0,2
2024-09-21,Norwich City,Watford,4,1
2024-09-22,Preston North End,Blackburn Rovers,0,0
2024-09-22,Manchester City,Arsenal,2,2
2024-09-22,Brighton,Nottingham Forest,2,2
2024-09-24,Chelsea,Barrow,5,0
2024-09-24,Manchester City,Watford,2,1
2024-09-24,Wycombe Wanderers,Aston Villa,1,2
2024-09-24,Walsall,Leicester City,0,0
2024-09-25,Arsenal,Bolton Wanderers,5,1
2024-09-25,Liverpool,West Ham United,5,1
2024-09-27,Plymouth Argyle,Luton Town,3,1
2024-09-28,Wolves,Liverpool,1,2
2024-09-28,Newcastle United,Manchester City,1,1
2024-09-28,Nottingham Forest,Fulham,0,1
2024-09-28,Watford,Sunderland,2,1
2024-09-28,Everton,Crystal Palace,2,1
2024-09-28,Brentford,West Ham United,1,1
2024-09-28,Blackburn Rovers,QPR,2,0
2024-09-28,Chelsea,Brighton,4,2
2024-09-28,Hull City,Cardiff City,4,1
2024-09-28,Leeds United,Coventry City,3,0
2024-09-28,Middlesbrough,Stoke City,2,0
2024-09-28,Millwall,Preston North End,3,1
2024-09-28,Derby County,Norwich City,2,3
2024-09-28,Portsmouth,Sheffield United,0,0
2024-09-28,Arsenal,Leicester City,4,2
2024-09-28,Oxford United,Burnley,0,0
2024-09-28,Sheffield Weds,West Brom,3,2
2024-09-29,Manchester Utd,Tottenham Hotspur,0,3
2024-09-29,Ipswich Town,Aston Villa,2,2
2024-09-29,Swansea City,Bristol City,1,1
2024-09-30,Bournemouth,Southampton,3,1
2024-10-01,Newcastle United,AFC Wimbledon,1,0
2024-10-01,West Brom,Middlesbrough,0,1
2024-10-01,QPR,Hull City,1,3
2024-10-01,Norwich City,Leeds United,1,1
2024-10-01,Luton Town,Oxford United,2,2
2024-10-01,Coventry City,Blackburn Rovers,3,0
2024-10-01,Cardiff City,Millwall,1,0
2024-10-01,Burnley,Plymouth Argyle,1,0
2024-10-01,Sunderland,Derby County,2,0
2024-10-02,Sheffield United,Swansea City,1,0
2024-10-02,Stoke City,Portsmouth,6,1
2024-10-02,Preston North End,Watford,3,0
2024-10-02,Bristol City,Sheffield Weds,0,0
2024-10-04,Sunderland,Leeds United,2,2
2024-10-05,Plymouth Argyle,Blackburn Rovers,2,1
2024-10-05,Norwich City,Hull City,4,0
2024-10-05,Derby County,QPR,2,0
2024-10-05,Coventry City,Sheffield Weds,1,2
2024-10-05,Burnley,Preston North End,0,0
2024-10-05,Swansea City,Stoke City,0,0
2024-10-05,Watford,Middlesbrough,2,1
2024-10-05,Portsmouth,Oxford United,1,1
2024-10-05,West Brom,Millwall,0,0
2024-10-05,West Ham United,Ipswich Town,4,1
2024-10-05,Arsenal,Southampton,3,1
2024-10-05,Brentford,Wolves,5,3
2024-10-05,Crystal Palace,Liverpool,0,1
2024-10-05,Everton,Newcastle United,0,0
2024-10-05,Leicester City,Bournemouth,1,0
2024-10-05,Manchester City,Fulham,3,2
2024-10-05,Sheffield United,Luton Town,2,0
2024-10-06,Aston Villa,Manchester Utd,0,0
2024-10-06,Brighton,Tottenham Hotspur,3,2
2024-10-06,Chelsea,Nottingham Forest,1,1
2024-10-06,Bristol City,Cardiff City,1,1
2024-10-18,Leeds United,Sheffield United,2,0
2024-10-19,Millwall,Derby County,1,1
2024-10-19,Blackburn Rovers,Swansea City,1,0
2024-10-19,Luton Town,Watford,3,0
2024-10-19,Cardiff City,Plymouth Argyle,5,0
2024-10-19,Oxford United,West Brom,1,1
2024-10-19,Middlesbrough,Bristol City,0,2
2024-10-19,Preston North End,Coventry City,1,0
2024-10-19,Bournemouth,Arsenal,2,0
2024-10-19,Fulham,Aston Villa,1,3
2024-10-19,Ipswich Town,Everton,0,2
2024-10-19,Manchester Utd,Brentford,2,1
2024-10-19,Newcastle United,Brighton,0,1
2024-10-19,Southampton,Leicester City,2,3
2024-10-19,Tottenham Hotspur,West Ham United,4,1
2024-10-19,Stoke City,Norwich City,1,1
2024-10-19,QPR,Portsmouth,1,2
2024-10-19,Sheffield Weds,Burnley,0,2
2024-10-20,Hull City,Sunderland,0,1
2024-10-20,Liverpool,Chelsea,2,1
2024-10-20,Wolves,Manchester City,1,2
2024-10-21,Nottingham Forest,Crystal Palace,1,0
2024-10-22,Sheffield Weds,Swansea City,0,0
2024-10-22,Cardiff City,Portsmouth,2,0
2024-10-22,Leeds United,Watford,2,1
2024-10-22,Oxford United,Derby County,1,1
2024-10-22,Stoke City,Bristol City,2,2
2024-10-22,QPR,Coventry City,1,1
2024-10-22,Preston North End,Norwich City,2,2
2024-10-23,Millwall,Plymouth Argyle,1,0
2024-10-23,Middlesbrough,Sheffield United,1,0
2024-10-23,Luton Town,Sunderland,1,2
2024-10-23,Hull City,Burnley,1,1
2024-10-23,Blackburn Rovers,West Brom,0,0
2024-10-25,Portsmouth,Sheffield Weds,1,2
2024-10-25,Leicester City,Nottingham Forest,1,3
2024-10-26,Everton,Fulham,1,1
2024-10-26,Brighton,Wolves,2,2
2024-10-26,Brentford,Ipswich Town,4,3
2024-10-26,Aston Villa,Bournemouth,1,1
2024-10-26,West Brom,Cardiff City,0,0
2024-10-26,Watford,Blackburn Rovers,1,0
2024-10-26,Swansea City,Millwall,0,1
2024-10-26,Sunderland,Oxford United,2,0
2024-10-26,Sheffield United,Stoke City,2,0
2024-10-26,Plymouth Argyle,Preston North End,3,3
2024-10-26,Derby County,Hull City,1,1
2024-10-26,Coventry City,Luton Town,3,2
2024-10-26,Manchester City,Southampton,1,0
2024-10-26,Bristol City,Leeds United,0,0
2024-10-26,Burnley,QPR,0,0
2024-10-27,Norwich City,Middlesbrough,3,3
2024-10-27,Crystal Palace,Tottenham Hotspur,1,0
2024-10-27,West Ham United,Manchester Utd,2,1
2024-10-27,Chelsea,Newcastle United,2,1
2024-10-27,Arsenal,Liverpool,2,2
2024-10-29,Southampton,Stoke City,3,2
2024-10-29,Brentford,Sheffield Weds,1,1
2024-10-30,Newcastle United,Chelsea,2,0
2024-10-30,Brighton,Liverpool,2,3
2024-10-30,Aston Villa,Crystal Palace,1,2
2024-10-30,Preston North End,Arsenal,0,3
2024-10-30,Tottenham Hotspur,Manchester City,2,1
2024-10-30,Manchester Utd,Leicester City,5,2
2024-11-01,Tamworth,Huddersfield Town,1,0
2024-11-01,Luton Town,West Brom,1,1
2024-11-01,Notts County,Alfreton Town,5,1
2024-11-02,QPR,Sunderland,0,0
2024-11-02,Rotherham United,Cheltenham Town,1,3
2024-11-02,Rushall Olympic FC,Accrington Stanley,0,2
2024-11-02,Salford City FC,Shrewsbury Town,2,1
2024-11-02,Solihull Moors,Maidstone Utd,3,0
2024-11-02,Southend United,Charlton Athletic,3,4
2024-11-02,Stevenage,Guiseley,1,1
2024-11-02,Stockport,Forest Green Rovers,2,1
2024-11-02,Swindon Town,Colchester United,2,1
2024-11-02,Tonbridge Angels FC,Harborough Town FC,1,4
2024-11-02,Rochdale,Bromley,3,4
2024-11-02,Tranmere Rovers,Oldham Athletic,1,2
2024-11-02,Woking,Cambridge United,0,1
2024-11-02,Worthing FC,Morecambe,0,2
2024-11-02,Wycombe Wanderers,York City,3,2
2024-11-02,Bournemouth,Manchester City,2,1
2024-11-02,Ipswich Town,Leicester City,1,1
2024-11-02,Liverpool,Brighton,2,1
2024-11-02,Newcastle United,Arsenal,1,0
2024-11-02,Nottingham Forest,West Ham United,3,0
2024-11-02,Southampton,Everton,1,0
2024-11-02,Walsall,Bolton Wanderers,2,1
2024-11-02,Reading,Fleetwood Town,2,0
2024-11-02,Northampton Town,Kettering Town,1,2
2024-11-02,Wolves,Crystal Palace,2,2
2024-11-02,Preston North End,Bristol City,1,3
2024-11-02,Oxford United,Swansea City,1,2
2024-11-02,Middlesbrough,Coventry City,0,3
2024-11-02,Leeds United,Plymouth Argyle,3,0
2024-11-02,Hull City,Portsmouth,1,1
2024-11-02,Cardiff City,Norwich City,2,1
2024-11-02,Blackburn Rovers,Sheffield United,0,2
2024-11-02,Stoke City,Derby County,2,1
2024-11-02,Barrow,Doncaster Rovers,0,1
2024-11-02,Brackley Town FC,Braintree Town,0,0
2024-11-02,Bradford City,Aldershot Town,3,1
2024-11-02,Bristol Rovers,Weston-super-Mare AFC,3,1
2024-11-02,Burton Albion,Scarborough Athletic FC,1,0
2024-11-02,Carlisle United,Wigan Athletic,0,2
2024-11-02,Chesterfield,Horsham FC,3,1
2024-11-02,Crewe Alexandra,Dagenham & Redbridge,0,1
2024-11-02,Exeter City,Barnet,5,3
2024-11-02,Gillingham,Blackpool,0,2
2024-11-02,Grimsby Town,Wealdstone FC,0,1
2024-11-02,Hednesford Town FC,Gainsborough Trinity FC,4,4
2024-11-02,Maidenhead United,Crawley Town,1,2
2024-11-02,Sheffield Weds,Watford,2,6
2024-11-02,Newport County,Peterborough United,2,4
2024-11-02,Port Vale,Barnsley,1,3
2024-11-03,Tottenham Hotspur,Aston Villa,4,1
2024-11-03,Boreham Wood,Leyton Orient,2,2
2024-11-03,Curzon Ashton FC,Mansfield Town,0,4
2024-11-03,Harrogate Town FC,Wrexham,1,0
2024-11-03,Milton Keynes Dons,AFC Wimbledon,0,2
2024-11-03,Sutton United,Birmingham City,0,1
2024-11-03,Manchester Utd,Chelsea,1,1
2024-11-03,Millwall,Burnley,1,0
2024-11-04,Chesham United FC,Lincoln City,0,4
2024-11-04,Fulham,Brentford,2,1
2024-11-05,Sheffield Weds,Norwich City,2,0
2024-11-05,QPR,Middlesbrough,1,4
2024-11-05,Plymouth Argyle,Portsmouth,1,0
2024-11-05,Oxford United,Hull City,1,0
2024-11-05,Bristol City,Sheffield United,1,2
2024-11-05,Swansea City,Watford,1,0
2024-11-06,Luton Town,Cardiff City,1,0
2024-11-06,Millwall,Leeds United,1,0
2024-11-06,Preston North End,Sunderland,0,0
2024-11-06,Blackburn Rovers,Stoke City,0,2
2024-11-06,Coventry City,Derby County,1,2
2024-11-07,West Brom,Burnley,0,0
2024-11-08,Watford,Oxford United,1,0
2024-11-09,Middlesbrough,Luton Town,5,1
2024-11-09,Cardiff City,Blackburn Rovers,1,3
2024-11-09,Derby County,Plymouth Argyle,1,1
2024-11-09,Norwich City,Bristol City,0,2
2024-11-09,West Ham United,Everton,0,0
2024-11-09,Leeds United,QPR,2,0
2024-11-09,Liverpool,Aston Villa,2,0
2024-11-09,Wolves,Southampton,2,0
2024-11-09,Brighton,Manchester City,2,1
2024-11-09,Portsmouth,Preston North End,3,1
2024-11-09,Crystal Palace,Fulham,0,2
2024-11-09,Sunderland,Coventry City,2,2
2024-11-09,Stoke City,Millwall,1,1
2024-11-09,Brentford,Bournemouth,3,2
2024-11-10,Nottingham Forest,Newcastle United,1,3
2024-11-10,Sheffield United,Sheffield Weds,1,0
2024-11-10,Hull City,West Brom,1,2
2024-11-10,Burnley,Swansea City,1,0
2024-11-10,Tottenham Hotspur,Ipswich Town,1,2
2024-11-10,Chelsea,Arsenal,1,1
2024-11-10,Manchester Utd,Leicester City,3,0
2024-11-22,Plymouth Argyle,Watford,2,2
2024-11-23,Leicester City,Chelsea,1,2
2024-11-23,Arsenal,Nottingham Forest,3,0
2024-11-23,Aston Villa,Crystal Palace,2,2
2024-11-23,Bournemouth,Brighton,1,2
2024-11-23,Everton,Brentford,0,0
2024-11-23,Fulham,Wolves,1,4
2024-11-23,Sheffield Weds,Cardiff City,1,1
2024-11-23,Manchester City,Tottenham Hotspur,0,4
2024-11-23,West Brom,Norwich City,2,2
2024-11-23,Coventry City,Sheffield United,2,2
2024-11-23,QPR,Stoke City,1,1
2024-11-23,Preston North End,Derby County,1,1
2024-11-23,Oxford United,Middlesbrough,2,6
2024-11-23,Millwall,Sunderland,1,1
2024-11-23,Luton Town,Hull City,1,0
2024-11-23,Bristol City,Burnley,0,1
2024-11-24,Southampton,Liverpool,2,3
2024-11-24,Ipswich Town,Manchester Utd,1,1
2024-11-24,Swansea City,Leeds United,3,4
2024-11-25,Newcastle United,West Ham United,0,2
2024-11-26,Burnley,Coventry City,2,0
2024-11-26,Hull City,Sheffield Weds,0,2
2024-11-26,Norwich City,Plymouth Argyle,6,1
2024-11-26,Watford,Bristol City,1,0
2024-11-26,Sunderland,West Brom,0,0
2024-11-26,Stoke City,Preston North End,0,0
2024-11-26,Sheffield United,Oxford United,3,0
2024-11-27,Cardiff City,QPR,0,2
2024-11-27,Derby County,Swansea City,1,2
2024-11-27,Leeds United,Luton Town,3,0
2024-11-27,Middlesbrough,Blackburn Rovers,0,1
2024-11-29,Sheffield United,Sunderland,1,0
2024-11-29,Harrogate Town FC,Gainsborough Trinity FC,1,0
2024-11-29,Brighton,Southampton,1,1
2024-11-30,Middlesbrough,Hull City,3,1
2024-11-30,Norwich City,Luton Town,4,2
2024-11-30,Oxford United,Millwall,1,1
2024-11-30,Walsall,Charlton Athletic,0,4
2024-11-30,Swansea City,Portsmouth,2,2
2024-11-30,AFC Wimbledon,Dagenham & Redbridge,1,2
2024-11-30,Accrington Stanley,Swindon Town,2,2
2024-11-30,Barnsley,Bristol Rovers,0,0
2024-11-30,Cambridge United,Wigan Athletic,1,2
2024-11-30,Crawley Town,Lincoln City,3,4
2024-11-30,Exeter City,Chesterfield,2,0
2024-11-30,Preston North End,West Brom,1,1
2024-11-30,Leyton Orient,Oldham Athletic,2,1
2024-11-30,Peterborough United,Notts County,4,3
2024-11-30,Salford City FC,Cheltenham Town,2,0
2024-11-30,Stevenage,Mansfield Town,0,1
2024-11-30,Stockport,Brackley Town FC,3,1
2024-11-30,Wealdstone FC,Wycombe Wanderers,0,2
2024-11-30,Watford,QPR,0,0
2024-11-30,Morecambe,Bradford City,1,0
2024-11-30,Coventry City,Cardiff City,2,2
2024-11-30,Stoke City,Burnley,0,2
2024-11-30,Blackburn Rovers,Leeds United,1,0
2024-11-30,Brentford,Leicester City,4,1
2024-11-30,Crystal Palace,Newcastle United,1,1
2024-11-30,Nottingham Forest,Ipswich Town,1,0
2024-11-30,West Ham United,Arsenal,2,5
2024-11-30,Wolves,Bournemouth,2,4
2024-11-30,Bristol City,Plymouth Argyle,4,0
2024-12-01,Solihull Moors,Bromley,1,2
2024-12-01,Burton Albion,Tamworth,1,1
2024-12-01,Blackpool,Birmingham City,1,2
2024-12-01,Liverpool,Manchester City,2,0
2024-12-01,Manchester Utd,Everton,4,0
2024-12-01,Reading,Harborough Town FC,5,3
2024-12-01,Derby County,Sheffield Weds,1,2
2024-12-01,Chelsea,Aston Villa,3,0
2024-12-01,Tottenham Hotspur,Fulham,1,1
2024-12-01,Kettering Town,Doncaster Rovers,1,2
2024-12-03,Ipswich Town,Crystal Palace,0,1
2024-12-03,Leicester City,West Ham United,3,1
2024-12-04,Manchester City,Nottingham Forest,3,0
2024-12-04,Aston Villa,Brentford,3,1
2024-12-04,Everton,Wolves,4,0
2024-12-04,Newcastle United,Liverpool,3,3
2024-12-04,Arsenal,Manchester Utd,2,0
2024-12-04,Southampton,Chelsea,1,5
2024-12-05,Bournemouth,Tottenham Hotspur,1,0
2024-12-05,Fulham,Brighton,3,1
2024-12-06,Burnley,Middlesbrough,1,1
2024-12-07,Hull City,Blackburn Rovers,0,1
2024-12-07,Leeds United,Derby County,2,0
2024-12-07,Luton Town,Swansea City,1,1
2024-12-07,Millwall,Coventry City,0,1
2024-12-07,Crystal Palace,Manchester City,2,2
2024-12-07,Manchester Utd,Nottingham Forest,2,3
2024-12-07,Sheffield Weds,Preston North End,1,1
2024-12-07,QPR,Norwich City,3,0
2024-12-07,Sunderland,Stoke City,2,1
2024-12-07,Brentford,Newcastle United,4,2
2024-12-07,Portsmouth,Bristol City,3,0
2024-12-07,Aston Villa,Southampton,1,0
2024-12-08,Leicester City,Brighton,2,2
2024-12-08,West Brom,Sheffield United,2,2
2024-12-08,Tottenham Hotspur,Chelsea,3,4
2024-12-08,Ipswich Town,Bournemouth,1,2
2024-12-08,Fulham,Arsenal,1,1
2024-12-09,West Ham United,Wolves,2,1
2024-12-10,Portsmouth,Norwich City,0,0
2024-12-10,Sunderland,Bristol City,1,1
2024-12-10,Leeds United,Middlesbrough,3,1
2024-12-10,Luton Town,Stoke City,2,1
2024-12-10,Plymouth Argyle,Swansea City,1,2
2024-12-10,Sheffield Weds,Blackburn Rovers,0,1
2024-12-10,Burnley,Derby County,0,0
2024-12-11,West Brom,Coventry City,2,0
2024-12-11,QPR,Oxford United,2,0
2024-12-11,Millwall,Sheffield United,0,1
2024-12-11,Hull City,Watford,1,1
2024-12-11,Cardiff City,Preston North End,0,2
2024-12-13,Derby County,Portsmouth,4,0
2024-12-14,Blackburn Rovers,Luton Town,2,0
2024-12-14,Newcastle United,Leicester City,4,0
2024-12-14,Nottingham Forest,Aston Villa,2,1
2024-12-14,Wolves,Ipswich Town,1,2
2024-12-14,Liverpool,Fulham,2,2
2024-12-14,Swansea City,Sunderland,2,3
2024-12-14,Stoke City,Cardiff City,2,2
2024-12-14,Arsenal,Everton,0,0
2024-12-14,Preston North End,Leeds United,1,1
2024-12-14,Sheffield United,Plymouth Argyle,2,0
2024-12-14,Oxford United,Sheffield Weds,1,3
2024-12-14,Middlesbrough,Millwall,1,0
2024-12-14,Bristol City,QPR,1,1
2024-12-14,Coventry City,Hull City,2,1
2024-12-15,Brighton,Crystal Palace,1,3
2024-12-15,Watford,West Brom,2,1
2024-12-15,Chelsea,Brentford,2,1
2024-12-15,Manchester City,Manchester Utd,1,2
2024-12-15,Southampton,Tottenham Hotspur,0,5
2024-12-15,Norwich City,Burnley,1,2
2024-12-16,Bournemouth,West Ham United,1,1
2024-12-18,Southampton,Liverpool,1,2
2024-12-18,Arsenal,Crystal Palace,3,2
2024-12-18,Newcastle United,Brentford,3,1
2024-12-19,Tottenham Hotspur,Manchester Utd,4,3
2024-12-20,Luton Town,Derby County,2,1
2024-12-21,Aston Villa,Manchester City,2,1
2024-12-21,Ipswich Town,Newcastle United,0,4
2024-12-21,Crystal Palace,Arsenal,1,5
2024-12-21,West Ham United,Brighton,1,1
2024-12-21,Sunderland,Norwich City,2,1
2024-12-21,QPR,Preston North End,2,1
2024-12-21,Portsmouth,Coventry City,4,1
2024-12-21,Plymouth Argyle,Middlesbrough,3,3
2024-12-21,Millwall,Blackburn Rovers,1,0
2024-12-21,Leeds United,Oxford United,4,0
2024-12-21,Hull City,Swansea City,2,1
2024-12-21,Cardiff City,Sheffield United,0,2
2024-12-21,Burnley,Watford,2,1
2024-12-21,Brentford,Nottingham Forest,0,2
2024-12-21,Sheffield Weds,Stoke City,2,0
2024-12-22,Everton,Chelsea,0,0
2024-12-22,Fulham,Southampton,0,0
2024-12-22,Tottenham Hotspur,Liverpool,3,6
2024-12-22,Leicester City,Wolves,0,3
2024-12-22,West Brom,Bristol City,2,0
2024-12-22,Manchester Utd,Bournemouth,0,3
2024-12-26,Watford,Portsmouth,2,1
2024-12-26,Swansea City,QPR,3,0
2024-12-26,Stoke City,Leeds United,0,2
2024-12-26,Sheffield United,Burnley,0,2
2024-12-26,Preston North End,Hull City,1,0
2024-12-26,Oxford United,Cardiff City,3,2
2024-12-26,Middlesbrough,Sheffield Weds,3,3
2024-12-26,Derby County,West Brom,2,1
2024-12-26,Coventry City,Plymouth Argyle,4,0
2024-12-26,Bristol City,Luton Town,1,0
2024-12-26,Blackburn Rovers,Sunderland,2,2
2024-12-26,Norwich City,Millwall,2,1
2024-12-26,Chelsea,Fulham,1,2
2024-12-26,Manchester City,Everton,1,1
2024-12-26,Liverpool,Leicester City,3,1
2024-12-26,Wolves,Manchester Utd,2,0
2024-12-26,Bournemouth,Crystal Palace,0,0
2024-12-26,Nottingham Forest,Tottenham Hotspur,1,0
2024-12-26,Southampton,West Ham United,0,1
2024-12-26,Newcastle United,Aston Villa,3,0
2024-12-27,Arsenal,Ipswich Town,1,0
2024-12-27,Brighton,Brentford,0,0
2024-12-29,Middlesbrough,Burnley,0,0
2024-12-29,Derby County,Leeds United,0,1
2024-12-29,Coventry City,Millwall,0,0
2024-12-29,Bristol City,Portsmouth,3,0
2024-12-29,Blackburn Rovers,Hull City,0,1
2024-12-29,Preston North End,Sheffield Weds,3,1
2024-12-29,Sheffield United,West Brom,1,1
2024-12-29,Stoke City,Sunderland,1,0
2024-12-29,Swansea City,Luton Town,2,1
2024-12-29,Watford,Cardiff City,1,2
2024-12-29,Norwich City,QPR,1,1
2024-12-29,Oxford United,Plymouth Argyle,2,0
2024-12-29,Crystal Palace,Southampton,2,1
2024-12-29,Fulham,Bournemouth,2,2
2024-12-29,Leicester City,Manchester City,0,2
2024-12-29,Tottenham Hotspur,Wolves,2,2
2024-12-29,West Ham United,Liverpool,0,5
2024-12-29,Everton,Nottingham Forest,0,2
2024-12-30,Aston Villa,Brighton,2,2
2024-12-30,Ipswich Town,Chelsea,2,0
2024-12-30,Manchester Utd,Newcastle United,0,2
2025-01-01,Brentford,Arsenal,1,3
2025-01-01,Sunderland,Sheffield United,2,1
2025-01-01,QPR,Watford,3,1
2025-01-01,Portsmouth,Swansea City,4,0
2025-01-01,Plymouth Argyle,Bristol City,2,2
2025-01-01,Millwall,Oxford United,0,1
2025-01-01,Luton Town,Norwich City,0,1
2025-01-01,Leeds United,Blackburn Rovers,1,1
2025-01-01,Hull City,Middlesbrough,0,1
2025-01-01,Sheffield Weds,Derby County,4,2
2025-01-01,Cardiff City,Coventry City,1,1
2025-01-01,Burnley,Stoke City,0,0
2025-01-01,West Brom,Preston North End,3,1
2025-01-04,Preston North End,Oxford United,1,1
2025-01-04,Southampton,Brentford,0,5
2025-01-04,Tottenham Hotspur,Newcastle United,1,2
2025-01-04,Watford,Sheffield United,1,2
2025-01-04,Swansea City,West Brom,1,1
2025-01-04,Bournemouth,Everton,1,0
2025-01-04,Aston Villa,Leicester City,2,1
2025-01-04,Stoke City,Plymouth Argyle,0,0
2025-01-04,Sheffield Weds,Millwall,2,2
2025-01-04,Norwich City,Coventry City,2,1
2025-01-04,Crystal Palace,Chelsea,1,1
2025-01-04,Manchester City,West Ham United,4,1
2025-01-04,Hull City,Leeds United,3,3
2025-01-04,Bristol City,Derby County,1,0
2025-01-04,Blackburn Rovers,Burnley,0,1
2025-01-04,Brighton,Arsenal,1,1
2025-01-04,Middlesbrough,Cardiff City,1,1
2025-01-05,Sunderland,Portsmouth,1,0
2025-01-05,Fulham,Ipswich Town,2,2
2025-01-05,Liverpool,Manchester Utd,2,2
2025-01-06,QPR,Luton Town,2,1
2025-01-06,Wolves,Nottingham Forest,0,3
2025-01-07,Arsenal,Newcastle United,0,2
2025-01-08,Tottenham Hotspur,Liverpool,1,0
2025-01-09,Fulham,Watford,4,1
2025-01-09,Everton,Peterborough United,2,0
2025-01-09,Sheffield United,Cardiff City,0,1
2025-01-10,Wycombe Wanderers,Portsmouth,2,0
2025-01-10,Aston Villa,West Ham United,2,1
2025-01-11,Liverpool,Accrington Stanley,4,0
2025-01-11,Reading,Burnley,1,3
2025-01-11,Nottingham Forest,Luton Town,2,0
2025-01-11,Norwich City,Brighton,0,4
2025-01-11,Middlesbrough,Blackburn Rovers,0,1
2025-01-11,Manchester City,Salford City FC,8,0
2025-01-11,Leicester City,QPR,6,2
2025-01-11,Leeds United,Harrogate Town FC,1,0
2025-01-11,Exeter City,Oxford United,3,1
2025-01-11,Coventry City,Sheffield Weds,1,1
2025-01-11,Chelsea,Morecambe,5,0
2025-01-11,Bristol City,Wolves,1,2
2025-01-11,Brentford,Plymouth Argyle,0,1
2025-01-11,Bournemouth,West Brom,5,1
2025-01-11,Sunderland,Stoke City,1,2
2025-01-11,Birmingham City,Lincoln City,2,1
2025-01-12,Southampton,Swansea City,3,0
2025-01-12,Arsenal,Manchester Utd,1,1
2025-01-12,Tamworth,Tottenham Hotspur,0,3
2025-01-12,Crystal Palace,Stockport,1,0
2025-01-12,Newcastle United,Bromley,3,1
2025-01-12,Ipswich Town,Bristol Rovers,3,0
2025-01-12,Hull City,Doncaster Rovers,1,1
2025-01-13,Millwall,Dagenham & Redbridge,3,0
2025-01-14,Brentford,Manchester City,2,2
2025-01-14,Chelsea,Bournemouth,2,2
2025-01-14,Nottingham Forest,Liverpool,1,1
2025-01-14,West Ham United,Fulham,3,2
2025-01-14,Preston North End,Charlton Athletic,2,1
2025-01-14,Cardiff City,Watford,1,1
2025-01-14,Plymouth Argyle,Oxford United,1,1
2025-01-14,Leyton Orient,Derby County,1,1
2025-01-14,Mansfield Town,Wigan Athletic,0,2
2025-01-15,Blackburn Rovers,Portsmouth,3,0
2025-01-15,Newcastle United,Wolves,3,0
2025-01-15,Leicester City,Crystal Palace,0,2
2025-01-15,Everton,Aston Villa,0,1
2025-01-15,Arsenal,Tottenham Hotspur,2,1
2025-01-16,Manchester Utd,Southampton,3,1
2025-01-16,Ipswich Town,Brighton,0,2
2025-01-17,Burnley,Sunderland,0,0
2025-01-18,Cardiff City,Swansea City,3,0
2025-01-18,Derby County,Watford,0,2
2025-01-18,Luton Town,Preston North End,0,0
2025-01-18,Millwall,Hull City,0,1
2025-01-18,Oxford United,Blackburn Rovers,1,0
2025-01-18,Coventry City,Bristol City,1,0
2025-01-18,Sheffield United,Norwich City,2,0
2025-01-18,Brentford,Liverpool,0,2
2025-01-18,Leicester City,Fulham,0,2
2025-01-18,Plymouth Argyle,QPR,0,1
2025-01-18,Newcastle United,Bournemouth,1,4
2025-01-18,West Ham United,Crystal Palace,0,2
2025-01-18,West Brom,Stoke City,1,1
2025-01-18,Arsenal,Aston Villa,2,2
2025-01-18,Portsmouth,Middlesbrough,2,1
2025-01-19,Leeds United,Sheffield Weds,3,0
2025-01-19,Manchester Utd,Brighton,1,3
2025-01-19,Nottingham Forest,Southampton,3,2
2025-01-19,Everton,Tottenham Hotspur,3,2
2025-01-19,Ipswich Town,Manchester City,0,6
2025-01-20,Chelsea,Wolves,3,1
2025-01-21,Blackburn Rovers,Coventry City,0,2
2025-01-21,Derby County,Sunderland,0,1
2025-01-21,Hull City,QPR,1,2
2025-01-21,Middlesbrough,West Brom,2,0
2025-01-21,Millwall,Cardiff City,2,2
2025-01-21,Oxford United,Luton Town,3,2
2025-01-21,Watford,Preston North End,1,2
2025-01-21,Swansea City,Sheffield United,1,2
2025-01-22,Leeds United,Norwich City,2,0
2025-01-22,Plymouth Argyle,Burnley,0,5
2025-01-22,Portsmouth,Stoke City,3,1
2025-01-22,Sheffield Weds,Bristol City,2,2
2025-01-24,Sheffield United,Hull City,0,3
2025-01-25,Bristol City,Blackburn Rovers,2,1
2025-01-25,Norwich City,Swansea City,5,1
2025-01-25,Preston North End,Middlesbrough,2,1
2025-01-25,QPR,Sheffield Weds,0,2
2025-01-25,Stoke City,Oxford United,0,0
2025-01-25,Sunderland,Plymouth Argyle,2,2
2025-01-25,West Brom,Portsmouth,5,1
2025-01-25,Luton Town,Millwall,0,1
2025-01-25,Wolves,Arsenal,0,1
2025-01-25,Coventry City,Watford,2,1
2025-01-25,Cardiff City,Derby County,2,1
2025-01-25,Manchester City,Chelsea,3,1
2025-01-25,Bournemouth,Nottingham Forest,5,0
2025-01-25,Brighton,Everton,0,1
2025-01-25,Liverpool,Ipswich Town,4,1
2025-01-25,Southampton,Newcastle United,1,3
2025-01-26,Aston Villa,West Ham United,1,1
2025-01-26,Crystal Palace,Brentford,1,2
2025-01-26,Fulham,Manchester Utd,0,1
2025-01-26,Tottenham Hotspur,Leicester City,1,2
2025-01-27,Burnley,Leeds United,0,0
2025-01-28,Portsmouth,Millwall,0,1
2025-01-31,Blackburn Rovers,Preston North End,2,1
2025-02-01,Watford,Norwich City,0,1
2025-02-01,Hull City,Stoke City,1,2
2025-02-01,Leeds United,Cardiff City,7,0
2025-02-01,Oxford United,Bristol City,1,1
2025-02-01,Plymouth Argyle,West Brom,2,1
2025-02-01,Sheffield Weds,Luton Town,1,1
2025-02-01,Swansea City,Coventry City,0,2
2025-02-01,Derby County,Sheffield United,0,1
2025-02-01,Portsmouth,Burnley,0,0
2025-02-01,Millwall,QPR,2,1
2025-02-01,Everton,Leicester City,4,0
2025-02-01,Wolves,Aston Villa,2,0
2025-02-01,Nottingham Forest,Brighton,7,0
2025-02-01,Newcastle United,Fulham,1,2
2025-02-01,Ipswich Town,Southampton,1,2
2025-02-01,Bournemouth,Liverpool,0,2
2025-02-02,Manchester Utd,Crystal Palace,0,2
2025-02-02,Brentford,Tottenham Hotspur,0,2
2025-02-02,Arsenal,Manchester City,5,1
2025-02-03,Chelsea,West Ham United,2,1
2025-02-03,Middlesbrough,Sunderland,2,3
2025-02-04,QPR,Blackburn Rovers,2,1
2025-02-04,Burnley,Oxford United,1,0
2025-02-05,Newcastle United,Arsenal,2,0
2025-02-05,Coventry City,Leeds United,0,2
2025-02-06,Liverpool,Tottenham Hotspur,4,0
2025-02-07,Manchester Utd,Leicester City,2,1
2025-02-08,Norwich City,Derby County,1,1
2025-02-08,Birmingham City,Newcastle United,2,3
2025-02-08,Brighton,Chelsea,2,1
2025-02-08,Everton,Bournemouth,0,2
2025-02-08,Leeds United,Millwall,0,2
2025-02-08,Leyton Orient,Manchester City,1,2
2025-02-08,Preston North End,Wycombe Wanderers,0,0
2025-02-08,Southampton,Burnley,0,1
2025-02-08,Stoke City,Cardiff City,3,3
2025-02-08,Coventry City,Ipswich Town,1,4
2025-02-08,Sheffield United,Portsmouth,2,1
2025-02-08,Wigan Athletic,Fulham,1,2
2025-02-08,West Brom,Sheffield Weds,2,1
2025-02-08,Sunderland,Watford,2,2
2025-02-09,Aston Villa,Tottenham Hotspur,2,1
2025-02-09,Bristol City,Swansea City,0,1
2025-02-09,Blackburn Rovers,Wolves,0,2
2025-02-09,Plymouth Argyle,Liverpool,1,0
2025-02-10,Doncaster Rovers,Crystal Palace,0,2
2025-02-11,Coventry City,QPR,1,0
2025-02-11,Derby County,Oxford United,0,0
2025-02-11,Norwich City,Preston North End,0,1
2025-02-11,Portsmouth,Cardiff City,2,1
2025-02-11,Watford,Leeds United,0,4
2025-02-11,Exeter City,Nottingham Forest,2,2
2025-02-12,West Brom,Blackburn Rovers,0,2
2025-02-12,Plymouth Argyle,Millwall,5,1
2025-02-12,Sunderland,Luton Town,2,0
2025-02-12,Sheffield United,Middlesbrough,3,1
2025-02-12,Burnley,Hull City,2,0
2025-02-12,Bristol City,Stoke City,2,0
2025-02-12,Swansea City,Sheffield Weds,0,1
2025-02-12,Everton,Liverpool,2,2
2025-02-14,QPR,Derby County,4,0
2025-02-14,Brighton,Chelsea,3,0
2025-02-15,Aston Villa,Ipswich Town,1,1
2025-02-15,Crystal Palace,Everton,1,2
2025-02-15,Fulham,Nottingham Forest,2,1
2025-02-15,Leicester City,Arsenal,0,2
2025-02-15,Stoke City,Swansea City,3,1
2025-02-15,Manchester City,Newcastle United,4,0
2025-02-15,Southampton,Bournemouth,1,3
2025-02-15,Preston North End,Burnley,0,0
2025-02-15,Cardiff City,Bristol City,1,1
2025-02-15,West Ham United,Brentford,0,1
2025-02-15,Hull City,Norwich City,1,1
2025-02-15,Luton Town,Sheffield United,0,1
2025-02-15,Blackburn Rovers,Plymouth Argyle,2,0
2025-02-15,Millwall,West Brom,1,1
2025-02-15,Oxford United,Portsmouth,0,2
2025-02-15,Sheffield Weds,Coventry City,1,2
2025-02-15,Middlesbrough,Watford,0,1
2025-02-16,Liverpool,Wolves,2,1
2025-02-16,Tottenham Hotspur,Manchester Utd,1,0
2025-02-17,Leeds United,Sunderland,2,1
2025-02-18,Preston North End,Millwall,1,1
2025-02-19,Aston Villa,Liverpool,2,2
2025-02-19,Luton Town,Plymouth Argyle,1,1
2025-02-21,Leicester City,Brentford,0,4
2025-02-21,Bristol City,Middlesbrough,2,1
2025-02-21,Burnley,Sheffield Weds,4,0
2025-02-22,Everton,Manchester Utd,2,2
2025-02-22,Fulham,Crystal Palace,0,2
2025-02-22,Ipswich Town,Tottenham Hotspur,1,4
2025-02-22,Southampton,Brighton,0,4
2025-02-22,Aston Villa,Chelsea,2,1
2025-02-22,Coventry City,Preston North End,2,1
2025-02-22,Derby County,Millwall,0,1
2025-02-22,Bournemouth,Wolves,0,1
2025-02-22,Plymouth Argyle,Cardiff City,1,1
2025-02-22,Norwich City,Stoke City,4,2
2025-02-22,Sunderland,Hull City,0,1
2025-02-22,Portsmouth,QPR,2,1
2025-02-22,Arsenal,West Ham United,0,1
2025-02-22,Swansea City,Blackburn Rovers,3,0
2025-02-22,West Brom,Oxford United,2,0
2025-02-23,Watford,Luton Town,2,0
2025-02-23,Manchester City,Liverpool,0,2
2025-02-23,Newcastle United,Nottingham Forest,4,3
2025-02-24,Sheffield United,Leeds United,1,3
2025-02-25,Brighton,Bournemouth,2,1
2025-02-25,Crystal Palace,Aston Villa,4,1
2025-02-25,Wolves,Fulham,1,2
2025-02-25,Stoke City,Middlesbrough,1,3
2025-02-25,Cardiff City,Hull City,1,0
2025-02-25,Chelsea,Southampton,4,0
2025-02-26,Manchester Utd,Ipswich Town,3,2
2025-02-26,Liverpool,Newcastle United,2,0
2025-02-26,Brentford,Everton,1,1
2025-02-26,Nottingham Forest,Arsenal,0,0
2025-02-26,Tottenham Hotspur,Manchester City,0,1
2025-02-27,West Ham United,Leicester City,2,0
2025-02-28,Sheffield Weds,Sunderland,1,2
2025-02-28,Aston Villa,Cardiff City,2,0
2025-03-01,Luton Town,Portsmouth,1,0
2025-03-01,Oxford United,Coventry City,2,3
2025-03-01,Middlesbrough,Derby County,1,0
2025-03-01,Leeds United,West Brom,1,1
2025-03-01,Blackburn Rovers,Norwich City,1,1
2025-03-01,Preston North End,Burnley,3,0
2025-03-01,Manchester City,Plymouth Argyle,3,1
2025-03-01,Crystal Palace,Millwall,3,1
2025-03-01,QPR,Sheffield United,1,2
2025-03-01,Bournemouth,Wolves,1,1
2025-03-01,Stoke City,Watford,0,0
2025-03-02,Newcastle United,Brighton,1,2
2025-03-02,Manchester Utd,Fulham,1,1
2025-03-03,Nottingham Forest,Ipswich Town,1,1
2025-03-04,Millwall,Bristol City,0,2
2025-03-04,Cardiff City,Burnley,1,2
2025-03-04,Hull City,Plymouth Argyle,2,0
2025-03-04,Preston North End,Swansea City,0,0
2025-03-07,Norwich City,Oxford United,1,1
2025-03-08,Bristol City,Hull City,1,1
2025-03-08,Burnley,Luton Town,4,0
2025-03-08,Coventry City,Stoke City,3,2
2025-03-08,Derby County,Blackburn Rovers,2,1
2025-03-08,Plymouth Argyle,Sheffield Weds,0,3
2025-03-08,Sheffield United,Preston North End,1,0
2025-03-08,Sunderland,Cardiff City,2,1
2025-03-08,Swansea City,Middlesbrough,1,0
2025-03-08,West Brom,QPR,1,0
2025-03-08,Watford,Millwall,1,2
2025-03-08,Brentford,Aston Villa,0,1
2025-03-08,Brighton,Fulham,2,1
2025-03-08,Crystal Palace,Ipswich Town,1,0
2025-03-08,Liverpool,Southampton,3,1
2025-03-08,Nottingham Forest,Manchester City,1,0
2025-03-08,Wolves,Everton,1,1
2025-03-09,Portsmouth,Leeds United,1,0
2025-03-09,Tottenham Hotspur,Bournemouth,2,2
2025-03-09,Chelsea,Leicester City,1,0
2025-03-09,Manchester Utd,Arsenal,1,1
2025-03-10,West Ham United,Newcastle United,0,1
2025-03-11,Sheffield United,Bristol City,1,1
2025-03-11,Burnley,West Brom,1,1
2025-03-11,Cardiff City,Luton Town,1,2
2025-03-11,Sunderland,Preston North End,1,1
2025-03-11,Derby County,Coventry City,2,0
2025-03-11,Middlesbrough,QPR,2,1
2025-03-11,Norwich City,Sheffield Weds,2,3
2025-03-12,Hull City,Oxford United,2,1
2025-03-12,Leeds United,Millwall,2,0
2025-03-12,Portsmouth,Plymouth Argyle,1,2
2025-03-12,Stoke City,Blackburn Rovers,1,0
2025-03-12,Watford,Swansea City,1,0
2025-03-14,Bristol City,Norwich City,2,1
2025-03-15,West Brom,Hull City,1,1
2025-03-15,Swansea City,Burnley,0,2
2025-03-15,QPR,Leeds United,2,2
2025-03-15,Preston North End,Portsmouth,2,1
2025-03-15,Plymouth Argyle,Derby County,2,3
2025-03-15,Oxford United,Watford,1,0
2025-03-15,Millwall,Stoke City,1,0
2025-03-15,Luton Town,Middlesbrough,0,0
2025-03-15,Bournemouth,Brentford,1,2
2025-03-15,Blackburn Rovers,Cardiff City,1,2
2025-03-15,Southampton,Wolves,1,2
2025-03-15,Manchester City,Brighton,2,2
2025-03-15,Ipswich Town,Nottingham Forest,2,4
2025-03-15,Everton,West Ham United,1,1
2025-03-15,Coventry City,Sunderland,3,0
2025-03-16,Sheffield Weds,Sheffield United,0,1
2025-03-16,Arsenal,Chelsea,1,0
2025-03-16,Leicester City,Manchester Utd,0,3
2025-03-16,Fulham,Tottenham Hotspur,2,0
2025-03-16,Liverpool,Newcastle United,1,2
2025-03-28,Sheffield United,Coventry City,3,1
2025-03-29,Hull City,Luton Town,0,1
2025-03-29,Watford,Plymouth Argyle,0,0
2025-03-29,Burnley,Bristol City,1,0
2025-03-29,Cardiff City,Sheffield Weds,1,1
2025-03-29,Leeds United,Swansea City,2,2
2025-03-29,Norwich City,West Brom,1,0
2025-03-29,Middlesbrough,Oxford United,2,1
2025-03-29,Brighton,Nottingham Forest,0,0
2025-03-29,Fulham,Crystal Palace,0,3
2025-03-29,Stoke City,QPR,3,1
2025-03-29,Sunderland,Millwall,1,0
2025-03-29,Portsmouth,Blackburn Rovers,1,0
2025-03-30,Bournemouth,Manchester City,1,2
2025-03-30,Preston North End,Aston Villa,0,3
2025-04-01,Nottingham Forest,Manchester Utd,1,0
2025-04-01,Wolves,West Ham United,1,0
2025-04-01,Arsenal,Fulham,2,1
2025-04-02,Brighton,Aston Villa,0,3
2025-04-02,Bournemouth,Ipswich Town,1,2
2025-04-02,Newcastle United,Brentford,2,1
2025-04-02,Manchester City,Leicester City,2,0
2025-04-02,Southampton,Crystal Palace,1,1
2025-04-02,Liverpool,Everton,1,0
2025-04-02,Derby County,Preston North End,2,0
2025-04-03,Chelsea,Tottenham Hotspur,1,0
2025-04-04,Blackburn Rovers,Middlesbrough,0,2
2025-04-05,Bristol City,Watford,2,1
2025-04-05,Coventry City,Burnley,1,2
2025-04-05,Millwall,Portsmouth,2,1
2025-04-05,Oxford United,Sheffield United,1,0
2025-04-05,Plymouth Argyle,Norwich City,2,1
2025-04-05,Preston North End,Stoke City,1,1
2025-04-05,QPR,Cardiff City,0,0
2025-04-05,Sheffield Weds,Hull City,0,1
2025-04-05,Swansea City,Derby County,1,0
2025-04-05,West Brom,Sunderland,0,1
2025-04-05,Luton Town,Leeds United,1,1
2025-04-05,Aston Villa,Nottingham Forest,2,1
2025-04-05,Crystal Palace,Brighton,2,1
2025-04-05,Everton,Arsenal,1,1
2025-04-05,Ipswich Town,Wolves,1,2
2025-04-05,West Ham United,Bournemouth,2,2
2025-04-06,Brentford,Chelsea,0,0
2025-04-06,Fulham,Liverpool,3,2
2025-04-06,Manchester Utd,Manchester City,0,0
2025-04-06,Tottenham Hotspur,Southampton,3,1
2025-04-07,Leicester City,Newcastle United,0,3
2025-04-08,Watford,Hull City,1,0
2025-04-08,Stoke City,Luton Town,1,1
2025-04-08,Sheffield United,Millwall,0,1
2025-04-08,Preston North End,Cardiff City,2,2
2025-04-08,Blackburn Rovers,Sheffield Weds,2,2
2025-04-08,Middlesbrough,Leeds United,0,1
2025-04-08,Derby County,Burnley,0,0
2025-04-08,Bristol City,West Brom,2,1
2025-04-08,Norwich City,Sunderland,0,0
2025-04-09,Oxford United,QPR,1,3
2025-04-09,Swansea City,Plymouth Argyle,3,0
2025-04-09,Coventry City,Portsmouth,1,0
2025-04-11,Burnley,Norwich City,2,1
2025-04-12,Brighton,Leicester City,2,2
2025-04-12,Manchester City,Crystal Palace,5,2
2025-04-12,Nottingham Forest,Everton,0,1
2025-04-12,Southampton,Aston Villa,0,3
2025-04-12,Arsenal,Brentford,1,1
2025-04-12,Sunderland,Swansea City,0,1
2025-04-12,Sheffield Weds,Oxford United,0,1
2025-04-12,Cardiff City,Stoke City,0,1
2025-04-12,Portsmouth,Derby County,2,2
2025-04-12,Plymouth Argyle,Sheffield United,2,1
2025-04-12,Millwall,Middlesbrough,1,0
2025-04-12,Luton Town,Blackburn Rovers,0,1
2025-04-12,Leeds United,Preston North End,2,1
2025-04-12,QPR,Bristol City,1,1
2025-04-12,West Brom,Watford,2,1
2025-04-13,Wolves,Tottenham Hotspur,4,2
2025-04-13,Newcastle United,Manchester Utd,4,1
2025-04-13,Liverpool,West Ham United,2,1
2025-04-13,Chelsea,Ipswich Town,2,2
2025-04-14,Hull City,Coventry City,1,1
2025-04-14,Bournemouth,Fulham,1,0
2025-04-16,Newcastle United,Crystal Palace,5,0
2025-04-18,Swansea City,Hull City,1,0
2025-04-18,Stoke City,Sheffield Weds,2,0
2025-04-18,Preston North End,QPR,1,2
2025-04-18,Oxford United,Leeds United,0,1
2025-04-18,Norwich City,Portsmouth,3,5
2025-04-18,Middlesbrough,Plymouth Argyle,2,1
2025-04-18,Sheffield United,Cardiff City,2,0
2025-04-18,Coventry City,West Brom,2,0
2025-04-18,Bristol City,Sunderland,2,1
2025-04-18,Blackburn Rovers,Millwall,4,1
2025-04-18,Watford,Burnley,1,2
2025-04-18,Derby County,Luton Town,0,1
2025-04-19,Everton,Manchester City,0,2
2025-04-19,Aston Villa,Newcastle United,4,1
2025-04-19,Brentford,Brighton,4,2
2025-04-19,Crystal Palace,Bournemouth,0,0
2025-04-19,West Ham United,Southampton,1,1
2025-04-20,Manchester Utd,Wolves,0,1
2025-04-20,Ipswich Town,Arsenal,0,4
2025-04-20,Leicester City,Liverpool,0,1
2025-04-20,Fulham,Chelsea,1,2
2025-04-21,Portsmouth,Watford,1,0
2025-04-21,West Brom,Derby County,1,3
2025-04-21,Sunderland,Blackburn Rovers,0,1
2025-04-21,Tottenham Hotspur,Nottingham Forest,1,2
2025-04-21,Burnley,Sheffield United,2,1
2025-04-21,Cardiff City,Oxford United,1,1
2025-04-21,Hull City,Preston North End,2,1
2025-04-21,Leeds United,Stoke City,6,0
2025-04-21,Luton Town,Bristol City,3,1
2025-04-21,Sheffield Weds,Middlesbrough,2,1
2025-04-21,QPR,Swansea City,1,2
2025-04-21,Plymouth Argyle,Coventry City,3,1
2025-04-21,Millwall,Norwich City,3,1
2025-04-22,Manchester City,Aston Villa,2,1
2025-04-23,Arsenal,Crystal Palace,2,2
2025-04-25,Stoke City,Sheffield United,0,2
2025-04-26,Southampton,Fulham,1,2
2025-04-26,Newcastle United,Ipswich Town,3,0
2025-04-26,Chelsea,Everton,1,0
2025-04-26,Brighton,West Ham United,3,2
2025-04-26,Crystal Palace,Aston Villa,3,0
2025-04-26,Wolves,Leicester City,3,0
2025-04-26,Luton Town,Coventry City,1,0
2025-04-26,Blackburn Rovers,Watford,2,1
2025-04-26,Cardiff City,West Brom,0,0
2025-04-26,Hull City,Derby County,0,1
2025-04-26,Middlesbrough,Norwich City,0,0
2025-04-26,Millwall,Swansea City,1,0
2025-04-26,Oxford United,Sunderland,2,0
2025-04-26,Preston North End,Plymouth Argyle,1,2
2025-04-26,QPR,Burnley,0,5
2025-04-26,Sheffield Weds,Portsmouth,1,1
2025-04-27,Bournemouth,Manchester Utd,1,1
2025-04-27,Liverpool,Tottenham Hotspur,5,1
2025-04-27,Nottingham Forest,Manchester City,0,2
2025-04-28,Leeds United,Bristol City,4,0
2025-05-01,Nottingham Forest,Brentford,0,2
2025-05-02,Manchester City,Wolves,1,0
2025-05-03,Everton,Ipswich Town,2,2
2025-05-03,Aston Villa,Fulham,1,0
2025-05-03,Arsenal,Bournemouth,1,2
2025-05-03,Watford,Sheffield Weds,1,1
2025-05-03,Leicester City,Southampton,2,0
2025-05-03,West Brom,Luton Town,5,3
2025-05-03,Sheffield United,Blackburn Rovers,1,1
2025-05-03,Sunderland,QPR,0,1
2025-05-03,Portsmouth,Hull City,1,1
2025-05-03,Plymouth Argyle,Leeds United,1,2
2025-05-03,Norwich City,Cardiff City,4,2
2025-05-03,Derby County,Stoke City,0,0
2025-05-03,Coventry City,Middlesbrough,2,0
2025-05-03,Burnley,Millwall,3,1
2025-05-03,Bristol City,Preston North End,2,2
2025-05-03,Swansea City,Oxford United,3,3
2025-05-04,West Ham United,Tottenham Hotspur,1,1
2025-05-04,Brentford,Manchester Utd,4,3
2025-05-04,Brighton,Newcastle United,1,1
2025-05-04,Chelsea,Liverpool,3,1
2025-05-05,Crystal Palace,Nottingham Forest,1,1
2025-05-08,Bristol City,Sheffield United,0,3
2025-05-09,Coventry City,Sunderland,1,2
2025-05-10,Fulham,Everton,1,3
2025-05-10,Ipswich Town,Brentford,0,1
2025-05-10,Southampton,Manchester City,0,0
2025-05-10,Wolves,Brighton,0,2
2025-05-10,Bournemouth,Aston Villa,0,1
2025-05-11,Liverpool,Arsenal,2,2
2025-05-11,Manchester Utd,West Ham United,0,2
2025-05-11,Newcastle United,Chelsea,2,0
2025-05-11,Nottingham Forest,Leicester City,2,2
2025-05-11,Tottenham Hotspur,Crystal Palace,0,2
2025-05-12,Sheffield United,Bristol City,3,0
2025-05-13,Sunderland,Coventry City,1,1
2025-05-16,Aston Villa,Tottenham Hotspur,2,0
2025-05-16,Chelsea,Manchester Utd,1,0
2025-05-17,Crystal Palace,Manchester City,1,0
2025-05-18,Arsenal,Newcastle United,1,0
2025-05-18,Everton,Southampton,2,0
2025-05-18,Leicester City,Ipswich Town,2,0
2025-05-18,West Ham United,Nottingham Forest,1,2
2025-05-18,Brentford,Fulham,2,3
2025-05-19,Brighton,Liverpool,3,2
2025-05-20,Crystal Palace,Wolves,4,2
2025-05-20,Manchester City,Bournemouth,3,1
2025-05-24,Sheffield United,Sunderland,1,2
2025-05-25,Wolves,Brentford,1,1
2025-05-25,Liverpool,Crystal Palace,1,1
2025-05-25,Ipswich Town,West Ham United,1,3
2025-05-25,Tottenham Hotspur,Brighton,1,4
2025-05-25,Southampton,Arsenal,1,2
2025-05-25,Fulham,Manchester City,0,2
2025-05-25,Manchester Utd,Aston Villa,2,0
2025-05-25,Bournemouth,Leicester City,2,0
2025-05-25,Newcastle United,Everton,0,1
2025-05-25,Nottingham Forest,Chelsea,0,1
2025-07-29,Barnet,Newport County,2,2
2025-08-05,Accrington Stanley,Oldham Athletic,3,1
2025-08-08,Birmingham City,Ipswich Town,1,1
2025-08-09,Coventry City,Hull City,0,0
2025-08-09,Charlton Athletic,Watford,1,0
2025-08-09,Southampton,Wrexham,2,1
2025-08-09,West Brom,Blackburn Rovers,1,0
2025-08-09,QPR,Preston North End,1,1
2025-08-09,Oxford United,Portsmouth,0,1
2025-08-09,Norwich City,Millwall,1,2
2025-08-09,Middlesbrough,Swansea City,1,0
2025-08-09,Sheffield United,Bristol City,1,4
2025-08-09,Stoke City,Derby County,3,1
2025-08-10,Leicester City,Sheffield Weds,2,1
2025-08-12,Salford City FC,Rotherham United,0,0
2025-08-12,Wrexham,Hull City,3,3
2025-08-12,Wigan Athletic,Notts County,1,0
2025-08-12,West Brom,Derby County,1,1
2025-08-12,Watford,Norwich City,1,2
2025-08-12,Swansea City,Crawley Town,3,1
2025-08-12,Stoke City,Walsall,0,0
2025-08-12,Stockport,Crewe Alexandra,3,1
2025-08-12,Gillingham,AFC Wimbledon,1,1
2025-08-12,Oxford United,Colchester United,1,0
2025-08-12,Accrington Stanley,Peterborough United,2,1
2025-08-12,Barrow,Preston North End,0,1
2025-08-12,Blackburn Rovers,Bradford City,1,2
2025-08-12,Blackpool,Port Vale,0,1
2025-08-12,Bristol City,Milton Keynes Dons,2,0
2025-08-12,Bristol Rovers,Cambridge United,0,2
2025-08-12,Bromley,Ipswich Town,1,1
2025-08-12,Cardiff City,Swindon Town,2,1
2025-08-12,Charlton Athletic,Stevenage,3,1
2025-08-12,Chesterfield,Mansfield Town,0,2
2025-08-12,Coventry City,Luton Town,1,0
2025-08-12,Grimsby Town,Shrewsbury Town,3,1
2025-08-12,Plymouth Argyle,QPR,3,2
2025-08-12,Portsmouth,Reading,1,2
2025-08-12,Northampton Town,Southampton,0,1
2025-08-12,Newport County,Millwall,0,1
2025-08-12,Harrogate Town FC,Lincoln City,1,3
2025-08-12,Leyton Orient,Wycombe Wanderers,0,1
2025-08-12,Middlesbrough,Doncaster Rovers,0,4
2025-08-13,Huddersfield Town,Leicester City,2,2
2025-08-13,Cheltenham Town,Exeter City,2,0
2025-08-13,Bolton Wanderers,Sheffield Weds,3,3
2025-08-13,Birmingham City,Sheffield United,2,1
2025-08-13,Barnsley,Fleetwood Town,2,2
2025-08-15,Liverpool,Bournemouth,4,2
2025-08-16,Bristol City,Charlton Athletic,0,0
2025-08-16,Millwall,Middlesbrough,0,3
2025-08-16,Swansea City,Sheffield United,1,0
2025-08-16,Watford,QPR,2,1
2025-08-16,Sheffield Weds,Stoke City,0,3
2025-08-16,Wrexham,West Brom,2,3
2025-08-16,Derby County,Coventry City,3,5
2025-08-16,Blackburn Rovers,Birmingham City,1,2
2025-08-16,Preston North End,Leicester City,2,1
2025-08-16,Brighton,Fulham,1,1
2025-08-16,Sunderland,West Ham United,3,0
2025-08-16,Tottenham Hotspur,Burnley,3,0
2025-08-16,Wolves,Manchester City,0,4
2025-08-16,Aston Villa,Newcastle United,0,0
2025-08-16,Portsmouth,Norwich City,1,2
2025-08-17,Hull City,Oxford United,3,2
2025-08-17,Ipswich Town,Southampton,1,1
2025-08-17,Nottingham Forest,Brentford,3,1
2025-08-17,Manchester Utd,Arsenal,0,1
2025-08-17,Chelsea,Crystal Palace,0,0
2025-08-18,Leeds United,Everton,1,0
2025-08-19,Tranmere Rovers,Burton Albion,1,1
2025-08-22,West Ham United,Chelsea,1,5
2025-08-22,Derby County,Bristol City,1,1
2025-08-23,Southampton,Stoke City,1,2
2025-08-23,Sheffield United,Millwall,0,1
2025-08-23,Preston North End,Ipswich Town,1,0
2025-08-23,Coventry City,QPR,7,1
2025-08-23,Hull City,Blackburn Rovers,0,3
2025-08-23,Charlton Athletic,Leicester City,0,1
2025-08-23,Birmingham City,Oxford United,1,0
2025-08-23,Swansea City,Watford,1,1
2025-08-23,Norwich City,Middlesbrough,1,2
2025-08-23,West Brom,Portsmouth,1,1
2025-08-23,Wrexham,Sheffield Weds,2,2
2025-08-23,Brentford,Aston Villa,1,0
2025-08-23,Arsenal,Leeds United,5,0
2025-08-23,Bournemouth,Wolves,1,0
2025-08-23,Burnley,Sunderland,2,0
2025-08-23,Manchester City,Tottenham Hotspur,0,2
2025-08-24,Crystal Palace,Nottingham Forest,1,1
2025-08-24,Everton,Brighton,2,0
2025-08-24,Fulham,Manchester Utd,1,1
2025-08-25,Newcastle United,Liverpool,2,3
2025-08-26,Accrington Stanley,Doncaster Rovers,0,2
2025-08-26,Barnsley,Rotherham United,2,1
2025-08-26,Birmingham City,Port Vale,0,1
2025-08-26,Bournemouth,Brentford,0,2
2025-08-26,Bromley,Wycombe Wanderers,1,1
2025-08-26,Burnley,Derby County,2,1
2025-08-26,Burton Albion,Lincoln City,0,1
2025-08-26,Cambridge United,Charlton Athletic,3,1
2025-08-26,Cardiff City,Cheltenham Town,3,0
2025-08-26,Preston North End,Wrexham,2,3
2025-08-26,Reading,AFC Wimbledon,2,1
2025-08-26,Wolves,West Ham United,3,2
2025-08-26,Stoke City,Bradford City,0,3
2025-08-26,Sunderland,Huddersfield Town,1,1
2025-08-26,Millwall,Coventry City,2,1
2025-08-26,Swansea City,Plymouth Argyle,1,1
2025-08-26,Wigan Athletic,Stockport,1,0
2025-08-26,Sheffield Weds,Leeds United,1,1
2025-08-26,Norwich City,Southampton,0,3
2025-08-27,Everton,Mansfield Town,2,0
2025-08-27,Oxford United,Brighton,0,6
2025-08-27,Grimsby Town,Manchester Utd,2,2
2025-08-27,Fulham,Bristol City,2,0
2025-08-29,Leicester City,Birmingham City,2,0
2025-08-30,Sheffield Weds,Swansea City,0,2
2025-08-30,Stoke City,West Brom,0,1
2025-08-30,Watford,Southampton,2,2
2025-08-30,Wolves,Everton,2,3
2025-08-30,Sunderland,Brentford,2,1
2025-08-30,Chelsea,Fulham,2,0
2025-08-30,Leeds United,Newcastle United,0,0
2025-08-30,Manchester Utd,Burnley,3,2
2025-08-30,Tottenham Hotspur,Bournemouth,0,1
2025-08-30,Oxford United,Coventry City,2,2
2025-08-30,Millwall,Wrexham,0,2
2025-08-30,Portsmouth,Preston North End,1,0
2025-08-30,Ipswich Town,Derby County,2,2
2025-08-30,Bristol City,Hull City,4,2
2025-08-30,Blackburn Rovers,Norwich City,0,2
2025-08-30,QPR,Charlton Athletic,3,1
2025-08-30,Middlesbrough,Sheffield United,1,0
2025-08-31,Brighton,Manchester City,2,1
2025-08-31,Aston Villa,Crystal Palace,0,3
2025-08-31,Liverpool,Arsenal,1,0
2025-08-31,Nottingham Forest,West Ham United,0,3
2025-09-12,Ipswich Town,Sheffield United,5,0
2025-09-13,Sheffield Weds,Bristol City,0,3
2025-09-13,Swansea City,Hull City,2,2
2025-09-13,Oxford United,Leicester City,2,2
2025-09-13,Coventry City,Norwich City,1,1
2025-09-13,Charlton Athletic,Millwall,1,1
2025-09-13,West Brom,Derby County,0,1
2025-09-13,Wrexham,QPR,1,3
2025-09-13,Stoke City,Birmingham City,1,0
2025-09-13,Preston North End,Middlesbrough,2,2
2025-09-13,Watford,Blackburn Rovers,0,1
2025-09-13,Arsenal,Nottingham Forest,3,0
2025-09-13,Bournemouth,Brighton,2,1
2025-09-13,Brentford,Chelsea,2,2
2025-09-13,Crystal Palace,Sunderland,0,0
2025-09-13,Everton,Aston Villa,0,0
2025-09-13,Fulham,Leeds United,1,0
2025-09-13,Newcastle United,Wolves,1,0
2025-09-13,West Ham United,Tottenham Hotspur,0,3
2025-09-14,Southampton,Portsmouth,0,0
2025-09-14,Burnley,Liverpool,0,1
2025-09-14,Manchester City,Manchester Utd,3,0
2025-09-16,Sheffield Weds,Grimsby Town,0,1
2025-09-16,Crystal Palace,Millwall,1,1
2025-09-16,Brentford,Aston Villa,1,1
2025-09-17,Swansea City,Nottingham Forest,3,2
2025-09-19,Middlesbrough,West Brom,2,1
2025-09-20,Burnley,Nottingham Forest,1,1
2025-09-20,Wolves,Leeds United,1,3
2025-09-20,Liverpool,Everton,2,1
2025-09-20,Manchester Utd,Chelsea,2,1
2025-09-20,West Ham United,Crystal Palace,1,2
2025-09-20,Fulham,Brentford,3,1
2025-09-20,Sheffield United,Charlton Athletic,0,1
2025-09-20,Brighton,Tottenham Hotspur,2,2
2025-09-20,Leicester City,Coventry City,0,0
2025-09-20,Birmingham City,Swansea City,1,0
2025-09-20,Derby County,Preston North End,0,1
2025-09-20,Hull City,Southampton,3,1
2025-09-20,QPR,Stoke City,1,0
2025-09-20,Norwich City,Wrexham,2,3
2025-09-20,Portsmouth,Sheffield Weds,0,2
2025-09-21,Sunderland,Aston Villa,1,1
2025-09-21,Bournemouth,Newcastle United,0,0
2025-09-21,Arsenal,Manchester City,1,1
2025-09-21,Bristol City,Oxford United,1,3
2025-09-22,Millwall,Watford,1,0
2025-09-23,Wrexham,Reading,2,0
2025-09-23,Burnley,Cardiff City,1,2
2025-09-23,Fulham,Cambridge United,1,0
2025-09-23,Lincoln City,Chelsea,1,2
2025-09-23,Barnsley,Brighton,0,6
2025-09-23,Liverpool,Southampton,2,1
2025-09-23,Wigan Athletic,Wycombe Wanderers,0,2
2025-09-23,Wolves,Everton,2,0
2025-09-24,Huddersfield Town,Manchester City,0,2
2025-09-24,Newcastle United,Bradford City,4,1
2025-09-24,Port Vale,Arsenal,0,2
2025-09-24,Tottenham Hotspur,Doncaster Rovers,3,0
2025-09-26,West Brom,Leicester City,1,1
2025-09-27,Stoke City,Norwich City,1,1
2025-09-27,Charlton Athletic,Blackburn Rovers,3,0
2025-09-27,Swansea City,Millwall,1,1
2025-09-27,Tottenham Hotspur,Wolves,1,1
2025-09-27,Chelsea,Brighton,1,3
2025-09-27,Crystal Palace,Liverpool,2,1
2025-09-27,Brentford,Manchester Utd,3,1
2025-09-27,Nottingham Forest,Sunderland,0,1
2025-09-27,Southampton,Middlesbrough,1,1
2025-09-27,Ipswich Town,Portsmouth,2,1
2025-09-27,Oxford United,Sheffield United,0,1
2025-09-27,Preston North End,Bristol City,0,0
2025-09-27,Sheffield Weds,QPR,1,1
2025-09-27,Leeds United,Bournemouth,2,2
2025-09-27,Wrexham,Derby County,1,1
2025-09-27,Watford,Hull City,2,1
2025-09-27,Coventry City,Birmingham City,3,0
2025-09-27,Manchester City,Burnley,5,1
2025-09-28,Newcastle United,Arsenal,1,2
2025-09-28,Aston Villa,Fulham,3,1
2025-09-29,Everton,West Ham United,1,1
2025-09-30,Sheffield United,Southampton,1,2
2025-09-30,Middlesbrough,Stoke City,0,0
2025-09-30,Leicester City,Wrexham,1,1
2025-09-30,Hull City,Preston North End,2,2
2025-09-30,Bristol City,Ipswich Town,1,1
2025-09-30,Blackburn Rovers,Swansea City,1,2
2025-09-30,Birmingham City,Sheffield Weds,2,2
2025-09-30,Derby County,Charlton Athletic,1,1
2025-10-01,QPR,Oxford United,0,0
2025-10-01,Portsmouth,Watford,2,2
2025-10-01,Norwich City,West Brom,0,1
2025-10-01,Millwall,Coventry City,0,4
2025-10-03,Bournemouth,Fulham,3,1
2025-10-03,Wrexham,Birmingham City,1,1
2025-10-04,Portsmouth,Middlesbrough,1,0
2025-10-04,Millwall,West Brom,3,0
2025-10-04,Manchester Utd,Sunderland,2,0
2025-10-04,Leeds United,Tottenham Hotspur,1,2
2025-10-04,Chelsea,Liverpool,2,1
2025-10-04,Arsenal,West Ham United,2,0
2025-10-04,Blackburn Rovers,Stoke City,1,1
2025-10-04,Watford,Oxford United,2,1
2025-10-04,Swansea City,Leicester City,1,3
2025-10-04,Sheffield Weds,Coventry City,0,5
2025-10-04,Preston North End,Charlton Athletic,2,0
2025-10-04,Bristol City,QPR,1,2
2025-10-04,Derby County,Southampton,1,1
2025-10-04,Hull City,Sheffield United,1,0
2025-10-05,Everton,Crystal Palace,2,1
2025-10-05,Brentford,Manchester City,0,1
2025-10-05,Aston Villa,Burnley,2,1
2025-10-05,Newcastle United,Nottingham Forest,2,0
2025-10-05,Wolves,Brighton,1,1
2025-10-05,Ipswich Town,Norwich City,3,1
2025-10-17,Middlesbrough,Ipswich Town,2,1
2025-10-18,Birmingham City,Hull City,2,3
2025-10-18,Charlton Athletic,Sheffield Weds,2,1
2025-10-18,Coventry City,Blackburn Rovers,2,0
2025-10-18,Leicester City,Portsmouth,1,1
2025-10-18,Norwich City,Bristol City,0,1
2025-10-18,Oxford United,Derby County,1,0
2025-10-18,West Brom,Preston North End,2,1
2025-10-18,Sheffield United,Watford,1,0
2025-10-18,QPR,Millwall,1,2
2025-10-18,Southampton,Swansea City,0,0
2025-10-18,Burnley,Leeds United,2,0
2025-10-18,Sunderland,Wolves,2,0
2025-10-18,Nottingham Forest,Chelsea,0,3
2025-10-18,Manchester City,Everton,2,0
2025-10-18,Fulham,Arsenal,0,1
2025-10-18,Crystal Palace,Bournemouth,3,3
2025-10-18,Brighton,Newcastle United,2,1
2025-10-18,Stoke City,Wrexham,1,0
2025-10-19,Tottenham Hotspur,Aston Villa,1,2
2025-10-19,Liverpool,Manchester Utd,1,2
2025-10-20,West Ham United,Brentford,0,2
2025-10-21,Preston North End,Birmingham City,0,1
2025-10-21,Blackburn Rovers,Sheffield United,1,3
2025-10-21,Portsmouth,Coventry City,1,2
2025-10-21,Derby County,Norwich City,1,0
2025-10-21,Hull City,Leicester City,2,1
2025-10-21,Ipswich Town,Charlton Athletic,0,3
2025-10-21,Millwall,Stoke City,2,0
2025-10-21,Bristol City,Southampton,3,1
2025-10-22,Sheffield Weds,Middlesbrough,0,1
2025-10-22,Swansea City,QPR,0,1
2025-10-22,Watford,West Brom,2,1
2025-10-22,Wrexham,Oxford United,1,0
2025-10-24,Leeds United,West Ham United,2,1
2025-10-24,Preston North End,Sheffield United,3,2
2025-10-25,Swansea City,Norwich City,2,1
2025-10-25,Newcastle United,Fulham,2,1
2025-10-25,Manchester Utd,Brighton,4,2
2025-10-25,Chelsea,Sunderland,1,2
2025-10-25,Brentford,Liverpool,3,2
2025-10-25,Hull City,Charlton Athletic,1,1
2025-10-25,Ipswich Town,West Brom,1,0
2025-10-25,Bristol City,Birmingham City,1,0
2025-10-25,Coventry City,Watford,3,1
2025-10-25,Middlesbrough,Wrexham,1,1
2025-10-25,Derby County,QPR,1,0
2025-10-25,Sheffield Weds,Oxford United,1,2
2025-10-25,Portsmouth,Stoke City,0,1
2025-10-25,Millwall,Leicester City,1,0
2025-10-25,Blackburn Rovers,Southampton,2,1
2025-10-26,Wolves,Burnley,2,3
2025-10-26,Everton,Tottenham Hotspur,0,3
2025-10-26,Bournemouth,Nottingham Forest,2,0
2025-10-26,Arsenal,Crystal Palace,1,0
2025-10-26,Aston Villa,Manchester City,1,0
2025-10-28,Grimsby Town,Brentford,0,5
2025-10-28,Wycombe Wanderers,Fulham,1,1
2025-10-28,Wrexham,Cardiff City,1,2
2025-10-29,Newcastle United,Tottenham Hotspur,2,0
2025-10-29,Arsenal,Brighton,2,0
2025-10-29,Liverpool,Crystal Palace,0,3
2025-10-29,Wolves,Chelsea,3,4
2025-10-29,Swansea City,Manchester City,1,3
2025-10-31,Wrexham,Coventry City,3,2
2025-10-31,Luton Town,Forest Green Rovers,4,3
2025-11-01,Sheffield United,Derby County,1,3
2025-11-01,Crewe Alexandra,Doncaster Rovers,1,2
2025-11-01,Colchester United,Milton Keynes Dons,2,3
2025-11-01,Cheltenham Town,Bradford City,1,0
2025-11-01,Chelmsford City FC,Braintree Town,4,1
2025-11-01,Cambridge United,Chester,3,0
2025-11-01,Buxton FC,Chatham Town FC,2,1
2025-11-01,Burton Albion,St Albans City,6,0
2025-11-01,Bromley,Bristol Rovers,1,2
2025-11-01,Boreham Wood,Crawley Town,3,0
2025-11-01,FC Halifax Town,Exeter City,0,2
2025-11-01,Bolton Wanderers,Huddersfield Town,2,1
2025-11-01,Blackpool,Scunthorpe United,1,0
2025-11-01,Barnsley,York City,3,2
2025-11-01,AFC Wimbledon,Gateshead,0,2
2025-11-01,Leicester City,Blackburn Rovers,0,2
2025-11-01,Charlton Athletic,Swansea City,1,1
2025-11-01,Birmingham City,Portsmouth,4,0
2025-11-01,Brackley Town FC,Notts County,2,2
2025-11-01,QPR,Ipswich Town,1,4
2025-11-01,Fleetwood Town,Barnet,2,1
2025-11-01,Macclesfield FC,AFC Totton,6,3
2025-11-01,Southampton,Preston North End,0,2
2025-11-01,Stoke City,Bristol City,5,1
2025-11-01,Watford,Middlesbrough,3,0
2025-11-01,West Brom,Sheffield Weds,0,0
2025-11-01,Wycombe Wanderers,Plymouth Argyle,2,0
2025-11-01,Wigan Athletic,Hemel Hempstead Town FC,1,1
2025-11-01,Weston-super-Mare AFC,Aldershot Town,2,1
2025-11-01,Wealdstone FC,Southend United,1,0
2025-11-01,Tranmere Rovers,Stockport,1,3
2025-11-01,Grimsby Town,Ebbsfleet United,3,1
2025-11-01,Sutton United,Telford United,2,1
2025-11-01,Spennymoor Town FC,Barrow,0,2
2025-11-01,Slough Town FC,Altrincham,2,1
2025-11-01,Oxford United,Millwall,2,2
2025-11-01,Rotherham United,Swindon Town,1,2
2025-11-01,Reading,Carlisle United,2,3
2025-11-01,Peterborough United,Cardiff City,1,0
2025-11-01,Oldham Athletic,Northampton Town,3,1
2025-11-01,Newport County,Gillingham,2,2
2025-11-01,Mansfield Town,Harrogate Town FC,3,2
2025-11-01,Stevenage,Chesterfield,0,1
2025-11-01,Norwich City,Hull City,0,2
2025-11-01,Salford City FC,Lincoln City,1,1
2025-11-01,Liverpool,Aston Villa,2,0
2025-11-01,Fulham,Wolves,3,0
2025-11-01,Crystal Palace,Brentford,2,0
2025-11-01,Burnley,Arsenal,0,2
2025-11-01,Brighton,Leeds United,3,0
2025-11-01,Tottenham Hotspur,Chelsea,0,1
2025-11-01,Nottingham Forest,Manchester Utd,2,2
2025-11-02,Port Vale,Maldon & Tiptree FC,5,1
2025-11-02,Manchester City,Bournemouth,3,1
2025-11-02,West Ham United,Newcastle United,3,1
2025-11-02,Eastleigh,Walsall,0,3
2025-11-02,Gainsborough Trinity FC,Accrington Stanley,1,2
2025-11-02,South Shields FC,Shrewsbury Town,1,3
2025-11-03,Sunderland,Everton,1,1
2025-11-03,Tamworth,Leyton Orient,0,1
2025-11-04,Birmingham City,Millwall,4,0
2025-11-04,Bristol City,Blackburn Rovers,0,1
2025-11-04,Charlton Athletic,West Brom,1,0
2025-11-04,Coventry City,Sheffield United,3,1
2025-11-04,Derby County,Hull City,2,1
2025-11-04,Leicester City,Middlesbrough,1,1
2025-11-04,Oxford United,Stoke City,0,3
2025-11-04,Ipswich Town,Watford,1,1
2025-11-05,Portsmouth,Wrexham,0,0
2025-11-05,Preston North End,Swansea City,2,1
2025-11-05,QPR,Southampton,1,2
2025-11-05,Sheffield Weds,Norwich City,1,1
2025-11-07,Watford,Bristol City,1,1
2025-11-08,Southampton,Sheffield Weds,3,1
2025-11-08,Wrexham,Charlton Athletic,1,0
2025-11-08,West Brom,Oxford United,2,1
2025-11-08,Swansea City,Ipswich Town,1,4
2025-11-08,Stoke City,Coventry City,0,1
2025-11-08,Millwall,Preston North End,1,1
2025-11-08,Sunderland,Arsenal,2,2
2025-11-08,Hull City,Portsmouth,3,2
2025-11-08,Chelsea,Wolves,3,0
2025-11-08,Everton,Fulham,2,0
2025-11-08,Blackburn Rovers,Derby County,1,2
2025-11-08,Sheffield United,QPR,0,0
2025-11-08,Middlesbrough,Birmingham City,2,1
2025-11-08,Norwich City,Leicester City,1,2
2025-11-08,West Ham United,Burnley,3,2
2025-11-08,Tottenham Hotspur,Manchester Utd,2,2
2025-11-09,Nottingham Forest,Leeds United,3,1
2025-11-09,Manchester City,Liverpool,3,0
2025-11-09,Crystal Palace,Brighton,0,0
2025-11-09,Brentford,Newcastle United,3,1
2025-11-09,Aston Villa,Bournemouth,4,0
2025-11-21,Preston North End,Blackburn Rovers,1,2
2025-11-22,Fulham,Sunderland,1,0
2025-11-22,Liverpool,Nottingham Forest,0,3
2025-11-22,Newcastle United,Manchester City,2,1
2025-11-22,Wolves,Crystal Palace,0,2
2025-11-22,QPR,Hull City,3,2
2025-11-22,Portsmouth,Millwall,3,1
2025-11-22,Oxford United,Middlesbrough,1,1
2025-11-22,Leicester City,Stoke City,2,1
2025-11-22,Brighton,Brentford,2,1
2025-11-22,Derby County,Watford,2,3
2025-11-22,Burnley,Chelsea,0,2
2025-11-22,Charlton Athletic,Southampton,1,5
2025-11-22,Bristol City,Swansea City,3,0
2025-11-22,Birmingham City,Norwich City,4,1
2025-11-22,Bournemouth,West Ham United,2,2
2025-11-22,Ipswich Town,Wrexham,0,0
2025-11-22,Coventry City,West Brom,3,2
2025-11-23,Arsenal,Tottenham Hotspur,4,1
2025-11-23,Sheffield Weds,Sheffield United,0,3
2025-11-23,Leeds United,Aston Villa,1,2
2025-11-24,Manchester Utd,Everton,0,1
2025-11-25,Watford,Preston North End,1,1
2025-11-25,Stoke City,Charlton Athletic,3,0
2025-11-25,Southampton,Leicester City,3,0
2025-11-25,Norwich City,Oxford United,1,1
2025-11-25,Middlesbrough,Coventry City,2,4
2025-11-25,Hull City,Ipswich Town,0,2
2025-11-25,Swansea City,Derby County,1,2
2025-11-26,Blackburn Rovers,QPR,0,1
2025-11-26,Millwall,Sheffield Weds,1,0
2025-11-26,Wrexham,Bristol City,2,0
2025-11-26,West Brom,Birmingham City,1,1
2025-11-26,Sheffield United,Portsmouth,3,0
2025-11-28,Oxford United,Ipswich Town,2,1
2025-11-29,Leicester City,Sheffield United,2,3
2025-11-29,Middlesbrough,Derby County,2,1
2025-11-29,Millwall,Southampton,3,2
2025-11-29,Norwich City,QPR,3,1
2025-11-29,Portsmouth,Bristol City,0,1
2025-11-29,Stoke City,Hull City,1,2
2025-11-29,Coventry City,Charlton Athletic,3,1
2025-11-29,Sheffield Weds,Preston North End,2,3
2025-11-29,Manchester City,Leeds United,3,2
2025-11-29,Sunderland,Bournemouth,3,2
2025-11-29,Tottenham Hotspur,Fulham,1,2
2025-11-29,West Brom,Swansea City,3,2
2025-11-29,Wrexham,Blackburn Rovers,1,1
2025-11-29,Everton,Newcastle United,1,4
2025-11-29,Brentford,Burnley,3,1
2025-11-30,West Ham United,Liverpool,0,2
2025-11-30,Nottingham Forest,Brighton,0,2
2025-11-30,Crystal Palace,Manchester Utd,1,2
2025-11-30,Chelsea,Arsenal,1,1
2025-11-30,Aston Villa,Wolves,1,0
2025-12-01,Birmingham City,Watford,2,1
2025-12-02,Newcastle United,Tottenham Hotspur,2,2
2025-12-02,Fulham,Manchester City,4,5
2025-12-02,Bournemouth,Everton,0,1
2025-12-02,Blackburn Rovers,Ipswich Town,1,1
2025-12-03,Wolves,Nottingham Forest,0,1
2025-12-03,Liverpool,Sunderland,1,1
2025-12-03,Leeds United,Chelsea,3,1
2025-12-03,Arsenal,Brentford,2,0
2025-12-03,Brighton,Aston Villa,3,4
2025-12-03,Burnley,Crystal Palace,0,1
2025-12-04,Manchester Utd,West Ham United,1,1
2025-12-05,Hull City,Middlesbrough,1,4
2025-12-05,Salford City FC,Leyton Orient,4,0
2025-12-06,Bristol City,Millwall,0,1
2025-12-06,Southampton,Birmingham City,3,1
2025-12-06,Sheffield United,Stoke City,4,0
2025-12-06,Tottenham Hotspur,Brentford,2,0
2025-12-06,Newcastle United,Burnley,2,1
2025-12-06,Manchester City,Sunderland,3,0
2025-12-06,Aston Villa,Arsenal,2,1
2025-12-06,Derby County,Leicester City,1,3
2025-12-06,Bournemouth,Chelsea,0,0
2025-12-06,Everton,Nottingham Forest,3,0
2025-12-06,Swansea City,Oxford United,2,0
2025-12-06,Ipswich Town,Coventry City,3,0
2025-12-06,Leeds United,Liverpool,3,3
2025-12-06,Watford,Norwich City,3,2
2025-12-06,Milton Keynes Dons,Oldham Athletic,3,1
2025-12-06,Preston North End,Wrexham,1,1
2025-12-06,Accrington Stanley,Mansfield Town,2,2
2025-12-06,Chelmsford City FC,Weston-super-Mare AFC,0,2
2025-12-06,Cheltenham Town,Buxton FC,6,2
2025-12-06,Chesterfield,Doncaster Rovers,1,2
2025-12-06,Exeter City,Wycombe Wanderers,4,0
2025-12-06,Fleetwood Town,Luton Town,2,2
2025-12-06,Grimsby Town,Wealdstone FC,4,0
2025-12-06,Peterborough United,Barnsley,0,1
2025-12-06,Port Vale,Bristol Rovers,1,0
2025-12-06,Stockport,Cambridge United,0,0
2025-12-06,QPR,West Brom,3,1
2025-12-06,Swindon Town,Bolton Wanderers,4,0
2025-12-06,Sutton United,Shrewsbury Town,1,2
2025-12-06,Wigan Athletic,Barrow,2,2
2025-12-07,Gateshead,Walsall,0,2
2025-12-07,Blackpool,Carlisle United,4,1
2025-12-07,Boreham Wood,Newport County,3,0
2025-12-07,Fulham,Crystal Palace,1,2
2025-12-07,Slough Town FC,Macclesfield FC,1,3
2025-12-07,Brighton,West Ham United,1,1
2025-12-08,Brackley Town FC,Burton Albion,1,3
2025-12-08,Wolves,Manchester Utd,1,4
2025-12-09,Watford,Sheffield Weds,1,1
2025-12-09,Southampton,West Brom,3,2
2025-12-09,Sheffield United,Norwich City,1,1
2025-12-09,QPR,Birmingham City,2,1
2025-12-09,Preston North End,Coventry City,1,1
2025-12-09,Swansea City,Portsmouth,1,0
2025-12-09,Blackburn Rovers,Oxford United,1,1
2025-12-09,Charlton Athletic,Middlesbrough,1,2
2025-12-10,Bristol City,Leicester City,2,2
2025-12-10,Derby County,Millwall,1,1
2025-12-10,Hull City,Wrexham,2,0
2025-12-10,Ipswich Town,Stoke City,1,0
2025-12-12,West Brom,Sheffield United,2,0
2025-12-13,Burnley,Fulham,2,3
2025-12-13,Arsenal,Wolves,2,1
2025-12-13,Coventry City,Bristol City,1,0
2025-12-13,Leicester City,Ipswich Town,3,1
2025-12-13,Birmingham City,Charlton Athletic,1,1
2025-12-13,Millwall,Hull City,1,3
2025-12-13,Norwich City,Southampton,2,1
2025-12-13,Oxford United,Preston North End,1,2
2025-12-13,Portsmouth,Blackburn Rovers,2,1
2025-12-13,Stoke City,Swansea City,2,1
2025-12-13,Wrexham,Watford,2,2
2025-12-13,Liverpool,Brighton,2,0
2025-12-13,Middlesbrough,QPR,3,1
2025-12-13,Chelsea,Everton,2,0
2025-12-14,Brentford,Leeds United,1,1
2025-12-14,Crystal Palace,Manchester City,0,3
2025-12-14,Nottingham Forest,Tottenham Hotspur,3,0
2025-12-14,Sunderland,Newcastle United,1,0
2025-12-14,West Ham United,Aston Villa,2,3
2025-12-15,Sheffield Weds,Derby County,0,3
2025-12-15,Manchester Utd,Bournemouth,4,4
2025-12-16,Cardiff City,Chelsea,1,3
2025-12-17,Manchester City,Brentford,2,0
2025-12-17,Newcastle United,Fulham,2,1
2025-12-19,Swansea City,Wrexham,2,1
2025-12-20,Wolves,Brentford,0,2
2025-12-20,Tottenham Hotspur,Liverpool,1,2
2025-12-20,Newcastle United,Chelsea,2,2
2025-12-20,Manchester City,West Ham United,3,0
2025-12-20,Leeds United,Crystal Palace,4,1
2025-12-20,Everton,Arsenal,0,1
2025-12-20,Brighton,Sunderland,0,0
2025-12-20,Blackburn Rovers,Millwall,2,0
2025-12-20,Southampton,Coventry City,1,1
2025-12-20,Sheffield United,Birmingham City,3,0
2025-12-20,QPR,Leicester City,4,1
2025-12-20,Preston North End,Norwich City,1,1
2025-12-20,Ipswich Town,Sheffield Weds,3,1
2025-12-20,Hull City,West Brom,1,0
2025-12-20,Derby County,Portsmouth,1,1
2025-12-20,Charlton Athletic,Oxford United,1,0
2025-12-20,Bristol City,Middlesbrough,2,0
2025-12-20,Watford,Stoke City,1,0
2025-12-20,Bournemouth,Burnley,1,1
2025-12-21,Aston Villa,Manchester Utd,2,1
2025-12-22,Fulham,Nottingham Forest,1,0
2025-12-23,Arsenal,Crystal Palace,1,1
2025-12-26,Millwall,Ipswich Town,0,0
2025-12-26,Coventry City,Swansea City,1,0
2025-12-26,Manchester Utd,Newcastle United,1,0
2025-12-26,Wrexham,Sheffield United,5,3
2025-12-26,West Brom,Bristol City,1,2
2025-12-26,Stoke City,Preston North End,0,0
2025-12-26,Sheffield Weds,Hull City,2,2
2025-12-26,Birmingham City,Derby County,1,1
2025-12-26,Oxford United,Southampton,2,1
2025-12-26,Portsmouth,QPR,1,1
2025-12-26,Leicester City,Watford,1,2
2025-12-26,Middlesbrough,Blackburn Rovers,0,0
2025-12-26,Norwich City,Charlton Athletic,1,0
2025-12-27,Arsenal,Brighton,2,1
2025-12-27,West Ham United,Fulham,0,1
2025-12-27,Nottingham Forest,Manchester City,1,2
2025-12-27,Liverpool,Wolves,2,1
2025-12-27,Chelsea,Aston Villa,1,2
2025-12-27,Burnley,Everton,0,0
2025-12-27,Brentford,Bournemouth,4,1
2025-12-28,Sunderland,Leeds United,1,1
2025-12-28,Crystal Palace,Tottenham Hotspur,0,1
2025-12-29,Birmingham City,Southampton,1,1
2025-12-29,West Brom,QPR,2,1
2025-12-29,Wrexham,Preston North End,2,1
2025-12-29,Portsmouth,Charlton Athletic,2,1
2025-12-29,Oxford United,Swansea City,0,1
2025-12-29,Norwich City,Watford,0,1
2025-12-29,Millwall,Bristol City,2,1
2025-12-29,Middlesbrough,Hull City,0,1
2025-12-29,Leicester City,Derby County,2,1
2025-12-29,Coventry City,Ipswich Town,0,2
2025-12-29,Stoke City,Sheffield United,1,2
2025-12-29,Sheffield Weds,Blackburn Rovers,0,0
2025-12-30,Nottingham Forest,Everton,0,2
2025-12-30,Arsenal,Aston Villa,4,1
2025-12-30,Burnley,Newcastle United,1,3
2025-12-30,Chelsea,Bournemouth,2,2
2025-12-30,Manchester Utd,Wolves,1,1
2025-12-30,West Ham United,Brighton,2,2
2026-01-01,Crystal Palace,Fulham,1,1
2026-01-01,Watford,Birmingham City,3,0
2026-01-01,Swansea City,West Brom,1,0
2026-01-01,Southampton,Millwall,0,0
2026-01-01,Sheffield United,Leicester City,3,1
2026-01-01,QPR,Norwich City,1,2
2026-01-01,Preston North End,Sheffield Weds,3,0
2026-01-01,Ipswich Town,Oxford United,2,1
2026-01-01,Hull City,Stoke City,0,1
2026-01-01,Derby County,Middlesbrough,1,0
2026-01-01,Charlton Athletic,Coventry City,1,1
2026-01-01,Bristol City,Portsmouth,5,0
2026-01-01,Liverpool,Leeds United,0,0
2026-01-01,Blackburn Rovers,Wrexham,0,2
2026-01-01,Sunderland,Manchester City,0,0
2026-01-01,Brentford,Tottenham Hotspur,0,0
2026-01-03,Brighton,Burnley,2,0
2026-01-03,Aston Villa,Nottingham Forest,3,1
2026-01-03,Bournemouth,Arsenal,2,3
2026-01-03,Wolves,West Ham United,3,0
2026-01-04,Blackburn Rovers,Charlton Athletic,2,2
2026-01-04,Everton,Brentford,2,4
2026-01-04,Fulham,Liverpool,2,2
2026-01-04,Leeds United,Manchester Utd,1,1
2026-01-04,Manchester City,Chelsea,1,1
2026-01-04,Tottenham Hotspur,Sunderland,1,1
2026-01-04,Bristol City,Preston North End,0,2
2026-01-04,Derby County,Wrexham,1,2
2026-01-04,Middlesbrough,Southampton,4,0
2026-01-04,Millwall,Swansea City,2,1
2026-01-04,Norwich City,Stoke City,0,2
2026-01-04,QPR,Sheffield Weds,3,0
2026-01-04,Newcastle United,Crystal Palace,2,0
2026-01-04,Birmingham City,Coventry City,3,2
2026-01-05,Leicester City,West Brom,2,1
2026-01-06,West Ham United,Nottingham Forest,1,2
2026-01-07,Manchester City,Brighton,1,1
2026-01-07,Fulham,Chelsea,2,1
2026-01-07,Everton,Wolves,1,1
2026-01-07,Crystal Palace,Aston Villa,0,0
2026-01-07,Burnley,Manchester Utd,2,2
2026-01-07,Brentford,Sunderland,3,0
2026-01-07,Newcastle United,Leeds United,4,3
2026-01-07,Bournemouth,Tottenham Hotspur,3,2
2026-01-08,Arsenal,Liverpool,0,0
2026-01-09,Port Vale,Fleetwood Town,1,0
2026-01-09,Wrexham,Nottingham Forest,3,3
2026-01-09,Milton Keynes Dons,Oxford United,1,1
2026-01-09,Preston North End,Wigan Athletic,0,1
2026-01-10,Boreham Wood,Burton Albion,0,5
2026-01-10,Bristol City,Watford,5,1
2026-01-10,Cambridge United,Birmingham City,2,3
2026-01-10,Charlton Athletic,Chelsea,1,5
2026-01-10,Cheltenham Town,Leicester City,0,2
2026-01-10,Doncaster Rovers,Southampton,2,3
2026-01-10,Everton,Sunderland,1,1
2026-01-10,Fulham,Middlesbrough,3,1
2026-01-10,Grimsby Town,Weston-super-Mare AFC,3,2
2026-01-10,Ipswich Town,Blackpool,2,1
2026-01-10,Macclesfield FC,Crystal Palace,2,1
2026-01-10,Burnley,Millwall,5,1
2026-01-10,Sheffield Weds,Brentford,0,2
2026-01-10,Stoke City,Coventry City,1,0
2026-01-10,Tottenham Hotspur,Aston Villa,1,2
2026-01-10,Wolves,Shrewsbury Town,6,1
2026-01-10,Newcastle United,Bournemouth,3,3
2026-01-10,Manchester City,Exeter City,10,1
2026-01-11,Derby County,Leeds United,1,3
2026-01-11,Hull City,Blackburn Rovers,0,0
2026-01-11,Manchester Utd,Brighton,1,2
2026-01-11,Norwich City,Walsall,5,1
2026-01-11,Portsmouth,Arsenal,1,4
2026-01-11,Sheffield United,Mansfield Town,3,4
2026-01-11,Swansea City,West Brom,2,2
2026-01-11,West Ham United,QPR,2,1
2026-01-12,Liverpool,Barnsley,4,1
2026-01-13,Newcastle United,Manchester City,0,2
2026-01-14,Chelsea,Arsenal,2,3
2026-01-16,West Brom,Middlesbrough,2,3
2026-01-17,Swansea City,Birmingham City,1,1
2026-01-17,Stoke City,QPR,0,0
2026-01-17,Southampton,Hull City,1,2
2026-01-17,Sheffield Weds,Portsmouth,0,1
2026-01-17,Preston North End,Derby County,0,1
2026-01-17,Oxford United,Bristol City,0,0
2026-01-17,Ipswich Town,Blackburn Rovers,3,0
2026-01-17,Chelsea,Brentford,2,0
2026-01-17,Charlton Athletic,Sheffield United,1,0
2026-01-17,Tottenham Hotspur,West Ham United,1,2
2026-01-17,Sunderland,Crystal Palace,2,1
2026-01-17,Nottingham Forest,Arsenal,0,0
2026-01-17,Manchester Utd,Manchester City,2,0
2026-01-17,Liverpool,Burnley,1,1
2026-01-17,Leeds United,Fulham,1,0
2026-01-17,Watford,Millwall,0,2
2026-01-17,Coventry City,Leicester City,2,1
2026-01-17,Wrexham,Norwich City,1,2
2026-01-18,Wolves,Newcastle United,0,0
2026-01-18,Aston Villa,Everton,0,1
2026-01-19,Brighton,Bournemouth,1,1
2026-01-20,West Brom,Norwich City,0,5
2026-01-20,Oxford United,QPR,0,0
2026-01-20,Preston North End,Hull City,0,3
2026-01-20,Sheffield Weds,Birmingham City,0,2
2026-01-20,Swansea City,Blackburn Rovers,3,1
2026-01-20,Salford City FC,Swindon Town,3,2
2026-01-20,Wrexham,Leicester City,1,1
2026-01-20,Ipswich Town,Bristol City,2,0
2026-01-20,Coventry City,Millwall,2,1
2026-01-20,Charlton Athletic,Derby County,1,2
2026-01-21,Stoke City,Middlesbrough,1,2
2026-01-21,Watford,Portsmouth,1,1
2026-01-21,Southampton,Sheffield United,1,0
2026-01-23,Derby County,West Brom,1,1
2026-01-24,Blackburn Rovers,Watford,1,1
2026-01-24,Birmingham City,Stoke City,1,1
2026-01-24,West Ham United,Sunderland,3,1
2026-01-24,Bristol City,Sheffield Weds,2,0
2026-01-24,Manchester City,Wolves,2,0
2026-01-24,Middlesbrough,Preston North End,4,0
2026-01-24,Sheffield United,Ipswich Town,3,1
2026-01-24,QPR,Wrexham,2,3
2026-01-24,Millwall,Charlton Athletic,4,0
2026-01-24,Burnley,Tottenham Hotspur,2,2
2026-01-24,Leicester City,Oxford United,1,2
2026-01-24,Fulham,Brighton,2,1
2026-01-24,Bournemouth,Liverpool,3,2
2026-01-24,Hull City,Swansea City,2,1
2026-01-25,Newcastle United,Aston Villa,0,2
2026-01-25,Crystal Palace,Chelsea,1,3
2026-01-25,Brentford,Nottingham Forest,0,2
2026-01-25,Portsmouth,Southampton,1,1
2026-01-25,Arsenal,Manchester Utd,2,3
2026-01-26,Everton,Leeds United,1,1
2026-01-26,Norwich City,Coventry City,2,1
2026-01-30,Bristol City,Derby County,0,5
2026-01-31,Millwall,Sheffield United,1,1
2026-01-31,Middlesbrough,Norwich City,1,0
2026-01-31,Portsmouth,West Brom,3,0
2026-01-31,Brighton,Everton,1,1
2026-01-31,Sheffield Weds,Wrexham,0,1
2026-01-31,Stoke City,Southampton,0,2
2026-01-31,Watford,Swansea City,0,2
2026-01-31,Wolves,Bournemouth,0,2
2026-01-31,Liverpool,Newcastle United,4,1
2026-01-31,Leeds United,Arsenal,0,4
2026-01-31,Chelsea,West Ham United,3,2
2026-01-31,Oxford United,Birmingham City,0,2
2026-01-31,Blackburn Rovers,Hull City,0,1
2026-01-31,Ipswich Town,Preston North End,1,1
2026-01-31,Leicester City,Charlton Athletic,0,2
2026-01-31,QPR,Coventry City,2,1
2026-02-01,Manchester Utd,Fulham,3,2
2026-02-01,Aston Villa,Brentford,0,1
2026-02-01,Tottenham Hotspur,Manchester City,2,2
2026-02-01,Nottingham Forest,Crystal Palace,1,1
2026-02-02,Sunderland,Burnley,3,0
2026-02-03,Sheffield United,Oxford United,3,1
2026-02-03,Hull City,Watford,0,0
2026-02-03,Blackburn Rovers,Sheffield Weds,1,0
2026-02-03,Arsenal,Chelsea,1,0
2026-02-04,Manchester City,Newcastle United,3,1
2026-02-06,Leeds United,Nottingham Forest,3,1
2026-02-06,Charlton Athletic,QPR,0,0
2026-02-07,Southampton,Watford,1,0
2026-02-07,Norwich City,Blackburn Rovers,2,0
2026-02-07,Hull City,Bristol City,2,3
2026-02-07,West Brom,Stoke City,0,0
2026-02-07,Wrexham,Millwall,0,2
2026-02-07,Preston North End,Portsmouth,1,0
2026-02-07,Derby County,Ipswich Town,1,2
2026-02-07,Birmingham City,Leicester City,2,1
2026-02-07,Wolves,Chelsea,1,3
2026-02-07,Newcastle United,Brentford,2,3
2026-02-07,Manchester Utd,Tottenham Hotspur,2,0
2026-02-07,Fulham,Everton,1,2
2026-02-07,Burnley,West Ham United,0,2
2026-02-07,Bournemouth,Aston Villa,1,1
2026-02-07,Arsenal,Sunderland,3,0
2026-02-07,Coventry City,Oxford United,0,0
2026-02-08,Brighton,Crystal Palace,0,1
2026-02-08,Swansea City,Sheffield Weds,4,0
2026-02-08,Liverpool,Manchester City,1,2
2026-02-09,Sheffield United,Middlesbrough,1,2
2026-02-10,Leicester City,Southampton,3,4
2026-02-10,Oxford United,Norwich City,0,3
2026-02-10,Birmingham City,West Brom,0,0
2026-02-10,Chelsea,Leeds United,2,2
2026-02-10,Everton,Bournemouth,1,2
2026-02-10,Tottenham Hotspur,Newcastle United,1,2
2026-02-10,West Ham United,Manchester Utd,1,1
2026-02-11,Charlton Athletic,Stoke City,1,0
2026-02-11,Sunderland,Liverpool,0,1
2026-02-11,Nottingham Forest,Wolves,0,0
2026-02-11,Manchester City,Fulham,3,0
2026-02-11,Aston Villa,Brighton,1,0
2026-02-11,Crystal Palace,Burnley,2,3
2026-02-12,Brentford,Arsenal,1,1
2026-02-13,Hull City,Chelsea,0,4
2026-02-13,Wrexham,Ipswich Town,1,0
2026-02-14,Liverpool,Brighton,3,0
2026-02-14,Preston North End,Watford,2,2
2026-02-14,Portsmouth,Sheffield United,0,1
2026-02-14,Derby County,Swansea City,2,0
2026-02-14,Southampton,Leicester City,2,1
2026-02-14,Norwich City,West Brom,3,1
2026-02-14,Manchester City,Salford City FC,2,0
2026-02-14,Sheffield Weds,Millwall,1,2
2026-02-14,Burton Albion,West Ham United,0,1
2026-02-14,Burnley,Mansfield Town,1,2
2026-02-14,Aston Villa,Newcastle United,1,3
2026-02-14,QPR,Blackburn Rovers,1,3
2026-02-15,Stoke City,Fulham,1,2
2026-02-15,Grimsby Town,Wolves,0,1
2026-02-15,Oxford United,Sunderland,0,1
2026-02-15,Arsenal,Wigan Athletic,4,0
2026-02-15,Birmingham City,Leeds United,1,1
2026-02-16,Macclesfield FC,Brentford,0,1
2026-02-16,Coventry City,Middlesbrough,3,1
2026-02-17,Charlton Athletic,Portsmouth,1,3
2026-02-17,Bristol City,Wrexham,2,2
2026-02-18,Wolves,Arsenal,2,2
2026-02-20,Blackburn Rovers,Preston North End,1,0
2026-02-21,Aston Villa,Leeds United,1,1
2026-02-21,Brentford,Brighton,0,2
2026-02-21,Chelsea,Burnley,1,1
2026-02-21,Manchester City,Newcastle United,2,1
2026-02-21,West Ham United,Bournemouth,0,0
2026-02-21,West Brom,Coventry City,0,2
2026-02-21,Watford,Derby County,2,0
2026-02-21,Hull City,QPR,1,3
2026-02-21,Middlesbrough,Oxford United,0,0
2026-02-21,Millwall,Portsmouth,1,3
2026-02-21,Norwich City,Birmingham City,1,2
2026-02-21,Southampton,Charlton Athletic,1,1
2026-02-21,Stoke City,Leicester City,2,2
2026-02-21,Swansea City,Bristol City,1,0
2026-02-21,Wrexham,Ipswich Town,5,3
2026-02-22,Tottenham Hotspur,Arsenal,1,4
2026-02-22,Sunderland,Fulham,1,3
2026-02-22,Nottingham Forest,Liverpool,0,1
2026-02-22,Crystal Palace,Wolves,1,0
2026-02-22,Sheffield United,Sheffield Weds,2,1
2026-02-23,Everton,Manchester Utd,0,1
2026-02-24,West Brom,Charlton Athletic,1,1
2026-02-24,Wrexham,Portsmouth,2,1
2026-02-24,Watford,Ipswich Town,0,2
2026-02-24,Swansea City,Preston North End,1,1
2026-02-24,Southampton,QPR,5,0
2026-02-24,Middlesbrough,Leicester City,1,1
2026-02-24,Hull City,Derby County,4,2
2026-02-24,Blackburn Rovers,Bristol City,1,2
2026-02-25,Stoke City,Oxford United,2,1
2026-02-25,Sheffield United,Coventry City,1,2
2026-02-25,Norwich City,Sheffield Weds,2,0
2026-02-25,Millwall,Birmingham City,3,0
2026-02-27,Wolves,Aston Villa,2,0
2026-02-27,Bristol City,Watford,1,2
2026-02-28,Bournemouth,Sunderland,1,1
2026-02-28,Coventry City,Stoke City,2,1
2026-02-28,Leeds United,Manchester City,0,1
2026-02-28,Liverpool,West Ham United,5,2
2026-02-28,Newcastle United,Everton,2,3
2026-02-28,Sheffield Weds,Southampton,1,3
2026-02-28,QPR,Sheffield United,0,2
2026-02-28,Preston North End,Millwall,0,2
2026-02-28,Portsmouth,Hull City,0,1
2026-02-28,Oxford United,West Brom,2,1
2026-02-28,Leicester City,Norwich City,0,2
2026-02-28,Ipswich Town,Swansea City,3,0
2026-02-28,Derby County,Blackburn Rovers,3,1
2026-02-28,Charlton Athletic,Wrexham,0,1
2026-02-28,Burnley,Brentford,3,4
2026-03-01,Arsenal,Chelsea,2,1
2026-03-01,Brighton,Nottingham Forest,2,1
2026-03-01,Fulham,Tottenham Hotspur,2,1
2026-03-01,Manchester Utd,Crystal Palace,2,1
2026-03-02,Birmingham City,Middlesbrough,1,3
2026-03-03,Ipswich Town,Hull City,1,0
2026-03-03,Wolves,Liverpool,2,1
2026-03-03,Leeds United,Sunderland,0,1
2026-03-03,Everton,Burnley,2,0
2026-03-03,Bournemouth,Brentford,0,0
2026-03-03,Port Vale,Bristol City,1,0
2026-03-04,Newcastle United,Manchester Utd,2,1
2026-03-04,Manchester City,Nottingham Forest,2,2
2026-03-04,Fulham,West Ham United,0,1
2026-03-04,Brighton,Arsenal,0,1
2026-03-04,Aston Villa,Chelsea,1,4
2026-03-05,Tottenham Hotspur,Crystal Palace,1,3
2026-03-06,Wolves,Liverpool,1,3
2026-03-06,Preston North End,Oxford United,1,3
2026-03-07,Charlton Athletic,Birmingham City,1,0
2026-03-07,Blackburn Rovers,Portsmouth,1,1
2026-03-07,Bristol City,Coventry City,0,2
2026-03-07,Derby County,Sheffield Weds,2,1
2026-03-07,Hull City,Millwall,1,3
2026-03-07,Sheffield United,West Brom,1,1
2026-03-07,Ipswich Town,Leicester City,1,1
2026-03-07,Swansea City,Stoke City,2,0
2026-03-07,Newcastle United,Manchester City,1,3
2026-03-07,Mansfield Town,Arsenal,1,2
2026-03-07,Wrexham,Chelsea,2,4
2026-03-08,Port Vale,Sunderland,1,0
2026-03-08,QPR,Middlesbrough,0,4
2026-03-08,Fulham,Southampton,0,1
2026-03-08,Leeds United,Norwich City,3,0
2026-03-09,West Ham United,Brentford,2,2
2026-03-10,Millwall,Derby County,1,0
2026-03-10,Stoke City,Ipswich Town,3,3
2026-03-10,Sheffield Weds,Watford,1,1
2026-03-10,Portsmouth,Swansea City,1,2
2026-03-10,Leicester City,Bristol City,2,0
2026-03-10,Wrexham,Hull City,1,2
2026-03-11,Birmingham City,QPR,1,0
2026-03-11,West Brom,Southampton,1,1
2026-03-11,Oxford United,Blackburn Rovers,1,0
2026-03-11,Norwich City,Sheffield United,2,1
2026-03-11,Middlesbrough,Charlton Athletic,0,1
2026-03-11,Coventry City,Preston North End,3,0
2026-03-13,Wrexham,Swansea City,2,0
2026-03-14,Arsenal,Everton,2,0
2026-03-14,Birmingham City,Sheffield United,1,1
2026-03-14,Coventry City,Southampton,1,2
2026-03-14,Middlesbrough,Bristol City,1,1
2026-03-14,Millwall,Blackburn Rovers,1,2
2026-03-14,Norwich City,Preston North End,2,0
2026-03-14,Oxford United,Charlton Athletic,1,1
2026-03-14,Sheffield Weds,Ipswich Town,0,2
2026-03-14,Stoke City,Watford,3,1
2026-03-14,West Brom,Hull City,3,0
2026-03-14,Leicester City,QPR,1,3
2026-03-14,West Ham United,Manchester City,1,1
2026-03-14,Sunderland,Brighton,0,1
2026-03-14,Chelsea,Newcastle United,0,1
2026-03-14,Burnley,Bournemouth,0,0
2026-03-15,Nottingham Forest,Fulham,0,0
2026-03-15,Manchester Utd,Aston Villa,3,1
2026-03-15,Liverpool,Tottenham Hotspur,1,1
2026-03-15,Crystal Palace,Leeds United,0,0
2026-03-16,Portsmouth,Derby County,0,1
2026-03-16,Brentford,Wolves,2,2
2026-03-17,Watford,Wrexham,3,1
2026-03-18,Southampton,Norwich City,1,0
2026-03-20,Bournemouth,Manchester Utd,2,2
2026-03-20,Preston North End,Stoke City,3,1
2026-03-21,Brighton,Liverpool,2,1
2026-03-21,Everton,Chelsea,3,0
2026-03-21,Charlton Athletic,Norwich City,0,1
2026-03-21,Southampton,Oxford United,2,0
2026-03-21,Leeds United,Brentford,0,0
2026-03-21,Blackburn Rovers,Middlesbrough,0,0
2026-03-21,Bristol City,West Brom,0,1
2026-03-21,Derby County,Birmingham City,1,0
2026-03-21,Hull City,Sheffield Weds,3,1
2026-03-21,Ipswich Town,Millwall,1,1
2026-03-21,QPR,Portsmouth,6,1
2026-03-21,Sheffield United,Wrexham,1,2
2026-03-21,Swansea City,Coventry City,0,3
2026-03-21,Watford,Leicester City,0,0
2026-03-21,Fulham,Burnley,3,1
2026-03-22,Arsenal,Manchester City,0,2
2026-03-22,Tottenham Hotspur,Nottingham Forest,0,3
2026-03-22,Newcastle United,Sunderland,1,2
2026-03-22,Aston Villa,West Ham United,2,0
2026-04-03,Charlton Athletic,Bristol City,1,2
2026-04-03,Coventry City,Derby County,3,2
2026-04-03,Leicester City,Preston North End,2,2
2026-04-03,Middlesbrough,Millwall,1,2
2026-04-03,Norwich City,Portsmouth,1,1
2026-04-03,Oxford United,Hull City,1,1
2026-04-03,QPR,Watford,2,1
2026-04-03,Sheffield United,Swansea City,3,3
2026-04-03,Stoke City,Sheffield Weds,2,0
2026-04-03,Birmingham City,Blackburn Rovers,0,1
2026-04-03,West Brom,Wrexham,2,2
2026-04-04,Chelsea,Port Vale,7,0
2026-04-04,Southampton,Arsenal,2,1
2026-04-04,Manchester City,Liverpool,4,0
2026-04-05,West Ham United,Leeds United,2,2
2026-04-06,Portsmouth,Oxford United,2,2
2026-04-06,Watford,Charlton Athletic,1,1
2026-04-06,Swansea City,Middlesbrough,2,2
2026-04-06,Sheffield Weds,Leicester City,1,1
2026-04-06,Preston North End,QPR,1,1
2026-04-06,Millwall,Norwich City,1,2
2026-04-06,Ipswich Town,Birmingham City,2,1
2026-04-06,Hull City,Coventry City,0,0
2026-04-06,Derby County,Stoke City,2,0
2026-04-06,Bristol City,Sheffield United,1,0
2026-04-06,Blackburn Rovers,West Brom,0,0
2026-04-07,Wrexham,Southampton,1,5
2026-04-10,West Ham United,Wolves,4,0
2026-04-10,West Brom,Millwall,0,0
2026-04-11,Leicester City,Swansea City,0,1
2026-04-11,Arsenal,Bournemouth,1,2
2026-04-11,Charlton Athletic,Preston North End,1,2
2026-04-11,Coventry City,Sheffield Weds,0,0
2026-04-11,Norwich City,Ipswich Town,0,2
2026-04-11,Middlesbrough,Portsmouth,0,1
2026-04-11,QPR,Bristol City,0,0
2026-04-11,Sheffield United,Hull City,2,1
2026-04-11,Southampton,Derby County,2,1
2026-04-11,Stoke City,Blackburn Rovers,1,1
2026-04-11,Brentford,Everton,2,2
2026-04-11,Burnley,Brighton,0,2
2026-04-11,Liverpool,Fulham,2,0
2026-04-11,Oxford United,Watford,2,0
2026-04-12,Birmingham City,Wrexham,2,0
2026-04-12,Chelsea,Manchester City,0,3
2026-04-12,Crystal Palace,Newcastle United,2,1
2026-04-12,Nottingham Forest,Aston Villa,1,1
2026-04-12,Sunderland,Tottenham Hotspur,1,0
2026-04-13,Manchester Utd,Leeds United,1,2
2026-04-14,Southampton,Blackburn Rovers,3,0
2026-04-14,Portsmouth,Ipswich Town,2,0
2026-04-17,Blackburn Rovers,Coventry City,1,1
2026-04-18,Hull City,Birmingham City,1,1
2026-04-18,Derby County,Oxford United,1,0
2026-04-18,Bristol City,Norwich City,2,4
2026-04-18,Swansea City,Southampton,1,2
2026-04-18,Watford,Sheffield United,0,2
2026-04-18,Wrexham,Stoke City,2,0
2026-04-18,Millwall,QPR,2,0
2026-04-18,Preston North End,West Brom,0,2
2026-04-18,Sheffield Weds,Charlton Athletic,1,1
2026-04-18,Portsmouth,Leicester City,1,0
2026-04-18,Brentford,Fulham,0,0
2026-04-18,Chelsea,Manchester Utd,0,1
2026-04-18,Leeds United,Wolves,3,0
2026-04-18,Newcastle United,Bournemouth,1,2
2026-04-18,Tottenham Hotspur,Brighton,2,2
2026-04-19,Aston Villa,Sunderland,4,3
2026-04-19,Nottingham Forest,Burnley,4,1
2026-04-19,Manchester City,Arsenal,2,1
2026-04-19,Everton,Liverpool,1,2
2026-04-19,Ipswich Town,Middlesbrough,2,2
2026-04-20,Crystal Palace,West Ham United,0,0
2026-04-21,Brighton,Chelsea,3,0
2026-04-21,Coventry City,Portsmouth,5,1
2026-04-21,Leicester City,Hull City,2,2
2026-04-21,Norwich City,Derby County,2,1
2026-04-21,Oxford United,Wrexham,0,1
2026-04-21,QPR,Swansea City,1,2
2026-04-21,Southampton,Bristol City,2,2
2026-04-21,Stoke City,Millwall,1,3
2026-04-21,West Brom,Watford,3,0
2026-04-22,Bournemouth,Leeds United,2,2
2026-04-22,Burnley,Manchester City,0,1
2026-04-22,Sheffield United,Blackburn Rovers,1,3
2026-04-22,Middlesbrough,Sheffield Weds,1,0
2026-04-22,Charlton Athletic,Ipswich Town,1,2
2026-04-22,Birmingham City,Preston North End,2,1
2026-04-24,Sunderland,Nottingham Forest,0,5
2026-04-24,Leicester City,Millwall,1,1
2026-04-25,Sheffield United,Preston North End,2,3
2026-04-25,Charlton Athletic,Hull City,2,1
2026-04-25,Birmingham City,Bristol City,2,1
2026-04-25,Stoke City,Portsmouth,1,3
2026-04-25,West Brom,Ipswich Town,0,0
2026-04-25,QPR,Derby County,2,3
2026-04-25,Oxford United,Sheffield Weds,4,1
2026-04-25,Middlesbrough,Watford,5,1
2026-04-25,Norwich City,Swansea City,1,1
2026-04-25,Arsenal,Newcastle United,1,0
2026-04-25,Fulham,Aston Villa,1,0
2026-04-25,Liverpool,Crystal Palace,3,1
2026-04-25,West Ham United,Everton,2,1
2026-04-25,Wolves,Tottenham Hotspur,0,1
2026-04-25,Manchester City,Southampton,2,1
2026-04-26,Coventry City,Wrexham,3,1
2026-04-26,Chelsea,Leeds United,1,0
2026-04-27,Manchester Utd,Brentford,2,1
2026-04-28,Southampton,Ipswich Town,2,2
2026-05-01,Leeds United,Burnley,3,1
2026-05-02,Portsmouth,Birmingham City,1,1
2026-05-02,Preston North End,Southampton,1,3
2026-05-02,Sheffield Weds,West Brom,2,1
2026-05-02,Swansea City,Charlton Athletic,3,1
2026-05-02,Watford,Coventry City,0,4
2026-05-02,Wrexham,Middlesbrough,2,2
2026-05-02,Millwall,Oxford United,2,0
2026-05-02,Ipswich Town,QPR,3,0
2026-05-02,Hull City,Norwich City,2,1
2026-05-02,Derby County,Sheffield United,1,2
2026-05-02,Brentford,West Ham United,3,0
2026-05-02,Arsenal,Fulham,3,0
2026-05-02,Wolves,Sunderland,1,1
2026-05-02,Newcastle United,Brighton,3,1
2026-05-02,Bristol City,Stoke City,2,0
2026-05-02,Blackburn Rovers,Leicester City,0,1
2026-05-03,Bournemouth,Crystal Palace,3,0
2026-05-03,Aston Villa,Tottenham Hotspur,1,2
2026-05-03,Manchester Utd,Liverpool,3,2
2026-05-04,Chelsea,Nottingham Forest,1,3
2026-05-04,Everton,Manchester City,3,3
2026-05-08,Hull City,Millwall,0,0
2026-05-09,Sunderland,Manchester Utd,0,0
2026-05-09,Manchester City,Brentford,3,0
2026-05-09,Liverpool,Chelsea,1,1
2026-05-09,Fulham,Bournemouth,0,1
2026-05-09,Middlesbrough,Southampton,0,0
2026-05-09,Brighton,Wolves,3,0
2026-05-10,Burnley,Aston Villa,2,2
2026-05-10,Crystal Palace,Everton,2,2
2026-05-10,Nottingham Forest,Newcastle United,1,1
2026-05-10,West Ham United,Arsenal,0,1
2026-05-11,Millwall,Hull City,0,2
2026-05-11,Tottenham Hotspur,Leeds United,1,1
2026-05-12,Southampton,Middlesbrough,2,1
2026-05-13,Manchester City,Crystal Palace,3,0
2026-05-15,Aston Villa,Liverpool,4,2
2026-05-16,Chelsea,Manchester City,0,1
2026-05-17,Brentford,Crystal Palace,2,2
2026-05-17,Wolves,Fulham,1,1
2026-05-17,Manchester Utd,Nottingham Forest,3,2
2026-05-17,Newcastle United,West Ham United,3,1
2026-05-17,Everton,Sunderland,1,3
2026-05-17,Leeds United,Brighton,1,0
2026-05-18,Arsenal,Burnley,1,0
2026-05-19,Bournemouth,Manchester City,1,1
2026-05-19,Chelsea,Tottenham Hotspur,2,1
2026-05-23,Hull City,Middlesbrough,1,0
2026-05-24,Brighton,Manchester Utd,0,3
2026-05-24,Crystal Palace,Arsenal,1,2
2026-05-24,Fulham,Newcastle United,2,0
2026-05-24,Liverpool,Brentford,1,1
2026-05-24,Manchester City,Aston Villa,1,2
2026-05-24,Nottingham Forest,Bournemouth,1,1
2026-05-24,Sunderland,Chelsea,2,1
2026-05-24,Tottenham Hotspur,Everton,1,0
2026-05-24,West Ham United,Leeds United,3,0
2026-05-24,Burnley,Wolves,1,1
